id_proposta,pd,score_1a10,decisao,taxa_am,prazo_meses,pct_entrada_minima
P000001,0.166005,3,NEGAR,,,
P000002,0.057487,7,APROVAR,0.0256,48,0.0
P000003,0.024353,10,APROVAR,0.0227,24,0.0
P000004,0.132882,4,NEGAR,,,
P000005,0.487968,1,NEGAR,,,
P000006,0.074052,6,APROVAR,0.0265,36,0.21
P000007,0.032782,10,APROVAR,0.0227,48,0.0
P000008,0.043522,9,APROVAR,0.0236,60,0.0
P000009,0.065354,7,APROVAR,0.0256,36,0.0
P000010,0.041898,9,APROVAR,0.0236,48,0.0
P000011,0.559009,1,NEGAR,,,
P000012,0.269297,2,NEGAR,,,
P000013,0.061689,7,APROVAR,0.0256,36,0.0
P000014,0.212147,2,NEGAR,,,
P000015,0.028884,10,APROVAR,0.0227,60,0.0
P000016,0.044221,9,APROVAR,0.0236,48,0.0
P000017,0.235306,2,NEGAR,,,
P000018,0.052458,8,APROVAR,0.0247,60,0.0
P000019,0.076898,6,APROVAR,0.0265,48,0.21
P000020,0.344703,1,NEGAR,,,
P000021,0.038495,9,APROVAR,0.0236,48,0.0
P000022,0.041887,9,APROVAR,0.0236,60,0.0
P000023,0.034934,10,APROVAR,0.0227,24,0.0
P000024,0.317758,1,NEGAR,,,
P000025,0.531471,1,NEGAR,,,
P000026,0.316493,1,NEGAR,,,
P000027,0.224476,2,NEGAR,,,
P000028,0.406728,1,NEGAR,,,
P000029,0.029275,10,APROVAR,0.0227,60,0.0
P000030,0.076053,6,APROVAR,0.0265,60,0.21
P000031,0.043466,9,APROVAR,0.0236,48,0.0
P000032,0.287642,2,NEGAR,,,
P000033,0.229849,2,NEGAR,,,
P000034,0.045369,8,APROVAR,0.0247,36,0.0
P000035,0.034127,10,APROVAR,0.0227,24,0.0
P000036,0.045491,8,APROVAR,0.0247,24,0.0
P000037,0.174368,3,NEGAR,,,
P000038,0.043188,9,APROVAR,0.0236,36,0.0
P000039,0.045196,8,APROVAR,0.0247,24,0.0
P000040,0.10144,5,APROVAR,0.0282,60,0.21
P000041,0.228209,2,NEGAR,,,
P000042,0.538578,1,NEGAR,,,
P000043,0.266884,2,NEGAR,,,
P000044,0.041196,9,APROVAR,0.0236,36,0.0
P000045,0.083866,6,APROVAR,0.0265,24,0.21
P000046,0.234726,2,NEGAR,,,
P000047,0.068395,6,APROVAR,0.0265,36,0.21
P000048,0.18014,3,NEGAR,,,
P000049,0.187455,3,NEGAR,,,
P000050,0.052299,8,APROVAR,0.0247,36,0.0
P000051,0.291556,2,NEGAR,,,
P000052,0.058717,7,APROVAR,0.0256,48,0.0
P000053,0.283418,2,NEGAR,,,
P000054,0.216861,2,NEGAR,,,
P000055,0.096822,5,APROVAR,0.0282,60,0.21
P000056,0.211374,2,NEGAR,,,
P000057,0.238434,2,NEGAR,,,
P000058,0.353477,1,NEGAR,,,
P000059,0.215312,2,NEGAR,,,
P000060,0.031549,10,APROVAR,0.0227,60,0.0
P000061,0.147094,3,NEGAR,,,
P000062,0.160493,3,NEGAR,,,
P000063,0.378096,1,NEGAR,,,
P000064,0.148192,3,NEGAR,,,
P000065,0.046951,8,APROVAR,0.0247,36,0.0
P000066,0.17736,3,NEGAR,,,
P000067,0.269378,2,NEGAR,,,
P000068,0.193931,3,NEGAR,,,
P000069,0.059586,7,APROVAR,0.0256,60,0.0
P000070,0.142371,4,NEGAR,,,
P000071,0.21004,2,NEGAR,,,
P000072,0.023281,10,APROVAR,0.0227,36,0.0
P000073,0.439816,1,NEGAR,,,
P000074,0.140503,4,NEGAR,,,
P000075,0.05576,7,APROVAR,0.0256,60,0.0
P000076,0.088682,5,APROVAR,0.0282,48,0.21
P000077,0.150532,3,NEGAR,,,
P000078,0.272153,2,NEGAR,,,
P000079,0.07838,6,APROVAR,0.0265,36,0.21
P000080,0.134258,4,NEGAR,,,
P000081,0.045865,8,APROVAR,0.0247,60,0.0
P000082,0.208552,3,NEGAR,,,
P000083,0.237982,2,NEGAR,,,
P000084,0.345161,1,NEGAR,,,
P000085,0.030156,10,APROVAR,0.0227,36,0.0
P000086,0.345774,1,NEGAR,,,
P000087,0.107406,4,NEGAR,,,
P000088,0.208252,3,NEGAR,,,
P000089,0.056018,7,APROVAR,0.0256,24,0.0
P000090,0.032774,10,APROVAR,0.0227,24,0.0
P000091,0.103827,5,APROVAR,0.0282,48,0.21
P000092,0.038319,9,APROVAR,0.0236,48,0.0
P000093,0.178534,3,NEGAR,,,
P000094,0.237883,2,NEGAR,,,
P000095,0.244996,2,NEGAR,,,
P000096,0.203863,3,NEGAR,,,
P000097,0.072711,6,APROVAR,0.0265,36,0.21
P000098,0.134084,4,NEGAR,,,
P000099,0.062621,7,APROVAR,0.0256,24,0.0
P000100,0.184663,3,NEGAR,,,
P000101,0.22562,2,NEGAR,,,
P000102,0.049585,8,APROVAR,0.0247,60,0.0
P000103,0.118942,4,NEGAR,,,
P000104,0.098552,5,APROVAR,0.0282,24,0.21
P000105,0.02933,10,APROVAR,0.0227,36,0.0
P000106,0.155766,3,NEGAR,,,
P000107,0.035873,10,APROVAR,0.0227,24,0.0
P000108,0.038308,9,APROVAR,0.0236,36,0.0
P000109,0.072542,6,APROVAR,0.0265,36,0.21
P000110,0.097702,5,APROVAR,0.0282,60,0.21
P000111,0.239474,2,NEGAR,,,
P000112,0.181248,3,NEGAR,,,
P000113,0.054213,7,APROVAR,0.0256,24,0.0
P000114,0.305302,1,NEGAR,,,
P000115,0.234752,2,NEGAR,,,
P000116,0.046105,8,APROVAR,0.0247,60,0.0
P000117,0.484981,1,NEGAR,,,
P000118,0.033883,10,APROVAR,0.0227,60,0.0
P000119,0.081578,6,APROVAR,0.0265,60,0.21
P000120,0.241276,2,NEGAR,,,
P000121,0.233019,2,NEGAR,,,
P000122,0.214946,2,NEGAR,,,
P000123,0.13731,4,NEGAR,,,
P000124,0.209805,2,NEGAR,,,
P000125,0.048787,8,APROVAR,0.0247,24,0.0
P000126,0.066222,7,APROVAR,0.0256,48,0.0
P000127,0.092392,5,APROVAR,0.0282,36,0.21
P000128,0.204363,3,NEGAR,,,
P000129,0.731792,1,NEGAR,,,
P000130,0.032388,10,APROVAR,0.0227,36,0.0
P000131,0.173154,3,NEGAR,,,
P000132,0.034934,10,APROVAR,0.0227,24,0.0
P000133,0.26994,2,NEGAR,,,
P000134,0.231701,2,NEGAR,,,
P000135,0.058542,7,APROVAR,0.0256,60,0.0
P000136,0.235437,2,NEGAR,,,
P000137,0.231857,2,NEGAR,,,
P000138,0.463088,1,NEGAR,,,
P000139,0.148171,3,NEGAR,,,
P000140,0.207751,3,NEGAR,,,
P000141,0.262038,2,NEGAR,,,
P000142,0.11684,4,NEGAR,,,
P000143,0.096825,5,APROVAR,0.0282,60,0.21
P000144,0.540656,1,NEGAR,,,
P000145,0.073371,6,APROVAR,0.0265,36,0.21
P000146,0.14289,3,NEGAR,,,
P000147,0.055815,7,APROVAR,0.0256,60,0.0
P000148,0.510834,1,NEGAR,,,
P000149,0.137211,4,NEGAR,,,
P000150,0.025353,10,APROVAR,0.0227,48,0.0
P000151,0.085046,5,APROVAR,0.0282,36,0.21
P000152,0.030096,10,APROVAR,0.0227,60,0.0
P000153,0.102985,5,APROVAR,0.0282,60,0.21
P000154,0.248957,2,NEGAR,,,
P000155,0.274329,2,NEGAR,,,
P000156,0.053444,8,APROVAR,0.0247,36,0.0
P000157,0.040877,9,APROVAR,0.0236,24,0.0
P000158,0.036211,10,APROVAR,0.0227,36,0.0
P000159,0.239683,2,NEGAR,,,
P000160,0.033781,10,APROVAR,0.0227,60,0.0
P000161,0.048608,8,APROVAR,0.0247,24,0.0
P000162,0.025472,10,APROVAR,0.0227,36,0.0
P000163,0.037761,9,APROVAR,0.0236,24,0.0
P000164,0.294721,2,NEGAR,,,
P000165,0.036211,10,APROVAR,0.0227,24,0.0
P000166,0.031623,10,APROVAR,0.0227,60,0.0
P000167,0.058487,7,APROVAR,0.0256,24,0.0
P000168,0.035016,10,APROVAR,0.0227,24,0.0
P000169,0.215272,2,NEGAR,,,
P000170,0.031103,10,APROVAR,0.0227,36,0.0
P000171,0.026988,10,APROVAR,0.0227,36,0.0
P000172,0.188041,3,NEGAR,,,
P000173,0.456662,1,NEGAR,,,
P000174,0.032242,10,APROVAR,0.0227,24,0.0
P000175,0.033901,10,APROVAR,0.0227,36,0.0
P000176,0.030695,10,APROVAR,0.0227,36,0.0
P000177,0.032274,10,APROVAR,0.0227,48,0.0
P000178,0.445004,1,NEGAR,,,
P000179,0.078595,6,APROVAR,0.0265,36,0.21
P000180,0.088667,5,APROVAR,0.0282,48,0.21
P000181,0.15936,3,NEGAR,,,
P000182,0.039838,9,APROVAR,0.0236,36,0.0
P000183,0.302647,1,NEGAR,,,
P000184,0.112162,4,NEGAR,,,
P000185,0.320032,1,NEGAR,,,
P000186,0.467894,1,NEGAR,,,
P000187,0.036795,10,APROVAR,0.0227,36,0.0
P000188,0.145322,3,NEGAR,,,
P000189,0.038477,9,APROVAR,0.0236,48,0.0
P000190,0.046998,8,APROVAR,0.0247,60,0.0
P000191,0.159867,3,NEGAR,,,
P000192,0.070499,6,APROVAR,0.0265,60,0.21
P000193,0.077989,6,APROVAR,0.0265,36,0.21
P000194,0.028973,10,APROVAR,0.0227,24,0.0
P000195,0.246545,2,NEGAR,,,
P000196,0.065396,7,APROVAR,0.0256,36,0.0
P000197,0.175729,3,NEGAR,,,
P000198,0.133146,4,NEGAR,,,
P000199,0.033697,10,APROVAR,0.0227,36,0.0
P000200,0.098107,5,APROVAR,0.0282,60,0.21
P000201,0.063605,7,APROVAR,0.0256,48,0.0
P000202,0.205676,3,NEGAR,,,
P000203,0.233547,2,NEGAR,,,
P000204,0.283235,2,NEGAR,,,
P000205,0.268258,2,NEGAR,,,
P000206,0.207055,3,NEGAR,,,
P000207,0.05874,7,APROVAR,0.0256,60,0.0
P000208,0.500253,1,NEGAR,,,
P000209,0.096545,5,APROVAR,0.0282,24,0.21
P000210,0.11139,4,NEGAR,,,
P000211,0.302692,1,NEGAR,,,
P000212,0.079586,6,APROVAR,0.0265,48,0.21
P000213,0.433025,1,NEGAR,,,
P000214,0.142626,4,NEGAR,,,
P000215,0.07634,6,APROVAR,0.0265,60,0.21
P000216,0.044671,9,APROVAR,0.0236,60,0.0
P000217,0.10215,5,APROVAR,0.0282,36,0.21
P000218,0.47948,1,NEGAR,,,
P000219,0.168248,3,NEGAR,,,
P000220,0.239252,2,NEGAR,,,
P000221,0.200022,3,NEGAR,,,
P000222,0.081634,6,APROVAR,0.0265,24,0.21
P000223,0.146818,3,NEGAR,,,
P000224,0.327503,1,NEGAR,,,
P000225,0.235996,2,NEGAR,,,
P000226,0.302502,1,NEGAR,,,
P000227,0.261693,2,NEGAR,,,
P000228,0.088696,5,APROVAR,0.0282,36,0.21
P000229,0.034955,10,APROVAR,0.0227,36,0.0
P000230,0.042159,9,APROVAR,0.0236,60,0.0
P000231,0.035788,10,APROVAR,0.0227,24,0.0
P000232,0.359487,1,NEGAR,,,
P000233,0.043451,9,APROVAR,0.0236,60,0.0
P000234,0.016393,10,APROVAR,0.0227,36,0.0
P000235,0.173487,3,NEGAR,,,
P000236,0.585962,1,NEGAR,,,
P000237,0.404916,1,NEGAR,,,
P000238,0.336451,1,NEGAR,,,
P000239,0.279033,2,NEGAR,,,
P000240,0.06443,7,APROVAR,0.0256,36,0.0
P000241,0.050475,8,APROVAR,0.0247,60,0.0
P000242,0.187411,3,NEGAR,,,
P000243,0.078497,6,APROVAR,0.0265,48,0.21
P000244,0.036741,10,APROVAR,0.0227,24,0.0
P000245,0.22519,2,NEGAR,,,
P000246,0.053751,8,APROVAR,0.0247,24,0.0
P000247,0.05917,7,APROVAR,0.0256,60,0.0
P000248,0.036475,10,APROVAR,0.0227,60,0.0
P000249,0.077211,6,APROVAR,0.0265,36,0.21
P000250,0.336677,1,NEGAR,,,
P000251,0.137918,4,NEGAR,,,
P000252,0.122285,4,NEGAR,,,
P000253,0.037751,9,APROVAR,0.0236,36,0.0
P000254,0.084576,5,APROVAR,0.0282,24,0.21
P000255,0.119599,4,NEGAR,,,
P000256,0.285357,2,NEGAR,,,
P000257,0.047261,8,APROVAR,0.0247,24,0.0
P000258,0.058914,7,APROVAR,0.0256,60,0.0
P000259,0.202476,3,NEGAR,,,
P000260,0.110469,4,NEGAR,,,
P000261,0.066884,6,APROVAR,0.0265,36,0.21
P000262,0.082402,6,APROVAR,0.0265,60,0.21
P000263,0.239837,2,NEGAR,,,
P000264,0.053079,8,APROVAR,0.0247,60,0.0
P000265,0.21808,2,NEGAR,,,
P000266,0.036303,10,APROVAR,0.0227,36,0.0
P000267,0.03303,10,APROVAR,0.0227,48,0.0
P000268,0.030166,10,APROVAR,0.0227,60,0.0
P000269,0.080904,6,APROVAR,0.0265,24,0.21
P000270,0.060825,7,APROVAR,0.0256,48,0.0
P000271,0.029364,10,APROVAR,0.0227,36,0.0
P000272,0.261709,2,NEGAR,,,
P000273,0.081358,6,APROVAR,0.0265,36,0.21
P000274,0.479482,1,NEGAR,,,
P000275,0.212462,2,NEGAR,,,
P000276,0.044838,8,APROVAR,0.0247,36,0.0
P000277,0.034591,10,APROVAR,0.0227,36,0.0
P000278,0.073543,6,APROVAR,0.0265,48,0.21
P000279,0.042782,9,APROVAR,0.0236,36,0.0
P000280,0.337249,1,NEGAR,,,
P000281,0.329262,1,NEGAR,,,
P000282,0.220584,2,NEGAR,,,
P000283,0.032913,10,APROVAR,0.0227,36,0.0
P000284,0.045062,8,APROVAR,0.0247,24,0.0
P000285,0.127609,4,NEGAR,,,
P000286,0.085679,5,APROVAR,0.0282,60,0.21
P000287,0.494147,1,NEGAR,,,
P000288,0.332827,1,NEGAR,,,
P000289,0.0368,10,APROVAR,0.0227,36,0.0
P000290,0.04079,9,APROVAR,0.0236,48,0.0
P000291,0.199085,3,NEGAR,,,
P000292,0.078244,6,APROVAR,0.0265,60,0.21
P000293,0.062788,7,APROVAR,0.0256,36,0.0
P000294,0.040136,9,APROVAR,0.0236,48,0.0
P000295,0.027825,10,APROVAR,0.0227,36,0.0
P000296,0.100514,5,APROVAR,0.0282,60,0.21
P000297,0.150076,3,NEGAR,,,
P000298,0.419885,1,NEGAR,,,
P000299,0.189733,3,NEGAR,,,
P000300,0.387003,1,NEGAR,,,
P000301,0.035565,10,APROVAR,0.0227,36,0.0
P000302,0.058296,7,APROVAR,0.0256,36,0.0
P000303,0.233485,2,NEGAR,,,
P000304,0.038271,9,APROVAR,0.0236,48,0.0
P000305,0.293402,2,NEGAR,,,
P000306,0.033135,10,APROVAR,0.0227,36,0.0
P000307,0.074537,6,APROVAR,0.0265,48,0.21
P000308,0.074536,6,APROVAR,0.0265,36,0.21
P000309,0.201694,3,NEGAR,,,
P000310,0.071294,6,APROVAR,0.0265,60,0.21
P000311,0.099537,5,APROVAR,0.0282,48,0.21
P000312,0.040587,9,APROVAR,0.0236,60,0.0
P000313,0.070649,6,APROVAR,0.0265,48,0.21
P000314,0.396502,1,NEGAR,,,
P000315,0.090643,5,APROVAR,0.0282,48,0.21
P000316,0.551065,1,NEGAR,,,
P000317,0.110071,4,NEGAR,,,
P000318,0.135358,4,NEGAR,,,
P000319,0.043386,9,APROVAR,0.0236,36,0.0
P000320,0.072498,6,APROVAR,0.0265,48,0.21
P000321,0.188943,3,NEGAR,,,
P000322,0.448617,1,NEGAR,,,
P000323,0.231762,2,NEGAR,,,
P000324,0.034741,10,APROVAR,0.0227,60,0.0
P000325,0.28121,2,NEGAR,,,
P000326,0.056101,7,APROVAR,0.0256,48,0.0
P000327,0.340008,1,NEGAR,,,
P000328,0.387769,1,NEGAR,,,
P000329,0.233603,2,NEGAR,,,
P000330,0.090406,5,APROVAR,0.0282,24,0.21
P000331,0.471183,1,NEGAR,,,
P000332,0.097733,5,APROVAR,0.0282,36,0.21
P000333,0.0703,6,APROVAR,0.0265,48,0.21
P000334,0.050841,8,APROVAR,0.0247,24,0.0
P000335,0.310022,1,NEGAR,,,
P000336,0.266252,2,NEGAR,,,
P000337,0.095661,5,APROVAR,0.0282,24,0.21
P000338,0.044015,9,APROVAR,0.0236,60,0.0
P000339,0.031273,10,APROVAR,0.0227,36,0.0
P000340,0.072116,6,APROVAR,0.0265,36,0.21
P000341,0.197394,3,NEGAR,,,
P000342,0.076986,6,APROVAR,0.0265,48,0.21
P000343,0.063207,7,APROVAR,0.0256,48,0.0
P000344,0.041127,9,APROVAR,0.0236,60,0.0
P000345,0.024819,10,APROVAR,0.0227,60,0.0
P000346,0.119467,4,NEGAR,,,
P000347,0.04294,9,APROVAR,0.0236,24,0.0
P000348,0.058951,7,APROVAR,0.0256,48,0.0
P000349,0.047622,8,APROVAR,0.0247,48,0.0
P000350,0.034685,10,APROVAR,0.0227,60,0.0
P000351,0.226873,2,NEGAR,,,
P000352,0.60475,1,NEGAR,,,
P000353,0.264247,2,NEGAR,,,
P000354,0.396334,1,NEGAR,,,
P000355,0.053713,8,APROVAR,0.0247,60,0.0
P000356,0.330137,1,NEGAR,,,
P000357,0.053796,8,APROVAR,0.0247,48,0.0
P000358,0.054108,8,APROVAR,0.0247,60,0.0
P000359,0.062316,7,APROVAR,0.0256,48,0.0
P000360,0.052037,8,APROVAR,0.0247,24,0.0
P000361,0.029143,10,APROVAR,0.0227,60,0.0
P000362,0.089162,5,APROVAR,0.0282,24,0.21
P000363,0.285202,2,NEGAR,,,
P000364,0.207674,3,NEGAR,,,
P000365,0.040714,9,APROVAR,0.0236,48,0.0
P000366,0.066624,6,APROVAR,0.0265,48,0.21
P000367,0.201318,3,NEGAR,,,
P000368,0.045027,8,APROVAR,0.0247,36,0.0
P000369,0.043712,9,APROVAR,0.0236,24,0.0
P000370,0.257552,2,NEGAR,,,
P000371,0.556037,1,NEGAR,,,
P000372,0.078975,6,APROVAR,0.0265,24,0.21
P000373,0.234511,2,NEGAR,,,
P000374,0.051039,8,APROVAR,0.0247,48,0.0
P000375,0.189054,3,NEGAR,,,
P000376,0.079448,6,APROVAR,0.0265,48,0.21
P000377,0.035123,10,APROVAR,0.0227,48,0.0
P000378,0.192347,3,NEGAR,,,
P000379,0.053284,8,APROVAR,0.0247,24,0.0
P000380,0.271037,2,NEGAR,,,
P000381,0.164528,3,NEGAR,,,
P000382,0.035492,10,APROVAR,0.0227,48,0.0
P000383,0.296584,2,NEGAR,,,
P000384,0.088971,5,APROVAR,0.0282,48,0.21
P000385,0.039198,9,APROVAR,0.0236,48,0.0
P000386,0.103452,5,APROVAR,0.0282,48,0.21
P000387,0.190887,3,NEGAR,,,
P000388,0.3026,1,NEGAR,,,
P000389,0.380158,1,NEGAR,,,
P000390,0.028121,10,APROVAR,0.0227,48,0.0
P000391,0.047744,8,APROVAR,0.0247,48,0.0
P000392,0.101269,5,APROVAR,0.0282,60,0.21
P000393,0.071422,6,APROVAR,0.0265,60,0.21
P000394,0.148633,3,NEGAR,,,
P000395,0.153208,3,NEGAR,,,
P000396,0.425998,1,NEGAR,,,
P000397,0.074997,6,APROVAR,0.0265,48,0.21
P000398,0.042188,9,APROVAR,0.0236,48,0.0
P000399,0.207082,3,NEGAR,,,
P000400,0.263333,2,NEGAR,,,
P000401,0.061671,7,APROVAR,0.0256,60,0.0
P000402,0.037613,9,APROVAR,0.0236,24,0.0
P000403,0.048785,8,APROVAR,0.0247,48,0.0
P000404,0.364116,1,NEGAR,,,
P000405,0.096915,5,APROVAR,0.0282,48,0.21
P000406,0.090553,5,APROVAR,0.0282,48,0.21
P000407,0.225287,2,NEGAR,,,
P000408,0.05619,7,APROVAR,0.0256,36,0.0
P000409,0.036449,10,APROVAR,0.0227,60,0.0
P000410,0.028537,10,APROVAR,0.0227,48,0.0
P000411,0.037823,9,APROVAR,0.0236,60,0.0
P000412,0.274324,2,NEGAR,,,
P000413,0.240618,2,NEGAR,,,
P000414,0.080598,6,APROVAR,0.0265,60,0.21
P000415,0.079284,6,APROVAR,0.0265,24,0.21
P000416,0.116676,4,NEGAR,,,
P000417,0.028699,10,APROVAR,0.0227,60,0.0
P000418,0.216164,2,NEGAR,,,
P000419,0.288897,2,NEGAR,,,
P000420,0.039767,9,APROVAR,0.0236,48,0.0
P000421,0.055132,7,APROVAR,0.0256,36,0.0
P000422,0.065864,7,APROVAR,0.0256,24,0.0
P000423,0.220346,2,NEGAR,,,
P000424,0.262295,2,NEGAR,,,
P000425,0.316653,1,NEGAR,,,
P000426,0.022184,10,APROVAR,0.0227,24,0.0
P000427,0.620258,1,NEGAR,,,
P000428,0.319262,1,NEGAR,,,
P000429,0.085558,5,APROVAR,0.0282,48,0.21
P000430,0.402894,1,NEGAR,,,
P000431,0.202814,3,NEGAR,,,
P000432,0.087951,5,APROVAR,0.0282,48,0.21
P000433,0.085559,5,APROVAR,0.0282,48,0.21
P000434,0.084294,5,APROVAR,0.0282,48,0.21
P000435,0.184313,3,NEGAR,,,
P000436,0.205044,3,NEGAR,,,
P000437,0.580404,1,NEGAR,,,
P000438,0.025044,10,APROVAR,0.0227,48,0.0
P000439,0.037054,9,APROVAR,0.0236,24,0.0
P000440,0.048995,8,APROVAR,0.0247,48,0.0
P000441,0.321812,1,NEGAR,,,
P000442,0.180214,3,NEGAR,,,
P000443,0.096265,5,APROVAR,0.0282,36,0.21
P000444,0.36888,1,NEGAR,,,
P000445,0.127109,4,NEGAR,,,
P000446,0.105465,5,APROVAR,0.0282,24,0.21
P000447,0.847901,1,NEGAR,,,
P000448,0.238918,2,NEGAR,,,
P000449,0.182393,3,NEGAR,,,
P000450,0.037779,9,APROVAR,0.0236,36,0.0
P000451,0.244448,2,NEGAR,,,
P000452,0.272059,2,NEGAR,,,
P000453,0.469965,1,NEGAR,,,
P000454,0.109032,4,NEGAR,,,
P000455,0.058882,7,APROVAR,0.0256,48,0.0
P000456,0.568901,1,NEGAR,,,
P000457,0.278278,2,NEGAR,,,
P000458,0.25851,2,NEGAR,,,
P000459,0.040209,9,APROVAR,0.0236,24,0.0
P000460,0.085138,5,APROVAR,0.0282,36,0.21
P000461,0.068577,6,APROVAR,0.0265,36,0.21
P000462,0.035784,10,APROVAR,0.0227,36,0.0
P000463,0.036724,10,APROVAR,0.0227,24,0.0
P000464,0.067183,6,APROVAR,0.0265,24,0.21
P000465,0.529577,1,NEGAR,,,
P000466,0.151869,3,NEGAR,,,
P000467,0.149655,3,NEGAR,,,
P000468,0.034549,10,APROVAR,0.0227,48,0.0
P000469,0.090242,5,APROVAR,0.0282,48,0.21
P000470,0.494419,1,NEGAR,,,
P000471,0.06323,7,APROVAR,0.0256,48,0.0
P000472,0.05047,8,APROVAR,0.0247,60,0.0
P000473,0.138111,4,NEGAR,,,
P000474,0.049072,8,APROVAR,0.0247,24,0.0
P000475,0.190985,3,NEGAR,,,
P000476,0.024216,10,APROVAR,0.0227,36,0.0
P000477,0.120332,4,NEGAR,,,
P000478,0.371837,1,NEGAR,,,
P000479,0.196886,3,NEGAR,,,
P000480,0.061705,7,APROVAR,0.0256,24,0.0
P000481,0.233961,2,NEGAR,,,
P000482,0.084225,5,APROVAR,0.0282,60,0.21
P000483,0.057887,7,APROVAR,0.0256,48,0.0
P000484,0.038445,9,APROVAR,0.0236,60,0.0
P000485,0.239825,2,NEGAR,,,
P000486,0.172372,3,NEGAR,,,
P000487,0.128513,4,NEGAR,,,
P000488,0.215245,2,NEGAR,,,
P000489,0.149918,3,NEGAR,,,
P000490,0.25614,2,NEGAR,,,
P000491,0.070407,6,APROVAR,0.0265,48,0.21
P000492,0.155516,3,NEGAR,,,
P000493,0.187916,3,NEGAR,,,
P000494,0.451558,1,NEGAR,,,
P000495,0.082827,6,APROVAR,0.0265,48,0.21
P000496,0.504162,1,NEGAR,,,
P000497,0.043564,9,APROVAR,0.0236,48,0.0
P000498,0.098366,5,APROVAR,0.0282,24,0.21
P000499,0.156523,3,NEGAR,,,
P000500,0.144621,3,NEGAR,,,
P000501,0.121053,4,NEGAR,,,
P000502,0.062657,7,APROVAR,0.0256,24,0.0
P000503,0.034175,10,APROVAR,0.0227,60,0.0
P000504,0.237893,2,NEGAR,,,
P000505,0.198394,3,NEGAR,,,
P000506,0.104375,5,APROVAR,0.0282,36,0.21
P000507,0.040906,9,APROVAR,0.0236,36,0.0
P000508,0.195548,3,NEGAR,,,
P000509,0.359716,1,NEGAR,,,
P000510,0.221917,2,NEGAR,,,
P000511,0.121709,4,NEGAR,,,
P000512,0.278406,2,NEGAR,,,
P000513,0.032202,10,APROVAR,0.0227,60,0.0
P000514,0.042242,9,APROVAR,0.0236,24,0.0
P000515,0.050068,8,APROVAR,0.0247,48,0.0
P000516,0.052703,8,APROVAR,0.0247,24,0.0
P000517,0.167258,3,NEGAR,,,
P000518,0.060648,7,APROVAR,0.0256,60,0.0
P000519,0.243653,2,NEGAR,,,
P000520,0.176451,3,NEGAR,,,
P000521,0.109937,4,NEGAR,,,
P000522,0.136594,4,NEGAR,,,
P000523,0.230484,2,NEGAR,,,
P000524,0.237258,2,NEGAR,,,
P000525,0.040807,9,APROVAR,0.0236,36,0.0
P000526,0.076951,6,APROVAR,0.0265,48,0.21
P000527,0.249664,2,NEGAR,,,
P000528,0.03339,10,APROVAR,0.0227,24,0.0
P000529,0.118754,4,NEGAR,,,
P000530,0.177828,3,NEGAR,,,
P000531,0.048438,8,APROVAR,0.0247,48,0.0
P000532,0.095302,5,APROVAR,0.0282,36,0.21
P000533,0.066783,6,APROVAR,0.0265,48,0.21
P000534,0.049296,8,APROVAR,0.0247,48,0.0
P000535,0.114884,4,NEGAR,,,
P000536,0.039853,9,APROVAR,0.0236,24,0.0
P000537,0.117959,4,NEGAR,,,
P000538,0.661883,1,NEGAR,,,
P000539,0.13298,4,NEGAR,,,
P000540,0.044504,9,APROVAR,0.0236,36,0.0
P000541,0.300806,2,NEGAR,,,
P000542,0.682627,1,NEGAR,,,
P000543,0.657776,1,NEGAR,,,
P000544,0.228812,2,NEGAR,,,
P000545,0.077901,6,APROVAR,0.0265,36,0.21
P000546,0.254137,2,NEGAR,,,
P000547,0.15236,3,NEGAR,,,
P000548,0.318106,1,NEGAR,,,
P000549,0.030277,10,APROVAR,0.0227,60,0.0
P000550,0.24912,2,NEGAR,,,
P000551,0.278439,2,NEGAR,,,
P000552,0.090707,5,APROVAR,0.0282,48,0.21
P000553,0.104822,5,APROVAR,0.0282,24,0.21
P000554,0.288295,2,NEGAR,,,
P000555,0.270909,2,NEGAR,,,
P000556,0.06539,7,APROVAR,0.0256,36,0.0
P000557,0.038022,9,APROVAR,0.0236,48,0.0
P000558,0.027072,10,APROVAR,0.0227,24,0.0
P000559,0.367519,1,NEGAR,,,
P000560,0.04233,9,APROVAR,0.0236,60,0.0
P000561,0.060607,7,APROVAR,0.0256,60,0.0
P000562,0.248726,2,NEGAR,,,
P000563,0.069824,6,APROVAR,0.0265,48,0.21
P000564,0.146399,3,NEGAR,,,
P000565,0.03574,10,APROVAR,0.0227,36,0.0
P000566,0.383787,1,NEGAR,,,
P000567,0.055977,7,APROVAR,0.0256,60,0.0
P000568,0.046606,8,APROVAR,0.0247,24,0.0
P000569,0.171384,3,NEGAR,,,
P000570,0.033815,10,APROVAR,0.0227,60,0.0
P000571,0.034223,10,APROVAR,0.0227,36,0.0
P000572,0.277334,2,NEGAR,,,
P000573,0.079741,6,APROVAR,0.0265,36,0.21
P000574,0.069876,6,APROVAR,0.0265,48,0.21
P000575,0.417756,1,NEGAR,,,
P000576,0.077873,6,APROVAR,0.0265,60,0.21
P000577,0.238602,2,NEGAR,,,
P000578,0.391467,1,NEGAR,,,
P000579,0.073424,6,APROVAR,0.0265,48,0.21
P000580,0.032629,10,APROVAR,0.0227,48,0.0
P000581,0.09979,5,APROVAR,0.0282,60,0.21
P000582,0.030088,10,APROVAR,0.0227,36,0.0
P000583,0.354605,1,NEGAR,,,
P000584,0.318763,1,NEGAR,,,
P000585,0.325144,1,NEGAR,,,
P000586,0.100004,5,APROVAR,0.0282,48,0.21
P000587,0.025458,10,APROVAR,0.0227,60,0.0
P000588,0.047028,8,APROVAR,0.0247,36,0.0
P000589,0.041236,9,APROVAR,0.0236,48,0.0
P000590,0.222391,2,NEGAR,,,
P000591,0.100114,5,APROVAR,0.0282,36,0.21
P000592,0.208772,3,NEGAR,,,
P000593,0.101981,5,APROVAR,0.0282,60,0.21
P000594,0.302787,1,NEGAR,,,
P000595,0.057559,7,APROVAR,0.0256,60,0.0
P000596,0.020717,10,APROVAR,0.0227,36,0.0
P000597,0.588452,1,NEGAR,,,
P000598,0.261022,2,NEGAR,,,
P000599,0.066295,7,APROVAR,0.0256,48,0.0
P000600,0.042195,9,APROVAR,0.0236,36,0.0
P000601,0.053219,8,APROVAR,0.0247,36,0.0
P000602,0.179006,3,NEGAR,,,
P000603,0.128013,4,NEGAR,,,
P000604,0.035519,10,APROVAR,0.0227,48,0.0
P000605,0.49476,1,NEGAR,,,
P000606,0.362206,1,NEGAR,,,
P000607,0.087032,5,APROVAR,0.0282,24,0.21
P000608,0.211349,2,NEGAR,,,
P000609,0.574612,1,NEGAR,,,
P000610,0.044291,9,APROVAR,0.0236,48,0.0
P000611,0.227317,2,NEGAR,,,
P000612,0.03612,10,APROVAR,0.0227,60,0.0
P000613,0.056362,7,APROVAR,0.0256,36,0.0
P000614,0.479767,1,NEGAR,,,
P000615,0.033413,10,APROVAR,0.0227,24,0.0
P000616,0.066539,6,APROVAR,0.0265,36,0.21
P000617,0.078444,6,APROVAR,0.0265,24,0.21
P000618,0.073831,6,APROVAR,0.0265,24,0.21
P000619,0.194859,3,NEGAR,,,
P000620,0.104893,5,APROVAR,0.0282,36,0.21
P000621,0.087541,5,APROVAR,0.0282,60,0.21
P000622,0.258203,2,NEGAR,,,
P000623,0.067978,6,APROVAR,0.0265,48,0.21
P000624,0.054804,7,APROVAR,0.0256,48,0.0
P000625,0.231158,2,NEGAR,,,
P000626,0.077209,6,APROVAR,0.0265,48,0.21
P000627,0.41516,1,NEGAR,,,
P000628,0.044911,8,APROVAR,0.0247,48,0.0
P000629,0.044087,9,APROVAR,0.0236,36,0.0
P000630,0.056951,7,APROVAR,0.0256,48,0.0
P000631,0.033173,10,APROVAR,0.0227,36,0.0
P000632,0.035218,10,APROVAR,0.0227,48,0.0
P000633,0.055978,7,APROVAR,0.0256,36,0.0
P000634,0.272256,2,NEGAR,,,
P000635,0.114941,4,NEGAR,,,
P000636,0.086265,5,APROVAR,0.0282,60,0.21
P000637,0.190865,3,NEGAR,,,
P000638,0.055203,7,APROVAR,0.0256,48,0.0
P000639,0.303223,1,NEGAR,,,
P000640,0.062812,7,APROVAR,0.0256,60,0.0
P000641,0.406863,1,NEGAR,,,
P000642,0.45681,1,NEGAR,,,
P000643,0.08306,6,APROVAR,0.0265,60,0.21
P000644,0.043917,9,APROVAR,0.0236,48,0.0
P000645,0.060056,7,APROVAR,0.0256,36,0.0
P000646,0.042559,9,APROVAR,0.0236,60,0.0
P000647,0.136539,4,NEGAR,,,
P000648,0.033739,10,APROVAR,0.0227,48,0.0
P000649,0.327134,1,NEGAR,,,
P000650,0.028136,10,APROVAR,0.0227,60,0.0
P000651,0.053412,8,APROVAR,0.0247,24,0.0
P000652,0.117746,4,NEGAR,,,
P000653,0.156991,3,NEGAR,,,
P000654,0.158939,3,NEGAR,,,
P000655,0.115591,4,NEGAR,,,
P000656,0.118835,4,NEGAR,,,
P000657,0.048677,8,APROVAR,0.0247,60,0.0
P000658,0.271471,2,NEGAR,,,
P000659,0.263149,2,NEGAR,,,
P000660,0.140109,4,NEGAR,,,
P000661,0.45157,1,NEGAR,,,
P000662,0.29857,2,NEGAR,,,
P000663,0.192551,3,NEGAR,,,
P000664,0.071861,6,APROVAR,0.0265,60,0.21
P000665,0.065765,7,APROVAR,0.0256,60,0.0
P000666,0.460054,1,NEGAR,,,
P000667,0.049633,8,APROVAR,0.0247,48,0.0
P000668,0.527538,1,NEGAR,,,
P000669,0.262326,2,NEGAR,,,
P000670,0.038212,9,APROVAR,0.0236,48,0.0
P000671,0.170089,3,NEGAR,,,
P000672,0.066776,6,APROVAR,0.0265,60,0.21
P000673,0.036982,9,APROVAR,0.0236,36,0.0
P000674,0.054974,7,APROVAR,0.0256,60,0.0
P000675,0.207481,3,NEGAR,,,
P000676,0.456534,1,NEGAR,,,
P000677,0.032207,10,APROVAR,0.0227,48,0.0
P000678,0.1981,3,NEGAR,,,
P000679,0.026173,10,APROVAR,0.0227,60,0.0
P000680,0.029263,10,APROVAR,0.0227,48,0.0
P000681,0.040599,9,APROVAR,0.0236,48,0.0
P000682,0.312391,1,NEGAR,,,
P000683,0.037586,9,APROVAR,0.0236,36,0.0
P000684,0.304364,1,NEGAR,,,
P000685,0.08347,6,APROVAR,0.0265,48,0.21
P000686,0.058854,7,APROVAR,0.0256,60,0.0
P000687,0.040662,9,APROVAR,0.0236,24,0.0
P000688,0.041355,9,APROVAR,0.0236,36,0.0
P000689,0.042002,9,APROVAR,0.0236,60,0.0
P000690,0.066063,7,APROVAR,0.0256,48,0.0
P000691,0.081065,6,APROVAR,0.0265,48,0.21
P000692,0.021843,10,APROVAR,0.0227,48,0.0
P000693,0.046851,8,APROVAR,0.0247,36,0.0
P000694,0.265665,2,NEGAR,,,
P000695,0.033411,10,APROVAR,0.0227,48,0.0
P000696,0.127657,4,NEGAR,,,
P000697,0.030116,10,APROVAR,0.0227,48,0.0
P000698,0.186789,3,NEGAR,,,
P000699,0.164515,3,NEGAR,,,
P000700,0.307229,1,NEGAR,,,
P000701,0.047984,8,APROVAR,0.0247,48,0.0
P000702,0.046877,8,APROVAR,0.0247,36,0.0
P000703,0.210757,2,NEGAR,,,
P000704,0.268604,2,NEGAR,,,
P000705,0.033129,10,APROVAR,0.0227,48,0.0
P000706,0.063474,7,APROVAR,0.0256,24,0.0
P000707,0.332889,1,NEGAR,,,
P000708,0.83218,1,NEGAR,,,
P000709,0.287246,2,NEGAR,,,
P000710,0.132591,4,NEGAR,,,
P000711,0.41771,1,NEGAR,,,
P000712,0.132573,4,NEGAR,,,
P000713,0.173821,3,NEGAR,,,
P000714,0.290541,2,NEGAR,,,
P000715,0.029085,10,APROVAR,0.0227,48,0.0
P000716,0.179216,3,NEGAR,,,
P000717,0.046872,8,APROVAR,0.0247,60,0.0
P000718,0.169088,3,NEGAR,,,
P000719,0.054392,7,APROVAR,0.0256,48,0.0
P000720,0.17328,3,NEGAR,,,
P000721,0.040225,9,APROVAR,0.0236,48,0.0
P000722,0.057167,7,APROVAR,0.0256,60,0.0
P000723,0.179665,3,NEGAR,,,
P000724,0.18948,3,NEGAR,,,
P000725,0.030598,10,APROVAR,0.0227,36,0.0
P000726,0.04043,9,APROVAR,0.0236,48,0.0
P000727,0.075267,6,APROVAR,0.0265,48,0.21
P000728,0.370072,1,NEGAR,,,
P000729,0.03618,10,APROVAR,0.0227,48,0.0
P000730,0.136454,4,NEGAR,,,
P000731,0.030934,10,APROVAR,0.0227,24,0.0
P000732,0.197929,3,NEGAR,,,
P000733,0.302867,1,NEGAR,,,
P000734,0.059365,7,APROVAR,0.0256,24,0.0
P000735,0.217481,2,NEGAR,,,
P000736,0.774541,1,NEGAR,,,
P000737,0.25396,2,NEGAR,,,
P000738,0.034022,10,APROVAR,0.0227,36,0.0
P000739,0.038454,9,APROVAR,0.0236,24,0.0
P000740,0.638818,1,NEGAR,,,
P000741,0.063682,7,APROVAR,0.0256,48,0.0
P000742,0.121795,4,NEGAR,,,
P000743,0.195663,3,NEGAR,,,
P000744,0.04665,8,APROVAR,0.0247,48,0.0
P000745,0.05262,8,APROVAR,0.0247,48,0.0
P000746,0.053534,8,APROVAR,0.0247,36,0.0
P000747,0.085402,5,APROVAR,0.0282,24,0.21
P000748,0.212838,2,NEGAR,,,
P000749,0.405625,1,NEGAR,,,
P000750,0.173824,3,NEGAR,,,
P000751,0.04982,8,APROVAR,0.0247,48,0.0
P000752,0.165886,3,NEGAR,,,
P000753,0.030266,10,APROVAR,0.0227,36,0.0
P000754,0.455147,1,NEGAR,,,
P000755,0.030619,10,APROVAR,0.0227,36,0.0
P000756,0.06831,6,APROVAR,0.0265,24,0.21
P000757,0.131486,4,NEGAR,,,
P000758,0.141645,4,NEGAR,,,
P000759,0.312658,1,NEGAR,,,
P000760,0.180216,3,NEGAR,,,
P000761,0.022831,10,APROVAR,0.0227,48,0.0
P000762,0.038671,9,APROVAR,0.0236,36,0.0
P000763,0.07205,6,APROVAR,0.0265,36,0.21
P000764,0.168075,3,NEGAR,,,
P000765,0.025789,10,APROVAR,0.0227,24,0.0
P000766,0.032291,10,APROVAR,0.0227,60,0.0
P000767,0.146436,3,NEGAR,,,
P000768,0.163748,3,NEGAR,,,
P000769,0.032902,10,APROVAR,0.0227,60,0.0
P000770,0.222264,2,NEGAR,,,
P000771,0.041984,9,APROVAR,0.0236,48,0.0
P000772,0.032457,10,APROVAR,0.0227,48,0.0
P000773,0.316349,1,NEGAR,,,
P000774,0.031768,10,APROVAR,0.0227,36,0.0
P000775,0.393788,1,NEGAR,,,
P000776,0.038137,9,APROVAR,0.0236,48,0.0
P000777,0.027906,10,APROVAR,0.0227,36,0.0
P000778,0.067296,6,APROVAR,0.0265,60,0.21
P000779,0.063615,7,APROVAR,0.0256,36,0.0
P000780,0.061986,7,APROVAR,0.0256,60,0.0
P000781,0.083845,6,APROVAR,0.0265,60,0.21
P000782,0.30697,1,NEGAR,,,
P000783,0.300078,2,NEGAR,,,
P000784,0.207512,3,NEGAR,,,
P000785,0.126107,4,NEGAR,,,
P000786,0.069021,6,APROVAR,0.0265,24,0.21
P000787,0.042832,9,APROVAR,0.0236,36,0.0
P000788,0.295149,2,NEGAR,,,
P000789,0.042274,9,APROVAR,0.0236,60,0.0
P000790,0.084412,5,APROVAR,0.0282,36,0.21
P000791,0.627055,1,NEGAR,,,
P000792,0.069849,6,APROVAR,0.0265,48,0.21
P000793,0.048894,8,APROVAR,0.0247,36,0.0
P000794,0.214163,2,NEGAR,,,
P000795,0.274114,2,NEGAR,,,
P000796,0.378935,1,NEGAR,,,
P000797,0.043636,9,APROVAR,0.0236,60,0.0
P000798,0.108683,4,NEGAR,,,
P000799,0.052096,8,APROVAR,0.0247,36,0.0
P000800,0.042881,9,APROVAR,0.0236,24,0.0
P000801,0.053311,8,APROVAR,0.0247,36,0.0
P000802,0.150588,3,NEGAR,,,
P000803,0.046596,8,APROVAR,0.0247,24,0.0
P000804,0.057794,7,APROVAR,0.0256,60,0.0
P000805,0.029894,10,APROVAR,0.0227,60,0.0
P000806,0.280835,2,NEGAR,,,
P000807,0.045023,8,APROVAR,0.0247,60,0.0
P000808,0.278473,2,NEGAR,,,
P000809,0.036872,10,APROVAR,0.0227,60,0.0
P000810,0.09132,5,APROVAR,0.0282,36,0.21
P000811,0.318626,1,NEGAR,,,
P000812,0.041037,9,APROVAR,0.0236,36,0.0
P000813,0.120427,4,NEGAR,,,
P000814,0.288531,2,NEGAR,,,
P000815,0.03238,10,APROVAR,0.0227,36,0.0
P000816,0.33273,1,NEGAR,,,
P000817,0.127396,4,NEGAR,,,
P000818,0.324211,1,NEGAR,,,
P000819,0.071356,6,APROVAR,0.0265,24,0.21
P000820,0.060875,7,APROVAR,0.0256,48,0.0
P000821,0.05103,8,APROVAR,0.0247,24,0.0
P000822,0.027164,10,APROVAR,0.0227,36,0.0
P000823,0.102608,5,APROVAR,0.0282,36,0.21
P000824,0.198932,3,NEGAR,,,
P000825,0.038512,9,APROVAR,0.0236,36,0.0
P000826,0.464584,1,NEGAR,,,
P000827,0.040883,9,APROVAR,0.0236,36,0.0
P000828,0.185369,3,NEGAR,,,
P000829,0.26509,2,NEGAR,,,
P000830,0.299,2,NEGAR,,,
P000831,0.080616,6,APROVAR,0.0265,36,0.21
P000832,0.041454,9,APROVAR,0.0236,36,0.0
P000833,0.071279,6,APROVAR,0.0265,24,0.21
P000834,0.154472,3,NEGAR,,,
P000835,0.045555,8,APROVAR,0.0247,24,0.0
P000836,0.054017,8,APROVAR,0.0247,24,0.0
P000837,0.184691,3,NEGAR,,,
P000838,0.079412,6,APROVAR,0.0265,36,0.21
P000839,0.385209,1,NEGAR,,,
P000840,0.066557,6,APROVAR,0.0265,48,0.21
P000841,0.042987,9,APROVAR,0.0236,48,0.0
P000842,0.047284,8,APROVAR,0.0247,36,0.0
P000843,0.106198,5,APROVAR,0.0282,24,0.21
P000844,0.066274,7,APROVAR,0.0256,48,0.0
P000845,0.072874,6,APROVAR,0.0265,48,0.21
P000846,0.484753,1,NEGAR,,,
P000847,0.061514,7,APROVAR,0.0256,36,0.0
P000848,0.06337,7,APROVAR,0.0256,36,0.0
P000849,0.107054,4,NEGAR,,,
P000850,0.026996,10,APROVAR,0.0227,36,0.0
P000851,0.290558,2,NEGAR,,,
P000852,0.075586,6,APROVAR,0.0265,24,0.21
P000853,0.098147,5,APROVAR,0.0282,48,0.21
P000854,0.132138,4,NEGAR,,,
P000855,0.098228,5,APROVAR,0.0282,24,0.21
P000856,0.034332,10,APROVAR,0.0227,24,0.0
P000857,0.043242,9,APROVAR,0.0236,24,0.0
P000858,0.063056,7,APROVAR,0.0256,60,0.0
P000859,0.070911,6,APROVAR,0.0265,48,0.21
P000860,0.077541,6,APROVAR,0.0265,48,0.21
P000861,0.047428,8,APROVAR,0.0247,36,0.0
P000862,0.08333,6,APROVAR,0.0265,60,0.21
P000863,0.109828,4,NEGAR,,,
P000864,0.064341,7,APROVAR,0.0256,48,0.0
P000865,0.129922,4,NEGAR,,,
P000866,0.15814,3,NEGAR,,,
P000867,0.071773,6,APROVAR,0.0265,24,0.21
P000868,0.023196,10,APROVAR,0.0227,60,0.0
P000869,0.079959,6,APROVAR,0.0265,48,0.21
P000870,0.213199,2,NEGAR,,,
P000871,0.297718,2,NEGAR,,,
P000872,0.067878,6,APROVAR,0.0265,24,0.21
P000873,0.292563,2,NEGAR,,,
P000874,0.125742,4,NEGAR,,,
P000875,0.317213,1,NEGAR,,,
P000876,0.109389,4,NEGAR,,,
P000877,0.175405,3,NEGAR,,,
P000878,0.394599,1,NEGAR,,,
P000879,0.265032,2,NEGAR,,,
P000880,0.035404,10,APROVAR,0.0227,36,0.0
P000881,0.084257,5,APROVAR,0.0282,48,0.21
P000882,0.113952,4,NEGAR,,,
P000883,0.180243,3,NEGAR,,,
P000884,0.114339,4,NEGAR,,,
P000885,0.066641,6,APROVAR,0.0265,36,0.21
P000886,0.047023,8,APROVAR,0.0247,36,0.0
P000887,0.048642,8,APROVAR,0.0247,60,0.0
P000888,0.105699,5,APROVAR,0.0282,24,0.21
P000889,0.058265,7,APROVAR,0.0256,24,0.0
P000890,0.232418,2,NEGAR,,,
P000891,0.076789,6,APROVAR,0.0265,36,0.21
P000892,0.07898,6,APROVAR,0.0265,48,0.21
P000893,0.039472,9,APROVAR,0.0236,48,0.0
P000894,0.127679,4,NEGAR,,,
P000895,0.114661,4,NEGAR,,,
P000896,0.061668,7,APROVAR,0.0256,48,0.0
P000897,0.428609,1,NEGAR,,,
P000898,0.037099,9,APROVAR,0.0236,24,0.0
P000899,0.266724,2,NEGAR,,,
P000900,0.325854,1,NEGAR,,,
P000901,0.068156,6,APROVAR,0.0265,36,0.21
P000902,0.040082,9,APROVAR,0.0236,48,0.0
P000903,0.045523,8,APROVAR,0.0247,60,0.0
P000904,0.184724,3,NEGAR,,,
P000905,0.126382,4,NEGAR,,,
P000906,0.174616,3,NEGAR,,,
P000907,0.426269,1,NEGAR,,,
P000908,0.06395,7,APROVAR,0.0256,36,0.0
P000909,0.38828,1,NEGAR,,,
P000910,0.06773,6,APROVAR,0.0265,36,0.21
P000911,0.251469,2,NEGAR,,,
P000912,0.39959,1,NEGAR,,,
P000913,0.054448,7,APROVAR,0.0256,48,0.0
P000914,0.050673,8,APROVAR,0.0247,48,0.0
P000915,0.073695,6,APROVAR,0.0265,48,0.21
P000916,0.07211,6,APROVAR,0.0265,36,0.21
P000917,0.219751,2,NEGAR,,,
P000918,0.077908,6,APROVAR,0.0265,24,0.21
P000919,0.064987,7,APROVAR,0.0256,48,0.0
P000920,0.161419,3,NEGAR,,,
P000921,0.105612,5,APROVAR,0.0282,60,0.21
P000922,0.316919,1,NEGAR,,,
P000923,0.076278,6,APROVAR,0.0265,24,0.21
P000924,0.131264,4,NEGAR,,,
P000925,0.033185,10,APROVAR,0.0227,24,0.0
P000926,0.060617,7,APROVAR,0.0256,36,0.0
P000927,0.287185,2,NEGAR,,,
P000928,0.055728,7,APROVAR,0.0256,48,0.0
P000929,0.230764,2,NEGAR,,,
P000930,0.02291,10,APROVAR,0.0227,36,0.0
P000931,0.049911,8,APROVAR,0.0247,24,0.0
P000932,0.536642,1,NEGAR,,,
P000933,0.152837,3,NEGAR,,,
P000934,0.047393,8,APROVAR,0.0247,60,0.0
P000935,0.103675,5,APROVAR,0.0282,24,0.21
P000936,0.030869,10,APROVAR,0.0227,48,0.0
P000937,0.321448,1,NEGAR,,,
P000938,0.050869,8,APROVAR,0.0247,36,0.0
P000939,0.063482,7,APROVAR,0.0256,36,0.0
P000940,0.068109,6,APROVAR,0.0265,60,0.21
P000941,0.143775,3,NEGAR,,,
P000942,0.102556,5,APROVAR,0.0282,24,0.21
P000943,0.059456,7,APROVAR,0.0256,48,0.0
P000944,0.031583,10,APROVAR,0.0227,36,0.0
P000945,0.048816,8,APROVAR,0.0247,60,0.0
P000946,0.138605,4,NEGAR,,,
P000947,0.362281,1,NEGAR,,,
P000948,0.498881,1,NEGAR,,,
P000949,0.094153,5,APROVAR,0.0282,48,0.21
P000950,0.107406,4,NEGAR,,,
P000951,0.051217,8,APROVAR,0.0247,48,0.0
P000952,0.051012,8,APROVAR,0.0247,36,0.0
P000953,0.056636,7,APROVAR,0.0256,48,0.0
P000954,0.032336,10,APROVAR,0.0227,48,0.0
P000955,0.052489,8,APROVAR,0.0247,48,0.0
P000956,0.262849,2,NEGAR,,,
P000957,0.028743,10,APROVAR,0.0227,48,0.0
P000958,0.23677,2,NEGAR,,,
P000959,0.065818,7,APROVAR,0.0256,24,0.0
P000960,0.054165,8,APROVAR,0.0247,24,0.0
P000961,0.496284,1,NEGAR,,,
P000962,0.035118,10,APROVAR,0.0227,60,0.0
P000963,0.038066,9,APROVAR,0.0236,60,0.0
P000964,0.181103,3,NEGAR,,,
P000965,0.036299,10,APROVAR,0.0227,24,0.0
P000966,0.115595,4,NEGAR,,,
P000967,0.166021,3,NEGAR,,,
P000968,0.388662,1,NEGAR,,,
P000969,0.025077,10,APROVAR,0.0227,24,0.0
P000970,0.027717,10,APROVAR,0.0227,48,0.0
P000971,0.44445,1,NEGAR,,,
P000972,0.266287,2,NEGAR,,,
P000973,0.047733,8,APROVAR,0.0247,60,0.0
P000974,0.029982,10,APROVAR,0.0227,24,0.0
P000975,0.433814,1,NEGAR,,,
P000976,0.050958,8,APROVAR,0.0247,24,0.0
P000977,0.026865,10,APROVAR,0.0227,48,0.0
P000978,0.083042,6,APROVAR,0.0265,36,0.21
P000979,0.054565,7,APROVAR,0.0256,36,0.0
P000980,0.112666,4,NEGAR,,,
P000981,0.064247,7,APROVAR,0.0256,36,0.0
P000982,0.080263,6,APROVAR,0.0265,36,0.21
P000983,0.029498,10,APROVAR,0.0227,48,0.0
P000984,0.048151,8,APROVAR,0.0247,24,0.0
P000985,0.085328,5,APROVAR,0.0282,24,0.21
P000986,0.074488,6,APROVAR,0.0265,60,0.21
P000987,0.046128,8,APROVAR,0.0247,36,0.0
P000988,0.095178,5,APROVAR,0.0282,60,0.21
P000989,0.030411,10,APROVAR,0.0227,48,0.0
P000990,0.156072,3,NEGAR,,,
P000991,0.081769,6,APROVAR,0.0265,48,0.21
P000992,0.042442,9,APROVAR,0.0236,36,0.0
P000993,0.071257,6,APROVAR,0.0265,36,0.21
P000994,0.045416,8,APROVAR,0.0247,36,0.0
P000995,0.031635,10,APROVAR,0.0227,60,0.0
P000996,0.032683,10,APROVAR,0.0227,48,0.0
P000997,0.193198,3,NEGAR,,,
P000998,0.213804,2,NEGAR,,,
P000999,0.061573,7,APROVAR,0.0256,48,0.0
P001000,0.245294,2,NEGAR,,,
P001001,0.103995,5,APROVAR,0.0282,24,0.21
P001002,0.297736,2,NEGAR,,,
P001003,0.057641,7,APROVAR,0.0256,36,0.0
P001004,0.297337,2,NEGAR,,,
P001005,0.031777,10,APROVAR,0.0227,60,0.0
P001006,0.076707,6,APROVAR,0.0265,60,0.21
P001007,0.200444,3,NEGAR,,,
P001008,0.185216,3,NEGAR,,,
P001009,0.061833,7,APROVAR,0.0256,24,0.0
P001010,0.04161,9,APROVAR,0.0236,24,0.0
P001011,0.218016,2,NEGAR,,,
P001012,0.035409,10,APROVAR,0.0227,48,0.0
P001013,0.029778,10,APROVAR,0.0227,60,0.0
P001014,0.280582,2,NEGAR,,,
P001015,0.047784,8,APROVAR,0.0247,36,0.0
P001016,0.058072,7,APROVAR,0.0256,48,0.0
P001017,0.366761,1,NEGAR,,,
P001018,0.101575,5,APROVAR,0.0282,48,0.21
P001019,0.321886,1,NEGAR,,,
P001020,0.027933,10,APROVAR,0.0227,36,0.0
P001021,0.122771,4,NEGAR,,,
P001022,0.167507,3,NEGAR,,,
P001023,0.171411,3,NEGAR,,,
P001024,0.096003,5,APROVAR,0.0282,48,0.21
P001025,0.190526,3,NEGAR,,,
P001026,0.201666,3,NEGAR,,,
P001027,0.725563,1,NEGAR,,,
P001028,0.024715,10,APROVAR,0.0227,24,0.0
P001029,0.225391,2,NEGAR,,,
P001030,0.133532,4,NEGAR,,,
P001031,0.34647,1,NEGAR,,,
P001032,0.032152,10,APROVAR,0.0227,24,0.0
P001033,0.218014,2,NEGAR,,,
P001034,0.13923,4,NEGAR,,,
P001035,0.265495,2,NEGAR,,,
P001036,0.383427,1,NEGAR,,,
P001037,0.070913,6,APROVAR,0.0265,36,0.21
P001038,0.050487,8,APROVAR,0.0247,48,0.0
P001039,0.273733,2,NEGAR,,,
P001040,0.175691,3,NEGAR,,,
P001041,0.024689,10,APROVAR,0.0227,36,0.0
P001042,0.217896,2,NEGAR,,,
P001043,0.090404,5,APROVAR,0.0282,60,0.21
P001044,0.05137,8,APROVAR,0.0247,24,0.0
P001045,0.067176,6,APROVAR,0.0265,36,0.21
P001046,0.249894,2,NEGAR,,,
P001047,0.033365,10,APROVAR,0.0227,36,0.0
P001048,0.169754,3,NEGAR,,,
P001049,0.023325,10,APROVAR,0.0227,60,0.0
P001050,0.052578,8,APROVAR,0.0247,48,0.0
P001051,0.148768,3,NEGAR,,,
P001052,0.028553,10,APROVAR,0.0227,36,0.0
P001053,0.06234,7,APROVAR,0.0256,36,0.0
P001054,0.265122,2,NEGAR,,,
P001055,0.51126,1,NEGAR,,,
P001056,0.049707,8,APROVAR,0.0247,48,0.0
P001057,0.051073,8,APROVAR,0.0247,36,0.0
P001058,0.190922,3,NEGAR,,,
P001059,0.066906,6,APROVAR,0.0265,48,0.21
P001060,0.141352,4,NEGAR,,,
P001061,0.25059,2,NEGAR,,,
P001062,0.143416,3,NEGAR,,,
P001063,0.078122,6,APROVAR,0.0265,48,0.21
P001064,0.034761,10,APROVAR,0.0227,48,0.0
P001065,0.284169,2,NEGAR,,,
P001066,0.30346,1,NEGAR,,,
P001067,0.094101,5,APROVAR,0.0282,60,0.21
P001068,0.277107,2,NEGAR,,,
P001069,0.034981,10,APROVAR,0.0227,24,0.0
P001070,0.349192,1,NEGAR,,,
P001071,0.115079,4,NEGAR,,,
P001072,0.430403,1,NEGAR,,,
P001073,0.04317,9,APROVAR,0.0236,36,0.0
P001074,0.050065,8,APROVAR,0.0247,36,0.0
P001075,0.082506,6,APROVAR,0.0265,36,0.21
P001076,0.091178,5,APROVAR,0.0282,48,0.21
P001077,0.037691,9,APROVAR,0.0236,36,0.0
P001078,0.201609,3,NEGAR,,,
P001079,0.277521,2,NEGAR,,,
P001080,0.122874,4,NEGAR,,,
P001081,0.567684,1,NEGAR,,,
P001082,0.131332,4,NEGAR,,,
P001083,0.151141,3,NEGAR,,,
P001084,0.200288,3,NEGAR,,,
P001085,0.272646,2,NEGAR,,,
P001086,0.043962,9,APROVAR,0.0236,24,0.0
P001087,0.067071,6,APROVAR,0.0265,48,0.21
P001088,0.114649,4,NEGAR,,,
P001089,0.100214,5,APROVAR,0.0282,60,0.21
P001090,0.044085,9,APROVAR,0.0236,48,0.0
P001091,0.247358,2,NEGAR,,,
P001092,0.019883,10,APROVAR,0.0227,48,0.0
P001093,0.039506,9,APROVAR,0.0236,36,0.0
P001094,0.217185,2,NEGAR,,,
P001095,0.053087,8,APROVAR,0.0247,48,0.0
P001096,0.214485,2,NEGAR,,,
P001097,0.184908,3,NEGAR,,,
P001098,0.051833,8,APROVAR,0.0247,48,0.0
P001099,0.240278,2,NEGAR,,,
P001100,0.031433,10,APROVAR,0.0227,48,0.0
P001101,0.382049,1,NEGAR,,,
P001102,0.291208,2,NEGAR,,,
P001103,0.040081,9,APROVAR,0.0236,48,0.0
P001104,0.255361,2,NEGAR,,,
P001105,0.430211,1,NEGAR,,,
P001106,0.108343,4,NEGAR,,,
P001107,0.061993,7,APROVAR,0.0256,48,0.0
P001108,0.328349,1,NEGAR,,,
P001109,0.090849,5,APROVAR,0.0282,48,0.21
P001110,0.137293,4,NEGAR,,,
P001111,0.311092,1,NEGAR,,,
P001112,0.061079,7,APROVAR,0.0256,48,0.0
P001113,0.163758,3,NEGAR,,,
P001114,0.170991,3,NEGAR,,,
P001115,0.072738,6,APROVAR,0.0265,24,0.21
P001116,0.038415,9,APROVAR,0.0236,24,0.0
P001117,0.109222,4,NEGAR,,,
P001118,0.123459,4,NEGAR,,,
P001119,0.226935,2,NEGAR,,,
P001120,0.107574,4,NEGAR,,,
P001121,0.041607,9,APROVAR,0.0236,48,0.0
P001122,0.279745,2,NEGAR,,,
P001123,0.157029,3,NEGAR,,,
P001124,0.082796,6,APROVAR,0.0265,60,0.21
P001125,0.033359,10,APROVAR,0.0227,48,0.0
P001126,0.02942,10,APROVAR,0.0227,36,0.0
P001127,0.037628,9,APROVAR,0.0236,48,0.0
P001128,0.097311,5,APROVAR,0.0282,36,0.21
P001129,0.536032,1,NEGAR,,,
P001130,0.035195,10,APROVAR,0.0227,48,0.0
P001131,0.305712,1,NEGAR,,,
P001132,0.294324,2,NEGAR,,,
P001133,0.333734,1,NEGAR,,,
P001134,0.264085,2,NEGAR,,,
P001135,0.045074,8,APROVAR,0.0247,48,0.0
P001136,0.310605,1,NEGAR,,,
P001137,0.027628,10,APROVAR,0.0227,60,0.0
P001138,0.025423,10,APROVAR,0.0227,60,0.0
P001139,0.081657,6,APROVAR,0.0265,48,0.21
P001140,0.068666,6,APROVAR,0.0265,48,0.21
P001141,0.049986,8,APROVAR,0.0247,24,0.0
P001142,0.07507,6,APROVAR,0.0265,48,0.21
P001143,0.053934,8,APROVAR,0.0247,24,0.0
P001144,0.579989,1,NEGAR,,,
P001145,0.056846,7,APROVAR,0.0256,48,0.0
P001146,0.086332,5,APROVAR,0.0282,60,0.21
P001147,0.133967,4,NEGAR,,,
P001148,0.160695,3,NEGAR,,,
P001149,0.03712,9,APROVAR,0.0236,60,0.0
P001150,0.032807,10,APROVAR,0.0227,36,0.0
P001151,0.199449,3,NEGAR,,,
P001152,0.197515,3,NEGAR,,,
P001153,0.082335,6,APROVAR,0.0265,48,0.21
P001154,0.11614,4,NEGAR,,,
P001155,0.129663,4,NEGAR,,,
P001156,0.09222,5,APROVAR,0.0282,60,0.21
P001157,0.34032,1,NEGAR,,,
P001158,0.075578,6,APROVAR,0.0265,48,0.21
P001159,0.077186,6,APROVAR,0.0265,36,0.21
P001160,0.202877,3,NEGAR,,,
P001161,0.24883,2,NEGAR,,,
P001162,0.037086,9,APROVAR,0.0236,36,0.0
P001163,0.175934,3,NEGAR,,,
P001164,0.237557,2,NEGAR,,,
P001165,0.142458,4,NEGAR,,,
P001166,0.045083,8,APROVAR,0.0247,24,0.0
P001167,0.232001,2,NEGAR,,,
P001168,0.050592,8,APROVAR,0.0247,48,0.0
P001169,0.693981,1,NEGAR,,,
P001170,0.037387,9,APROVAR,0.0236,60,0.0
P001171,0.057787,7,APROVAR,0.0256,60,0.0
P001172,0.206377,3,NEGAR,,,
P001173,0.025335,10,APROVAR,0.0227,60,0.0
P001174,0.054137,8,APROVAR,0.0247,24,0.0
P001175,0.100931,5,APROVAR,0.0282,36,0.21
P001176,0.228078,2,NEGAR,,,
P001177,0.071557,6,APROVAR,0.0265,60,0.21
P001178,0.075572,6,APROVAR,0.0265,24,0.21
P001179,0.103051,5,APROVAR,0.0282,36,0.21
P001180,0.171265,3,NEGAR,,,
P001181,0.06398,7,APROVAR,0.0256,24,0.0
P001182,0.037706,9,APROVAR,0.0236,24,0.0
P001183,0.035683,10,APROVAR,0.0227,36,0.0
P001184,0.1588,3,NEGAR,,,
P001185,0.105408,5,APROVAR,0.0282,24,0.21
P001186,0.077882,6,APROVAR,0.0265,48,0.21
P001187,0.403229,1,NEGAR,,,
P001188,0.04864,8,APROVAR,0.0247,36,0.0
P001189,0.417703,1,NEGAR,,,
P001190,0.116018,4,NEGAR,,,
P001191,0.142882,3,NEGAR,,,
P001192,0.118146,4,NEGAR,,,
P001193,0.367146,1,NEGAR,,,
P001194,0.09831,5,APROVAR,0.0282,24,0.21
P001195,0.053038,8,APROVAR,0.0247,24,0.0
P001196,0.043058,9,APROVAR,0.0236,60,0.0
P001197,0.052405,8,APROVAR,0.0247,60,0.0
P001198,0.167106,3,NEGAR,,,
P001199,0.069061,6,APROVAR,0.0265,36,0.21
P001200,0.041964,9,APROVAR,0.0236,24,0.0
P001201,0.200557,3,NEGAR,,,
P001202,0.046106,8,APROVAR,0.0247,60,0.0
P001203,0.205446,3,NEGAR,,,
P001204,0.038192,9,APROVAR,0.0236,48,0.0
P001205,0.2646,2,NEGAR,,,
P001206,0.29895,2,NEGAR,,,
P001207,0.090028,5,APROVAR,0.0282,36,0.21
P001208,0.659817,1,NEGAR,,,
P001209,0.051009,8,APROVAR,0.0247,48,0.0
P001210,0.301945,1,NEGAR,,,
P001211,0.029206,10,APROVAR,0.0227,36,0.0
P001212,0.034127,10,APROVAR,0.0227,48,0.0
P001213,0.121509,4,NEGAR,,,
P001214,0.437453,1,NEGAR,,,
P001215,0.035413,10,APROVAR,0.0227,60,0.0
P001216,0.297672,2,NEGAR,,,
P001217,0.207091,3,NEGAR,,,
P001218,0.439522,1,NEGAR,,,
P001219,0.05297,8,APROVAR,0.0247,24,0.0
P001220,0.083157,6,APROVAR,0.0265,60,0.21
P001221,0.233647,2,NEGAR,,,
P001222,0.088521,5,APROVAR,0.0282,48,0.21
P001223,0.416766,1,NEGAR,,,
P001224,0.397962,1,NEGAR,,,
P001225,0.04113,9,APROVAR,0.0236,48,0.0
P001226,0.070302,6,APROVAR,0.0265,24,0.21
P001227,0.078245,6,APROVAR,0.0265,36,0.21
P001228,0.220925,2,NEGAR,,,
P001229,0.118717,4,NEGAR,,,
P001230,0.300351,2,NEGAR,,,
P001231,0.028315,10,APROVAR,0.0227,48,0.0
P001232,0.210152,2,NEGAR,,,
P001233,0.067006,6,APROVAR,0.0265,36,0.21
P001234,0.075109,6,APROVAR,0.0265,24,0.21
P001235,0.236065,2,NEGAR,,,
P001236,0.049242,8,APROVAR,0.0247,36,0.0
P001237,0.041271,9,APROVAR,0.0236,60,0.0
P001238,0.384321,1,NEGAR,,,
P001239,0.049485,8,APROVAR,0.0247,24,0.0
P001240,0.176365,3,NEGAR,,,
P001241,0.056223,7,APROVAR,0.0256,48,0.0
P001242,0.323462,1,NEGAR,,,
P001243,0.105564,5,APROVAR,0.0282,48,0.21
P001244,0.038244,9,APROVAR,0.0236,36,0.0
P001245,0.17961,3,NEGAR,,,
P001246,0.363668,1,NEGAR,,,
P001247,0.049501,8,APROVAR,0.0247,48,0.0
P001248,0.05667,7,APROVAR,0.0256,24,0.0
P001249,0.049555,8,APROVAR,0.0247,36,0.0
P001250,0.070285,6,APROVAR,0.0265,60,0.21
P001251,0.031378,10,APROVAR,0.0227,48,0.0
P001252,0.037565,9,APROVAR,0.0236,60,0.0
P001253,0.241922,2,NEGAR,,,
P001254,0.163545,3,NEGAR,,,
P001255,0.077414,6,APROVAR,0.0265,24,0.21
P001256,0.018931,10,APROVAR,0.0227,36,0.0
P001257,0.03612,10,APROVAR,0.0227,60,0.0
P001258,0.198454,3,NEGAR,,,
P001259,0.485836,1,NEGAR,,,
P001260,0.045808,8,APROVAR,0.0247,24,0.0
P001261,0.047688,8,APROVAR,0.0247,24,0.0
P001262,0.100409,5,APROVAR,0.0282,24,0.21
P001263,0.056811,7,APROVAR,0.0256,24,0.0
P001264,0.030878,10,APROVAR,0.0227,60,0.0
P001265,0.255451,2,NEGAR,,,
P001266,0.272752,2,NEGAR,,,
P001267,0.222962,2,NEGAR,,,
P001268,0.29365,2,NEGAR,,,
P001269,0.064708,7,APROVAR,0.0256,24,0.0
P001270,0.154367,3,NEGAR,,,
P001271,0.040798,9,APROVAR,0.0236,24,0.0
P001272,0.212826,2,NEGAR,,,
P001273,0.066306,6,APROVAR,0.0265,36,0.21
P001274,0.170558,3,NEGAR,,,
P001275,0.076871,6,APROVAR,0.0265,36,0.21
P001276,0.032533,10,APROVAR,0.0227,36,0.0
P001277,0.15303,3,NEGAR,,,
P001278,0.260555,2,NEGAR,,,
P001279,0.063557,7,APROVAR,0.0256,60,0.0
P001280,0.304741,1,NEGAR,,,
P001281,0.428116,1,NEGAR,,,
P001282,0.03605,10,APROVAR,0.0227,24,0.0
P001283,0.030951,10,APROVAR,0.0227,60,0.0
P001284,0.296844,2,NEGAR,,,
P001285,0.040074,9,APROVAR,0.0236,36,0.0
P001286,0.049009,8,APROVAR,0.0247,24,0.0
P001287,0.153143,3,NEGAR,,,
P001288,0.201358,3,NEGAR,,,
P001289,0.278691,2,NEGAR,,,
P001290,0.108383,4,NEGAR,,,
P001291,0.042529,9,APROVAR,0.0236,24,0.0
P001292,0.310991,1,NEGAR,,,
P001293,0.329775,1,NEGAR,,,
P001294,0.149147,3,NEGAR,,,
P001295,0.228224,2,NEGAR,,,
P001296,0.041115,9,APROVAR,0.0236,24,0.0
P001297,0.495631,1,NEGAR,,,
P001298,0.026998,10,APROVAR,0.0227,48,0.0
P001299,0.20603,3,NEGAR,,,
P001300,0.349603,1,NEGAR,,,
P001301,0.216111,2,NEGAR,,,
P001302,0.226183,2,NEGAR,,,
P001303,0.068872,6,APROVAR,0.0265,24,0.21
P001304,0.064344,7,APROVAR,0.0256,36,0.0
P001305,0.345968,1,NEGAR,,,
P001306,0.129094,4,NEGAR,,,
P001307,0.02935,10,APROVAR,0.0227,36,0.0
P001308,0.081231,6,APROVAR,0.0265,36,0.21
P001309,0.256443,2,NEGAR,,,
P001310,0.339353,1,NEGAR,,,
P001311,0.322024,1,NEGAR,,,
P001312,0.095779,5,APROVAR,0.0282,48,0.21
P001313,0.152702,3,NEGAR,,,
P001314,0.045782,8,APROVAR,0.0247,60,0.0
P001315,0.199672,3,NEGAR,,,
P001316,0.025941,10,APROVAR,0.0227,60,0.0
P001317,0.351051,1,NEGAR,,,
P001318,0.412629,1,NEGAR,,,
P001319,0.129272,4,NEGAR,,,
P001320,0.134972,4,NEGAR,,,
P001321,0.095149,5,APROVAR,0.0282,36,0.21
P001322,0.174482,3,NEGAR,,,
P001323,0.024249,10,APROVAR,0.0227,36,0.0
P001324,0.037885,9,APROVAR,0.0236,60,0.0
P001325,0.249676,2,NEGAR,,,
P001326,0.062782,7,APROVAR,0.0256,60,0.0
P001327,0.061552,7,APROVAR,0.0256,48,0.0
P001328,0.046869,8,APROVAR,0.0247,36,0.0
P001329,0.027107,10,APROVAR,0.0227,60,0.0
P001330,0.30884,1,NEGAR,,,
P001331,0.071178,6,APROVAR,0.0265,60,0.21
P001332,0.046045,8,APROVAR,0.0247,48,0.0
P001333,0.348175,1,NEGAR,,,
P001334,0.075418,6,APROVAR,0.0265,60,0.21
P001335,0.081605,6,APROVAR,0.0265,36,0.21
P001336,0.24207,2,NEGAR,,,
P001337,0.056776,7,APROVAR,0.0256,60,0.0
P001338,0.058135,7,APROVAR,0.0256,48,0.0
P001339,0.079766,6,APROVAR,0.0265,24,0.21
P001340,0.367108,1,NEGAR,,,
P001341,0.375766,1,NEGAR,,,
P001342,0.304915,1,NEGAR,,,
P001343,0.046161,8,APROVAR,0.0247,36,0.0
P001344,0.115849,4,NEGAR,,,
P001345,0.036553,10,APROVAR,0.0227,60,0.0
P001346,0.047143,8,APROVAR,0.0247,24,0.0
P001347,0.266412,2,NEGAR,,,
P001348,0.262403,2,NEGAR,,,
P001349,0.028152,10,APROVAR,0.0227,36,0.0
P001350,0.168046,3,NEGAR,,,
P001351,0.070481,6,APROVAR,0.0265,48,0.21
P001352,0.13946,4,NEGAR,,,
P001353,0.040122,9,APROVAR,0.0236,60,0.0
P001354,0.087889,5,APROVAR,0.0282,36,0.21
P001355,0.206338,3,NEGAR,,,
P001356,0.644832,1,NEGAR,,,
P001357,0.385632,1,NEGAR,,,
P001358,0.498438,1,NEGAR,,,
P001359,0.298072,2,NEGAR,,,
P001360,0.244961,2,NEGAR,,,
P001361,0.114188,4,NEGAR,,,
P001362,0.245006,2,NEGAR,,,
P001363,0.035347,10,APROVAR,0.0227,48,0.0
P001364,0.044429,9,APROVAR,0.0236,36,0.0
P001365,0.040572,9,APROVAR,0.0236,48,0.0
P001366,0.027314,10,APROVAR,0.0227,60,0.0
P001367,0.03821,9,APROVAR,0.0236,48,0.0
P001368,0.092794,5,APROVAR,0.0282,48,0.21
P001369,0.576602,1,NEGAR,,,
P001370,0.643193,1,NEGAR,,,
P001371,0.176723,3,NEGAR,,,
P001372,0.232249,2,NEGAR,,,
P001373,0.249697,2,NEGAR,,,
P001374,0.256236,2,NEGAR,,,
P001375,0.040302,9,APROVAR,0.0236,60,0.0
P001376,0.50743,1,NEGAR,,,
P001377,0.056723,7,APROVAR,0.0256,48,0.0
P001378,0.093418,5,APROVAR,0.0282,36,0.21
P001379,0.115489,4,NEGAR,,,
P001380,0.056631,7,APROVAR,0.0256,60,0.0
P001381,0.036846,10,APROVAR,0.0227,48,0.0
P001382,0.157122,3,NEGAR,,,
P001383,0.290778,2,NEGAR,,,
P001384,0.318605,1,NEGAR,,,
P001385,0.150666,3,NEGAR,,,
P001386,0.039701,9,APROVAR,0.0236,36,0.0
P001387,0.225681,2,NEGAR,,,
P001388,0.081906,6,APROVAR,0.0265,36,0.21
P001389,0.190785,3,NEGAR,,,
P001390,0.091712,5,APROVAR,0.0282,48,0.21
P001391,0.19748,3,NEGAR,,,
P001392,0.215267,2,NEGAR,,,
P001393,0.230255,2,NEGAR,,,
P001394,0.050441,8,APROVAR,0.0247,24,0.0
P001395,0.031913,10,APROVAR,0.0227,60,0.0
P001396,0.093581,5,APROVAR,0.0282,24,0.21
P001397,0.050492,8,APROVAR,0.0247,24,0.0
P001398,0.333541,1,NEGAR,,,
P001399,0.194065,3,NEGAR,,,
P001400,0.074221,6,APROVAR,0.0265,60,0.21
P001401,0.050274,8,APROVAR,0.0247,48,0.0
P001402,0.144605,3,NEGAR,,,
P001403,0.04272,9,APROVAR,0.0236,24,0.0
P001404,0.074524,6,APROVAR,0.0265,60,0.21
P001405,0.302363,1,NEGAR,,,
P001406,0.02186,10,APROVAR,0.0227,36,0.0
P001407,0.572298,1,NEGAR,,,
P001408,0.048223,8,APROVAR,0.0247,60,0.0
P001409,0.201749,3,NEGAR,,,
P001410,0.062315,7,APROVAR,0.0256,60,0.0
P001411,0.059568,7,APROVAR,0.0256,24,0.0
P001412,0.02579,10,APROVAR,0.0227,36,0.0
P001413,0.322906,1,NEGAR,,,
P001414,0.066987,6,APROVAR,0.0265,24,0.21
P001415,0.039637,9,APROVAR,0.0236,36,0.0
P001416,0.068401,6,APROVAR,0.0265,24,0.21
P001417,0.24109,2,NEGAR,,,
P001418,0.07937,6,APROVAR,0.0265,36,0.21
P001419,0.035573,10,APROVAR,0.0227,24,0.0
P001420,0.065659,7,APROVAR,0.0256,48,0.0
P001421,0.069979,6,APROVAR,0.0265,36,0.21
P001422,0.135139,4,NEGAR,,,
P001423,0.21492,2,NEGAR,,,
P001424,0.132604,4,NEGAR,,,
P001425,0.027754,10,APROVAR,0.0227,48,0.0
P001426,0.054406,7,APROVAR,0.0256,24,0.0
P001427,0.155421,3,NEGAR,,,
P001428,0.248823,2,NEGAR,,,
P001429,0.075503,6,APROVAR,0.0265,60,0.21
P001430,0.113868,4,NEGAR,,,
P001431,0.072104,6,APROVAR,0.0265,36,0.21
P001432,0.274584,2,NEGAR,,,
P001433,0.027091,10,APROVAR,0.0227,60,0.0
P001434,0.282195,2,NEGAR,,,
P001435,0.055231,7,APROVAR,0.0256,48,0.0
P001436,0.028902,10,APROVAR,0.0227,48,0.0
P001437,0.209936,2,NEGAR,,,
P001438,0.034888,10,APROVAR,0.0227,48,0.0
P001439,0.024399,10,APROVAR,0.0227,60,0.0
P001440,0.053078,8,APROVAR,0.0247,48,0.0
P001441,0.144445,3,NEGAR,,,
P001442,0.182409,3,NEGAR,,,
P001443,0.059562,7,APROVAR,0.0256,24,0.0
P001444,0.04974,8,APROVAR,0.0247,24,0.0
P001445,0.070241,6,APROVAR,0.0265,60,0.21
P001446,0.160446,3,NEGAR,,,
P001447,0.456133,1,NEGAR,,,
P001448,0.158409,3,NEGAR,,,
P001449,0.317939,1,NEGAR,,,
P001450,0.047823,8,APROVAR,0.0247,36,0.0
P001451,0.19547,3,NEGAR,,,
P001452,0.354277,1,NEGAR,,,
P001453,0.043135,9,APROVAR,0.0236,36,0.0
P001454,0.040145,9,APROVAR,0.0236,24,0.0
P001455,0.03922,9,APROVAR,0.0236,48,0.0
P001456,0.07426,6,APROVAR,0.0265,48,0.21
P001457,0.038745,9,APROVAR,0.0236,48,0.0
P001458,0.229545,2,NEGAR,,,
P001459,0.356135,1,NEGAR,,,
P001460,0.321917,1,NEGAR,,,
P001461,0.067339,6,APROVAR,0.0265,36,0.21
P001462,0.243231,2,NEGAR,,,
P001463,0.036566,10,APROVAR,0.0227,60,0.0
P001464,0.328658,1,NEGAR,,,
P001465,0.208761,3,NEGAR,,,
P001466,0.033053,10,APROVAR,0.0227,24,0.0
P001467,0.047059,8,APROVAR,0.0247,60,0.0
P001468,0.028931,10,APROVAR,0.0227,48,0.0
P001469,0.083623,6,APROVAR,0.0265,48,0.21
P001470,0.229589,2,NEGAR,,,
P001471,0.301868,1,NEGAR,,,
P001472,0.058973,7,APROVAR,0.0256,60,0.0
P001473,0.037904,9,APROVAR,0.0236,36,0.0
P001474,0.030475,10,APROVAR,0.0227,60,0.0
P001475,0.114547,4,NEGAR,,,
P001476,0.033489,10,APROVAR,0.0227,36,0.0
P001477,0.033396,10,APROVAR,0.0227,48,0.0
P001478,0.397702,1,NEGAR,,,
P001479,0.087229,5,APROVAR,0.0282,60,0.21
P001480,0.2657,2,NEGAR,,,
P001481,0.207504,3,NEGAR,,,
P001482,0.038152,9,APROVAR,0.0236,36,0.0
P001483,0.055435,7,APROVAR,0.0256,60,0.0
P001484,0.145103,3,NEGAR,,,
P001485,0.123025,4,NEGAR,,,
P001486,0.049892,8,APROVAR,0.0247,36,0.0
P001487,0.050156,8,APROVAR,0.0247,36,0.0
P001488,0.085561,5,APROVAR,0.0282,36,0.21
P001489,0.074269,6,APROVAR,0.0265,36,0.21
P001490,0.075636,6,APROVAR,0.0265,36,0.21
P001491,0.027735,10,APROVAR,0.0227,24,0.0
P001492,0.046559,8,APROVAR,0.0247,48,0.0
P001493,0.236893,2,NEGAR,,,
P001494,0.060126,7,APROVAR,0.0256,60,0.0
P001495,0.038881,9,APROVAR,0.0236,48,0.0
P001496,0.045987,8,APROVAR,0.0247,48,0.0
P001497,0.050817,8,APROVAR,0.0247,36,0.0
P001498,0.095016,5,APROVAR,0.0282,24,0.21
P001499,0.077843,6,APROVAR,0.0265,24,0.21
P001500,0.061569,7,APROVAR,0.0256,36,0.0
P001501,0.034194,10,APROVAR,0.0227,36,0.0
P001502,0.130353,4,NEGAR,,,
P001503,0.046964,8,APROVAR,0.0247,24,0.0
P001504,0.32473,1,NEGAR,,,
P001505,0.101808,5,APROVAR,0.0282,48,0.21
P001506,0.057797,7,APROVAR,0.0256,36,0.0
P001507,0.10487,5,APROVAR,0.0282,36,0.21
P001508,0.025948,10,APROVAR,0.0227,60,0.0
P001509,0.1169,4,NEGAR,,,
P001510,0.452717,1,NEGAR,,,
P001511,0.108546,4,NEGAR,,,
P001512,0.033105,10,APROVAR,0.0227,48,0.0
P001513,0.282668,2,NEGAR,,,
P001514,0.201589,3,NEGAR,,,
P001515,0.138166,4,NEGAR,,,
P001516,0.254232,2,NEGAR,,,
P001517,0.053579,8,APROVAR,0.0247,60,0.0
P001518,0.519371,1,NEGAR,,,
P001519,0.099806,5,APROVAR,0.0282,36,0.21
P001520,0.143874,3,NEGAR,,,
P001521,0.030438,10,APROVAR,0.0227,60,0.0
P001522,0.191496,3,NEGAR,,,
P001523,0.031534,10,APROVAR,0.0227,36,0.0
P001524,0.033001,10,APROVAR,0.0227,48,0.0
P001525,0.11944,4,NEGAR,,,
P001526,0.21019,2,NEGAR,,,
P001527,0.577423,1,NEGAR,,,
P001528,0.192378,3,NEGAR,,,
P001529,0.034395,10,APROVAR,0.0227,36,0.0
P001530,0.160413,3,NEGAR,,,
P001531,0.275764,2,NEGAR,,,
P001532,0.043406,9,APROVAR,0.0236,36,0.0
P001533,0.29575,2,NEGAR,,,
P001534,0.292879,2,NEGAR,,,
P001535,0.036532,10,APROVAR,0.0227,48,0.0
P001536,0.047268,8,APROVAR,0.0247,24,0.0
P001537,0.429549,1,NEGAR,,,
P001538,0.070778,6,APROVAR,0.0265,60,0.21
P001539,0.044576,9,APROVAR,0.0236,48,0.0
P001540,0.034167,10,APROVAR,0.0227,24,0.0
P001541,0.04306,9,APROVAR,0.0236,60,0.0
P001542,0.085261,5,APROVAR,0.0282,48,0.21
P001543,0.062425,7,APROVAR,0.0256,24,0.0
P001544,0.590323,1,NEGAR,,,
P001545,0.036098,10,APROVAR,0.0227,24,0.0
P001546,0.038931,9,APROVAR,0.0236,48,0.0
P001547,0.15619,3,NEGAR,,,
P001548,0.080512,6,APROVAR,0.0265,48,0.21
P001549,0.053415,8,APROVAR,0.0247,36,0.0
P001550,0.510028,1,NEGAR,,,
P001551,0.034055,10,APROVAR,0.0227,24,0.0
P001552,0.053613,8,APROVAR,0.0247,48,0.0
P001553,0.052756,8,APROVAR,0.0247,36,0.0
P001554,0.049555,8,APROVAR,0.0247,60,0.0
P001555,0.119748,4,NEGAR,,,
P001556,0.043766,9,APROVAR,0.0236,48,0.0
P001557,0.227334,2,NEGAR,,,
P001558,0.141559,4,NEGAR,,,
P001559,0.122587,4,NEGAR,,,
P001560,0.108133,4,NEGAR,,,
P001561,0.037059,9,APROVAR,0.0236,48,0.0
P001562,0.122716,4,NEGAR,,,
P001563,0.046786,8,APROVAR,0.0247,60,0.0
P001564,0.462138,1,NEGAR,,,
P001565,0.289666,2,NEGAR,,,
P001566,0.051769,8,APROVAR,0.0247,48,0.0
P001567,0.09486,5,APROVAR,0.0282,24,0.21
P001568,0.044926,8,APROVAR,0.0247,36,0.0
P001569,0.045066,8,APROVAR,0.0247,60,0.0
P001570,0.036641,10,APROVAR,0.0227,24,0.0
P001571,0.313271,1,NEGAR,,,
P001572,0.089785,5,APROVAR,0.0282,60,0.21
P001573,0.075175,6,APROVAR,0.0265,48,0.21
P001574,0.089357,5,APROVAR,0.0282,60,0.21
P001575,0.036306,10,APROVAR,0.0227,36,0.0
P001576,0.030052,10,APROVAR,0.0227,48,0.0
P001577,0.102623,5,APROVAR,0.0282,24,0.21
P001578,0.130634,4,NEGAR,,,
P001579,0.030609,10,APROVAR,0.0227,36,0.0
P001580,0.051741,8,APROVAR,0.0247,48,0.0
P001581,0.094172,5,APROVAR,0.0282,48,0.21
P001582,0.324884,1,NEGAR,,,
P001583,0.138255,4,NEGAR,,,
P001584,0.039443,9,APROVAR,0.0236,24,0.0
P001585,0.042548,9,APROVAR,0.0236,36,0.0
P001586,0.218001,2,NEGAR,,,
P001587,0.045317,8,APROVAR,0.0247,24,0.0
P001588,0.253897,2,NEGAR,,,
P001589,0.213404,2,NEGAR,,,
P001590,0.177032,3,NEGAR,,,
P001591,0.256499,2,NEGAR,,,
P001592,0.048945,8,APROVAR,0.0247,36,0.0
P001593,0.038195,9,APROVAR,0.0236,60,0.0
P001594,0.047184,8,APROVAR,0.0247,48,0.0
P001595,0.347213,1,NEGAR,,,
P001596,0.030352,10,APROVAR,0.0227,48,0.0
P001597,0.156148,3,NEGAR,,,
P001598,0.044607,9,APROVAR,0.0236,24,0.0
P001599,0.059655,7,APROVAR,0.0256,48,0.0
P001600,0.036858,10,APROVAR,0.0227,48,0.0
P001601,0.479382,1,NEGAR,,,
P001602,0.389765,1,NEGAR,,,
P001603,0.037023,9,APROVAR,0.0236,36,0.0
P001604,0.319935,1,NEGAR,,,
P001605,0.030883,10,APROVAR,0.0227,48,0.0
P001606,0.296688,2,NEGAR,,,
P001607,0.082427,6,APROVAR,0.0265,48,0.21
P001608,0.077489,6,APROVAR,0.0265,60,0.21
P001609,0.032278,10,APROVAR,0.0227,36,0.0
P001610,0.083181,6,APROVAR,0.0265,48,0.21
P001611,0.039808,9,APROVAR,0.0236,48,0.0
P001612,0.062133,7,APROVAR,0.0256,48,0.0
P001613,0.038743,9,APROVAR,0.0236,60,0.0
P001614,0.378886,1,NEGAR,,,
P001615,0.025844,10,APROVAR,0.0227,60,0.0
P001616,0.275149,2,NEGAR,,,
P001617,0.265949,2,NEGAR,,,
P001618,0.154432,3,NEGAR,,,
P001619,0.053262,8,APROVAR,0.0247,36,0.0
P001620,0.043174,9,APROVAR,0.0236,36,0.0
P001621,0.240865,2,NEGAR,,,
P001622,0.26171,2,NEGAR,,,
P001623,0.077761,6,APROVAR,0.0265,24,0.21
P001624,0.265459,2,NEGAR,,,
P001625,0.096445,5,APROVAR,0.0282,24,0.21
P001626,0.041725,9,APROVAR,0.0236,60,0.0
P001627,0.120807,4,NEGAR,,,
P001628,0.67474,1,NEGAR,,,
P001629,0.062738,7,APROVAR,0.0256,60,0.0
P001630,0.192294,3,NEGAR,,,
P001631,0.09436,5,APROVAR,0.0282,48,0.21
P001632,0.300998,2,NEGAR,,,
P001633,0.47473,1,NEGAR,,,
P001634,0.05853,7,APROVAR,0.0256,36,0.0
P001635,0.295182,2,NEGAR,,,
P001636,0.066592,6,APROVAR,0.0265,24,0.21
P001637,0.102094,5,APROVAR,0.0282,24,0.21
P001638,0.07092,6,APROVAR,0.0265,60,0.21
P001639,0.040003,9,APROVAR,0.0236,36,0.0
P001640,0.042597,9,APROVAR,0.0236,60,0.0
P001641,0.143812,3,NEGAR,,,
P001642,0.033461,10,APROVAR,0.0227,60,0.0
P001643,0.034006,10,APROVAR,0.0227,60,0.0
P001644,0.032167,10,APROVAR,0.0227,60,0.0
P001645,0.202844,3,NEGAR,,,
P001646,0.119795,4,NEGAR,,,
P001647,0.109923,4,NEGAR,,,
P001648,0.032808,10,APROVAR,0.0227,60,0.0
P001649,0.043149,9,APROVAR,0.0236,36,0.0
P001650,0.145796,3,NEGAR,,,
P001651,0.070836,6,APROVAR,0.0265,24,0.21
P001652,0.21494,2,NEGAR,,,
P001653,0.035815,10,APROVAR,0.0227,60,0.0
P001654,0.141094,4,NEGAR,,,
P001655,0.096099,5,APROVAR,0.0282,36,0.21
P001656,0.031574,10,APROVAR,0.0227,48,0.0
P001657,0.240955,2,NEGAR,,,
P001658,0.048682,8,APROVAR,0.0247,60,0.0
P001659,0.213563,2,NEGAR,,,
P001660,0.056346,7,APROVAR,0.0256,48,0.0
P001661,0.77385,1,NEGAR,,,
P001662,0.048896,8,APROVAR,0.0247,24,0.0
P001663,0.092052,5,APROVAR,0.0282,36,0.21
P001664,0.051161,8,APROVAR,0.0247,36,0.0
P001665,0.041952,9,APROVAR,0.0236,24,0.0
P001666,0.192891,3,NEGAR,,,
P001667,0.337179,1,NEGAR,,,
P001668,0.061351,7,APROVAR,0.0256,36,0.0
P001669,0.428028,1,NEGAR,,,
P001670,0.383653,1,NEGAR,,,
P001671,0.067388,6,APROVAR,0.0265,24,0.21
P001672,0.174306,3,NEGAR,,,
P001673,0.210182,2,NEGAR,,,
P001674,0.053964,8,APROVAR,0.0247,36,0.0
P001675,0.419556,1,NEGAR,,,
P001676,0.27007,2,NEGAR,,,
P001677,0.170852,3,NEGAR,,,
P001678,0.146772,3,NEGAR,,,
P001679,0.371603,1,NEGAR,,,
P001680,0.06431,7,APROVAR,0.0256,48,0.0
P001681,0.0433,9,APROVAR,0.0236,60,0.0
P001682,0.292834,2,NEGAR,,,
P001683,0.203723,3,NEGAR,,,
P001684,0.038878,9,APROVAR,0.0236,36,0.0
P001685,0.061472,7,APROVAR,0.0256,48,0.0
P001686,0.302644,1,NEGAR,,,
P001687,0.035616,10,APROVAR,0.0227,36,0.0
P001688,0.148948,3,NEGAR,,,
P001689,0.071504,6,APROVAR,0.0265,48,0.21
P001690,0.295153,2,NEGAR,,,
P001691,0.155059,3,NEGAR,,,
P001692,0.17159,3,NEGAR,,,
P001693,0.038126,9,APROVAR,0.0236,48,0.0
P001694,0.076362,6,APROVAR,0.0265,24,0.21
P001695,0.071151,6,APROVAR,0.0265,36,0.21
P001696,0.136588,4,NEGAR,,,
P001697,0.081322,6,APROVAR,0.0265,36,0.21
P001698,0.266593,2,NEGAR,,,
P001699,0.190855,3,NEGAR,,,
P001700,0.392443,1,NEGAR,,,
P001701,0.043406,9,APROVAR,0.0236,48,0.0
P001702,0.073738,6,APROVAR,0.0265,24,0.21
P001703,0.044919,8,APROVAR,0.0247,48,0.0
P001704,0.069143,6,APROVAR,0.0265,36,0.21
P001705,0.307183,1,NEGAR,,,
P001706,0.063814,7,APROVAR,0.0256,60,0.0
P001707,0.063478,7,APROVAR,0.0256,36,0.0
P001708,0.023638,10,APROVAR,0.0227,24,0.0
P001709,0.345377,1,NEGAR,,,
P001710,0.033743,10,APROVAR,0.0227,24,0.0
P001711,0.044414,9,APROVAR,0.0236,48,0.0
P001712,0.297721,2,NEGAR,,,
P001713,0.147474,3,NEGAR,,,
P001714,0.082895,6,APROVAR,0.0265,24,0.21
P001715,0.053549,8,APROVAR,0.0247,48,0.0
P001716,0.294969,2,NEGAR,,,
P001717,0.050473,8,APROVAR,0.0247,48,0.0
P001718,0.101978,5,APROVAR,0.0282,60,0.21
P001719,0.123996,4,NEGAR,,,
P001720,0.038539,9,APROVAR,0.0236,36,0.0
P001721,0.068965,6,APROVAR,0.0265,48,0.21
P001722,0.100458,5,APROVAR,0.0282,36,0.21
P001723,0.255855,2,NEGAR,,,
P001724,0.042184,9,APROVAR,0.0236,60,0.0
P001725,0.088745,5,APROVAR,0.0282,48,0.21
P001726,0.028556,10,APROVAR,0.0227,48,0.0
P001727,0.064442,7,APROVAR,0.0256,48,0.0
P001728,0.05011,8,APROVAR,0.0247,24,0.0
P001729,0.052085,8,APROVAR,0.0247,60,0.0
P001730,0.077232,6,APROVAR,0.0265,60,0.21
P001731,0.511315,1,NEGAR,,,
P001732,0.03535,10,APROVAR,0.0227,60,0.0
P001733,0.150067,3,NEGAR,,,
P001734,0.092338,5,APROVAR,0.0282,60,0.21
P001735,0.035868,10,APROVAR,0.0227,48,0.0
P001736,0.042502,9,APROVAR,0.0236,48,0.0
P001737,0.480263,1,NEGAR,,,
P001738,0.058932,7,APROVAR,0.0256,60,0.0
P001739,0.037864,9,APROVAR,0.0236,60,0.0
P001740,0.060826,7,APROVAR,0.0256,60,0.0
P001741,0.110842,4,NEGAR,,,
P001742,0.063854,7,APROVAR,0.0256,48,0.0
P001743,0.22242,2,NEGAR,,,
P001744,0.074572,6,APROVAR,0.0265,48,0.21
P001745,0.272755,2,NEGAR,,,
P001746,0.181191,3,NEGAR,,,
P001747,0.050075,8,APROVAR,0.0247,48,0.0
P001748,0.050721,8,APROVAR,0.0247,36,0.0
P001749,0.188956,3,NEGAR,,,
P001750,0.034231,10,APROVAR,0.0227,60,0.0
P001751,0.078801,6,APROVAR,0.0265,24,0.21
P001752,0.196278,3,NEGAR,,,
P001753,0.064866,7,APROVAR,0.0256,36,0.0
P001754,0.5087,1,NEGAR,,,
P001755,0.047918,8,APROVAR,0.0247,36,0.0
P001756,0.316844,1,NEGAR,,,
P001757,0.058609,7,APROVAR,0.0256,48,0.0
P001758,0.377746,1,NEGAR,,,
P001759,0.069303,6,APROVAR,0.0265,48,0.21
P001760,0.088956,5,APROVAR,0.0282,60,0.21
P001761,0.274977,2,NEGAR,,,
P001762,0.592375,1,NEGAR,,,
P001763,0.325967,1,NEGAR,,,
P001764,0.031623,10,APROVAR,0.0227,36,0.0
P001765,0.188023,3,NEGAR,,,
P001766,0.032876,10,APROVAR,0.0227,36,0.0
P001767,0.060728,7,APROVAR,0.0256,36,0.0
P001768,0.182906,3,NEGAR,,,
P001769,0.041539,9,APROVAR,0.0236,36,0.0
P001770,0.032792,10,APROVAR,0.0227,60,0.0
P001771,0.046026,8,APROVAR,0.0247,48,0.0
P001772,0.190185,3,NEGAR,,,
P001773,0.031034,10,APROVAR,0.0227,60,0.0
P001774,0.062515,7,APROVAR,0.0256,24,0.0
P001775,0.038464,9,APROVAR,0.0236,24,0.0
P001776,0.319107,1,NEGAR,,,
P001777,0.334653,1,NEGAR,,,
P001778,0.08006,6,APROVAR,0.0265,36,0.21
P001779,0.049039,8,APROVAR,0.0247,48,0.0
P001780,0.041665,9,APROVAR,0.0236,36,0.0
P001781,0.043527,9,APROVAR,0.0236,60,0.0
P001782,0.208161,3,NEGAR,,,
P001783,0.07412,6,APROVAR,0.0265,48,0.21
P001784,0.24875,2,NEGAR,,,
P001785,0.698795,1,NEGAR,,,
P001786,0.033254,10,APROVAR,0.0227,60,0.0
P001787,0.06733,6,APROVAR,0.0265,36,0.21
P001788,0.042219,9,APROVAR,0.0236,48,0.0
P001789,0.027596,10,APROVAR,0.0227,36,0.0
P001790,0.38344,1,NEGAR,,,
P001791,0.059728,7,APROVAR,0.0256,60,0.0
P001792,0.028898,10,APROVAR,0.0227,36,0.0
P001793,0.226836,2,NEGAR,,,
P001794,0.040412,9,APROVAR,0.0236,24,0.0
P001795,0.18816,3,NEGAR,,,
P001796,0.054934,7,APROVAR,0.0256,60,0.0
P001797,0.216775,2,NEGAR,,,
P001798,0.217077,2,NEGAR,,,
P001799,0.02934,10,APROVAR,0.0227,60,0.0
P001800,0.073208,6,APROVAR,0.0265,60,0.21
P001801,0.39742,1,NEGAR,,,
P001802,0.268304,2,NEGAR,,,
P001803,0.034679,10,APROVAR,0.0227,48,0.0
P001804,0.036101,10,APROVAR,0.0227,24,0.0
P001805,0.078695,6,APROVAR,0.0265,48,0.21
P001806,0.151242,3,NEGAR,,,
P001807,0.060414,7,APROVAR,0.0256,24,0.0
P001808,0.137967,4,NEGAR,,,
P001809,0.246919,2,NEGAR,,,
P001810,0.077065,6,APROVAR,0.0265,48,0.21
P001811,0.200632,3,NEGAR,,,
P001812,0.069683,6,APROVAR,0.0265,24,0.21
P001813,0.175481,3,NEGAR,,,
P001814,0.094583,5,APROVAR,0.0282,24,0.21
P001815,0.079085,6,APROVAR,0.0265,24,0.21
P001816,0.22568,2,NEGAR,,,
P001817,0.149017,3,NEGAR,,,
P001818,0.106036,5,APROVAR,0.0282,48,0.21
P001819,0.217876,2,NEGAR,,,
P001820,0.619251,1,NEGAR,,,
P001821,0.280801,2,NEGAR,,,
P001822,0.374257,1,NEGAR,,,
P001823,0.258071,2,NEGAR,,,
P001824,0.398714,1,NEGAR,,,
P001825,0.043684,9,APROVAR,0.0236,24,0.0
P001826,0.19942,3,NEGAR,,,
P001827,0.1374,4,NEGAR,,,
P001828,0.140181,4,NEGAR,,,
P001829,0.108346,4,NEGAR,,,
P001830,0.299599,2,NEGAR,,,
P001831,0.76066,1,NEGAR,,,
P001832,0.252308,2,NEGAR,,,
P001833,0.049473,8,APROVAR,0.0247,36,0.0
P001834,0.034955,10,APROVAR,0.0227,48,0.0
P001835,0.0567,7,APROVAR,0.0256,36,0.0
P001836,0.169036,3,NEGAR,,,
P001837,0.061809,7,APROVAR,0.0256,36,0.0
P001838,0.173943,3,NEGAR,,,
P001839,0.253675,2,NEGAR,,,
P001840,0.215926,2,NEGAR,,,
P001841,0.035813,10,APROVAR,0.0227,36,0.0
P001842,0.317338,1,NEGAR,,,
P001843,0.077934,6,APROVAR,0.0265,36,0.21
P001844,0.249437,2,NEGAR,,,
P001845,0.065644,7,APROVAR,0.0256,60,0.0
P001846,0.047827,8,APROVAR,0.0247,60,0.0
P001847,0.169091,3,NEGAR,,,
P001848,0.109214,4,NEGAR,,,
P001849,0.275914,2,NEGAR,,,
P001850,0.089076,5,APROVAR,0.0282,48,0.21
P001851,0.057668,7,APROVAR,0.0256,24,0.0
P001852,0.132648,4,NEGAR,,,
P001853,0.040945,9,APROVAR,0.0236,48,0.0
P001854,0.102441,5,APROVAR,0.0282,36,0.21
P001855,0.080774,6,APROVAR,0.0265,48,0.21
P001856,0.026329,10,APROVAR,0.0227,60,0.0
P001857,0.04187,9,APROVAR,0.0236,48,0.0
P001858,0.081588,6,APROVAR,0.0265,36,0.21
P001859,0.266357,2,NEGAR,,,
P001860,0.059137,7,APROVAR,0.0256,36,0.0
P001861,0.197062,3,NEGAR,,,
P001862,0.141887,4,NEGAR,,,
P001863,0.192359,3,NEGAR,,,
P001864,0.029844,10,APROVAR,0.0227,48,0.0
P001865,0.04657,8,APROVAR,0.0247,48,0.0
P001866,0.094498,5,APROVAR,0.0282,60,0.21
P001867,0.070124,6,APROVAR,0.0265,48,0.21
P001868,0.163706,3,NEGAR,,,
P001869,0.273982,2,NEGAR,,,
P001870,0.533547,1,NEGAR,,,
P001871,0.304782,1,NEGAR,,,
P001872,0.311402,1,NEGAR,,,
P001873,0.03633,10,APROVAR,0.0227,24,0.0
P001874,0.262415,2,NEGAR,,,
P001875,0.039636,9,APROVAR,0.0236,48,0.0
P001876,0.36434,1,NEGAR,,,
P001877,0.294676,2,NEGAR,,,
P001878,0.066286,7,APROVAR,0.0256,48,0.0
P001879,0.070783,6,APROVAR,0.0265,36,0.21
P001880,0.355928,1,NEGAR,,,
P001881,0.070096,6,APROVAR,0.0265,60,0.21
P001882,0.041289,9,APROVAR,0.0236,24,0.0
P001883,0.039342,9,APROVAR,0.0236,48,0.0
P001884,0.133094,4,NEGAR,,,
P001885,0.028716,10,APROVAR,0.0227,36,0.0
P001886,0.052158,8,APROVAR,0.0247,48,0.0
P001887,0.04446,9,APROVAR,0.0236,48,0.0
P001888,0.914869,1,NEGAR,,,
P001889,0.291143,2,NEGAR,,,
P001890,0.098108,5,APROVAR,0.0282,36,0.21
P001891,0.027344,10,APROVAR,0.0227,48,0.0
P001892,0.081417,6,APROVAR,0.0265,48,0.21
P001893,0.049581,8,APROVAR,0.0247,24,0.0
P001894,0.034577,10,APROVAR,0.0227,60,0.0
P001895,0.213062,2,NEGAR,,,
P001896,0.262774,2,NEGAR,,,
P001897,0.056068,7,APROVAR,0.0256,48,0.0
P001898,0.034102,10,APROVAR,0.0227,60,0.0
P001899,0.183017,3,NEGAR,,,
P001900,0.115208,4,NEGAR,,,
P001901,0.292491,2,NEGAR,,,
P001902,0.226468,2,NEGAR,,,
P001903,0.04849,8,APROVAR,0.0247,60,0.0
P001904,0.055454,7,APROVAR,0.0256,60,0.0
P001905,0.061865,7,APROVAR,0.0256,48,0.0
P001906,0.106285,5,APROVAR,0.0282,36,0.21
P001907,0.085393,5,APROVAR,0.0282,36,0.21
P001908,0.191657,3,NEGAR,,,
P001909,0.226183,2,NEGAR,,,
P001910,0.051363,8,APROVAR,0.0247,60,0.0
P001911,0.165988,3,NEGAR,,,
P001912,0.240359,2,NEGAR,,,
P001913,0.087034,5,APROVAR,0.0282,36,0.21
P001914,0.188929,3,NEGAR,,,
P001915,0.196703,3,NEGAR,,,
P001916,0.096609,5,APROVAR,0.0282,24,0.21
P001917,0.248503,2,NEGAR,,,
P001918,0.171015,3,NEGAR,,,
P001919,0.236205,2,NEGAR,,,
P001920,0.079534,6,APROVAR,0.0265,60,0.21
P001921,0.258388,2,NEGAR,,,
P001922,0.139918,4,NEGAR,,,
P001923,0.035443,10,APROVAR,0.0227,60,0.0
P001924,0.148481,3,NEGAR,,,
P001925,0.170044,3,NEGAR,,,
P001926,0.429231,1,NEGAR,,,
P001927,0.401499,1,NEGAR,,,
P001928,0.030494,10,APROVAR,0.0227,24,0.0
P001929,0.03812,9,APROVAR,0.0236,48,0.0
P001930,0.299169,2,NEGAR,,,
P001931,0.212683,2,NEGAR,,,
P001932,0.062986,7,APROVAR,0.0256,24,0.0
P001933,0.039713,9,APROVAR,0.0236,48,0.0
P001934,0.248134,2,NEGAR,,,
P001935,0.289474,2,NEGAR,,,
P001936,0.039264,9,APROVAR,0.0236,48,0.0
P001937,0.196879,3,NEGAR,,,
P001938,0.050389,8,APROVAR,0.0247,48,0.0
P001939,0.031529,10,APROVAR,0.0227,60,0.0
P001940,0.211767,2,NEGAR,,,
P001941,0.042093,9,APROVAR,0.0236,24,0.0
P001942,0.376767,1,NEGAR,,,
P001943,0.064466,7,APROVAR,0.0256,36,0.0
P001944,0.47206,1,NEGAR,,,
P001945,0.047036,8,APROVAR,0.0247,60,0.0
P001946,0.284505,2,NEGAR,,,
P001947,0.053321,8,APROVAR,0.0247,36,0.0
P001948,0.230561,2,NEGAR,,,
P001949,0.455167,1,NEGAR,,,
P001950,0.429191,1,NEGAR,,,
P001951,0.035844,10,APROVAR,0.0227,24,0.0
P001952,0.065408,7,APROVAR,0.0256,48,0.0
P001953,0.084617,5,APROVAR,0.0282,36,0.21
P001954,0.447759,1,NEGAR,,,
P001955,0.156018,3,NEGAR,,,
P001956,0.123685,4,NEGAR,,,
P001957,0.048352,8,APROVAR,0.0247,36,0.0
P001958,0.053013,8,APROVAR,0.0247,36,0.0
P001959,0.319041,1,NEGAR,,,
P001960,0.32405,1,NEGAR,,,
P001961,0.479409,1,NEGAR,,,
P001962,0.224845,2,NEGAR,,,
P001963,0.33307,1,NEGAR,,,
P001964,0.179869,3,NEGAR,,,
P001965,0.0897,5,APROVAR,0.0282,36,0.21
P001966,0.282257,2,NEGAR,,,
P001967,0.043786,9,APROVAR,0.0236,48,0.0
P001968,0.080759,6,APROVAR,0.0265,36,0.21
P001969,0.102425,5,APROVAR,0.0282,48,0.21
P001970,0.575062,1,NEGAR,,,
P001971,0.155196,3,NEGAR,,,
P001972,0.066859,6,APROVAR,0.0265,24,0.21
P001973,0.228336,2,NEGAR,,,
P001974,0.094771,5,APROVAR,0.0282,24,0.21
P001975,0.113045,4,NEGAR,,,
P001976,0.058633,7,APROVAR,0.0256,60,0.0
P001977,0.155562,3,NEGAR,,,
P001978,0.121019,4,NEGAR,,,
P001979,0.044416,9,APROVAR,0.0236,24,0.0
P001980,0.07132,6,APROVAR,0.0265,24,0.21
P001981,0.031343,10,APROVAR,0.0227,48,0.0
P001982,0.187219,3,NEGAR,,,
P001983,0.029278,10,APROVAR,0.0227,60,0.0
P001984,0.203357,3,NEGAR,,,
P001985,0.032469,10,APROVAR,0.0227,60,0.0
P001986,0.109572,4,NEGAR,,,
P001987,0.204669,3,NEGAR,,,
P001988,0.104086,5,APROVAR,0.0282,48,0.21
P001989,0.021275,10,APROVAR,0.0227,60,0.0
P001990,0.143275,3,NEGAR,,,
P001991,0.274778,2,NEGAR,,,
P001992,0.708039,1,NEGAR,,,
P001993,0.05004,8,APROVAR,0.0247,36,0.0
P001994,0.237906,2,NEGAR,,,
P001995,0.392397,1,NEGAR,,,
P001996,0.556858,1,NEGAR,,,
P001997,0.028918,10,APROVAR,0.0227,24,0.0
P001998,0.123476,4,NEGAR,,,
P001999,0.064192,7,APROVAR,0.0256,48,0.0
P002000,0.027378,10,APROVAR,0.0227,36,0.0
P002001,0.196685,3,NEGAR,,,
P002002,0.065066,7,APROVAR,0.0256,48,0.0
P002003,0.208864,3,NEGAR,,,
P002004,0.051677,8,APROVAR,0.0247,24,0.0
P002005,0.267093,2,NEGAR,,,
P002006,0.059121,7,APROVAR,0.0256,60,0.0
P002007,0.276025,2,NEGAR,,,
P002008,0.064838,7,APROVAR,0.0256,48,0.0
P002009,0.042384,9,APROVAR,0.0236,60,0.0
P002010,0.456024,1,NEGAR,,,
P002011,0.092655,5,APROVAR,0.0282,60,0.21
P002012,0.081835,6,APROVAR,0.0265,36,0.21
P002013,0.090305,5,APROVAR,0.0282,60,0.21
P002014,0.05426,7,APROVAR,0.0256,48,0.0
P002015,0.032037,10,APROVAR,0.0227,48,0.0
P002016,0.129983,4,NEGAR,,,
P002017,0.03186,10,APROVAR,0.0227,48,0.0
P002018,0.055276,7,APROVAR,0.0256,60,0.0
P002019,0.231141,2,NEGAR,,,
P002020,0.103944,5,APROVAR,0.0282,48,0.21
P002021,0.115808,4,NEGAR,,,
P002022,0.298826,2,NEGAR,,,
P002023,0.067626,6,APROVAR,0.0265,36,0.21
P002024,0.165527,3,NEGAR,,,
P002025,0.112269,4,NEGAR,,,
P002026,0.110487,4,NEGAR,,,
P002027,0.256201,2,NEGAR,,,
P002028,0.349306,1,NEGAR,,,
P002029,0.071901,6,APROVAR,0.0265,60,0.21
P002030,0.053384,8,APROVAR,0.0247,36,0.0
P002031,0.027371,10,APROVAR,0.0227,48,0.0
P002032,0.260148,2,NEGAR,,,
P002033,0.028035,10,APROVAR,0.0227,48,0.0
P002034,0.060021,7,APROVAR,0.0256,60,0.0
P002035,0.123656,4,NEGAR,,,
P002036,0.198424,3,NEGAR,,,
P002037,0.232614,2,NEGAR,,,
P002038,0.133944,4,NEGAR,,,
P002039,0.037575,9,APROVAR,0.0236,24,0.0
P002040,0.03767,9,APROVAR,0.0236,60,0.0
P002041,0.25677,2,NEGAR,,,
P002042,0.164593,3,NEGAR,,,
P002043,0.140284,4,NEGAR,,,
P002044,0.050862,8,APROVAR,0.0247,48,0.0
P002045,0.040663,9,APROVAR,0.0236,36,0.0
P002046,0.192208,3,NEGAR,,,
P002047,0.041804,9,APROVAR,0.0236,36,0.0
P002048,0.321526,1,NEGAR,,,
P002049,0.032335,10,APROVAR,0.0227,48,0.0
P002050,0.652956,1,NEGAR,,,
P002051,0.068656,6,APROVAR,0.0265,24,0.21
P002052,0.304514,1,NEGAR,,,
P002053,0.143987,3,NEGAR,,,
P002054,0.041406,9,APROVAR,0.0236,48,0.0
P002055,0.027129,10,APROVAR,0.0227,60,0.0
P002056,0.048001,8,APROVAR,0.0247,48,0.0
P002057,0.0898,5,APROVAR,0.0282,48,0.21
P002058,0.249939,2,NEGAR,,,
P002059,0.103867,5,APROVAR,0.0282,48,0.21
P002060,0.040568,9,APROVAR,0.0236,48,0.0
P002061,0.08795,5,APROVAR,0.0282,36,0.21
P002062,0.107486,4,NEGAR,,,
P002063,0.227145,2,NEGAR,,,
P002064,0.267757,2,NEGAR,,,
P002065,0.055294,7,APROVAR,0.0256,36,0.0
P002066,0.261434,2,NEGAR,,,
P002067,0.122055,4,NEGAR,,,
P002068,0.143837,3,NEGAR,,,
P002069,0.159163,3,NEGAR,,,
P002070,0.155641,3,NEGAR,,,
P002071,0.279698,2,NEGAR,,,
P002072,0.031565,10,APROVAR,0.0227,60,0.0
P002073,0.064079,7,APROVAR,0.0256,36,0.0
P002074,0.326295,1,NEGAR,,,
P002075,0.032312,10,APROVAR,0.0227,60,0.0
P002076,0.064459,7,APROVAR,0.0256,36,0.0
P002077,0.051872,8,APROVAR,0.0247,36,0.0
P002078,0.257765,2,NEGAR,,,
P002079,0.502913,1,NEGAR,,,
P002080,0.149845,3,NEGAR,,,
P002081,0.053638,8,APROVAR,0.0247,48,0.0
P002082,0.044023,9,APROVAR,0.0236,24,0.0
P002083,0.053184,8,APROVAR,0.0247,60,0.0
P002084,0.039751,9,APROVAR,0.0236,60,0.0
P002085,0.171752,3,NEGAR,,,
P002086,0.112718,4,NEGAR,,,
P002087,0.296719,2,NEGAR,,,
P002088,0.146903,3,NEGAR,,,
P002089,0.134405,4,NEGAR,,,
P002090,0.042477,9,APROVAR,0.0236,36,0.0
P002091,0.177906,3,NEGAR,,,
P002092,0.429445,1,NEGAR,,,
P002093,0.198303,3,NEGAR,,,
P002094,0.211565,2,NEGAR,,,
P002095,0.234921,2,NEGAR,,,
P002096,0.030367,10,APROVAR,0.0227,48,0.0
P002097,0.056815,7,APROVAR,0.0256,24,0.0
P002098,0.249281,2,NEGAR,,,
P002099,0.024174,10,APROVAR,0.0227,60,0.0
P002100,0.332336,1,NEGAR,,,
P002101,0.038433,9,APROVAR,0.0236,48,0.0
P002102,0.032106,10,APROVAR,0.0227,36,0.0
P002103,0.027579,10,APROVAR,0.0227,36,0.0
P002104,0.155188,3,NEGAR,,,
P002105,0.113962,4,NEGAR,,,
P002106,0.068668,6,APROVAR,0.0265,24,0.21
P002107,0.044762,9,APROVAR,0.0236,48,0.0
P002108,0.029404,10,APROVAR,0.0227,48,0.0
P002109,0.283157,2,NEGAR,,,
P002110,0.042584,9,APROVAR,0.0236,36,0.0
P002111,0.186507,3,NEGAR,,,
P002112,0.061144,7,APROVAR,0.0256,48,0.0
P002113,0.092809,5,APROVAR,0.0282,48,0.21
P002114,0.081251,6,APROVAR,0.0265,24,0.21
P002115,0.201317,3,NEGAR,,,
P002116,0.094948,5,APROVAR,0.0282,24,0.21
P002117,0.165056,3,NEGAR,,,
P002118,0.039792,9,APROVAR,0.0236,48,0.0
P002119,0.116716,4,NEGAR,,,
P002120,0.045639,8,APROVAR,0.0247,48,0.0
P002121,0.033808,10,APROVAR,0.0227,36,0.0
P002122,0.093087,5,APROVAR,0.0282,48,0.21
P002123,0.392045,1,NEGAR,,,
P002124,0.092983,5,APROVAR,0.0282,36,0.21
P002125,0.054318,7,APROVAR,0.0256,36,0.0
P002126,0.254096,2,NEGAR,,,
P002127,0.208738,3,NEGAR,,,
P002128,0.344827,1,NEGAR,,,
P002129,0.284229,2,NEGAR,,,
P002130,0.158135,3,NEGAR,,,
P002131,0.06618,7,APROVAR,0.0256,24,0.0
P002132,0.20053,3,NEGAR,,,
P002133,0.111729,4,NEGAR,,,
P002134,0.180809,3,NEGAR,,,
P002135,0.083447,6,APROVAR,0.0265,60,0.21
P002136,0.046841,8,APROVAR,0.0247,36,0.0
P002137,0.060334,7,APROVAR,0.0256,60,0.0
P002138,0.027131,10,APROVAR,0.0227,36,0.0
P002139,0.366759,1,NEGAR,,,
P002140,0.022852,10,APROVAR,0.0227,36,0.0
P002141,0.169811,3,NEGAR,,,
P002142,0.226153,2,NEGAR,,,
P002143,0.24295,2,NEGAR,,,
P002144,0.044869,8,APROVAR,0.0247,48,0.0
P002145,0.036387,10,APROVAR,0.0227,36,0.0
P002146,0.034475,10,APROVAR,0.0227,60,0.0
P002147,0.033812,10,APROVAR,0.0227,48,0.0
P002148,0.107163,4,NEGAR,,,
P002149,0.308841,1,NEGAR,,,
P002150,0.059683,7,APROVAR,0.0256,36,0.0
P002151,0.123461,4,NEGAR,,,
P002152,0.527228,1,NEGAR,,,
P002153,0.054207,7,APROVAR,0.0256,48,0.0
P002154,0.0339,10,APROVAR,0.0227,24,0.0
P002155,0.125388,4,NEGAR,,,
P002156,0.080735,6,APROVAR,0.0265,36,0.21
P002157,0.050155,8,APROVAR,0.0247,36,0.0
P002158,0.04628,8,APROVAR,0.0247,36,0.0
P002159,0.21097,2,NEGAR,,,
P002160,0.112507,4,NEGAR,,,
P002161,0.584527,1,NEGAR,,,
P002162,0.035445,10,APROVAR,0.0227,24,0.0
P002163,0.541957,1,NEGAR,,,
P002164,0.058312,7,APROVAR,0.0256,60,0.0
P002165,0.058603,7,APROVAR,0.0256,60,0.0
P002166,0.033723,10,APROVAR,0.0227,60,0.0
P002167,0.026079,10,APROVAR,0.0227,24,0.0
P002168,0.270493,2,NEGAR,,,
P002169,0.250096,2,NEGAR,,,
P002170,0.095214,5,APROVAR,0.0282,48,0.21
P002171,0.099719,5,APROVAR,0.0282,48,0.21
P002172,0.048241,8,APROVAR,0.0247,60,0.0
P002173,0.050134,8,APROVAR,0.0247,36,0.0
P002174,0.106063,5,APROVAR,0.0282,36,0.21
P002175,0.047894,8,APROVAR,0.0247,60,0.0
P002176,0.060458,7,APROVAR,0.0256,36,0.0
P002177,0.264749,2,NEGAR,,,
P002178,0.101497,5,APROVAR,0.0282,36,0.21
P002179,0.04481,8,APROVAR,0.0247,48,0.0
P002180,0.245699,2,NEGAR,,,
P002181,0.03468,10,APROVAR,0.0227,36,0.0
P002182,0.529058,1,NEGAR,,,
P002183,0.73243,1,NEGAR,,,
P002184,0.055436,7,APROVAR,0.0256,24,0.0
P002185,0.079491,6,APROVAR,0.0265,36,0.21
P002186,0.265236,2,NEGAR,,,
P002187,0.093729,5,APROVAR,0.0282,48,0.21
P002188,0.159209,3,NEGAR,,,
P002189,0.059718,7,APROVAR,0.0256,24,0.0
P002190,0.104451,5,APROVAR,0.0282,24,0.21
P002191,0.204245,3,NEGAR,,,
P002192,0.110169,4,NEGAR,,,
P002193,0.397912,1,NEGAR,,,
P002194,0.108281,4,NEGAR,,,
P002195,0.220188,2,NEGAR,,,
P002196,0.05428,7,APROVAR,0.0256,60,0.0
P002197,0.024405,10,APROVAR,0.0227,60,0.0
P002198,0.253332,2,NEGAR,,,
P002199,0.095479,5,APROVAR,0.0282,48,0.21
P002200,0.153201,3,NEGAR,,,
P002201,0.042653,9,APROVAR,0.0236,36,0.0
P002202,0.204824,3,NEGAR,,,
P002203,0.572961,1,NEGAR,,,
P002204,0.023887,10,APROVAR,0.0227,48,0.0
P002205,0.045089,8,APROVAR,0.0247,60,0.0
P002206,0.281038,2,NEGAR,,,
P002207,0.340285,1,NEGAR,,,
P002208,0.250888,2,NEGAR,,,
P002209,0.023771,10,APROVAR,0.0227,48,0.0
P002210,0.059681,7,APROVAR,0.0256,48,0.0
P002211,0.06278,7,APROVAR,0.0256,36,0.0
P002212,0.034434,10,APROVAR,0.0227,48,0.0
P002213,0.034749,10,APROVAR,0.0227,24,0.0
P002214,0.26337,2,NEGAR,,,
P002215,0.104185,5,APROVAR,0.0282,48,0.21
P002216,0.196585,3,NEGAR,,,
P002217,0.526043,1,NEGAR,,,
P002218,0.322379,1,NEGAR,,,
P002219,0.029774,10,APROVAR,0.0227,48,0.0
P002220,0.454687,1,NEGAR,,,
P002221,0.188231,3,NEGAR,,,
P002222,0.171097,3,NEGAR,,,
P002223,0.195168,3,NEGAR,,,
P002224,0.053255,8,APROVAR,0.0247,24,0.0
P002225,0.265031,2,NEGAR,,,
P002226,0.099356,5,APROVAR,0.0282,36,0.21
P002227,0.045591,8,APROVAR,0.0247,48,0.0
P002228,0.170667,3,NEGAR,,,
P002229,0.03354,10,APROVAR,0.0227,24,0.0
P002230,0.139364,4,NEGAR,,,
P002231,0.130754,4,NEGAR,,,
P002232,0.096055,5,APROVAR,0.0282,60,0.21
P002233,0.184487,3,NEGAR,,,
P002234,0.366674,1,NEGAR,,,
P002235,0.03309,10,APROVAR,0.0227,60,0.0
P002236,0.031108,10,APROVAR,0.0227,48,0.0
P002237,0.187925,3,NEGAR,,,
P002238,0.047367,8,APROVAR,0.0247,36,0.0
P002239,0.286809,2,NEGAR,,,
P002240,0.339284,1,NEGAR,,,
P002241,0.043011,9,APROVAR,0.0236,48,0.0
P002242,0.062461,7,APROVAR,0.0256,48,0.0
P002243,0.749961,1,NEGAR,,,
P002244,0.236729,2,NEGAR,,,
P002245,0.048546,8,APROVAR,0.0247,36,0.0
P002246,0.098719,5,APROVAR,0.0282,36,0.21
P002247,0.294347,2,NEGAR,,,
P002248,0.04328,9,APROVAR,0.0236,60,0.0
P002249,0.126207,4,NEGAR,,,
P002250,0.058224,7,APROVAR,0.0256,48,0.0
P002251,0.069937,6,APROVAR,0.0265,48,0.21
P002252,0.029635,10,APROVAR,0.0227,48,0.0
P002253,0.039167,9,APROVAR,0.0236,48,0.0
P002254,0.315137,1,NEGAR,,,
P002255,0.118304,4,NEGAR,,,
P002256,0.024474,10,APROVAR,0.0227,24,0.0
P002257,0.358347,1,NEGAR,,,
P002258,0.303453,1,NEGAR,,,
P002259,0.288559,2,NEGAR,,,
P002260,0.338708,1,NEGAR,,,
P002261,0.045327,8,APROVAR,0.0247,48,0.0
P002262,0.045366,8,APROVAR,0.0247,60,0.0
P002263,0.037719,9,APROVAR,0.0236,24,0.0
P002264,0.062834,7,APROVAR,0.0256,36,0.0
P002265,0.056717,7,APROVAR,0.0256,24,0.0
P002266,0.04059,9,APROVAR,0.0236,60,0.0
P002267,0.175599,3,NEGAR,,,
P002268,0.058328,7,APROVAR,0.0256,24,0.0
P002269,0.03672,10,APROVAR,0.0227,60,0.0
P002270,0.029607,10,APROVAR,0.0227,36,0.0
P002271,0.185445,3,NEGAR,,,
P002272,0.166179,3,NEGAR,,,
P002273,0.257652,2,NEGAR,,,
P002274,0.035758,10,APROVAR,0.0227,60,0.0
P002275,0.262576,2,NEGAR,,,
P002276,0.238651,2,NEGAR,,,
P002277,0.241394,2,NEGAR,,,
P002278,0.045929,8,APROVAR,0.0247,24,0.0
P002279,0.161913,3,NEGAR,,,
P002280,0.573246,1,NEGAR,,,
P002281,0.21615,2,NEGAR,,,
P002282,0.182309,3,NEGAR,,,
P002283,0.05578,7,APROVAR,0.0256,48,0.0
P002284,0.104914,5,APROVAR,0.0282,24,0.21
P002285,0.235455,2,NEGAR,,,
P002286,0.216498,2,NEGAR,,,
P002287,0.127653,4,NEGAR,,,
P002288,0.462279,1,NEGAR,,,
P002289,0.295993,2,NEGAR,,,
P002290,0.042133,9,APROVAR,0.0236,48,0.0
P002291,0.030008,10,APROVAR,0.0227,24,0.0
P002292,0.270656,2,NEGAR,,,
P002293,0.308778,1,NEGAR,,,
P002294,0.035055,10,APROVAR,0.0227,24,0.0
P002295,0.203836,3,NEGAR,,,
P002296,0.035975,10,APROVAR,0.0227,36,0.0
P002297,0.27255,2,NEGAR,,,
P002298,0.071522,6,APROVAR,0.0265,36,0.21
P002299,0.107333,4,NEGAR,,,
P002300,0.03836,9,APROVAR,0.0236,36,0.0
P002301,0.032638,10,APROVAR,0.0227,36,0.0
P002302,0.035471,10,APROVAR,0.0227,36,0.0
P002303,0.102646,5,APROVAR,0.0282,36,0.21
P002304,0.081653,6,APROVAR,0.0265,48,0.21
P002305,0.183623,3,NEGAR,,,
P002306,0.067969,6,APROVAR,0.0265,60,0.21
P002307,0.589591,1,NEGAR,,,
P002308,0.052427,8,APROVAR,0.0247,60,0.0
P002309,0.102095,5,APROVAR,0.0282,24,0.21
P002310,0.110795,4,NEGAR,,,
P002311,0.072481,6,APROVAR,0.0265,60,0.21
P002312,0.058372,7,APROVAR,0.0256,60,0.0
P002313,0.091818,5,APROVAR,0.0282,48,0.21
P002314,0.062267,7,APROVAR,0.0256,60,0.0
P002315,0.086837,5,APROVAR,0.0282,48,0.21
P002316,0.048038,8,APROVAR,0.0247,24,0.0
P002317,0.2937,2,NEGAR,,,
P002318,0.064527,7,APROVAR,0.0256,36,0.0
P002319,0.274994,2,NEGAR,,,
P002320,0.271455,2,NEGAR,,,
P002321,0.041378,9,APROVAR,0.0236,60,0.0
P002322,0.182427,3,NEGAR,,,
P002323,0.251744,2,NEGAR,,,
P002324,0.364359,1,NEGAR,,,
P002325,0.310961,1,NEGAR,,,
P002326,0.066148,7,APROVAR,0.0256,60,0.0
P002327,0.518557,1,NEGAR,,,
P002328,0.033269,10,APROVAR,0.0227,36,0.0
P002329,0.041198,9,APROVAR,0.0236,36,0.0
P002330,0.339805,1,NEGAR,,,
P002331,0.042289,9,APROVAR,0.0236,48,0.0
P002332,0.203993,3,NEGAR,,,
P002333,0.442061,1,NEGAR,,,
P002334,0.038021,9,APROVAR,0.0236,48,0.0
P002335,0.047891,8,APROVAR,0.0247,48,0.0
P002336,0.03817,9,APROVAR,0.0236,48,0.0
P002337,0.492181,1,NEGAR,,,
P002338,0.061827,7,APROVAR,0.0256,36,0.0
P002339,0.44143,1,NEGAR,,,
P002340,0.03688,10,APROVAR,0.0227,60,0.0
P002341,0.061496,7,APROVAR,0.0256,24,0.0
P002342,0.036696,10,APROVAR,0.0227,48,0.0
P002343,0.074085,6,APROVAR,0.0265,60,0.21
P002344,0.127874,4,NEGAR,,,
P002345,0.060407,7,APROVAR,0.0256,48,0.0
P002346,0.038644,9,APROVAR,0.0236,24,0.0
P002347,0.249003,2,NEGAR,,,
P002348,0.035601,10,APROVAR,0.0227,36,0.0
P002349,0.328041,1,NEGAR,,,
P002350,0.04106,9,APROVAR,0.0236,48,0.0
P002351,0.069959,6,APROVAR,0.0265,36,0.21
P002352,0.21548,2,NEGAR,,,
P002353,0.139071,4,NEGAR,,,
P002354,0.131411,4,NEGAR,,,
P002355,0.051833,8,APROVAR,0.0247,36,0.0
P002356,0.162338,3,NEGAR,,,
P002357,0.032488,10,APROVAR,0.0227,24,0.0
P002358,0.214939,2,NEGAR,,,
P002359,0.047909,8,APROVAR,0.0247,60,0.0
P002360,0.29339,2,NEGAR,,,
P002361,0.085139,5,APROVAR,0.0282,48,0.21
P002362,0.34795,1,NEGAR,,,
P002363,0.155229,3,NEGAR,,,
P002364,0.051002,8,APROVAR,0.0247,36,0.0
P002365,0.050433,8,APROVAR,0.0247,60,0.0
P002366,0.287956,2,NEGAR,,,
P002367,0.428263,1,NEGAR,,,
P002368,0.083109,6,APROVAR,0.0265,24,0.21
P002369,0.156996,3,NEGAR,,,
P002370,0.14208,4,NEGAR,,,
P002371,0.424961,1,NEGAR,,,
P002372,0.042753,9,APROVAR,0.0236,48,0.0
P002373,0.048556,8,APROVAR,0.0247,36,0.0
P002374,0.033535,10,APROVAR,0.0227,36,0.0
P002375,0.509005,1,NEGAR,,,
P002376,0.049602,8,APROVAR,0.0247,48,0.0
P002377,0.076352,6,APROVAR,0.0265,48,0.21
P002378,0.210276,2,NEGAR,,,
P002379,0.381079,1,NEGAR,,,
P002380,0.072134,6,APROVAR,0.0265,60,0.21
P002381,0.325119,1,NEGAR,,,
P002382,0.035221,10,APROVAR,0.0227,24,0.0
P002383,0.034267,10,APROVAR,0.0227,60,0.0
P002384,0.085965,5,APROVAR,0.0282,48,0.21
P002385,0.3969,1,NEGAR,,,
P002386,0.190216,3,NEGAR,,,
P002387,0.294113,2,NEGAR,,,
P002388,0.409299,1,NEGAR,,,
P002389,0.521694,1,NEGAR,,,
P002390,0.037302,9,APROVAR,0.0236,60,0.0
P002391,0.186433,3,NEGAR,,,
P002392,0.153028,3,NEGAR,,,
P002393,0.032881,10,APROVAR,0.0227,36,0.0
P002394,0.122919,4,NEGAR,,,
P002395,0.049545,8,APROVAR,0.0247,24,0.0
P002396,0.2185,2,NEGAR,,,
P002397,0.02471,10,APROVAR,0.0227,48,0.0
P002398,0.068661,6,APROVAR,0.0265,48,0.21
P002399,0.209024,3,NEGAR,,,
P002400,0.35443,1,NEGAR,,,
P002401,0.036745,10,APROVAR,0.0227,60,0.0
P002402,0.04657,8,APROVAR,0.0247,48,0.0
P002403,0.111551,4,NEGAR,,,
P002404,0.052978,8,APROVAR,0.0247,60,0.0
P002405,0.115237,4,NEGAR,,,
P002406,0.536408,1,NEGAR,,,
P002407,0.080635,6,APROVAR,0.0265,36,0.21
P002408,0.306456,1,NEGAR,,,
P002409,0.060055,7,APROVAR,0.0256,60,0.0
P002410,0.235902,2,NEGAR,,,
P002411,0.049492,8,APROVAR,0.0247,24,0.0
P002412,0.232577,2,NEGAR,,,
P002413,0.11288,4,NEGAR,,,
P002414,0.126254,4,NEGAR,,,
P002415,0.324103,1,NEGAR,,,
P002416,0.024534,10,APROVAR,0.0227,24,0.0
P002417,0.046363,8,APROVAR,0.0247,24,0.0
P002418,0.042073,9,APROVAR,0.0236,24,0.0
P002419,0.051742,8,APROVAR,0.0247,24,0.0
P002420,0.223884,2,NEGAR,,,
P002421,0.164299,3,NEGAR,,,
P002422,0.065598,7,APROVAR,0.0256,48,0.0
P002423,0.038343,9,APROVAR,0.0236,36,0.0
P002424,0.160328,3,NEGAR,,,
P002425,0.30675,1,NEGAR,,,
P002426,0.305796,1,NEGAR,,,
P002427,0.381729,1,NEGAR,,,
P002428,0.038952,9,APROVAR,0.0236,36,0.0
P002429,0.36465,1,NEGAR,,,
P002430,0.046707,8,APROVAR,0.0247,60,0.0
P002431,0.033656,10,APROVAR,0.0227,48,0.0
P002432,0.059427,7,APROVAR,0.0256,24,0.0
P002433,0.064683,7,APROVAR,0.0256,36,0.0
P002434,0.035611,10,APROVAR,0.0227,36,0.0
P002435,0.039513,9,APROVAR,0.0236,36,0.0
P002436,0.032218,10,APROVAR,0.0227,48,0.0
P002437,0.030906,10,APROVAR,0.0227,36,0.0
P002438,0.033586,10,APROVAR,0.0227,36,0.0
P002439,0.071202,6,APROVAR,0.0265,48,0.21
P002440,0.051459,8,APROVAR,0.0247,60,0.0
P002441,0.02722,10,APROVAR,0.0227,36,0.0
P002442,0.25349,2,NEGAR,,,
P002443,0.033989,10,APROVAR,0.0227,36,0.0
P002444,0.220976,2,NEGAR,,,
P002445,0.060788,7,APROVAR,0.0256,60,0.0
P002446,0.325458,1,NEGAR,,,
P002447,0.391517,1,NEGAR,,,
P002448,0.106399,5,APROVAR,0.0282,36,0.21
P002449,0.477155,1,NEGAR,,,
P002450,0.04757,8,APROVAR,0.0247,48,0.0
P002451,0.195904,3,NEGAR,,,
P002452,0.086733,5,APROVAR,0.0282,36,0.21
P002453,0.041986,9,APROVAR,0.0236,36,0.0
P002454,0.089978,5,APROVAR,0.0282,48,0.21
P002455,0.151437,3,NEGAR,,,
P002456,0.1396,4,NEGAR,,,
P002457,0.448262,1,NEGAR,,,
P002458,0.08801,5,APROVAR,0.0282,60,0.21
P002459,0.037781,9,APROVAR,0.0236,48,0.0
P002460,0.15443,3,NEGAR,,,
P002461,0.036553,10,APROVAR,0.0227,48,0.0
P002462,0.243267,2,NEGAR,,,
P002463,0.27955,2,NEGAR,,,
P002464,0.416758,1,NEGAR,,,
P002465,0.117971,4,NEGAR,,,
P002466,0.041167,9,APROVAR,0.0236,48,0.0
P002467,0.035554,10,APROVAR,0.0227,24,0.0
P002468,0.03292,10,APROVAR,0.0227,48,0.0
P002469,0.063535,7,APROVAR,0.0256,48,0.0
P002470,0.048379,8,APROVAR,0.0247,36,0.0
P002471,0.472919,1,NEGAR,,,
P002472,0.09736,5,APROVAR,0.0282,60,0.21
P002473,0.033059,10,APROVAR,0.0227,36,0.0
P002474,0.151078,3,NEGAR,,,
P002475,0.191904,3,NEGAR,,,
P002476,0.068401,6,APROVAR,0.0265,36,0.21
P002477,0.260446,2,NEGAR,,,
P002478,0.05352,8,APROVAR,0.0247,36,0.0
P002479,0.22212,2,NEGAR,,,
P002480,0.036761,10,APROVAR,0.0227,24,0.0
P002481,0.073837,6,APROVAR,0.0265,36,0.21
P002482,0.120525,4,NEGAR,,,
P002483,0.038413,9,APROVAR,0.0236,36,0.0
P002484,0.041813,9,APROVAR,0.0236,36,0.0
P002485,0.056082,7,APROVAR,0.0256,48,0.0
P002486,0.298893,2,NEGAR,,,
P002487,0.055667,7,APROVAR,0.0256,24,0.0
P002488,0.030759,10,APROVAR,0.0227,36,0.0
P002489,0.035882,10,APROVAR,0.0227,60,0.0
P002490,0.149731,3,NEGAR,,,
P002491,0.069178,6,APROVAR,0.0265,48,0.21
P002492,0.314706,1,NEGAR,,,
P002493,0.110818,4,NEGAR,,,
P002494,0.159251,3,NEGAR,,,
P002495,0.255423,2,NEGAR,,,
P002496,0.029727,10,APROVAR,0.0227,36,0.0
P002497,0.252724,2,NEGAR,,,
P002498,0.387121,1,NEGAR,,,
P002499,0.137551,4,NEGAR,,,
P002500,0.077475,6,APROVAR,0.0265,48,0.21
P002501,0.066157,7,APROVAR,0.0256,36,0.0
P002502,0.05031,8,APROVAR,0.0247,48,0.0
P002503,0.514071,1,NEGAR,,,
P002504,0.037592,9,APROVAR,0.0236,48,0.0
P002505,0.054872,7,APROVAR,0.0256,60,0.0
P002506,0.06322,7,APROVAR,0.0256,36,0.0
P002507,0.314123,1,NEGAR,,,
P002508,0.030286,10,APROVAR,0.0227,60,0.0
P002509,0.134684,4,NEGAR,,,
P002510,0.019529,10,APROVAR,0.0227,36,0.0
P002511,0.026979,10,APROVAR,0.0227,36,0.0
P002512,0.589643,1,NEGAR,,,
P002513,0.033097,10,APROVAR,0.0227,36,0.0
P002514,0.044465,9,APROVAR,0.0236,36,0.0
P002515,0.035676,10,APROVAR,0.0227,24,0.0
P002516,0.051418,8,APROVAR,0.0247,24,0.0
P002517,0.02819,10,APROVAR,0.0227,48,0.0
P002518,0.228972,2,NEGAR,,,
P002519,0.168295,3,NEGAR,,,
P002520,0.265849,2,NEGAR,,,
P002521,0.230883,2,NEGAR,,,
P002522,0.088024,5,APROVAR,0.0282,48,0.21
P002523,0.139249,4,NEGAR,,,
P002524,0.086704,5,APROVAR,0.0282,48,0.21
P002525,0.029982,10,APROVAR,0.0227,36,0.0
P002526,0.450714,1,NEGAR,,,
P002527,0.193234,3,NEGAR,,,
P002528,0.090983,5,APROVAR,0.0282,24,0.21
P002529,0.300241,2,NEGAR,,,
P002530,0.090302,5,APROVAR,0.0282,24,0.21
P002531,0.066326,6,APROVAR,0.0265,48,0.21
P002532,0.288432,2,NEGAR,,,
P002533,0.520545,1,NEGAR,,,
P002534,0.055541,7,APROVAR,0.0256,48,0.0
P002535,0.098989,5,APROVAR,0.0282,60,0.21
P002536,0.147708,3,NEGAR,,,
P002537,0.149312,3,NEGAR,,,
P002538,0.115304,4,NEGAR,,,
P002539,0.124599,4,NEGAR,,,
P002540,0.031317,10,APROVAR,0.0227,36,0.0
P002541,0.033319,10,APROVAR,0.0227,24,0.0
P002542,0.044563,9,APROVAR,0.0236,24,0.0
P002543,0.15465,3,NEGAR,,,
P002544,0.249632,2,NEGAR,,,
P002545,0.065803,7,APROVAR,0.0256,36,0.0
P002546,0.128383,4,NEGAR,,,
P002547,0.03897,9,APROVAR,0.0236,48,0.0
P002548,0.059947,7,APROVAR,0.0256,24,0.0
P002549,0.198638,3,NEGAR,,,
P002550,0.245251,2,NEGAR,,,
P002551,0.221887,2,NEGAR,,,
P002552,0.311961,1,NEGAR,,,
P002553,0.226497,2,NEGAR,,,
P002554,0.131679,4,NEGAR,,,
P002555,0.028653,10,APROVAR,0.0227,24,0.0
P002556,0.067273,6,APROVAR,0.0265,60,0.21
P002557,0.02751,10,APROVAR,0.0227,36,0.0
P002558,0.204359,3,NEGAR,,,
P002559,0.098023,5,APROVAR,0.0282,36,0.21
P002560,0.020511,10,APROVAR,0.0227,60,0.0
P002561,0.106665,5,APROVAR,0.0282,60,0.21
P002562,0.304205,1,NEGAR,,,
P002563,0.105564,5,APROVAR,0.0282,48,0.21
P002564,0.264912,2,NEGAR,,,
P002565,0.035162,10,APROVAR,0.0227,36,0.0
P002566,0.162215,3,NEGAR,,,
P002567,0.183602,3,NEGAR,,,
P002568,0.235829,2,NEGAR,,,
P002569,0.066177,7,APROVAR,0.0256,36,0.0
P002570,0.03548,10,APROVAR,0.0227,60,0.0
P002571,0.060095,7,APROVAR,0.0256,48,0.0
P002572,0.310953,1,NEGAR,,,
P002573,0.088433,5,APROVAR,0.0282,48,0.21
P002574,0.025501,10,APROVAR,0.0227,36,0.0
P002575,0.018635,10,APROVAR,0.0227,24,0.0
P002576,0.24859,2,NEGAR,,,
P002577,0.170583,3,NEGAR,,,
P002578,0.081601,6,APROVAR,0.0265,48,0.21
P002579,0.306898,1,NEGAR,,,
P002580,0.234364,2,NEGAR,,,
P002581,0.258582,2,NEGAR,,,
P002582,0.084026,5,APROVAR,0.0282,60,0.21
P002583,0.131311,4,NEGAR,,,
P002584,0.652118,1,NEGAR,,,
P002585,0.052439,8,APROVAR,0.0247,24,0.0
P002586,0.070597,6,APROVAR,0.0265,48,0.21
P002587,0.05254,8,APROVAR,0.0247,24,0.0
P002588,0.312121,1,NEGAR,,,
P002589,0.037826,9,APROVAR,0.0236,24,0.0
P002590,0.08917,5,APROVAR,0.0282,24,0.21
P002591,0.035793,10,APROVAR,0.0227,24,0.0
P002592,0.041682,9,APROVAR,0.0236,60,0.0
P002593,0.042946,9,APROVAR,0.0236,36,0.0
P002594,0.047031,8,APROVAR,0.0247,36,0.0
P002595,0.307477,1,NEGAR,,,
P002596,0.104654,5,APROVAR,0.0282,48,0.21
P002597,0.03392,10,APROVAR,0.0227,36,0.0
P002598,0.272814,2,NEGAR,,,
P002599,0.046556,8,APROVAR,0.0247,24,0.0
P002600,0.047835,8,APROVAR,0.0247,60,0.0
P002601,0.205241,3,NEGAR,,,
P002602,0.024759,10,APROVAR,0.0227,60,0.0
P002603,0.048788,8,APROVAR,0.0247,48,0.0
P002604,0.040994,9,APROVAR,0.0236,48,0.0
P002605,0.045023,8,APROVAR,0.0247,48,0.0
P002606,0.035979,10,APROVAR,0.0227,48,0.0
P002607,0.192121,3,NEGAR,,,
P002608,0.245807,2,NEGAR,,,
P002609,0.047982,8,APROVAR,0.0247,24,0.0
P002610,0.061597,7,APROVAR,0.0256,24,0.0
P002611,0.088214,5,APROVAR,0.0282,48,0.21
P002612,0.03615,10,APROVAR,0.0227,36,0.0
P002613,0.59778,1,NEGAR,,,
P002614,0.126593,4,NEGAR,,,
P002615,0.284161,2,NEGAR,,,
P002616,0.394579,1,NEGAR,,,
P002617,0.121667,4,NEGAR,,,
P002618,0.043504,9,APROVAR,0.0236,48,0.0
P002619,0.075498,6,APROVAR,0.0265,36,0.21
P002620,0.407457,1,NEGAR,,,
P002621,0.338554,1,NEGAR,,,
P002622,0.052785,8,APROVAR,0.0247,48,0.0
P002623,0.225015,2,NEGAR,,,
P002624,0.1149,4,NEGAR,,,
P002625,0.633415,1,NEGAR,,,
P002626,0.035612,10,APROVAR,0.0227,48,0.0
P002627,0.198362,3,NEGAR,,,
P002628,0.140046,4,NEGAR,,,
P002629,0.315961,1,NEGAR,,,
P002630,0.109811,4,NEGAR,,,
P002631,0.155959,3,NEGAR,,,
P002632,0.063391,7,APROVAR,0.0256,36,0.0
P002633,0.107948,4,NEGAR,,,
P002634,0.332362,1,NEGAR,,,
P002635,0.04459,9,APROVAR,0.0236,24,0.0
P002636,0.188411,3,NEGAR,,,
P002637,0.274047,2,NEGAR,,,
P002638,0.275696,2,NEGAR,,,
P002639,0.062011,7,APROVAR,0.0256,48,0.0
P002640,0.224308,2,NEGAR,,,
P002641,0.056378,7,APROVAR,0.0256,48,0.0
P002642,0.280344,2,NEGAR,,,
P002643,0.085224,5,APROVAR,0.0282,36,0.21
P002644,0.404991,1,NEGAR,,,
P002645,0.030268,10,APROVAR,0.0227,60,0.0
P002646,0.042086,9,APROVAR,0.0236,24,0.0
P002647,0.040285,9,APROVAR,0.0236,48,0.0
P002648,0.231112,2,NEGAR,,,
P002649,0.033288,10,APROVAR,0.0227,36,0.0
P002650,0.049006,8,APROVAR,0.0247,60,0.0
P002651,0.022737,10,APROVAR,0.0227,48,0.0
P002652,0.043446,9,APROVAR,0.0236,36,0.0
P002653,0.036034,10,APROVAR,0.0227,24,0.0
P002654,0.08384,6,APROVAR,0.0265,24,0.21
P002655,0.132984,4,NEGAR,,,
P002656,0.245293,2,NEGAR,,,
P002657,0.038177,9,APROVAR,0.0236,24,0.0
P002658,0.131907,4,NEGAR,,,
P002659,0.062345,7,APROVAR,0.0256,48,0.0
P002660,0.067709,6,APROVAR,0.0265,60,0.21
P002661,0.061916,7,APROVAR,0.0256,48,0.0
P002662,0.058321,7,APROVAR,0.0256,36,0.0
P002663,0.035975,10,APROVAR,0.0227,24,0.0
P002664,0.030989,10,APROVAR,0.0227,36,0.0
P002665,0.081759,6,APROVAR,0.0265,60,0.21
P002666,0.028161,10,APROVAR,0.0227,24,0.0
P002667,0.291018,2,NEGAR,,,
P002668,0.221262,2,NEGAR,,,
P002669,0.036153,10,APROVAR,0.0227,36,0.0
P002670,0.038035,9,APROVAR,0.0236,48,0.0
P002671,0.091197,5,APROVAR,0.0282,48,0.21
P002672,0.051499,8,APROVAR,0.0247,24,0.0
P002673,0.028033,10,APROVAR,0.0227,48,0.0
P002674,0.393892,1,NEGAR,,,
P002675,0.328732,1,NEGAR,,,
P002676,0.04901,8,APROVAR,0.0247,36,0.0
P002677,0.305684,1,NEGAR,,,
P002678,0.041321,9,APROVAR,0.0236,24,0.0
P002679,0.073026,6,APROVAR,0.0265,24,0.21
P002680,0.039108,9,APROVAR,0.0236,48,0.0
P002681,0.107141,4,NEGAR,,,
P002682,0.451335,1,NEGAR,,,
P002683,0.256209,2,NEGAR,,,
P002684,0.103387,5,APROVAR,0.0282,36,0.21
P002685,0.189182,3,NEGAR,,,
P002686,0.407917,1,NEGAR,,,
P002687,0.035951,10,APROVAR,0.0227,36,0.0
P002688,0.100553,5,APROVAR,0.0282,48,0.21
P002689,0.251639,2,NEGAR,,,
P002690,0.045757,8,APROVAR,0.0247,48,0.0
P002691,0.060576,7,APROVAR,0.0256,48,0.0
P002692,0.189007,3,NEGAR,,,
P002693,0.101492,5,APROVAR,0.0282,24,0.21
P002694,0.06093,7,APROVAR,0.0256,24,0.0
P002695,0.305036,1,NEGAR,,,
P002696,0.042745,9,APROVAR,0.0236,48,0.0
P002697,0.030674,10,APROVAR,0.0227,48,0.0
P002698,0.043469,9,APROVAR,0.0236,60,0.0
P002699,0.038957,9,APROVAR,0.0236,36,0.0
P002700,0.057303,7,APROVAR,0.0256,48,0.0
P002701,0.255711,2,NEGAR,,,
P002702,0.053065,8,APROVAR,0.0247,60,0.0
P002703,0.317262,1,NEGAR,,,
P002704,0.035744,10,APROVAR,0.0227,36,0.0
P002705,0.095513,5,APROVAR,0.0282,60,0.21
P002706,0.199218,3,NEGAR,,,
P002707,0.043361,9,APROVAR,0.0236,24,0.0
P002708,0.051137,8,APROVAR,0.0247,24,0.0
P002709,0.027487,10,APROVAR,0.0227,24,0.0
P002710,0.039621,9,APROVAR,0.0236,36,0.0
P002711,0.046133,8,APROVAR,0.0247,36,0.0
P002712,0.10793,4,NEGAR,,,
P002713,0.038866,9,APROVAR,0.0236,60,0.0
P002714,0.032925,10,APROVAR,0.0227,24,0.0
P002715,0.109517,4,NEGAR,,,
P002716,0.032199,10,APROVAR,0.0227,60,0.0
P002717,0.230314,2,NEGAR,,,
P002718,0.23191,2,NEGAR,,,
P002719,0.034642,10,APROVAR,0.0227,24,0.0
P002720,0.226658,2,NEGAR,,,
P002721,0.039091,9,APROVAR,0.0236,48,0.0
P002722,0.243935,2,NEGAR,,,
P002723,0.074973,6,APROVAR,0.0265,48,0.21
P002724,0.032954,10,APROVAR,0.0227,48,0.0
P002725,0.174034,3,NEGAR,,,
P002726,0.035969,10,APROVAR,0.0227,60,0.0
P002727,0.069814,6,APROVAR,0.0265,24,0.21
P002728,0.090944,5,APROVAR,0.0282,48,0.21
P002729,0.051687,8,APROVAR,0.0247,60,0.0
P002730,0.04753,8,APROVAR,0.0247,60,0.0
P002731,0.065013,7,APROVAR,0.0256,24,0.0
P002732,0.022851,10,APROVAR,0.0227,24,0.0
P002733,0.111594,4,NEGAR,,,
P002734,0.155595,3,NEGAR,,,
P002735,0.27042,2,NEGAR,,,
P002736,0.023889,10,APROVAR,0.0227,24,0.0
P002737,0.066276,7,APROVAR,0.0256,60,0.0
P002738,0.054257,7,APROVAR,0.0256,24,0.0
P002739,0.15473,3,NEGAR,,,
P002740,0.110553,4,NEGAR,,,
P002741,0.33697,1,NEGAR,,,
P002742,0.244177,2,NEGAR,,,
P002743,0.153332,3,NEGAR,,,
P002744,0.035332,10,APROVAR,0.0227,36,0.0
P002745,0.353613,1,NEGAR,,,
P002746,0.115506,4,NEGAR,,,
P002747,0.201222,3,NEGAR,,,
P002748,0.210699,2,NEGAR,,,
P002749,0.121199,4,NEGAR,,,
P002750,0.469146,1,NEGAR,,,
P002751,0.045183,8,APROVAR,0.0247,48,0.0
P002752,0.038644,9,APROVAR,0.0236,48,0.0
P002753,0.032402,10,APROVAR,0.0227,60,0.0
P002754,0.083729,6,APROVAR,0.0265,48,0.21
P002755,0.055462,7,APROVAR,0.0256,60,0.0
P002756,0.033152,10,APROVAR,0.0227,36,0.0
P002757,0.035015,10,APROVAR,0.0227,60,0.0
P002758,0.033337,10,APROVAR,0.0227,36,0.0
P002759,0.038253,9,APROVAR,0.0236,36,0.0
P002760,0.041342,9,APROVAR,0.0236,36,0.0
P002761,0.032738,10,APROVAR,0.0227,48,0.0
P002762,0.047406,8,APROVAR,0.0247,36,0.0
P002763,0.035454,10,APROVAR,0.0227,24,0.0
P002764,0.083481,6,APROVAR,0.0265,48,0.21
P002765,0.045682,8,APROVAR,0.0247,60,0.0
P002766,0.070766,6,APROVAR,0.0265,36,0.21
P002767,0.364883,1,NEGAR,,,
P002768,0.455568,1,NEGAR,,,
P002769,0.267254,2,NEGAR,,,
P002770,0.188547,3,NEGAR,,,
P002771,0.234386,2,NEGAR,,,
P002772,0.265848,2,NEGAR,,,
P002773,0.049965,8,APROVAR,0.0247,36,0.0
P002774,0.043656,9,APROVAR,0.0236,24,0.0
P002775,0.333034,1,NEGAR,,,
P002776,0.074181,6,APROVAR,0.0265,48,0.21
P002777,0.495544,1,NEGAR,,,
P002778,0.042264,9,APROVAR,0.0236,48,0.0
P002779,0.07912,6,APROVAR,0.0265,60,0.21
P002780,0.293116,2,NEGAR,,,
P002781,0.046761,8,APROVAR,0.0247,48,0.0
P002782,0.171321,3,NEGAR,,,
P002783,0.135182,4,NEGAR,,,
P002784,0.10805,4,NEGAR,,,
P002785,0.073653,6,APROVAR,0.0265,36,0.21
P002786,0.03823,9,APROVAR,0.0236,36,0.0
P002787,0.050309,8,APROVAR,0.0247,24,0.0
P002788,0.434906,1,NEGAR,,,
P002789,0.102551,5,APROVAR,0.0282,48,0.21
P002790,0.082321,6,APROVAR,0.0265,24,0.21
P002791,0.091585,5,APROVAR,0.0282,60,0.21
P002792,0.05043,8,APROVAR,0.0247,60,0.0
P002793,0.031387,10,APROVAR,0.0227,24,0.0
P002794,0.03236,10,APROVAR,0.0227,24,0.0
P002795,0.090575,5,APROVAR,0.0282,24,0.21
P002796,0.335735,1,NEGAR,,,
P002797,0.039695,9,APROVAR,0.0236,36,0.0
P002798,0.053896,8,APROVAR,0.0247,24,0.0
P002799,0.229068,2,NEGAR,,,
P002800,0.121479,4,NEGAR,,,
P002801,0.269493,2,NEGAR,,,
P002802,0.81822,1,NEGAR,,,
P002803,0.023828,10,APROVAR,0.0227,36,0.0
P002804,0.028549,10,APROVAR,0.0227,48,0.0
P002805,0.194818,3,NEGAR,,,
P002806,0.157366,3,NEGAR,,,
P002807,0.081989,6,APROVAR,0.0265,48,0.21
P002808,0.584535,1,NEGAR,,,
P002809,0.185476,3,NEGAR,,,
P002810,0.204145,3,NEGAR,,,
P002811,0.606552,1,NEGAR,,,
P002812,0.239566,2,NEGAR,,,
P002813,0.047506,8,APROVAR,0.0247,36,0.0
P002814,0.212578,2,NEGAR,,,
P002815,0.029158,10,APROVAR,0.0227,36,0.0
P002816,0.034663,10,APROVAR,0.0227,24,0.0
P002817,0.220033,2,NEGAR,,,
P002818,0.18657,3,NEGAR,,,
P002819,0.200155,3,NEGAR,,,
P002820,0.104937,5,APROVAR,0.0282,48,0.21
P002821,0.046765,8,APROVAR,0.0247,48,0.0
P002822,0.394784,1,NEGAR,,,
P002823,0.169343,3,NEGAR,,,
P002824,0.026026,10,APROVAR,0.0227,60,0.0
P002825,0.08721,5,APROVAR,0.0282,24,0.21
P002826,0.072619,6,APROVAR,0.0265,60,0.21
P002827,0.524039,1,NEGAR,,,
P002828,0.277035,2,NEGAR,,,
P002829,0.562187,1,NEGAR,,,
P002830,0.046977,8,APROVAR,0.0247,24,0.0
P002831,0.195357,3,NEGAR,,,
P002832,0.088757,5,APROVAR,0.0282,24,0.21
P002833,0.057211,7,APROVAR,0.0256,60,0.0
P002834,0.395796,1,NEGAR,,,
P002835,0.052063,8,APROVAR,0.0247,48,0.0
P002836,0.047137,8,APROVAR,0.0247,24,0.0
P002837,0.039641,9,APROVAR,0.0236,48,0.0
P002838,0.290137,2,NEGAR,,,
P002839,0.110479,4,NEGAR,,,
P002840,0.038006,9,APROVAR,0.0236,48,0.0
P002841,0.263558,2,NEGAR,,,
P002842,0.07995,6,APROVAR,0.0265,48,0.21
P002843,0.029172,10,APROVAR,0.0227,24,0.0
P002844,0.185056,3,NEGAR,,,
P002845,0.031463,10,APROVAR,0.0227,48,0.0
P002846,0.058679,7,APROVAR,0.0256,24,0.0
P002847,0.032616,10,APROVAR,0.0227,36,0.0
P002848,0.707758,1,NEGAR,,,
P002849,0.144159,3,NEGAR,,,
P002850,0.069998,6,APROVAR,0.0265,24,0.21
P002851,0.073168,6,APROVAR,0.0265,48,0.21
P002852,0.048097,8,APROVAR,0.0247,48,0.0
P002853,0.051232,8,APROVAR,0.0247,24,0.0
P002854,0.124459,4,NEGAR,,,
P002855,0.394677,1,NEGAR,,,
P002856,0.399863,1,NEGAR,,,
P002857,0.224833,2,NEGAR,,,
P002858,0.051972,8,APROVAR,0.0247,24,0.0
P002859,0.292912,2,NEGAR,,,
P002860,0.192461,3,NEGAR,,,
P002861,0.073033,6,APROVAR,0.0265,48,0.21
P002862,0.033408,10,APROVAR,0.0227,48,0.0
P002863,0.490643,1,NEGAR,,,
P002864,0.100801,5,APROVAR,0.0282,60,0.21
P002865,0.213661,2,NEGAR,,,
P002866,0.348708,1,NEGAR,,,
P002867,0.114073,4,NEGAR,,,
P002868,0.034541,10,APROVAR,0.0227,48,0.0
P002869,0.217144,2,NEGAR,,,
P002870,0.046917,8,APROVAR,0.0247,24,0.0
P002871,0.027457,10,APROVAR,0.0227,48,0.0
P002872,0.152457,3,NEGAR,,,
P002873,0.643862,1,NEGAR,,,
P002874,0.037075,9,APROVAR,0.0236,36,0.0
P002875,0.034278,10,APROVAR,0.0227,48,0.0
P002876,0.294753,2,NEGAR,,,
P002877,0.0568,7,APROVAR,0.0256,24,0.0
P002878,0.690302,1,NEGAR,,,
P002879,0.386615,1,NEGAR,,,
P002880,0.086259,5,APROVAR,0.0282,60,0.21
P002881,0.077415,6,APROVAR,0.0265,36,0.21
P002882,0.669647,1,NEGAR,,,
P002883,0.056054,7,APROVAR,0.0256,24,0.0
P002884,0.047008,8,APROVAR,0.0247,60,0.0
P002885,0.053311,8,APROVAR,0.0247,36,0.0
P002886,0.544633,1,NEGAR,,,
P002887,0.392321,1,NEGAR,,,
P002888,0.230895,2,NEGAR,,,
P002889,0.153865,3,NEGAR,,,
P002890,0.131626,4,NEGAR,,,
P002891,0.032973,10,APROVAR,0.0227,36,0.0
P002892,0.049815,8,APROVAR,0.0247,60,0.0
P002893,0.502928,1,NEGAR,,,
P002894,0.628365,1,NEGAR,,,
P002895,0.26375,2,NEGAR,,,
P002896,0.093819,5,APROVAR,0.0282,60,0.21
P002897,0.12756,4,NEGAR,,,
P002898,0.245596,2,NEGAR,,,
P002899,0.190544,3,NEGAR,,,
P002900,0.086681,5,APROVAR,0.0282,36,0.21
P002901,0.126148,4,NEGAR,,,
P002902,0.043733,9,APROVAR,0.0236,48,0.0
P002903,0.241555,2,NEGAR,,,
P002904,0.245807,2,NEGAR,,,
P002905,0.104745,5,APROVAR,0.0282,60,0.21
P002906,0.166715,3,NEGAR,,,
P002907,0.151346,3,NEGAR,,,
P002908,0.035308,10,APROVAR,0.0227,24,0.0
P002909,0.096294,5,APROVAR,0.0282,48,0.21
P002910,0.453229,1,NEGAR,,,
P002911,0.206578,3,NEGAR,,,
P002912,0.034751,10,APROVAR,0.0227,48,0.0
P002913,0.021083,10,APROVAR,0.0227,24,0.0
P002914,0.044339,9,APROVAR,0.0236,60,0.0
P002915,0.216516,2,NEGAR,,,
P002916,0.039994,9,APROVAR,0.0236,36,0.0
P002917,0.090791,5,APROVAR,0.0282,36,0.21
P002918,0.240434,2,NEGAR,,,
P002919,0.345112,1,NEGAR,,,
P002920,0.030979,10,APROVAR,0.0227,48,0.0
P002921,0.041671,9,APROVAR,0.0236,36,0.0
P002922,0.035361,10,APROVAR,0.0227,36,0.0
P002923,0.438887,1,NEGAR,,,
P002924,0.376375,1,NEGAR,,,
P002925,0.109407,4,NEGAR,,,
P002926,0.381543,1,NEGAR,,,
P002927,0.319235,1,NEGAR,,,
P002928,0.088502,5,APROVAR,0.0282,36,0.21
P002929,0.054934,7,APROVAR,0.0256,36,0.0
P002930,0.021747,10,APROVAR,0.0227,48,0.0
P002931,0.042651,9,APROVAR,0.0236,36,0.0
P002932,0.229215,2,NEGAR,,,
P002933,0.03176,10,APROVAR,0.0227,24,0.0
P002934,0.032674,10,APROVAR,0.0227,60,0.0
P002935,0.026365,10,APROVAR,0.0227,36,0.0
P002936,0.202361,3,NEGAR,,,
P002937,0.036574,10,APROVAR,0.0227,24,0.0
P002938,0.036865,10,APROVAR,0.0227,36,0.0
P002939,0.153662,3,NEGAR,,,
P002940,0.144533,3,NEGAR,,,
P002941,0.128086,4,NEGAR,,,
P002942,0.073331,6,APROVAR,0.0265,24,0.21
P002943,0.29237,2,NEGAR,,,
P002944,0.122284,4,NEGAR,,,
P002945,0.041508,9,APROVAR,0.0236,60,0.0
P002946,0.036783,10,APROVAR,0.0227,48,0.0
P002947,0.025192,10,APROVAR,0.0227,36,0.0
P002948,0.030428,10,APROVAR,0.0227,24,0.0
P002949,0.032521,10,APROVAR,0.0227,24,0.0
P002950,0.034031,10,APROVAR,0.0227,36,0.0
P002951,0.260459,2,NEGAR,,,
P002952,0.289244,2,NEGAR,,,
P002953,0.065675,7,APROVAR,0.0256,60,0.0
P002954,0.042808,9,APROVAR,0.0236,36,0.0
P002955,0.316209,1,NEGAR,,,
P002956,0.055099,7,APROVAR,0.0256,60,0.0
P002957,0.055246,7,APROVAR,0.0256,48,0.0
P002958,0.231629,2,NEGAR,,,
P002959,0.039614,9,APROVAR,0.0236,48,0.0
P002960,0.111184,4,NEGAR,,,
P002961,0.047476,8,APROVAR,0.0247,60,0.0
P002962,0.133137,4,NEGAR,,,
P002963,0.229452,2,NEGAR,,,
P002964,0.037954,9,APROVAR,0.0236,36,0.0
P002965,0.112958,4,NEGAR,,,
P002966,0.036949,9,APROVAR,0.0236,48,0.0
P002967,0.05558,7,APROVAR,0.0256,36,0.0
P002968,0.296928,2,NEGAR,,,
P002969,0.608854,1,NEGAR,,,
P002970,0.24507,2,NEGAR,,,
P002971,0.271911,2,NEGAR,,,
P002972,0.083765,6,APROVAR,0.0265,24,0.21
P002973,0.234839,2,NEGAR,,,
P002974,0.038877,9,APROVAR,0.0236,60,0.0
P002975,0.040372,9,APROVAR,0.0236,48,0.0
P002976,0.422422,1,NEGAR,,,
P002977,0.336567,1,NEGAR,,,
P002978,0.049327,8,APROVAR,0.0247,36,0.0
P002979,0.188332,3,NEGAR,,,
P002980,0.030818,10,APROVAR,0.0227,36,0.0
P002981,0.209427,3,NEGAR,,,
P002982,0.072549,6,APROVAR,0.0265,36,0.21
P002983,0.063114,7,APROVAR,0.0256,24,0.0
P002984,0.087896,5,APROVAR,0.0282,24,0.21
P002985,0.043624,9,APROVAR,0.0236,48,0.0
P002986,0.550325,1,NEGAR,,,
P002987,0.058125,7,APROVAR,0.0256,36,0.0
P002988,0.245678,2,NEGAR,,,
P002989,0.486742,1,NEGAR,,,
P002990,0.570021,1,NEGAR,,,
P002991,0.065017,7,APROVAR,0.0256,36,0.0
P002992,0.054673,7,APROVAR,0.0256,24,0.0
P002993,0.209866,2,NEGAR,,,
P002994,0.271331,2,NEGAR,,,
P002995,0.193415,3,NEGAR,,,
P002996,0.050166,8,APROVAR,0.0247,36,0.0
P002997,0.21583,2,NEGAR,,,
P002998,0.172363,3,NEGAR,,,
P002999,0.240219,2,NEGAR,,,
P003000,0.040195,9,APROVAR,0.0236,24,0.0
P003001,0.258151,2,NEGAR,,,
P003002,0.044543,9,APROVAR,0.0236,24,0.0
P003003,0.171521,3,NEGAR,,,
P003004,0.692372,1,NEGAR,,,
P003005,0.050842,8,APROVAR,0.0247,48,0.0
P003006,0.034633,10,APROVAR,0.0227,36,0.0
P003007,0.032547,10,APROVAR,0.0227,60,0.0
P003008,0.051728,8,APROVAR,0.0247,60,0.0
P003009,0.043391,9,APROVAR,0.0236,48,0.0
P003010,0.04881,8,APROVAR,0.0247,24,0.0
P003011,0.055484,7,APROVAR,0.0256,48,0.0
P003012,0.034665,10,APROVAR,0.0227,60,0.0
P003013,0.049197,8,APROVAR,0.0247,24,0.0
P003014,0.213287,2,NEGAR,,,
P003015,0.282617,2,NEGAR,,,
P003016,0.33774,1,NEGAR,,,
P003017,0.071283,6,APROVAR,0.0265,60,0.21
P003018,0.655661,1,NEGAR,,,
P003019,0.273497,2,NEGAR,,,
P003020,0.071575,6,APROVAR,0.0265,24,0.21
P003021,0.100762,5,APROVAR,0.0282,24,0.21
P003022,0.110459,4,NEGAR,,,
P003023,0.153751,3,NEGAR,,,
P003024,0.028129,10,APROVAR,0.0227,48,0.0
P003025,0.041939,9,APROVAR,0.0236,36,0.0
P003026,0.138463,4,NEGAR,,,
P003027,0.060112,7,APROVAR,0.0256,36,0.0
P003028,0.817295,1,NEGAR,,,
P003029,0.247554,2,NEGAR,,,
P003030,0.042115,9,APROVAR,0.0236,36,0.0
P003031,0.060866,7,APROVAR,0.0256,48,0.0
P003032,0.108492,4,NEGAR,,,
P003033,0.078315,6,APROVAR,0.0265,60,0.21
P003034,0.039345,9,APROVAR,0.0236,36,0.0
P003035,0.666864,1,NEGAR,,,
P003036,0.057418,7,APROVAR,0.0256,48,0.0
P003037,0.021214,10,APROVAR,0.0227,48,0.0
P003038,0.249126,2,NEGAR,,,
P003039,0.065402,7,APROVAR,0.0256,36,0.0
P003040,0.056721,7,APROVAR,0.0256,48,0.0
P003041,0.544935,1,NEGAR,,,
P003042,0.417162,1,NEGAR,,,
P003043,0.05354,8,APROVAR,0.0247,24,0.0
P003044,0.052743,8,APROVAR,0.0247,48,0.0
P003045,0.135077,4,NEGAR,,,
P003046,0.057477,7,APROVAR,0.0256,36,0.0
P003047,0.292615,2,NEGAR,,,
P003048,0.067249,6,APROVAR,0.0265,60,0.21
P003049,0.066659,6,APROVAR,0.0265,48,0.21
P003050,0.070819,6,APROVAR,0.0265,60,0.21
P003051,0.413662,1,NEGAR,,,
P003052,0.022407,10,APROVAR,0.0227,60,0.0
P003053,0.045287,8,APROVAR,0.0247,60,0.0
P003054,0.052018,8,APROVAR,0.0247,60,0.0
P003055,0.303006,1,NEGAR,,,
P003056,0.407436,1,NEGAR,,,
P003057,0.03668,10,APROVAR,0.0227,24,0.0
P003058,0.039896,9,APROVAR,0.0236,36,0.0
P003059,0.059336,7,APROVAR,0.0256,24,0.0
P003060,0.039888,9,APROVAR,0.0236,24,0.0
P003061,0.092467,5,APROVAR,0.0282,48,0.21
P003062,0.277305,2,NEGAR,,,
P003063,0.026345,10,APROVAR,0.0227,24,0.0
P003064,0.080755,6,APROVAR,0.0265,60,0.21
P003065,0.036877,10,APROVAR,0.0227,60,0.0
P003066,0.051008,8,APROVAR,0.0247,60,0.0
P003067,0.082751,6,APROVAR,0.0265,60,0.21
P003068,0.217939,2,NEGAR,,,
P003069,0.024284,10,APROVAR,0.0227,24,0.0
P003070,0.355892,1,NEGAR,,,
P003071,0.052976,8,APROVAR,0.0247,60,0.0
P003072,0.19274,3,NEGAR,,,
P003073,0.168317,3,NEGAR,,,
P003074,0.233668,2,NEGAR,,,
P003075,0.065694,7,APROVAR,0.0256,36,0.0
P003076,0.20161,3,NEGAR,,,
P003077,0.262971,2,NEGAR,,,
P003078,0.433934,1,NEGAR,,,
P003079,0.484288,1,NEGAR,,,
P003080,0.039949,9,APROVAR,0.0236,24,0.0
P003081,0.079524,6,APROVAR,0.0265,60,0.21
P003082,0.054912,7,APROVAR,0.0256,36,0.0
P003083,0.040448,9,APROVAR,0.0236,60,0.0
P003084,0.288026,2,NEGAR,,,
P003085,0.06248,7,APROVAR,0.0256,48,0.0
P003086,0.082362,6,APROVAR,0.0265,60,0.21
P003087,0.061677,7,APROVAR,0.0256,36,0.0
P003088,0.179797,3,NEGAR,,,
P003089,0.057597,7,APROVAR,0.0256,36,0.0
P003090,0.481034,1,NEGAR,,,
P003091,0.027401,10,APROVAR,0.0227,60,0.0
P003092,0.533807,1,NEGAR,,,
P003093,0.03584,10,APROVAR,0.0227,60,0.0
P003094,0.087211,5,APROVAR,0.0282,48,0.21
P003095,0.069312,6,APROVAR,0.0265,24,0.21
P003096,0.292913,2,NEGAR,,,
P003097,0.028891,10,APROVAR,0.0227,24,0.0
P003098,0.07017,6,APROVAR,0.0265,60,0.21
P003099,0.053504,8,APROVAR,0.0247,48,0.0
P003100,0.241718,2,NEGAR,,,
P003101,0.044857,8,APROVAR,0.0247,48,0.0
P003102,0.790974,1,NEGAR,,,
P003103,0.51985,1,NEGAR,,,
P003104,0.195578,3,NEGAR,,,
P003105,0.046615,8,APROVAR,0.0247,60,0.0
P003106,0.032084,10,APROVAR,0.0227,36,0.0
P003107,0.103549,5,APROVAR,0.0282,60,0.21
P003108,0.138504,4,NEGAR,,,
P003109,0.100378,5,APROVAR,0.0282,60,0.21
P003110,0.047874,8,APROVAR,0.0247,48,0.0
P003111,0.1903,3,NEGAR,,,
P003112,0.072261,6,APROVAR,0.0265,60,0.21
P003113,0.120001,4,NEGAR,,,
P003114,0.033215,10,APROVAR,0.0227,60,0.0
P003115,0.025013,10,APROVAR,0.0227,60,0.0
P003116,0.17487,3,NEGAR,,,
P003117,0.046284,8,APROVAR,0.0247,36,0.0
P003118,0.325155,1,NEGAR,,,
P003119,0.315829,1,NEGAR,,,
P003120,0.038131,9,APROVAR,0.0236,60,0.0
P003121,0.285282,2,NEGAR,,,
P003122,0.037534,9,APROVAR,0.0236,36,0.0
P003123,0.517064,1,NEGAR,,,
P003124,0.301223,2,NEGAR,,,
P003125,0.028839,10,APROVAR,0.0227,48,0.0
P003126,0.090249,5,APROVAR,0.0282,24,0.21
P003127,0.286892,2,NEGAR,,,
P003128,0.243289,2,NEGAR,,,
P003129,0.058151,7,APROVAR,0.0256,48,0.0
P003130,0.072658,6,APROVAR,0.0265,36,0.21
P003131,0.151646,3,NEGAR,,,
P003132,0.050467,8,APROVAR,0.0247,24,0.0
P003133,0.073741,6,APROVAR,0.0265,48,0.21
P003134,0.39613,1,NEGAR,,,
P003135,0.037451,9,APROVAR,0.0236,24,0.0
P003136,0.183102,3,NEGAR,,,
P003137,0.050084,8,APROVAR,0.0247,36,0.0
P003138,0.127532,4,NEGAR,,,
P003139,0.181185,3,NEGAR,,,
P003140,0.086927,5,APROVAR,0.0282,24,0.21
P003141,0.080967,6,APROVAR,0.0265,48,0.21
P003142,0.052842,8,APROVAR,0.0247,60,0.0
P003143,0.347031,1,NEGAR,,,
P003144,0.178446,3,NEGAR,,,
P003145,0.10539,5,APROVAR,0.0282,48,0.21
P003146,0.161289,3,NEGAR,,,
P003147,0.381355,1,NEGAR,,,
P003148,0.126822,4,NEGAR,,,
P003149,0.182368,3,NEGAR,,,
P003150,0.25799,2,NEGAR,,,
P003151,0.035405,10,APROVAR,0.0227,24,0.0
P003152,0.205423,3,NEGAR,,,
P003153,0.211155,2,NEGAR,,,
P003154,0.260808,2,NEGAR,,,
P003155,0.299336,2,NEGAR,,,
P003156,0.412831,1,NEGAR,,,
P003157,0.060167,7,APROVAR,0.0256,36,0.0
P003158,0.031924,10,APROVAR,0.0227,60,0.0
P003159,0.133441,4,NEGAR,,,
P003160,0.047857,8,APROVAR,0.0247,36,0.0
P003161,0.04078,9,APROVAR,0.0236,60,0.0
P003162,0.034793,10,APROVAR,0.0227,48,0.0
P003163,0.300815,2,NEGAR,,,
P003164,0.034479,10,APROVAR,0.0227,60,0.0
P003165,0.1926,3,NEGAR,,,
P003166,0.093725,5,APROVAR,0.0282,24,0.21
P003167,0.177726,3,NEGAR,,,
P003168,0.152048,3,NEGAR,,,
P003169,0.373347,1,NEGAR,,,
P003170,0.031391,10,APROVAR,0.0227,24,0.0
P003171,0.113869,4,NEGAR,,,
P003172,0.064903,7,APROVAR,0.0256,36,0.0
P003173,0.037404,9,APROVAR,0.0236,60,0.0
P003174,0.21125,2,NEGAR,,,
P003175,0.417145,1,NEGAR,,,
P003176,0.031876,10,APROVAR,0.0227,60,0.0
P003177,0.231941,2,NEGAR,,,
P003178,0.514296,1,NEGAR,,,
P003179,0.155164,3,NEGAR,,,
P003180,0.056363,7,APROVAR,0.0256,48,0.0
P003181,0.060165,7,APROVAR,0.0256,60,0.0
P003182,0.498349,1,NEGAR,,,
P003183,0.19534,3,NEGAR,,,
P003184,0.11102,4,NEGAR,,,
P003185,0.029164,10,APROVAR,0.0227,36,0.0
P003186,0.327902,1,NEGAR,,,
P003187,0.0738,6,APROVAR,0.0265,24,0.21
P003188,0.020361,10,APROVAR,0.0227,36,0.0
P003189,0.078395,6,APROVAR,0.0265,60,0.21
P003190,0.033912,10,APROVAR,0.0227,36,0.0
P003191,0.330589,1,NEGAR,,,
P003192,0.061387,7,APROVAR,0.0256,60,0.0
P003193,0.260744,2,NEGAR,,,
P003194,0.139994,4,NEGAR,,,
P003195,0.106104,5,APROVAR,0.0282,36,0.21
P003196,0.415113,1,NEGAR,,,
P003197,0.230715,2,NEGAR,,,
P003198,0.031959,10,APROVAR,0.0227,60,0.0
P003199,0.039679,9,APROVAR,0.0236,36,0.0
P003200,0.099274,5,APROVAR,0.0282,48,0.21
P003201,0.055545,7,APROVAR,0.0256,48,0.0
P003202,0.324479,1,NEGAR,,,
P003203,0.045928,8,APROVAR,0.0247,24,0.0
P003204,0.226716,2,NEGAR,,,
P003205,0.032028,10,APROVAR,0.0227,48,0.0
P003206,0.305544,1,NEGAR,,,
P003207,0.073776,6,APROVAR,0.0265,24,0.21
P003208,0.063058,7,APROVAR,0.0256,60,0.0
P003209,0.028573,10,APROVAR,0.0227,36,0.0
P003210,0.068243,6,APROVAR,0.0265,48,0.21
P003211,0.026007,10,APROVAR,0.0227,48,0.0
P003212,0.035538,10,APROVAR,0.0227,48,0.0
P003213,0.052532,8,APROVAR,0.0247,48,0.0
P003214,0.048376,8,APROVAR,0.0247,60,0.0
P003215,0.057795,7,APROVAR,0.0256,48,0.0
P003216,0.205407,3,NEGAR,,,
P003217,0.323363,1,NEGAR,,,
P003218,0.034549,10,APROVAR,0.0227,60,0.0
P003219,0.049356,8,APROVAR,0.0247,60,0.0
P003220,0.193285,3,NEGAR,,,
P003221,0.384303,1,NEGAR,,,
P003222,0.571831,1,NEGAR,,,
P003223,0.257587,2,NEGAR,,,
P003224,0.272386,2,NEGAR,,,
P003225,0.045823,8,APROVAR,0.0247,36,0.0
P003226,0.093222,5,APROVAR,0.0282,48,0.21
P003227,0.135351,4,NEGAR,,,
P003228,0.052806,8,APROVAR,0.0247,24,0.0
P003229,0.044454,9,APROVAR,0.0236,48,0.0
P003230,0.082422,6,APROVAR,0.0265,48,0.21
P003231,0.044518,9,APROVAR,0.0236,36,0.0
P003232,0.041774,9,APROVAR,0.0236,48,0.0
P003233,0.294055,2,NEGAR,,,
P003234,0.085631,5,APROVAR,0.0282,24,0.21
P003235,0.082114,6,APROVAR,0.0265,48,0.21
P003236,0.026427,10,APROVAR,0.0227,36,0.0
P003237,0.031939,10,APROVAR,0.0227,60,0.0
P003238,0.071888,6,APROVAR,0.0265,48,0.21
P003239,0.056725,7,APROVAR,0.0256,36,0.0
P003240,0.057147,7,APROVAR,0.0256,48,0.0
P003241,0.050828,8,APROVAR,0.0247,48,0.0
P003242,0.154213,3,NEGAR,,,
P003243,0.253641,2,NEGAR,,,
P003244,0.481472,1,NEGAR,,,
P003245,0.606376,1,NEGAR,,,
P003246,0.499777,1,NEGAR,,,
P003247,0.213496,2,NEGAR,,,
P003248,0.080812,6,APROVAR,0.0265,24,0.21
P003249,0.036626,10,APROVAR,0.0227,24,0.0
P003250,0.038283,9,APROVAR,0.0236,48,0.0
P003251,0.26523,2,NEGAR,,,
P003252,0.051157,8,APROVAR,0.0247,48,0.0
P003253,0.160637,3,NEGAR,,,
P003254,0.097456,5,APROVAR,0.0282,60,0.21
P003255,0.342117,1,NEGAR,,,
P003256,0.300488,2,NEGAR,,,
P003257,0.052415,8,APROVAR,0.0247,24,0.0
P003258,0.336133,1,NEGAR,,,
P003259,0.245978,2,NEGAR,,,
P003260,0.227537,2,NEGAR,,,
P003261,0.060859,7,APROVAR,0.0256,24,0.0
P003262,0.038815,9,APROVAR,0.0236,36,0.0
P003263,0.098159,5,APROVAR,0.0282,60,0.21
P003264,0.051744,8,APROVAR,0.0247,60,0.0
P003265,0.080499,6,APROVAR,0.0265,60,0.21
P003266,0.050138,8,APROVAR,0.0247,36,0.0
P003267,0.121731,4,NEGAR,,,
P003268,0.200608,3,NEGAR,,,
P003269,0.131314,4,NEGAR,,,
P003270,0.045802,8,APROVAR,0.0247,60,0.0
P003271,0.061435,7,APROVAR,0.0256,48,0.0
P003272,0.034929,10,APROVAR,0.0227,36,0.0
P003273,0.04272,9,APROVAR,0.0236,24,0.0
P003274,0.205899,3,NEGAR,,,
P003275,0.039301,9,APROVAR,0.0236,48,0.0
P003276,0.139564,4,NEGAR,,,
P003277,0.062039,7,APROVAR,0.0256,36,0.0
P003278,0.366747,1,NEGAR,,,
P003279,0.043272,9,APROVAR,0.0236,36,0.0
P003280,0.069067,6,APROVAR,0.0265,36,0.21
P003281,0.231927,2,NEGAR,,,
P003282,0.091468,5,APROVAR,0.0282,24,0.21
P003283,0.339618,1,NEGAR,,,
P003284,0.036751,10,APROVAR,0.0227,36,0.0
P003285,0.48184,1,NEGAR,,,
P003286,0.160317,3,NEGAR,,,
P003287,0.454395,1,NEGAR,,,
P003288,0.050414,8,APROVAR,0.0247,24,0.0
P003289,0.034986,10,APROVAR,0.0227,36,0.0
P003290,0.058582,7,APROVAR,0.0256,24,0.0
P003291,0.482979,1,NEGAR,,,
P003292,0.041053,9,APROVAR,0.0236,60,0.0
P003293,0.067847,6,APROVAR,0.0265,24,0.21
P003294,0.431163,1,NEGAR,,,
P003295,0.054217,7,APROVAR,0.0256,24,0.0
P003296,0.271807,2,NEGAR,,,
P003297,0.156188,3,NEGAR,,,
P003298,0.180839,3,NEGAR,,,
P003299,0.132365,4,NEGAR,,,
P003300,0.054369,7,APROVAR,0.0256,60,0.0
P003301,0.067495,6,APROVAR,0.0265,24,0.21
P003302,0.125598,4,NEGAR,,,
P003303,0.092541,5,APROVAR,0.0282,60,0.21
P003304,0.063554,7,APROVAR,0.0256,24,0.0
P003305,0.583997,1,NEGAR,,,
P003306,0.035933,10,APROVAR,0.0227,48,0.0
P003307,0.038921,9,APROVAR,0.0236,48,0.0
P003308,0.043148,9,APROVAR,0.0236,24,0.0
P003309,0.338157,1,NEGAR,,,
P003310,0.112613,4,NEGAR,,,
P003311,0.294571,2,NEGAR,,,
P003312,0.219862,2,NEGAR,,,
P003313,0.03861,9,APROVAR,0.0236,36,0.0
P003314,0.366015,1,NEGAR,,,
P003315,0.135203,4,NEGAR,,,
P003316,0.135702,4,NEGAR,,,
P003317,0.345249,1,NEGAR,,,
P003318,0.364046,1,NEGAR,,,
P003319,0.048615,8,APROVAR,0.0247,24,0.0
P003320,0.053779,8,APROVAR,0.0247,36,0.0
P003321,0.04316,9,APROVAR,0.0236,60,0.0
P003322,0.06715,6,APROVAR,0.0265,24,0.21
P003323,0.065972,7,APROVAR,0.0256,36,0.0
P003324,0.590346,1,NEGAR,,,
P003325,0.30569,1,NEGAR,,,
P003326,0.038297,9,APROVAR,0.0236,24,0.0
P003327,0.065287,7,APROVAR,0.0256,48,0.0
P003328,0.050844,8,APROVAR,0.0247,48,0.0
P003329,0.037541,9,APROVAR,0.0236,24,0.0
P003330,0.125222,4,NEGAR,,,
P003331,0.327125,1,NEGAR,,,
P003332,0.035155,10,APROVAR,0.0227,60,0.0
P003333,0.24928,2,NEGAR,,,
P003334,0.107601,4,NEGAR,,,
P003335,0.223589,2,NEGAR,,,
P003336,0.06648,6,APROVAR,0.0265,48,0.21
P003337,0.291399,2,NEGAR,,,
P003338,0.072674,6,APROVAR,0.0265,36,0.21
P003339,0.329611,1,NEGAR,,,
P003340,0.21505,2,NEGAR,,,
P003341,0.495776,1,NEGAR,,,
P003342,0.330706,1,NEGAR,,,
P003343,0.067284,6,APROVAR,0.0265,48,0.21
P003344,0.27247,2,NEGAR,,,
P003345,0.113913,4,NEGAR,,,
P003346,0.040836,9,APROVAR,0.0236,48,0.0
P003347,0.029654,10,APROVAR,0.0227,60,0.0
P003348,0.561396,1,NEGAR,,,
P003349,0.040728,9,APROVAR,0.0236,48,0.0
P003350,0.244421,2,NEGAR,,,
P003351,0.578527,1,NEGAR,,,
P003352,0.06437,7,APROVAR,0.0256,48,0.0
P003353,0.054029,8,APROVAR,0.0247,48,0.0
P003354,0.050976,8,APROVAR,0.0247,36,0.0
P003355,0.334653,1,NEGAR,,,
P003356,0.229007,2,NEGAR,,,
P003357,0.050904,8,APROVAR,0.0247,60,0.0
P003358,0.064921,7,APROVAR,0.0256,48,0.0
P003359,0.08325,6,APROVAR,0.0265,36,0.21
P003360,0.046506,8,APROVAR,0.0247,36,0.0
P003361,0.099056,5,APROVAR,0.0282,36,0.21
P003362,0.059195,7,APROVAR,0.0256,60,0.0
P003363,0.120991,4,NEGAR,,,
P003364,0.056532,7,APROVAR,0.0256,36,0.0
P003365,0.395482,1,NEGAR,,,
P003366,0.137839,4,NEGAR,,,
P003367,0.276403,2,NEGAR,,,
P003368,0.215963,2,NEGAR,,,
P003369,0.236159,2,NEGAR,,,
P003370,0.084235,5,APROVAR,0.0282,48,0.21
P003371,0.102253,5,APROVAR,0.0282,48,0.21
P003372,0.039235,9,APROVAR,0.0236,60,0.0
P003373,0.040467,9,APROVAR,0.0236,48,0.0
P003374,0.106014,5,APROVAR,0.0282,36,0.21
P003375,0.139826,4,NEGAR,,,
P003376,0.087915,5,APROVAR,0.0282,48,0.21
P003377,0.101023,5,APROVAR,0.0282,24,0.21
P003378,0.084879,5,APROVAR,0.0282,60,0.21
P003379,0.057147,7,APROVAR,0.0256,48,0.0
P003380,0.23964,2,NEGAR,,,
P003381,0.028125,10,APROVAR,0.0227,60,0.0
P003382,0.298982,2,NEGAR,,,
P003383,0.165237,3,NEGAR,,,
P003384,0.544229,1,NEGAR,,,
P003385,0.084773,5,APROVAR,0.0282,36,0.21
P003386,0.114163,4,NEGAR,,,
P003387,0.634767,1,NEGAR,,,
P003388,0.269167,2,NEGAR,,,
P003389,0.07195,6,APROVAR,0.0265,36,0.21
P003390,0.106713,4,NEGAR,,,
P003391,0.215183,2,NEGAR,,,
P003392,0.194561,3,NEGAR,,,
P003393,0.090797,5,APROVAR,0.0282,36,0.21
P003394,0.038614,9,APROVAR,0.0236,24,0.0
P003395,0.113605,4,NEGAR,,,
P003396,0.242317,2,NEGAR,,,
P003397,0.039647,9,APROVAR,0.0236,48,0.0
P003398,0.050443,8,APROVAR,0.0247,48,0.0
P003399,0.041097,9,APROVAR,0.0236,60,0.0
P003400,0.188444,3,NEGAR,,,
P003401,0.196626,3,NEGAR,,,
P003402,0.03568,10,APROVAR,0.0227,24,0.0
P003403,0.112903,4,NEGAR,,,
P003404,0.046458,8,APROVAR,0.0247,36,0.0
P003405,0.047757,8,APROVAR,0.0247,24,0.0
P003406,0.328616,1,NEGAR,,,
P003407,0.056673,7,APROVAR,0.0256,24,0.0
P003408,0.100656,5,APROVAR,0.0282,24,0.21
P003409,0.182084,3,NEGAR,,,
P003410,0.038826,9,APROVAR,0.0236,36,0.0
P003411,0.266565,2,NEGAR,,,
P003412,0.211621,2,NEGAR,,,
P003413,0.143338,3,NEGAR,,,
P003414,0.173504,3,NEGAR,,,
P003415,0.36104,1,NEGAR,,,
P003416,0.053252,8,APROVAR,0.0247,48,0.0
P003417,0.546699,1,NEGAR,,,
P003418,0.14992,3,NEGAR,,,
P003419,0.352662,1,NEGAR,,,
P003420,0.035242,10,APROVAR,0.0227,48,0.0
P003421,0.042706,9,APROVAR,0.0236,48,0.0
P003422,0.057947,7,APROVAR,0.0256,24,0.0
P003423,0.24121,2,NEGAR,,,
P003424,0.256481,2,NEGAR,,,
P003425,0.12291,4,NEGAR,,,
P003426,0.173989,3,NEGAR,,,
P003427,0.066141,7,APROVAR,0.0256,48,0.0
P003428,0.049729,8,APROVAR,0.0247,60,0.0
P003429,0.291983,2,NEGAR,,,
P003430,0.052751,8,APROVAR,0.0247,48,0.0
P003431,0.079759,6,APROVAR,0.0265,36,0.21
P003432,0.041144,9,APROVAR,0.0236,24,0.0
P003433,0.238765,2,NEGAR,,,
P003434,0.150656,3,NEGAR,,,
P003435,0.029661,10,APROVAR,0.0227,60,0.0
P003436,0.045999,8,APROVAR,0.0247,48,0.0
P003437,0.081994,6,APROVAR,0.0265,48,0.21
P003438,0.048777,8,APROVAR,0.0247,48,0.0
P003439,0.333407,1,NEGAR,,,
P003440,0.479608,1,NEGAR,,,
P003441,0.14771,3,NEGAR,,,
P003442,0.124197,4,NEGAR,,,
P003443,0.070471,6,APROVAR,0.0265,48,0.21
P003444,0.03689,10,APROVAR,0.0227,48,0.0
P003445,0.058314,7,APROVAR,0.0256,48,0.0
P003446,0.315395,1,NEGAR,,,
P003447,0.046799,8,APROVAR,0.0247,24,0.0
P003448,0.037974,9,APROVAR,0.0236,24,0.0
P003449,0.299824,2,NEGAR,,,
P003450,0.091722,5,APROVAR,0.0282,48,0.21
P003451,0.032654,10,APROVAR,0.0227,24,0.0
P003452,0.050331,8,APROVAR,0.0247,24,0.0
P003453,0.158687,3,NEGAR,,,
P003454,0.039638,9,APROVAR,0.0236,48,0.0
P003455,0.334724,1,NEGAR,,,
P003456,0.039125,9,APROVAR,0.0236,24,0.0
P003457,0.094382,5,APROVAR,0.0282,48,0.21
P003458,0.097637,5,APROVAR,0.0282,60,0.21
P003459,0.046367,8,APROVAR,0.0247,24,0.0
P003460,0.045622,8,APROVAR,0.0247,36,0.0
P003461,0.040973,9,APROVAR,0.0236,60,0.0
P003462,0.158941,3,NEGAR,,,
P003463,0.028227,10,APROVAR,0.0227,36,0.0
P003464,0.587376,1,NEGAR,,,
P003465,0.142765,4,NEGAR,,,
P003466,0.070155,6,APROVAR,0.0265,48,0.21
P003467,0.052771,8,APROVAR,0.0247,24,0.0
P003468,0.106757,4,NEGAR,,,
P003469,0.081266,6,APROVAR,0.0265,24,0.21
P003470,0.107733,4,NEGAR,,,
P003471,0.071717,6,APROVAR,0.0265,48,0.21
P003472,0.229885,2,NEGAR,,,
P003473,0.037975,9,APROVAR,0.0236,48,0.0
P003474,0.088363,5,APROVAR,0.0282,48,0.21
P003475,0.037148,9,APROVAR,0.0236,24,0.0
P003476,0.172961,3,NEGAR,,,
P003477,0.275316,2,NEGAR,,,
P003478,0.057871,7,APROVAR,0.0256,48,0.0
P003479,0.314411,1,NEGAR,,,
P003480,0.233849,2,NEGAR,,,
P003481,0.390623,1,NEGAR,,,
P003482,0.136168,4,NEGAR,,,
P003483,0.042455,9,APROVAR,0.0236,24,0.0
P003484,0.044035,9,APROVAR,0.0236,60,0.0
P003485,0.240395,2,NEGAR,,,
P003486,0.054834,7,APROVAR,0.0256,36,0.0
P003487,0.110118,4,NEGAR,,,
P003488,0.31492,1,NEGAR,,,
P003489,0.195821,3,NEGAR,,,
P003490,0.042386,9,APROVAR,0.0236,48,0.0
P003491,0.049731,8,APROVAR,0.0247,36,0.0
P003492,0.032815,10,APROVAR,0.0227,36,0.0
P003493,0.035607,10,APROVAR,0.0227,60,0.0
P003494,0.042561,9,APROVAR,0.0236,60,0.0
P003495,0.056917,7,APROVAR,0.0256,48,0.0
P003496,0.142423,4,NEGAR,,,
P003497,0.048746,8,APROVAR,0.0247,48,0.0
P003498,0.036581,10,APROVAR,0.0227,24,0.0
P003499,0.066188,7,APROVAR,0.0256,60,0.0
P003500,0.206115,3,NEGAR,,,
P003501,0.03828,9,APROVAR,0.0236,48,0.0
P003502,0.028461,10,APROVAR,0.0227,36,0.0
P003503,0.119001,4,NEGAR,,,
P003504,0.040904,9,APROVAR,0.0236,24,0.0
P003505,0.033549,10,APROVAR,0.0227,48,0.0
P003506,0.248157,2,NEGAR,,,
P003507,0.062032,7,APROVAR,0.0256,24,0.0
P003508,0.17837,3,NEGAR,,,
P003509,0.257805,2,NEGAR,,,
P003510,0.035713,10,APROVAR,0.0227,24,0.0
P003511,0.108644,4,NEGAR,,,
P003512,0.157965,3,NEGAR,,,
P003513,0.06776,6,APROVAR,0.0265,48,0.21
P003514,0.123585,4,NEGAR,,,
P003515,0.058843,7,APROVAR,0.0256,48,0.0
P003516,0.515704,1,NEGAR,,,
P003517,0.027846,10,APROVAR,0.0227,60,0.0
P003518,0.055074,7,APROVAR,0.0256,48,0.0
P003519,0.344583,1,NEGAR,,,
P003520,0.200154,3,NEGAR,,,
P003521,0.104559,5,APROVAR,0.0282,48,0.21
P003522,0.025547,10,APROVAR,0.0227,60,0.0
P003523,0.139131,4,NEGAR,,,
P003524,0.077187,6,APROVAR,0.0265,24,0.21
P003525,0.136334,4,NEGAR,,,
P003526,0.317183,1,NEGAR,,,
P003527,0.043601,9,APROVAR,0.0236,36,0.0
P003528,0.180428,3,NEGAR,,,
P003529,0.181038,3,NEGAR,,,
P003530,0.028645,10,APROVAR,0.0227,36,0.0
P003531,0.036165,10,APROVAR,0.0227,24,0.0
P003532,0.052859,8,APROVAR,0.0247,48,0.0
P003533,0.579496,1,NEGAR,,,
P003534,0.066746,6,APROVAR,0.0265,48,0.21
P003535,0.03527,10,APROVAR,0.0227,36,0.0
P003536,0.039864,9,APROVAR,0.0236,48,0.0
P003537,0.1961,3,NEGAR,,,
P003538,0.048304,8,APROVAR,0.0247,36,0.0
P003539,0.516765,1,NEGAR,,,
P003540,0.295113,2,NEGAR,,,
P003541,0.526967,1,NEGAR,,,
P003542,0.04251,9,APROVAR,0.0236,24,0.0
P003543,0.070674,6,APROVAR,0.0265,60,0.21
P003544,0.111279,4,NEGAR,,,
P003545,0.297178,2,NEGAR,,,
P003546,0.085962,5,APROVAR,0.0282,36,0.21
P003547,0.598351,1,NEGAR,,,
P003548,0.316508,1,NEGAR,,,
P003549,0.105959,5,APROVAR,0.0282,48,0.21
P003550,0.08046,6,APROVAR,0.0265,24,0.21
P003551,0.028527,10,APROVAR,0.0227,36,0.0
P003552,0.471603,1,NEGAR,,,
P003553,0.308477,1,NEGAR,,,
P003554,0.047285,8,APROVAR,0.0247,24,0.0
P003555,0.187229,3,NEGAR,,,
P003556,0.17327,3,NEGAR,,,
P003557,0.044036,9,APROVAR,0.0236,24,0.0
P003558,0.180878,3,NEGAR,,,
P003559,0.092828,5,APROVAR,0.0282,48,0.21
P003560,0.027295,10,APROVAR,0.0227,36,0.0
P003561,0.156681,3,NEGAR,,,
P003562,0.056667,7,APROVAR,0.0256,36,0.0
P003563,0.071571,6,APROVAR,0.0265,36,0.21
P003564,0.096285,5,APROVAR,0.0282,60,0.21
P003565,0.541409,1,NEGAR,,,
P003566,0.228081,2,NEGAR,,,
P003567,0.041941,9,APROVAR,0.0236,36,0.0
P003568,0.049894,8,APROVAR,0.0247,24,0.0
P003569,0.101548,5,APROVAR,0.0282,48,0.21
P003570,0.320886,1,NEGAR,,,
P003571,0.141698,4,NEGAR,,,
P003572,0.091102,5,APROVAR,0.0282,48,0.21
P003573,0.044147,9,APROVAR,0.0236,48,0.0
P003574,0.335909,1,NEGAR,,,
P003575,0.072007,6,APROVAR,0.0265,60,0.21
P003576,0.063303,7,APROVAR,0.0256,36,0.0
P003577,0.317843,1,NEGAR,,,
P003578,0.246808,2,NEGAR,,,
P003579,0.044428,9,APROVAR,0.0236,36,0.0
P003580,0.156831,3,NEGAR,,,
P003581,0.200781,3,NEGAR,,,
P003582,0.054388,7,APROVAR,0.0256,48,0.0
P003583,0.028132,10,APROVAR,0.0227,48,0.0
P003584,0.777143,1,NEGAR,,,
P003585,0.049771,8,APROVAR,0.0247,24,0.0
P003586,0.320896,1,NEGAR,,,
P003587,0.086317,5,APROVAR,0.0282,24,0.21
P003588,0.076151,6,APROVAR,0.0265,36,0.21
P003589,0.059596,7,APROVAR,0.0256,60,0.0
P003590,0.050972,8,APROVAR,0.0247,48,0.0
P003591,0.387803,1,NEGAR,,,
P003592,0.03734,9,APROVAR,0.0236,24,0.0
P003593,0.529011,1,NEGAR,,,
P003594,0.243151,2,NEGAR,,,
P003595,0.053521,8,APROVAR,0.0247,48,0.0
P003596,0.375589,1,NEGAR,,,
P003597,0.374092,1,NEGAR,,,
P003598,0.032614,10,APROVAR,0.0227,48,0.0
P003599,0.023895,10,APROVAR,0.0227,60,0.0
P003600,0.566465,1,NEGAR,,,
P003601,0.082731,6,APROVAR,0.0265,24,0.21
P003602,0.033209,10,APROVAR,0.0227,48,0.0
P003603,0.247585,2,NEGAR,,,
P003604,0.336433,1,NEGAR,,,
P003605,0.312038,1,NEGAR,,,
P003606,0.162917,3,NEGAR,,,
P003607,0.23156,2,NEGAR,,,
P003608,0.405124,1,NEGAR,,,
P003609,0.122822,4,NEGAR,,,
P003610,0.069514,6,APROVAR,0.0265,36,0.21
P003611,0.051039,8,APROVAR,0.0247,36,0.0
P003612,0.049752,8,APROVAR,0.0247,60,0.0
P003613,0.286365,2,NEGAR,,,
P003614,0.043988,9,APROVAR,0.0236,48,0.0
P003615,0.030422,10,APROVAR,0.0227,36,0.0
P003616,0.541,1,NEGAR,,,
P003617,0.231495,2,NEGAR,,,
P003618,0.293321,2,NEGAR,,,
P003619,0.099724,5,APROVAR,0.0282,60,0.21
P003620,0.212086,2,NEGAR,,,
P003621,0.190541,3,NEGAR,,,
P003622,0.187311,3,NEGAR,,,
P003623,0.034685,10,APROVAR,0.0227,24,0.0
P003624,0.370508,1,NEGAR,,,
P003625,0.032466,10,APROVAR,0.0227,24,0.0
P003626,0.051835,8,APROVAR,0.0247,60,0.0
P003627,0.200012,3,NEGAR,,,
P003628,0.601407,1,NEGAR,,,
P003629,0.266543,2,NEGAR,,,
P003630,0.08248,6,APROVAR,0.0265,60,0.21
P003631,0.131527,4,NEGAR,,,
P003632,0.017513,10,APROVAR,0.0227,60,0.0
P003633,0.121183,4,NEGAR,,,
P003634,0.072639,6,APROVAR,0.0265,24,0.21
P003635,0.18669,3,NEGAR,,,
P003636,0.343077,1,NEGAR,,,
P003637,0.153534,3,NEGAR,,,
P003638,0.141936,4,NEGAR,,,
P003639,0.056659,7,APROVAR,0.0256,36,0.0
P003640,0.3626,1,NEGAR,,,
P003641,0.290163,2,NEGAR,,,
P003642,0.063,7,APROVAR,0.0256,48,0.0
P003643,0.249032,2,NEGAR,,,
P003644,0.111912,4,NEGAR,,,
P003645,0.560185,1,NEGAR,,,
P003646,0.274825,2,NEGAR,,,
P003647,0.044914,8,APROVAR,0.0247,48,0.0
P003648,0.271911,2,NEGAR,,,
P003649,0.077014,6,APROVAR,0.0265,24,0.21
P003650,0.044432,9,APROVAR,0.0236,36,0.0
P003651,0.046532,8,APROVAR,0.0247,36,0.0
P003652,0.083434,6,APROVAR,0.0265,60,0.21
P003653,0.042979,9,APROVAR,0.0236,48,0.0
P003654,0.101135,5,APROVAR,0.0282,36,0.21
P003655,0.244069,2,NEGAR,,,
P003656,0.175792,3,NEGAR,,,
P003657,0.25436,2,NEGAR,,,
P003658,0.035798,10,APROVAR,0.0227,36,0.0
P003659,0.275714,2,NEGAR,,,
P003660,0.032171,10,APROVAR,0.0227,60,0.0
P003661,0.045739,8,APROVAR,0.0247,48,0.0
P003662,0.042933,9,APROVAR,0.0236,36,0.0
P003663,0.280688,2,NEGAR,,,
P003664,0.062306,7,APROVAR,0.0256,36,0.0
P003665,0.068215,6,APROVAR,0.0265,48,0.21
P003666,0.030575,10,APROVAR,0.0227,24,0.0
P003667,0.097822,5,APROVAR,0.0282,48,0.21
P003668,0.122128,4,NEGAR,,,
P003669,0.078981,6,APROVAR,0.0265,24,0.21
P003670,0.172723,3,NEGAR,,,
P003671,0.032577,10,APROVAR,0.0227,36,0.0
P003672,0.327019,1,NEGAR,,,
P003673,0.052406,8,APROVAR,0.0247,36,0.0
P003674,0.077819,6,APROVAR,0.0265,36,0.21
P003675,0.082345,6,APROVAR,0.0265,60,0.21
P003676,0.249592,2,NEGAR,,,
P003677,0.072144,6,APROVAR,0.0265,24,0.21
P003678,0.194393,3,NEGAR,,,
P003679,0.210654,2,NEGAR,,,
P003680,0.060256,7,APROVAR,0.0256,60,0.0
P003681,0.075942,6,APROVAR,0.0265,48,0.21
P003682,0.259196,2,NEGAR,,,
P003683,0.041404,9,APROVAR,0.0236,48,0.0
P003684,0.035846,10,APROVAR,0.0227,36,0.0
P003685,0.717079,1,NEGAR,,,
P003686,0.069178,6,APROVAR,0.0265,36,0.21
P003687,0.028095,10,APROVAR,0.0227,24,0.0
P003688,0.065715,7,APROVAR,0.0256,36,0.0
P003689,0.133578,4,NEGAR,,,
P003690,0.239,2,NEGAR,,,
P003691,0.36321,1,NEGAR,,,
P003692,0.125862,4,NEGAR,,,
P003693,0.219865,2,NEGAR,,,
P003694,0.202578,3,NEGAR,,,
P003695,0.029862,10,APROVAR,0.0227,36,0.0
P003696,0.30855,1,NEGAR,,,
P003697,0.02929,10,APROVAR,0.0227,60,0.0
P003698,0.445583,1,NEGAR,,,
P003699,0.177642,3,NEGAR,,,
P003700,0.075995,6,APROVAR,0.0265,48,0.21
P003701,0.128676,4,NEGAR,,,
P003702,0.033333,10,APROVAR,0.0227,36,0.0
P003703,0.209568,3,NEGAR,,,
P003704,0.23068,2,NEGAR,,,
P003705,0.08544,5,APROVAR,0.0282,60,0.21
P003706,0.041019,9,APROVAR,0.0236,48,0.0
P003707,0.115633,4,NEGAR,,,
P003708,0.101021,5,APROVAR,0.0282,60,0.21
P003709,0.632672,1,NEGAR,,,
P003710,0.068723,6,APROVAR,0.0265,48,0.21
P003711,0.199032,3,NEGAR,,,
P003712,0.569584,1,NEGAR,,,
P003713,0.204683,3,NEGAR,,,
P003714,0.135935,4,NEGAR,,,
P003715,0.084842,5,APROVAR,0.0282,36,0.21
P003716,0.025968,10,APROVAR,0.0227,48,0.0
P003717,0.153165,3,NEGAR,,,
P003718,0.071716,6,APROVAR,0.0265,36,0.21
P003719,0.423257,1,NEGAR,,,
P003720,0.177572,3,NEGAR,,,
P003721,0.231313,2,NEGAR,,,
P003722,0.34692,1,NEGAR,,,
P003723,0.170753,3,NEGAR,,,
P003724,0.051138,8,APROVAR,0.0247,48,0.0
P003725,0.043792,9,APROVAR,0.0236,36,0.0
P003726,0.04763,8,APROVAR,0.0247,60,0.0
P003727,0.039888,9,APROVAR,0.0236,36,0.0
P003728,0.233718,2,NEGAR,,,
P003729,0.632368,1,NEGAR,,,
P003730,0.694466,1,NEGAR,,,
P003731,0.226383,2,NEGAR,,,
P003732,0.476878,1,NEGAR,,,
P003733,0.045226,8,APROVAR,0.0247,48,0.0
P003734,0.089023,5,APROVAR,0.0282,24,0.21
P003735,0.134796,4,NEGAR,,,
P003736,0.124152,4,NEGAR,,,
P003737,0.03107,10,APROVAR,0.0227,48,0.0
P003738,0.058987,7,APROVAR,0.0256,60,0.0
P003739,0.031489,10,APROVAR,0.0227,60,0.0
P003740,0.133847,4,NEGAR,,,
P003741,0.030367,10,APROVAR,0.0227,36,0.0
P003742,0.058916,7,APROVAR,0.0256,60,0.0
P003743,0.298575,2,NEGAR,,,
P003744,0.12803,4,NEGAR,,,
P003745,0.061907,7,APROVAR,0.0256,36,0.0
P003746,0.236142,2,NEGAR,,,
P003747,0.244617,2,NEGAR,,,
P003748,0.100649,5,APROVAR,0.0282,24,0.21
P003749,0.221378,2,NEGAR,,,
P003750,0.065701,7,APROVAR,0.0256,60,0.0
P003751,0.041823,9,APROVAR,0.0236,36,0.0
P003752,0.215156,2,NEGAR,,,
P003753,0.034532,10,APROVAR,0.0227,48,0.0
P003754,0.022156,10,APROVAR,0.0227,36,0.0
P003755,0.309694,1,NEGAR,,,
P003756,0.555991,1,NEGAR,,,
P003757,0.246313,2,NEGAR,,,
P003758,0.110551,4,NEGAR,,,
P003759,0.422602,1,NEGAR,,,
P003760,0.053112,8,APROVAR,0.0247,60,0.0
P003761,0.317395,1,NEGAR,,,
P003762,0.296057,2,NEGAR,,,
P003763,0.038953,9,APROVAR,0.0236,24,0.0
P003764,0.048935,8,APROVAR,0.0247,36,0.0
P003765,0.210051,2,NEGAR,,,
P003766,0.05165,8,APROVAR,0.0247,48,0.0
P003767,0.24796,2,NEGAR,,,
P003768,0.050048,8,APROVAR,0.0247,48,0.0
P003769,0.137779,4,NEGAR,,,
P003770,0.187787,3,NEGAR,,,
P003771,0.073298,6,APROVAR,0.0265,48,0.21
P003772,0.143424,3,NEGAR,,,
P003773,0.031375,10,APROVAR,0.0227,48,0.0
P003774,0.034078,10,APROVAR,0.0227,24,0.0
P003775,0.68648,1,NEGAR,,,
P003776,0.110402,4,NEGAR,,,
P003777,0.043631,9,APROVAR,0.0236,48,0.0
P003778,0.532927,1,NEGAR,,,
P003779,0.055977,7,APROVAR,0.0256,48,0.0
P003780,0.143408,3,NEGAR,,,
P003781,0.460745,1,NEGAR,,,
P003782,0.044434,9,APROVAR,0.0236,36,0.0
P003783,0.023781,10,APROVAR,0.0227,36,0.0
P003784,0.096296,5,APROVAR,0.0282,48,0.21
P003785,0.239408,2,NEGAR,,,
P003786,0.262315,2,NEGAR,,,
P003787,0.063424,7,APROVAR,0.0256,36,0.0
P003788,0.413682,1,NEGAR,,,
P003789,0.064623,7,APROVAR,0.0256,24,0.0
P003790,0.417948,1,NEGAR,,,
P003791,0.07835,6,APROVAR,0.0265,24,0.21
P003792,0.042961,9,APROVAR,0.0236,60,0.0
P003793,0.045097,8,APROVAR,0.0247,60,0.0
P003794,0.484416,1,NEGAR,,,
P003795,0.087868,5,APROVAR,0.0282,48,0.21
P003796,0.158123,3,NEGAR,,,
P003797,0.090045,5,APROVAR,0.0282,60,0.21
P003798,0.050217,8,APROVAR,0.0247,24,0.0
P003799,0.069066,6,APROVAR,0.0265,48,0.21
P003800,0.093757,5,APROVAR,0.0282,48,0.21
P003801,0.066126,7,APROVAR,0.0256,48,0.0
P003802,0.033692,10,APROVAR,0.0227,36,0.0
P003803,0.094393,5,APROVAR,0.0282,60,0.21
P003804,0.110421,4,NEGAR,,,
P003805,0.244516,2,NEGAR,,,
P003806,0.046642,8,APROVAR,0.0247,36,0.0
P003807,0.091524,5,APROVAR,0.0282,24,0.21
P003808,0.096608,5,APROVAR,0.0282,36,0.21
P003809,0.347021,1,NEGAR,,,
P003810,0.033599,10,APROVAR,0.0227,36,0.0
P003811,0.076451,6,APROVAR,0.0265,60,0.21
P003812,0.049348,8,APROVAR,0.0247,24,0.0
P003813,0.251122,2,NEGAR,,,
P003814,0.068805,6,APROVAR,0.0265,48,0.21
P003815,0.158262,3,NEGAR,,,
P003816,0.105197,5,APROVAR,0.0282,48,0.21
P003817,0.261654,2,NEGAR,,,
P003818,0.603264,1,NEGAR,,,
P003819,0.078537,6,APROVAR,0.0265,60,0.21
P003820,0.249683,2,NEGAR,,,
P003821,0.083673,6,APROVAR,0.0265,48,0.21
P003822,0.236307,2,NEGAR,,,
P003823,0.436899,1,NEGAR,,,
P003824,0.27388,2,NEGAR,,,
P003825,0.056185,7,APROVAR,0.0256,24,0.0
P003826,0.032915,10,APROVAR,0.0227,36,0.0
P003827,0.180538,3,NEGAR,,,
P003828,0.074725,6,APROVAR,0.0265,48,0.21
P003829,0.133529,4,NEGAR,,,
P003830,0.033222,10,APROVAR,0.0227,24,0.0
P003831,0.075937,6,APROVAR,0.0265,24,0.21
P003832,0.04146,9,APROVAR,0.0236,48,0.0
P003833,0.026352,10,APROVAR,0.0227,48,0.0
P003834,0.029989,10,APROVAR,0.0227,36,0.0
P003835,0.056552,7,APROVAR,0.0256,36,0.0
P003836,0.311412,1,NEGAR,,,
P003837,0.189557,3,NEGAR,,,
P003838,0.054293,7,APROVAR,0.0256,60,0.0
P003839,0.27632,2,NEGAR,,,
P003840,0.038088,9,APROVAR,0.0236,48,0.0
P003841,0.042852,9,APROVAR,0.0236,24,0.0
P003842,0.168082,3,NEGAR,,,
P003843,0.296117,2,NEGAR,,,
P003844,0.091017,5,APROVAR,0.0282,48,0.21
P003845,0.2792,2,NEGAR,,,
P003846,0.108367,4,NEGAR,,,
P003847,0.180404,3,NEGAR,,,
P003848,0.053786,8,APROVAR,0.0247,60,0.0
P003849,0.041014,9,APROVAR,0.0236,36,0.0
P003850,0.097138,5,APROVAR,0.0282,60,0.21
P003851,0.027248,10,APROVAR,0.0227,24,0.0
P003852,0.06564,7,APROVAR,0.0256,36,0.0
P003853,0.077441,6,APROVAR,0.0265,24,0.21
P003854,0.078037,6,APROVAR,0.0265,48,0.21
P003855,0.05484,7,APROVAR,0.0256,48,0.0
P003856,0.340173,1,NEGAR,,,
P003857,0.077873,6,APROVAR,0.0265,36,0.21
P003858,0.177714,3,NEGAR,,,
P003859,0.340551,1,NEGAR,,,
P003860,0.398784,1,NEGAR,,,
P003861,0.070505,6,APROVAR,0.0265,48,0.21
P003862,0.232408,2,NEGAR,,,
P003863,0.300921,2,NEGAR,,,
P003864,0.071901,6,APROVAR,0.0265,24,0.21
P003865,0.363674,1,NEGAR,,,
P003866,0.041365,9,APROVAR,0.0236,36,0.0
P003867,0.187936,3,NEGAR,,,
P003868,0.26627,2,NEGAR,,,
P003869,0.0415,9,APROVAR,0.0236,24,0.0
P003870,0.042655,9,APROVAR,0.0236,60,0.0
P003871,0.039639,9,APROVAR,0.0236,60,0.0
P003872,0.047702,8,APROVAR,0.0247,48,0.0
P003873,0.111832,4,NEGAR,,,
P003874,0.349562,1,NEGAR,,,
P003875,0.053984,8,APROVAR,0.0247,24,0.0
P003876,0.169703,3,NEGAR,,,
P003877,0.094758,5,APROVAR,0.0282,24,0.21
P003878,0.087138,5,APROVAR,0.0282,24,0.21
P003879,0.393207,1,NEGAR,,,
P003880,0.089395,5,APROVAR,0.0282,36,0.21
P003881,0.239697,2,NEGAR,,,
P003882,0.035099,10,APROVAR,0.0227,48,0.0
P003883,0.635148,1,NEGAR,,,
P003884,0.088914,5,APROVAR,0.0282,60,0.21
P003885,0.077112,6,APROVAR,0.0265,24,0.21
P003886,0.070233,6,APROVAR,0.0265,48,0.21
P003887,0.228842,2,NEGAR,,,
P003888,0.347143,1,NEGAR,,,
P003889,0.130022,4,NEGAR,,,
P003890,0.047498,8,APROVAR,0.0247,36,0.0
P003891,0.18288,3,NEGAR,,,
P003892,0.149694,3,NEGAR,,,
P003893,0.066087,7,APROVAR,0.0256,36,0.0
P003894,0.1471,3,NEGAR,,,
P003895,0.028853,10,APROVAR,0.0227,36,0.0
P003896,0.262711,2,NEGAR,,,
P003897,0.281044,2,NEGAR,,,
P003898,0.028773,10,APROVAR,0.0227,60,0.0
P003899,0.147704,3,NEGAR,,,
P003900,0.11764,4,NEGAR,,,
P003901,0.506056,1,NEGAR,,,
P003902,0.075036,6,APROVAR,0.0265,36,0.21
P003903,0.245536,2,NEGAR,,,
P003904,0.240636,2,NEGAR,,,
P003905,0.128749,4,NEGAR,,,
P003906,0.156548,3,NEGAR,,,
P003907,0.069301,6,APROVAR,0.0265,48,0.21
P003908,0.19876,3,NEGAR,,,
P003909,0.505845,1,NEGAR,,,
P003910,0.082873,6,APROVAR,0.0265,24,0.21
P003911,0.037783,9,APROVAR,0.0236,48,0.0
P003912,0.250375,2,NEGAR,,,
P003913,0.067574,6,APROVAR,0.0265,24,0.21
P003914,0.036427,10,APROVAR,0.0227,48,0.0
P003915,0.044395,9,APROVAR,0.0236,24,0.0
P003916,0.063008,7,APROVAR,0.0256,48,0.0
P003917,0.461698,1,NEGAR,,,
P003918,0.304699,1,NEGAR,,,
P003919,0.067492,6,APROVAR,0.0265,36,0.21
P003920,0.035975,10,APROVAR,0.0227,48,0.0
P003921,0.039723,9,APROVAR,0.0236,36,0.0
P003922,0.361509,1,NEGAR,,,
P003923,0.035291,10,APROVAR,0.0227,36,0.0
P003924,0.139419,4,NEGAR,,,
P003925,0.055472,7,APROVAR,0.0256,60,0.0
P003926,0.070913,6,APROVAR,0.0265,48,0.21
P003927,0.036458,10,APROVAR,0.0227,60,0.0
P003928,0.223825,2,NEGAR,,,
P003929,0.050483,8,APROVAR,0.0247,36,0.0
P003930,0.043695,9,APROVAR,0.0236,48,0.0
P003931,0.04107,9,APROVAR,0.0236,60,0.0
P003932,0.087469,5,APROVAR,0.0282,36,0.21
P003933,0.161043,3,NEGAR,,,
P003934,0.298595,2,NEGAR,,,
P003935,0.160285,3,NEGAR,,,
P003936,0.063502,7,APROVAR,0.0256,48,0.0
P003937,0.309714,1,NEGAR,,,
P003938,0.111749,4,NEGAR,,,
P003939,0.039992,9,APROVAR,0.0236,24,0.0
P003940,0.215135,2,NEGAR,,,
P003941,0.037713,9,APROVAR,0.0236,24,0.0
P003942,0.112021,4,NEGAR,,,
P003943,0.037093,9,APROVAR,0.0236,48,0.0
P003944,0.315012,1,NEGAR,,,
P003945,0.084619,5,APROVAR,0.0282,36,0.21
P003946,0.041007,9,APROVAR,0.0236,36,0.0
P003947,0.141513,4,NEGAR,,,
P003948,0.026589,10,APROVAR,0.0227,48,0.0
P003949,0.784522,1,NEGAR,,,
P003950,0.248279,2,NEGAR,,,
P003951,0.600764,1,NEGAR,,,
P003952,0.582375,1,NEGAR,,,
P003953,0.039243,9,APROVAR,0.0236,48,0.0
P003954,0.576046,1,NEGAR,,,
P003955,0.053018,8,APROVAR,0.0247,36,0.0
P003956,0.043687,9,APROVAR,0.0236,36,0.0
P003957,0.238885,2,NEGAR,,,
P003958,0.040869,9,APROVAR,0.0236,48,0.0
P003959,0.105306,5,APROVAR,0.0282,60,0.21
P003960,0.148483,3,NEGAR,,,
P003961,0.150095,3,NEGAR,,,
P003962,0.081939,6,APROVAR,0.0265,48,0.21
P003963,0.463766,1,NEGAR,,,
P003964,0.286157,2,NEGAR,,,
P003965,0.195991,3,NEGAR,,,
P003966,0.14888,3,NEGAR,,,
P003967,0.026968,10,APROVAR,0.0227,36,0.0
P003968,0.293954,2,NEGAR,,,
P003969,0.354822,1,NEGAR,,,
P003970,0.219058,2,NEGAR,,,
P003971,0.605989,1,NEGAR,,,
P003972,0.040262,9,APROVAR,0.0236,60,0.0
P003973,0.253265,2,NEGAR,,,
P003974,0.04244,9,APROVAR,0.0236,24,0.0
P003975,0.028057,10,APROVAR,0.0227,60,0.0
P003976,0.194678,3,NEGAR,,,
P003977,0.157951,3,NEGAR,,,
P003978,0.033939,10,APROVAR,0.0227,48,0.0
P003979,0.081938,6,APROVAR,0.0265,48,0.21
P003980,0.034117,10,APROVAR,0.0227,36,0.0
P003981,0.037113,9,APROVAR,0.0236,60,0.0
P003982,0.065847,7,APROVAR,0.0256,48,0.0
P003983,0.30847,1,NEGAR,,,
P003984,0.255959,2,NEGAR,,,
P003985,0.135654,4,NEGAR,,,
P003986,0.053291,8,APROVAR,0.0247,24,0.0
P003987,0.476786,1,NEGAR,,,
P003988,0.03787,9,APROVAR,0.0236,48,0.0
P003989,0.082773,6,APROVAR,0.0265,24,0.21
P003990,0.340857,1,NEGAR,,,
P003991,0.278201,2,NEGAR,,,
P003992,0.631491,1,NEGAR,,,
P003993,0.42289,1,NEGAR,,,
P003994,0.13552,4,NEGAR,,,
P003995,0.51682,1,NEGAR,,,
P003996,0.33341,1,NEGAR,,,
P003997,0.059503,7,APROVAR,0.0256,36,0.0
P003998,0.239479,2,NEGAR,,,
P003999,0.084637,5,APROVAR,0.0282,36,0.21
P004000,0.162356,3,NEGAR,,,
P004001,0.233113,2,NEGAR,,,
P004002,0.258494,2,NEGAR,,,
P004003,0.238554,2,NEGAR,,,
P004004,0.261057,2,NEGAR,,,
P004005,0.395064,1,NEGAR,,,
P004006,0.300244,2,NEGAR,,,
P004007,0.05221,8,APROVAR,0.0247,48,0.0
P004008,0.02637,10,APROVAR,0.0227,36,0.0
P004009,0.226383,2,NEGAR,,,
P004010,0.06512,7,APROVAR,0.0256,24,0.0
P004011,0.186955,3,NEGAR,,,
P004012,0.333208,1,NEGAR,,,
P004013,0.206772,3,NEGAR,,,
P004014,0.249376,2,NEGAR,,,
P004015,0.28189,2,NEGAR,,,
P004016,0.502899,1,NEGAR,,,
P004017,0.041868,9,APROVAR,0.0236,48,0.0
P004018,0.04028,9,APROVAR,0.0236,48,0.0
P004019,0.451669,1,NEGAR,,,
P004020,0.037216,9,APROVAR,0.0236,24,0.0
P004021,0.426803,1,NEGAR,,,
P004022,0.077596,6,APROVAR,0.0265,36,0.21
P004023,0.238462,2,NEGAR,,,
P004024,0.043001,9,APROVAR,0.0236,48,0.0
P004025,0.185533,3,NEGAR,,,
P004026,0.117753,4,NEGAR,,,
P004027,0.234292,2,NEGAR,,,
P004028,0.031529,10,APROVAR,0.0227,36,0.0
P004029,0.261617,2,NEGAR,,,
P004030,0.032056,10,APROVAR,0.0227,36,0.0
P004031,0.050899,8,APROVAR,0.0247,36,0.0
P004032,0.038207,9,APROVAR,0.0236,36,0.0
P004033,0.036944,9,APROVAR,0.0236,36,0.0
P004034,0.245101,2,NEGAR,,,
P004035,0.026832,10,APROVAR,0.0227,60,0.0
P004036,0.240313,2,NEGAR,,,
P004037,0.046534,8,APROVAR,0.0247,36,0.0
P004038,0.047555,8,APROVAR,0.0247,48,0.0
P004039,0.707665,1,NEGAR,,,
P004040,0.036529,10,APROVAR,0.0227,60,0.0
P004041,0.089184,5,APROVAR,0.0282,60,0.21
P004042,0.036426,10,APROVAR,0.0227,36,0.0
P004043,0.212923,2,NEGAR,,,
P004044,0.294573,2,NEGAR,,,
P004045,0.205458,3,NEGAR,,,
P004046,0.214649,2,NEGAR,,,
P004047,0.177958,3,NEGAR,,,
P004048,0.210789,2,NEGAR,,,
P004049,0.027208,10,APROVAR,0.0227,36,0.0
P004050,0.203117,3,NEGAR,,,
P004051,0.043885,9,APROVAR,0.0236,36,0.0
P004052,0.148861,3,NEGAR,,,
P004053,0.314743,1,NEGAR,,,
P004054,0.041716,9,APROVAR,0.0236,60,0.0
P004055,0.346456,1,NEGAR,,,
P004056,0.078064,6,APROVAR,0.0265,60,0.21
P004057,0.065259,7,APROVAR,0.0256,36,0.0
P004058,0.100822,5,APROVAR,0.0282,36,0.21
P004059,0.059985,7,APROVAR,0.0256,36,0.0
P004060,0.040287,9,APROVAR,0.0236,36,0.0
P004061,0.029855,10,APROVAR,0.0227,36,0.0
P004062,0.040681,9,APROVAR,0.0236,60,0.0
P004063,0.022113,10,APROVAR,0.0227,48,0.0
P004064,0.137398,4,NEGAR,,,
P004065,0.145449,3,NEGAR,,,
P004066,0.682135,1,NEGAR,,,
P004067,0.052316,8,APROVAR,0.0247,48,0.0
P004068,0.044537,9,APROVAR,0.0236,24,0.0
P004069,0.15168,3,NEGAR,,,
P004070,0.039835,9,APROVAR,0.0236,48,0.0
P004071,0.054593,7,APROVAR,0.0256,36,0.0
P004072,0.057522,7,APROVAR,0.0256,60,0.0
P004073,0.241819,2,NEGAR,,,
P004074,0.046869,8,APROVAR,0.0247,36,0.0
P004075,0.175066,3,NEGAR,,,
P004076,0.603568,1,NEGAR,,,
P004077,0.265726,2,NEGAR,,,
P004078,0.337379,1,NEGAR,,,
P004079,0.034901,10,APROVAR,0.0227,36,0.0
P004080,0.186084,3,NEGAR,,,
P004081,0.137601,4,NEGAR,,,
P004082,0.047926,8,APROVAR,0.0247,48,0.0
P004083,0.043667,9,APROVAR,0.0236,24,0.0
P004084,0.341855,1,NEGAR,,,
P004085,0.023866,10,APROVAR,0.0227,60,0.0
P004086,0.057132,7,APROVAR,0.0256,48,0.0
P004087,0.092203,5,APROVAR,0.0282,24,0.21
P004088,0.056527,7,APROVAR,0.0256,24,0.0
P004089,0.040427,9,APROVAR,0.0236,36,0.0
P004090,0.328505,1,NEGAR,,,
P004091,0.305941,1,NEGAR,,,
P004092,0.049737,8,APROVAR,0.0247,48,0.0
P004093,0.053266,8,APROVAR,0.0247,36,0.0
P004094,0.355415,1,NEGAR,,,
P004095,0.110206,4,NEGAR,,,
P004096,0.025025,10,APROVAR,0.0227,24,0.0
P004097,0.102959,5,APROVAR,0.0282,60,0.21
P004098,0.054245,7,APROVAR,0.0256,48,0.0
P004099,0.039536,9,APROVAR,0.0236,60,0.0
P004100,0.052303,8,APROVAR,0.0247,48,0.0
P004101,0.340785,1,NEGAR,,,
P004102,0.037929,9,APROVAR,0.0236,48,0.0
P004103,0.042634,9,APROVAR,0.0236,36,0.0
P004104,0.267754,2,NEGAR,,,
P004105,0.077441,6,APROVAR,0.0265,48,0.21
P004106,0.084981,5,APROVAR,0.0282,36,0.21
P004107,0.078648,6,APROVAR,0.0265,48,0.21
P004108,0.038281,9,APROVAR,0.0236,48,0.0
P004109,0.07491,6,APROVAR,0.0265,48,0.21
P004110,0.040631,9,APROVAR,0.0236,48,0.0
P004111,0.041592,9,APROVAR,0.0236,60,0.0
P004112,0.092462,5,APROVAR,0.0282,36,0.21
P004113,0.037289,9,APROVAR,0.0236,24,0.0
P004114,0.063207,7,APROVAR,0.0256,60,0.0
P004115,0.340498,1,NEGAR,,,
P004116,0.368975,1,NEGAR,,,
P004117,0.116621,4,NEGAR,,,
P004118,0.063165,7,APROVAR,0.0256,48,0.0
P004119,0.066004,7,APROVAR,0.0256,36,0.0
P004120,0.277966,2,NEGAR,,,
P004121,0.04295,9,APROVAR,0.0236,48,0.0
P004122,0.031576,10,APROVAR,0.0227,36,0.0
P004123,0.213221,2,NEGAR,,,
P004124,0.218025,2,NEGAR,,,
P004125,0.26136,2,NEGAR,,,
P004126,0.039615,9,APROVAR,0.0236,48,0.0
P004127,0.239084,2,NEGAR,,,
P004128,0.03796,9,APROVAR,0.0236,24,0.0
P004129,0.053208,8,APROVAR,0.0247,36,0.0
P004130,0.050716,8,APROVAR,0.0247,36,0.0
P004131,0.5326,1,NEGAR,,,
P004132,0.152118,3,NEGAR,,,
P004133,0.407434,1,NEGAR,,,
P004134,0.077419,6,APROVAR,0.0265,36,0.21
P004135,0.261417,2,NEGAR,,,
P004136,0.032877,10,APROVAR,0.0227,48,0.0
P004137,0.089348,5,APROVAR,0.0282,48,0.21
P004138,0.04854,8,APROVAR,0.0247,36,0.0
P004139,0.283134,2,NEGAR,,,
P004140,0.035559,10,APROVAR,0.0227,36,0.0
P004141,0.093068,5,APROVAR,0.0282,24,0.21
P004142,0.3875,1,NEGAR,,,
P004143,0.067521,6,APROVAR,0.0265,24,0.21
P004144,0.134656,4,NEGAR,,,
P004145,0.039026,9,APROVAR,0.0236,36,0.0
P004146,0.166031,3,NEGAR,,,
P004147,0.520817,1,NEGAR,,,
P004148,0.123778,4,NEGAR,,,
P004149,0.071421,6,APROVAR,0.0265,60,0.21
P004150,0.121468,4,NEGAR,,,
P004151,0.15721,3,NEGAR,,,
P004152,0.228854,2,NEGAR,,,
P004153,0.360487,1,NEGAR,,,
P004154,0.164753,3,NEGAR,,,
P004155,0.052784,8,APROVAR,0.0247,36,0.0
P004156,0.037023,9,APROVAR,0.0236,36,0.0
P004157,0.034867,10,APROVAR,0.0227,60,0.0
P004158,0.058003,7,APROVAR,0.0256,48,0.0
P004159,0.093892,5,APROVAR,0.0282,36,0.21
P004160,0.065985,7,APROVAR,0.0256,24,0.0
P004161,0.107034,4,NEGAR,,,
P004162,0.061667,7,APROVAR,0.0256,48,0.0
P004163,0.047396,8,APROVAR,0.0247,60,0.0
P004164,0.023974,10,APROVAR,0.0227,36,0.0
P004165,0.320042,1,NEGAR,,,
P004166,0.093198,5,APROVAR,0.0282,48,0.21
P004167,0.172315,3,NEGAR,,,
P004168,0.184782,3,NEGAR,,,
P004169,0.087742,5,APROVAR,0.0282,60,0.21
P004170,0.198977,3,NEGAR,,,
P004171,0.179097,3,NEGAR,,,
P004172,0.144648,3,NEGAR,,,
P004173,0.223415,2,NEGAR,,,
P004174,0.142029,4,NEGAR,,,
P004175,0.054134,8,APROVAR,0.0247,36,0.0
P004176,0.160205,3,NEGAR,,,
P004177,0.056193,7,APROVAR,0.0256,48,0.0
P004178,0.075357,6,APROVAR,0.0265,36,0.21
P004179,0.039962,9,APROVAR,0.0236,24,0.0
P004180,0.064416,7,APROVAR,0.0256,24,0.0
P004181,0.047625,8,APROVAR,0.0247,48,0.0
P004182,0.146417,3,NEGAR,,,
P004183,0.083658,6,APROVAR,0.0265,36,0.21
P004184,0.056663,7,APROVAR,0.0256,48,0.0
P004185,0.049487,8,APROVAR,0.0247,24,0.0
P004186,0.064829,7,APROVAR,0.0256,24,0.0
P004187,0.069585,6,APROVAR,0.0265,48,0.21
P004188,0.159775,3,NEGAR,,,
P004189,0.049826,8,APROVAR,0.0247,36,0.0
P004190,0.268665,2,NEGAR,,,
P004191,0.069851,6,APROVAR,0.0265,60,0.21
P004192,0.049007,8,APROVAR,0.0247,24,0.0
P004193,0.030756,10,APROVAR,0.0227,48,0.0
P004194,0.047382,8,APROVAR,0.0247,24,0.0
P004195,0.034895,10,APROVAR,0.0227,60,0.0
P004196,0.046751,8,APROVAR,0.0247,60,0.0
P004197,0.079095,6,APROVAR,0.0265,48,0.21
P004198,0.354611,1,NEGAR,,,
P004199,0.022818,10,APROVAR,0.0227,24,0.0
P004200,0.049529,8,APROVAR,0.0247,48,0.0
P004201,0.052033,8,APROVAR,0.0247,48,0.0
P004202,0.116548,4,NEGAR,,,
P004203,0.162838,3,NEGAR,,,
P004204,0.156086,3,NEGAR,,,
P004205,0.044694,9,APROVAR,0.0236,24,0.0
P004206,0.465214,1,NEGAR,,,
P004207,0.040572,9,APROVAR,0.0236,48,0.0
P004208,0.322324,1,NEGAR,,,
P004209,0.022347,10,APROVAR,0.0227,36,0.0
P004210,0.031238,10,APROVAR,0.0227,48,0.0
P004211,0.218641,2,NEGAR,,,
P004212,0.065645,7,APROVAR,0.0256,48,0.0
P004213,0.187883,3,NEGAR,,,
P004214,0.040951,9,APROVAR,0.0236,48,0.0
P004215,0.167009,3,NEGAR,,,
P004216,0.257607,2,NEGAR,,,
P004217,0.07123,6,APROVAR,0.0265,60,0.21
P004218,0.331392,1,NEGAR,,,
P004219,0.203867,3,NEGAR,,,
P004220,0.197018,3,NEGAR,,,
P004221,0.107004,4,NEGAR,,,
P004222,0.148016,3,NEGAR,,,
P004223,0.335964,1,NEGAR,,,
P004224,0.044381,9,APROVAR,0.0236,24,0.0
P004225,0.045675,8,APROVAR,0.0247,60,0.0
P004226,0.044594,9,APROVAR,0.0236,36,0.0
P004227,0.040448,9,APROVAR,0.0236,48,0.0
P004228,0.077284,6,APROVAR,0.0265,48,0.21
P004229,0.396384,1,NEGAR,,,
P004230,0.389046,1,NEGAR,,,
P004231,0.076807,6,APROVAR,0.0265,48,0.21
P004232,0.037496,9,APROVAR,0.0236,60,0.0
P004233,0.04263,9,APROVAR,0.0236,36,0.0
P004234,0.068306,6,APROVAR,0.0265,48,0.21
P004235,0.039801,9,APROVAR,0.0236,36,0.0
P004236,0.035587,10,APROVAR,0.0227,48,0.0
P004237,0.323722,1,NEGAR,,,
P004238,0.471885,1,NEGAR,,,
P004239,0.069942,6,APROVAR,0.0265,60,0.21
P004240,0.036557,10,APROVAR,0.0227,36,0.0
P004241,0.154623,3,NEGAR,,,
P004242,0.131455,4,NEGAR,,,
P004243,0.248091,2,NEGAR,,,
P004244,0.116509,4,NEGAR,,,
P004245,0.051588,8,APROVAR,0.0247,60,0.0
P004246,0.314951,1,NEGAR,,,
P004247,0.055089,7,APROVAR,0.0256,24,0.0
P004248,0.359955,1,NEGAR,,,
P004249,0.240541,2,NEGAR,,,
P004250,0.046532,8,APROVAR,0.0247,48,0.0
P004251,0.04045,9,APROVAR,0.0236,36,0.0
P004252,0.064966,7,APROVAR,0.0256,36,0.0
P004253,0.302846,1,NEGAR,,,
P004254,0.039996,9,APROVAR,0.0236,36,0.0
P004255,0.098791,5,APROVAR,0.0282,24,0.21
P004256,0.413096,1,NEGAR,,,
P004257,0.056058,7,APROVAR,0.0256,36,0.0
P004258,0.026362,10,APROVAR,0.0227,36,0.0
P004259,0.041121,9,APROVAR,0.0236,48,0.0
P004260,0.287063,2,NEGAR,,,
P004261,0.057088,7,APROVAR,0.0256,48,0.0
P004262,0.032691,10,APROVAR,0.0227,36,0.0
P004263,0.032623,10,APROVAR,0.0227,36,0.0
P004264,0.060239,7,APROVAR,0.0256,48,0.0
P004265,0.030004,10,APROVAR,0.0227,36,0.0
P004266,0.046779,8,APROVAR,0.0247,36,0.0
P004267,0.227504,2,NEGAR,,,
P004268,0.079206,6,APROVAR,0.0265,60,0.21
P004269,0.078914,6,APROVAR,0.0265,24,0.21
P004270,0.658812,1,NEGAR,,,
P004271,0.04062,9,APROVAR,0.0236,24,0.0
P004272,0.068773,6,APROVAR,0.0265,48,0.21
P004273,0.364469,1,NEGAR,,,
P004274,0.387148,1,NEGAR,,,
P004275,0.316739,1,NEGAR,,,
P004276,0.106927,4,NEGAR,,,
P004277,0.0673,6,APROVAR,0.0265,36,0.21
P004278,0.04451,9,APROVAR,0.0236,24,0.0
P004279,0.047405,8,APROVAR,0.0247,24,0.0
P004280,0.072536,6,APROVAR,0.0265,24,0.21
P004281,0.334899,1,NEGAR,,,
P004282,0.092133,5,APROVAR,0.0282,60,0.21
P004283,0.162547,3,NEGAR,,,
P004284,0.070918,6,APROVAR,0.0265,48,0.21
P004285,0.0403,9,APROVAR,0.0236,24,0.0
P004286,0.126035,4,NEGAR,,,
P004287,0.041634,9,APROVAR,0.0236,36,0.0
P004288,0.311426,1,NEGAR,,,
P004289,0.318215,1,NEGAR,,,
P004290,0.057956,7,APROVAR,0.0256,60,0.0
P004291,0.081128,6,APROVAR,0.0265,48,0.21
P004292,0.154819,3,NEGAR,,,
P004293,0.386447,1,NEGAR,,,
P004294,0.445367,1,NEGAR,,,
P004295,0.050974,8,APROVAR,0.0247,48,0.0
P004296,0.045501,8,APROVAR,0.0247,36,0.0
P004297,0.232865,2,NEGAR,,,
P004298,0.040349,9,APROVAR,0.0236,36,0.0
P004299,0.182546,3,NEGAR,,,
P004300,0.199638,3,NEGAR,,,
P004301,0.052719,8,APROVAR,0.0247,36,0.0
P004302,0.053907,8,APROVAR,0.0247,36,0.0
P004303,0.05119,8,APROVAR,0.0247,36,0.0
P004304,0.032106,10,APROVAR,0.0227,36,0.0
P004305,0.01793,10,APROVAR,0.0227,36,0.0
P004306,0.028568,10,APROVAR,0.0227,60,0.0
P004307,0.113522,4,NEGAR,,,
P004308,0.039676,9,APROVAR,0.0236,36,0.0
P004309,0.232397,2,NEGAR,,,
P004310,0.06164,7,APROVAR,0.0256,60,0.0
P004311,0.078472,6,APROVAR,0.0265,60,0.21
P004312,0.059689,7,APROVAR,0.0256,48,0.0
P004313,0.03857,9,APROVAR,0.0236,48,0.0
P004314,0.274078,2,NEGAR,,,
P004315,0.089387,5,APROVAR,0.0282,48,0.21
P004316,0.355419,1,NEGAR,,,
P004317,0.040239,9,APROVAR,0.0236,36,0.0
P004318,0.036052,10,APROVAR,0.0227,60,0.0
P004319,0.289371,2,NEGAR,,,
P004320,0.271677,2,NEGAR,,,
P004321,0.151007,3,NEGAR,,,
P004322,0.185124,3,NEGAR,,,
P004323,0.134169,4,NEGAR,,,
P004324,0.386716,1,NEGAR,,,
P004325,0.075036,6,APROVAR,0.0265,36,0.21
P004326,0.024224,10,APROVAR,0.0227,24,0.0
P004327,0.044301,9,APROVAR,0.0236,36,0.0
P004328,0.167566,3,NEGAR,,,
P004329,0.060872,7,APROVAR,0.0256,60,0.0
P004330,0.609928,1,NEGAR,,,
P004331,0.035404,10,APROVAR,0.0227,48,0.0
P004332,0.030175,10,APROVAR,0.0227,24,0.0
P004333,0.144569,3,NEGAR,,,
P004334,0.239036,2,NEGAR,,,
P004335,0.022636,10,APROVAR,0.0227,48,0.0
P004336,0.057585,7,APROVAR,0.0256,24,0.0
P004337,0.072294,6,APROVAR,0.0265,36,0.21
P004338,0.073105,6,APROVAR,0.0265,60,0.21
P004339,0.08658,5,APROVAR,0.0282,60,0.21
P004340,0.255088,2,NEGAR,,,
P004341,0.086678,5,APROVAR,0.0282,48,0.21
P004342,0.112848,4,NEGAR,,,
P004343,0.09365,5,APROVAR,0.0282,24,0.21
P004344,0.113525,4,NEGAR,,,
P004345,0.102044,5,APROVAR,0.0282,48,0.21
P004346,0.307317,1,NEGAR,,,
P004347,0.038346,9,APROVAR,0.0236,48,0.0
P004348,0.045224,8,APROVAR,0.0247,24,0.0
P004349,0.183689,3,NEGAR,,,
P004350,0.174298,3,NEGAR,,,
P004351,0.107176,4,NEGAR,,,
P004352,0.492965,1,NEGAR,,,
P004353,0.379721,1,NEGAR,,,
P004354,0.063896,7,APROVAR,0.0256,36,0.0
P004355,0.022139,10,APROVAR,0.0227,36,0.0
P004356,0.268586,2,NEGAR,,,
P004357,0.163267,3,NEGAR,,,
P004358,0.530128,1,NEGAR,,,
P004359,0.098953,5,APROVAR,0.0282,60,0.21
P004360,0.52046,1,NEGAR,,,
P004361,0.099669,5,APROVAR,0.0282,60,0.21
P004362,0.073217,6,APROVAR,0.0265,60,0.21
P004363,0.298656,2,NEGAR,,,
P004364,0.080261,6,APROVAR,0.0265,24,0.21
P004365,0.253885,2,NEGAR,,,
P004366,0.233283,2,NEGAR,,,
P004367,0.026105,10,APROVAR,0.0227,24,0.0
P004368,0.185612,3,NEGAR,,,
P004369,0.050004,8,APROVAR,0.0247,60,0.0
P004370,0.191412,3,NEGAR,,,
P004371,0.031903,10,APROVAR,0.0227,36,0.0
P004372,0.033907,10,APROVAR,0.0227,60,0.0
P004373,0.144446,3,NEGAR,,,
P004374,0.077992,6,APROVAR,0.0265,60,0.21
P004375,0.074769,6,APROVAR,0.0265,48,0.21
P004376,0.033814,10,APROVAR,0.0227,36,0.0
P004377,0.125763,4,NEGAR,,,
P004378,0.740696,1,NEGAR,,,
P004379,0.132335,4,NEGAR,,,
P004380,0.051459,8,APROVAR,0.0247,36,0.0
P004381,0.051393,8,APROVAR,0.0247,60,0.0
P004382,0.089603,5,APROVAR,0.0282,36,0.21
P004383,0.029511,10,APROVAR,0.0227,24,0.0
P004384,0.02987,10,APROVAR,0.0227,36,0.0
P004385,0.07684,6,APROVAR,0.0265,60,0.21
P004386,0.181851,3,NEGAR,,,
P004387,0.068388,6,APROVAR,0.0265,24,0.21
P004388,0.067825,6,APROVAR,0.0265,48,0.21
P004389,0.042509,9,APROVAR,0.0236,36,0.0
P004390,0.334748,1,NEGAR,,,
P004391,0.102283,5,APROVAR,0.0282,48,0.21
P004392,0.208561,3,NEGAR,,,
P004393,0.105863,5,APROVAR,0.0282,48,0.21
P004394,0.486063,1,NEGAR,,,
P004395,0.034606,10,APROVAR,0.0227,36,0.0
P004396,0.145212,3,NEGAR,,,
P004397,0.108342,4,NEGAR,,,
P004398,0.312574,1,NEGAR,,,
P004399,0.076719,6,APROVAR,0.0265,36,0.21
P004400,0.067005,6,APROVAR,0.0265,24,0.21
P004401,0.052662,8,APROVAR,0.0247,60,0.0
P004402,0.083456,6,APROVAR,0.0265,60,0.21
P004403,0.202155,3,NEGAR,,,
P004404,0.300499,2,NEGAR,,,
P004405,0.138357,4,NEGAR,,,
P004406,0.095956,5,APROVAR,0.0282,48,0.21
P004407,0.029713,10,APROVAR,0.0227,60,0.0
P004408,0.051899,8,APROVAR,0.0247,48,0.0
P004409,0.031303,10,APROVAR,0.0227,24,0.0
P004410,0.036155,10,APROVAR,0.0227,36,0.0
P004411,0.23558,2,NEGAR,,,
P004412,0.050061,8,APROVAR,0.0247,48,0.0
P004413,0.069723,6,APROVAR,0.0265,36,0.21
P004414,0.04606,8,APROVAR,0.0247,60,0.0
P004415,0.20434,3,NEGAR,,,
P004416,0.084341,5,APROVAR,0.0282,36,0.21
P004417,0.087948,5,APROVAR,0.0282,24,0.21
P004418,0.045898,8,APROVAR,0.0247,48,0.0
P004419,0.216178,2,NEGAR,,,
P004420,0.042843,9,APROVAR,0.0236,48,0.0
P004421,0.093585,5,APROVAR,0.0282,24,0.21
P004422,0.181239,3,NEGAR,,,
P004423,0.032873,10,APROVAR,0.0227,60,0.0
P004424,0.048238,8,APROVAR,0.0247,48,0.0
P004425,0.028606,10,APROVAR,0.0227,36,0.0
P004426,0.037862,9,APROVAR,0.0236,48,0.0
P004427,0.116068,4,NEGAR,,,
P004428,0.066365,6,APROVAR,0.0265,36,0.21
P004429,0.030589,10,APROVAR,0.0227,60,0.0
P004430,0.209725,2,NEGAR,,,
P004431,0.466908,1,NEGAR,,,
P004432,0.031625,10,APROVAR,0.0227,48,0.0
P004433,0.043102,9,APROVAR,0.0236,36,0.0
P004434,0.03724,9,APROVAR,0.0236,48,0.0
P004435,0.04672,8,APROVAR,0.0247,36,0.0
P004436,0.034829,10,APROVAR,0.0227,60,0.0
P004437,0.600957,1,NEGAR,,,
P004438,0.209076,3,NEGAR,,,
P004439,0.268879,2,NEGAR,,,
P004440,0.024184,10,APROVAR,0.0227,24,0.0
P004441,0.067318,6,APROVAR,0.0265,36,0.21
P004442,0.052583,8,APROVAR,0.0247,60,0.0
P004443,0.574653,1,NEGAR,,,
P004444,0.265642,2,NEGAR,,,
P004445,0.315211,1,NEGAR,,,
P004446,0.365512,1,NEGAR,,,
P004447,0.051487,8,APROVAR,0.0247,60,0.0
P004448,0.530446,1,NEGAR,,,
P004449,0.075816,6,APROVAR,0.0265,48,0.21
P004450,0.267385,2,NEGAR,,,
P004451,0.121398,4,NEGAR,,,
P004452,0.238622,2,NEGAR,,,
P004453,0.064116,7,APROVAR,0.0256,48,0.0
P004454,0.129927,4,NEGAR,,,
P004455,0.137833,4,NEGAR,,,
P004456,0.285301,2,NEGAR,,,
P004457,0.140527,4,NEGAR,,,
P004458,0.033974,10,APROVAR,0.0227,24,0.0
P004459,0.064893,7,APROVAR,0.0256,36,0.0
P004460,0.045307,8,APROVAR,0.0247,36,0.0
P004461,0.210084,2,NEGAR,,,
P004462,0.053731,8,APROVAR,0.0247,48,0.0
P004463,0.556783,1,NEGAR,,,
P004464,0.040402,9,APROVAR,0.0236,48,0.0
P004465,0.073972,6,APROVAR,0.0265,48,0.21
P004466,0.022242,10,APROVAR,0.0227,60,0.0
P004467,0.238661,2,NEGAR,,,
P004468,0.235419,2,NEGAR,,,
P004469,0.056862,7,APROVAR,0.0256,36,0.0
P004470,0.02514,10,APROVAR,0.0227,36,0.0
P004471,0.435113,1,NEGAR,,,
P004472,0.061159,7,APROVAR,0.0256,36,0.0
P004473,0.077548,6,APROVAR,0.0265,24,0.21
P004474,0.035595,10,APROVAR,0.0227,60,0.0
P004475,0.038004,9,APROVAR,0.0236,24,0.0
P004476,0.070372,6,APROVAR,0.0265,24,0.21
P004477,0.148266,3,NEGAR,,,
P004478,0.111839,4,NEGAR,,,
P004479,0.611956,1,NEGAR,,,
P004480,0.054178,8,APROVAR,0.0247,48,0.0
P004481,0.052399,8,APROVAR,0.0247,60,0.0
P004482,0.038632,9,APROVAR,0.0236,36,0.0
P004483,0.124762,4,NEGAR,,,
P004484,0.066993,6,APROVAR,0.0265,24,0.21
P004485,0.037463,9,APROVAR,0.0236,24,0.0
P004486,0.258947,2,NEGAR,,,
P004487,0.05557,7,APROVAR,0.0256,24,0.0
P004488,0.062325,7,APROVAR,0.0256,48,0.0
P004489,0.029936,10,APROVAR,0.0227,48,0.0
P004490,0.319366,1,NEGAR,,,
P004491,0.055725,7,APROVAR,0.0256,60,0.0
P004492,0.172374,3,NEGAR,,,
P004493,0.058475,7,APROVAR,0.0256,60,0.0
P004494,0.046945,8,APROVAR,0.0247,36,0.0
P004495,0.036835,10,APROVAR,0.0227,48,0.0
P004496,0.090375,5,APROVAR,0.0282,60,0.21
P004497,0.11679,4,NEGAR,,,
P004498,0.064592,7,APROVAR,0.0256,60,0.0
P004499,0.193979,3,NEGAR,,,
P004500,0.038831,9,APROVAR,0.0236,48,0.0
P004501,0.160376,3,NEGAR,,,
P004502,0.344254,1,NEGAR,,,
P004503,0.212221,2,NEGAR,,,
P004504,0.648089,1,NEGAR,,,
P004505,0.448763,1,NEGAR,,,
P004506,0.057504,7,APROVAR,0.0256,24,0.0
P004507,0.130831,4,NEGAR,,,
P004508,0.063093,7,APROVAR,0.0256,36,0.0
P004509,0.052344,8,APROVAR,0.0247,24,0.0
P004510,0.294773,2,NEGAR,,,
P004511,0.18612,3,NEGAR,,,
P004512,0.028783,10,APROVAR,0.0227,36,0.0
P004513,0.498189,1,NEGAR,,,
P004514,0.038289,9,APROVAR,0.0236,60,0.0
P004515,0.045155,8,APROVAR,0.0247,60,0.0
P004516,0.036358,10,APROVAR,0.0227,36,0.0
P004517,0.045199,8,APROVAR,0.0247,48,0.0
P004518,0.051886,8,APROVAR,0.0247,24,0.0
P004519,0.157817,3,NEGAR,,,
P004520,0.068874,6,APROVAR,0.0265,48,0.21
P004521,0.217974,2,NEGAR,,,
P004522,0.254569,2,NEGAR,,,
P004523,0.2157,2,NEGAR,,,
P004524,0.267724,2,NEGAR,,,
P004525,0.113811,4,NEGAR,,,
P004526,0.060769,7,APROVAR,0.0256,24,0.0
P004527,0.041496,9,APROVAR,0.0236,24,0.0
P004528,0.03165,10,APROVAR,0.0227,36,0.0
P004529,0.335558,1,NEGAR,,,
P004530,0.385931,1,NEGAR,,,
P004531,0.214427,2,NEGAR,,,
P004532,0.312617,1,NEGAR,,,
P004533,0.630644,1,NEGAR,,,
P004534,0.041662,9,APROVAR,0.0236,36,0.0
P004535,0.032835,10,APROVAR,0.0227,36,0.0
P004536,0.024166,10,APROVAR,0.0227,60,0.0
P004537,0.256824,2,NEGAR,,,
P004538,0.086092,5,APROVAR,0.0282,48,0.21
P004539,0.27371,2,NEGAR,,,
P004540,0.420638,1,NEGAR,,,
P004541,0.049175,8,APROVAR,0.0247,60,0.0
P004542,0.04615,8,APROVAR,0.0247,24,0.0
P004543,0.609835,1,NEGAR,,,
P004544,0.289214,2,NEGAR,,,
P004545,0.069672,6,APROVAR,0.0265,60,0.21
P004546,0.081343,6,APROVAR,0.0265,36,0.21
P004547,0.03747,9,APROVAR,0.0236,48,0.0
P004548,0.248038,2,NEGAR,,,
P004549,0.034955,10,APROVAR,0.0227,48,0.0
P004550,0.450098,1,NEGAR,,,
P004551,0.064286,7,APROVAR,0.0256,48,0.0
P004552,0.036596,10,APROVAR,0.0227,24,0.0
P004553,0.047026,8,APROVAR,0.0247,36,0.0
P004554,0.07945,6,APROVAR,0.0265,36,0.21
P004555,0.596726,1,NEGAR,,,
P004556,0.167331,3,NEGAR,,,
P004557,0.183809,3,NEGAR,,,
P004558,0.14951,3,NEGAR,,,
P004559,0.245865,2,NEGAR,,,
P004560,0.048063,8,APROVAR,0.0247,36,0.0
P004561,0.041372,9,APROVAR,0.0236,48,0.0
P004562,0.040203,9,APROVAR,0.0236,60,0.0
P004563,0.245123,2,NEGAR,,,
P004564,0.052686,8,APROVAR,0.0247,48,0.0
P004565,0.036832,10,APROVAR,0.0227,24,0.0
P004566,0.452655,1,NEGAR,,,
P004567,0.026582,10,APROVAR,0.0227,24,0.0
P004568,0.040485,9,APROVAR,0.0236,60,0.0
P004569,0.236886,2,NEGAR,,,
P004570,0.032037,10,APROVAR,0.0227,24,0.0
P004571,0.038229,9,APROVAR,0.0236,60,0.0
P004572,0.131098,4,NEGAR,,,
P004573,0.129302,4,NEGAR,,,
P004574,0.05679,7,APROVAR,0.0256,48,0.0
P004575,0.052099,8,APROVAR,0.0247,36,0.0
P004576,0.321756,1,NEGAR,,,
P004577,0.029483,10,APROVAR,0.0227,36,0.0
P004578,0.065057,7,APROVAR,0.0256,48,0.0
P004579,0.42719,1,NEGAR,,,
P004580,0.04487,8,APROVAR,0.0247,48,0.0
P004581,0.310713,1,NEGAR,,,
P004582,0.080823,6,APROVAR,0.0265,24,0.21
P004583,0.271788,2,NEGAR,,,
P004584,0.297759,2,NEGAR,,,
P004585,0.414653,1,NEGAR,,,
P004586,0.276821,2,NEGAR,,,
P004587,0.07399,6,APROVAR,0.0265,48,0.21
P004588,0.347395,1,NEGAR,,,
P004589,0.344164,1,NEGAR,,,
P004590,0.076092,6,APROVAR,0.0265,48,0.21
P004591,0.332481,1,NEGAR,,,
P004592,0.079465,6,APROVAR,0.0265,60,0.21
P004593,0.036838,10,APROVAR,0.0227,24,0.0
P004594,0.258564,2,NEGAR,,,
P004595,0.147318,3,NEGAR,,,
P004596,0.120297,4,NEGAR,,,
P004597,0.050115,8,APROVAR,0.0247,60,0.0
P004598,0.362218,1,NEGAR,,,
P004599,0.198259,3,NEGAR,,,
P004600,0.149276,3,NEGAR,,,
P004601,0.042353,9,APROVAR,0.0236,60,0.0
P004602,0.067637,6,APROVAR,0.0265,36,0.21
P004603,0.236336,2,NEGAR,,,
P004604,0.052986,8,APROVAR,0.0247,36,0.0
P004605,0.039716,9,APROVAR,0.0236,36,0.0
P004606,0.136168,4,NEGAR,,,
P004607,0.067447,6,APROVAR,0.0265,60,0.21
P004608,0.285048,2,NEGAR,,,
P004609,0.059677,7,APROVAR,0.0256,36,0.0
P004610,0.119284,4,NEGAR,,,
P004611,0.041352,9,APROVAR,0.0236,36,0.0
P004612,0.051289,8,APROVAR,0.0247,60,0.0
P004613,0.219093,2,NEGAR,,,
P004614,0.060948,7,APROVAR,0.0256,36,0.0
P004615,0.034032,10,APROVAR,0.0227,60,0.0
P004616,0.214862,2,NEGAR,,,
P004617,0.026046,10,APROVAR,0.0227,24,0.0
P004618,0.221828,2,NEGAR,,,
P004619,0.325847,1,NEGAR,,,
P004620,0.383231,1,NEGAR,,,
P004621,0.105225,5,APROVAR,0.0282,48,0.21
P004622,0.218105,2,NEGAR,,,
P004623,0.030831,10,APROVAR,0.0227,36,0.0
P004624,0.037021,9,APROVAR,0.0236,60,0.0
P004625,0.064947,7,APROVAR,0.0256,36,0.0
P004626,0.239624,2,NEGAR,,,
P004627,0.02754,10,APROVAR,0.0227,60,0.0
P004628,0.076087,6,APROVAR,0.0265,24,0.21
P004629,0.030164,10,APROVAR,0.0227,48,0.0
P004630,0.711351,1,NEGAR,,,
P004631,0.045145,8,APROVAR,0.0247,24,0.0
P004632,0.047127,8,APROVAR,0.0247,36,0.0
P004633,0.193096,3,NEGAR,,,
P004634,0.03097,10,APROVAR,0.0227,48,0.0
P004635,0.045852,8,APROVAR,0.0247,60,0.0
P004636,0.162478,3,NEGAR,,,
P004637,0.275606,2,NEGAR,,,
P004638,0.05181,8,APROVAR,0.0247,60,0.0
P004639,0.062683,7,APROVAR,0.0256,48,0.0
P004640,0.025998,10,APROVAR,0.0227,36,0.0
P004641,0.042991,9,APROVAR,0.0236,60,0.0
P004642,0.192373,3,NEGAR,,,
P004643,0.156509,3,NEGAR,,,
P004644,0.289155,2,NEGAR,,,
P004645,0.092997,5,APROVAR,0.0282,24,0.21
P004646,0.060227,7,APROVAR,0.0256,48,0.0
P004647,0.046073,8,APROVAR,0.0247,36,0.0
P004648,0.145276,3,NEGAR,,,
P004649,0.149003,3,NEGAR,,,
P004650,0.030749,10,APROVAR,0.0227,24,0.0
P004651,0.033825,10,APROVAR,0.0227,36,0.0
P004652,0.075319,6,APROVAR,0.0265,48,0.21
P004653,0.223003,2,NEGAR,,,
P004654,0.240588,2,NEGAR,,,
P004655,0.184125,3,NEGAR,,,
P004656,0.277347,2,NEGAR,,,
P004657,0.094403,5,APROVAR,0.0282,60,0.21
P004658,0.126842,4,NEGAR,,,
P004659,0.595032,1,NEGAR,,,
P004660,0.046997,8,APROVAR,0.0247,48,0.0
P004661,0.119689,4,NEGAR,,,
P004662,0.139116,4,NEGAR,,,
P004663,0.045661,8,APROVAR,0.0247,24,0.0
P004664,0.036895,10,APROVAR,0.0227,60,0.0
P004665,0.167395,3,NEGAR,,,
P004666,0.045551,8,APROVAR,0.0247,36,0.0
P004667,0.347931,1,NEGAR,,,
P004668,0.038965,9,APROVAR,0.0236,36,0.0
P004669,0.064023,7,APROVAR,0.0256,36,0.0
P004670,0.063073,7,APROVAR,0.0256,60,0.0
P004671,0.038023,9,APROVAR,0.0236,48,0.0
P004672,0.057822,7,APROVAR,0.0256,36,0.0
P004673,0.323896,1,NEGAR,,,
P004674,0.137036,4,NEGAR,,,
P004675,0.110161,4,NEGAR,,,
P004676,0.428181,1,NEGAR,,,
P004677,0.045792,8,APROVAR,0.0247,36,0.0
P004678,0.297088,2,NEGAR,,,
P004679,0.205886,3,NEGAR,,,
P004680,0.081466,6,APROVAR,0.0265,60,0.21
P004681,0.279931,2,NEGAR,,,
P004682,0.522747,1,NEGAR,,,
P004683,0.064465,7,APROVAR,0.0256,48,0.0
P004684,0.360623,1,NEGAR,,,
P004685,0.031249,10,APROVAR,0.0227,48,0.0
P004686,0.069574,6,APROVAR,0.0265,48,0.21
P004687,0.537005,1,NEGAR,,,
P004688,0.149735,3,NEGAR,,,
P004689,0.104302,5,APROVAR,0.0282,60,0.21
P004690,0.138125,4,NEGAR,,,
P004691,0.282712,2,NEGAR,,,
P004692,0.028548,10,APROVAR,0.0227,36,0.0
P004693,0.029074,10,APROVAR,0.0227,36,0.0
P004694,0.360074,1,NEGAR,,,
P004695,0.054283,7,APROVAR,0.0256,48,0.0
P004696,0.040557,9,APROVAR,0.0236,36,0.0
P004697,0.098632,5,APROVAR,0.0282,48,0.21
P004698,0.061035,7,APROVAR,0.0256,24,0.0
P004699,0.032434,10,APROVAR,0.0227,60,0.0
P004700,0.18409,3,NEGAR,,,
P004701,0.106162,5,APROVAR,0.0282,36,0.21
P004702,0.18565,3,NEGAR,,,
P004703,0.211876,2,NEGAR,,,
P004704,0.056962,7,APROVAR,0.0256,60,0.0
P004705,0.159395,3,NEGAR,,,
P004706,0.037599,9,APROVAR,0.0236,48,0.0
P004707,0.125648,4,NEGAR,,,
P004708,0.038607,9,APROVAR,0.0236,24,0.0
P004709,0.356504,1,NEGAR,,,
P004710,0.458231,1,NEGAR,,,
P004711,0.031391,10,APROVAR,0.0227,48,0.0
P004712,0.044762,9,APROVAR,0.0236,60,0.0
P004713,0.173674,3,NEGAR,,,
P004714,0.065429,7,APROVAR,0.0256,36,0.0
P004715,0.199659,3,NEGAR,,,
P004716,0.032218,10,APROVAR,0.0227,48,0.0
P004717,0.221682,2,NEGAR,,,
P004718,0.220708,2,NEGAR,,,
P004719,0.60067,1,NEGAR,,,
P004720,0.333514,1,NEGAR,,,
P004721,0.03093,10,APROVAR,0.0227,36,0.0
P004722,0.290944,2,NEGAR,,,
P004723,0.040979,9,APROVAR,0.0236,24,0.0
P004724,0.025566,10,APROVAR,0.0227,36,0.0
P004725,0.066392,6,APROVAR,0.0265,36,0.21
P004726,0.304602,1,NEGAR,,,
P004727,0.220527,2,NEGAR,,,
P004728,0.074104,6,APROVAR,0.0265,60,0.21
P004729,0.070475,6,APROVAR,0.0265,48,0.21
P004730,0.116013,4,NEGAR,,,
P004731,0.05497,7,APROVAR,0.0256,36,0.0
P004732,0.262674,2,NEGAR,,,
P004733,0.024554,10,APROVAR,0.0227,60,0.0
P004734,0.29725,2,NEGAR,,,
P004735,0.040832,9,APROVAR,0.0236,60,0.0
P004736,0.09517,5,APROVAR,0.0282,24,0.21
P004737,0.348456,1,NEGAR,,,
P004738,0.285427,2,NEGAR,,,
P004739,0.446262,1,NEGAR,,,
P004740,0.034573,10,APROVAR,0.0227,36,0.0
P004741,0.035112,10,APROVAR,0.0227,48,0.0
P004742,0.074346,6,APROVAR,0.0265,48,0.21
P004743,0.037169,9,APROVAR,0.0236,36,0.0
P004744,0.309209,1,NEGAR,,,
P004745,0.030899,10,APROVAR,0.0227,36,0.0
P004746,0.050384,8,APROVAR,0.0247,48,0.0
P004747,0.070291,6,APROVAR,0.0265,48,0.21
P004748,0.128969,4,NEGAR,,,
P004749,0.037593,9,APROVAR,0.0236,24,0.0
P004750,0.108059,4,NEGAR,,,
P004751,0.034036,10,APROVAR,0.0227,48,0.0
P004752,0.090552,5,APROVAR,0.0282,48,0.21
P004753,0.036732,10,APROVAR,0.0227,60,0.0
P004754,0.469375,1,NEGAR,,,
P004755,0.050321,8,APROVAR,0.0247,48,0.0
P004756,0.202955,3,NEGAR,,,
P004757,0.124164,4,NEGAR,,,
P004758,0.169403,3,NEGAR,,,
P004759,0.073014,6,APROVAR,0.0265,24,0.21
P004760,0.073653,6,APROVAR,0.0265,36,0.21
P004761,0.033309,10,APROVAR,0.0227,60,0.0
P004762,0.071662,6,APROVAR,0.0265,48,0.21
P004763,0.044124,9,APROVAR,0.0236,36,0.0
P004764,0.081013,6,APROVAR,0.0265,48,0.21
P004765,0.055163,7,APROVAR,0.0256,24,0.0
P004766,0.044924,8,APROVAR,0.0247,24,0.0
P004767,0.164381,3,NEGAR,,,
P004768,0.293336,2,NEGAR,,,
P004769,0.389756,1,NEGAR,,,
P004770,0.070179,6,APROVAR,0.0265,60,0.21
P004771,0.058795,7,APROVAR,0.0256,36,0.0
P004772,0.191802,3,NEGAR,,,
P004773,0.036453,10,APROVAR,0.0227,60,0.0
P004774,0.155145,3,NEGAR,,,
P004775,0.535437,1,NEGAR,,,
P004776,0.040016,9,APROVAR,0.0236,60,0.0
P004777,0.195176,3,NEGAR,,,
P004778,0.053577,8,APROVAR,0.0247,36,0.0
P004779,0.214856,2,NEGAR,,,
P004780,0.187826,3,NEGAR,,,
P004781,0.256289,2,NEGAR,,,
P004782,0.112295,4,NEGAR,,,
P004783,0.148576,3,NEGAR,,,
P004784,0.072199,6,APROVAR,0.0265,24,0.21
P004785,0.034621,10,APROVAR,0.0227,36,0.0
P004786,0.490681,1,NEGAR,,,
P004787,0.210484,2,NEGAR,,,
P004788,0.089125,5,APROVAR,0.0282,48,0.21
P004789,0.052906,8,APROVAR,0.0247,36,0.0
P004790,0.153834,3,NEGAR,,,
P004791,0.047314,8,APROVAR,0.0247,60,0.0
P004792,0.030158,10,APROVAR,0.0227,36,0.0
P004793,0.052507,8,APROVAR,0.0247,36,0.0
P004794,0.196175,3,NEGAR,,,
P004795,0.05399,8,APROVAR,0.0247,24,0.0
P004796,0.093038,5,APROVAR,0.0282,24,0.21
P004797,0.101733,5,APROVAR,0.0282,60,0.21
P004798,0.295156,2,NEGAR,,,
P004799,0.054673,7,APROVAR,0.0256,36,0.0
P004800,0.257206,2,NEGAR,,,
P004801,0.044121,9,APROVAR,0.0236,48,0.0
P004802,0.389433,1,NEGAR,,,
P004803,0.061784,7,APROVAR,0.0256,36,0.0
P004804,0.247282,2,NEGAR,,,
P004805,0.021317,10,APROVAR,0.0227,48,0.0
P004806,0.030357,10,APROVAR,0.0227,48,0.0
P004807,0.189704,3,NEGAR,,,
P004808,0.02859,10,APROVAR,0.0227,48,0.0
P004809,0.104697,5,APROVAR,0.0282,48,0.21
P004810,0.033535,10,APROVAR,0.0227,60,0.0
P004811,0.054332,7,APROVAR,0.0256,48,0.0
P004812,0.037621,9,APROVAR,0.0236,36,0.0
P004813,0.101789,5,APROVAR,0.0282,60,0.21
P004814,0.270531,2,NEGAR,,,
P004815,0.153294,3,NEGAR,,,
P004816,0.072465,6,APROVAR,0.0265,48,0.21
P004817,0.201253,3,NEGAR,,,
P004818,0.240164,2,NEGAR,,,
P004819,0.033564,10,APROVAR,0.0227,36,0.0
P004820,0.101597,5,APROVAR,0.0282,48,0.21
P004821,0.231039,2,NEGAR,,,
P004822,0.076049,6,APROVAR,0.0265,60,0.21
P004823,0.230749,2,NEGAR,,,
P004824,0.043491,9,APROVAR,0.0236,48,0.0
P004825,0.119318,4,NEGAR,,,
P004826,0.104221,5,APROVAR,0.0282,36,0.21
P004827,0.145913,3,NEGAR,,,
P004828,0.676618,1,NEGAR,,,
P004829,0.193428,3,NEGAR,,,
P004830,0.277763,2,NEGAR,,,
P004831,0.051347,8,APROVAR,0.0247,60,0.0
P004832,0.08786,5,APROVAR,0.0282,36,0.21
P004833,0.054341,7,APROVAR,0.0256,36,0.0
P004834,0.04666,8,APROVAR,0.0247,24,0.0
P004835,0.33282,1,NEGAR,,,
P004836,0.06741,6,APROVAR,0.0265,36,0.21
P004837,0.032655,10,APROVAR,0.0227,60,0.0
P004838,0.059587,7,APROVAR,0.0256,24,0.0
P004839,0.054514,7,APROVAR,0.0256,48,0.0
P004840,0.18079,3,NEGAR,,,
P004841,0.038813,9,APROVAR,0.0236,24,0.0
P004842,0.03842,9,APROVAR,0.0236,60,0.0
P004843,0.040034,9,APROVAR,0.0236,24,0.0
P004844,0.041211,9,APROVAR,0.0236,48,0.0
P004845,0.160066,3,NEGAR,,,
P004846,0.464961,1,NEGAR,,,
P004847,0.050068,8,APROVAR,0.0247,24,0.0
P004848,0.03994,9,APROVAR,0.0236,60,0.0
P004849,0.051971,8,APROVAR,0.0247,48,0.0
P004850,0.661086,1,NEGAR,,,
P004851,0.09101,5,APROVAR,0.0282,48,0.21
P004852,0.163999,3,NEGAR,,,
P004853,0.340035,1,NEGAR,,,
P004854,0.253766,2,NEGAR,,,
P004855,0.314827,1,NEGAR,,,
P004856,0.305175,1,NEGAR,,,
P004857,0.028755,10,APROVAR,0.0227,36,0.0
P004858,0.084192,5,APROVAR,0.0282,48,0.21
P004859,0.038855,9,APROVAR,0.0236,24,0.0
P004860,0.095929,5,APROVAR,0.0282,60,0.21
P004861,0.180131,3,NEGAR,,,
P004862,0.242759,2,NEGAR,,,
P004863,0.073899,6,APROVAR,0.0265,24,0.21
P004864,0.537197,1,NEGAR,,,
P004865,0.376293,1,NEGAR,,,
P004866,0.328699,1,NEGAR,,,
P004867,0.042658,9,APROVAR,0.0236,48,0.0
P004868,0.183231,3,NEGAR,,,
P004869,0.220945,2,NEGAR,,,
P004870,0.144622,3,NEGAR,,,
P004871,0.097826,5,APROVAR,0.0282,48,0.21
P004872,0.237425,2,NEGAR,,,
P004873,0.033265,10,APROVAR,0.0227,48,0.0
P004874,0.044099,9,APROVAR,0.0236,24,0.0
P004875,0.240621,2,NEGAR,,,
P004876,0.286138,2,NEGAR,,,
P004877,0.08184,6,APROVAR,0.0265,36,0.21
P004878,0.147474,3,NEGAR,,,
P004879,0.103067,5,APROVAR,0.0282,48,0.21
P004880,0.12559,4,NEGAR,,,
P004881,0.609829,1,NEGAR,,,
P004882,0.274017,2,NEGAR,,,
P004883,0.589618,1,NEGAR,,,
P004884,0.060532,7,APROVAR,0.0256,36,0.0
P004885,0.082686,6,APROVAR,0.0265,48,0.21
P004886,0.427243,1,NEGAR,,,
P004887,0.050874,8,APROVAR,0.0247,48,0.0
P004888,0.533558,1,NEGAR,,,
P004889,0.190063,3,NEGAR,,,
P004890,0.02528,10,APROVAR,0.0227,24,0.0
P004891,0.037653,9,APROVAR,0.0236,48,0.0
P004892,0.061085,7,APROVAR,0.0256,36,0.0
P004893,0.237842,2,NEGAR,,,
P004894,0.032967,10,APROVAR,0.0227,60,0.0
P004895,0.073538,6,APROVAR,0.0265,48,0.21
P004896,0.096156,5,APROVAR,0.0282,24,0.21
P004897,0.188888,3,NEGAR,,,
P004898,0.13438,4,NEGAR,,,
P004899,0.105895,5,APROVAR,0.0282,36,0.21
P004900,0.03785,9,APROVAR,0.0236,36,0.0
P004901,0.180708,3,NEGAR,,,
P004902,0.026966,10,APROVAR,0.0227,36,0.0
P004903,0.047219,8,APROVAR,0.0247,60,0.0
P004904,0.131826,4,NEGAR,,,
P004905,0.534232,1,NEGAR,,,
P004906,0.031983,10,APROVAR,0.0227,48,0.0
P004907,0.166657,3,NEGAR,,,
P004908,0.049063,8,APROVAR,0.0247,24,0.0
P004909,0.081267,6,APROVAR,0.0265,48,0.21
P004910,0.098346,5,APROVAR,0.0282,48,0.21
P004911,0.054832,7,APROVAR,0.0256,48,0.0
P004912,0.03519,10,APROVAR,0.0227,60,0.0
P004913,0.049094,8,APROVAR,0.0247,60,0.0
P004914,0.08687,5,APROVAR,0.0282,48,0.21
P004915,0.032612,10,APROVAR,0.0227,36,0.0
P004916,0.465051,1,NEGAR,,,
P004917,0.124634,4,NEGAR,,,
P004918,0.450986,1,NEGAR,,,
P004919,0.380354,1,NEGAR,,,
P004920,0.062559,7,APROVAR,0.0256,48,0.0
P004921,0.630033,1,NEGAR,,,
P004922,0.142342,4,NEGAR,,,
P004923,0.152348,3,NEGAR,,,
P004924,0.337214,1,NEGAR,,,
P004925,0.374194,1,NEGAR,,,
P004926,0.283156,2,NEGAR,,,
P004927,0.036494,10,APROVAR,0.0227,60,0.0
P004928,0.108657,4,NEGAR,,,
P004929,0.018694,10,APROVAR,0.0227,24,0.0
P004930,0.128657,4,NEGAR,,,
P004931,0.351557,1,NEGAR,,,
P004932,0.103501,5,APROVAR,0.0282,24,0.21
P004933,0.36576,1,NEGAR,,,
P004934,0.028751,10,APROVAR,0.0227,36,0.0
P004935,0.219021,2,NEGAR,,,
P004936,0.108142,4,NEGAR,,,
P004937,0.317189,1,NEGAR,,,
P004938,0.133857,4,NEGAR,,,
P004939,0.037812,9,APROVAR,0.0236,24,0.0
P004940,0.237075,2,NEGAR,,,
P004941,0.024272,10,APROVAR,0.0227,24,0.0
P004942,0.080856,6,APROVAR,0.0265,48,0.21
P004943,0.04375,9,APROVAR,0.0236,48,0.0
P004944,0.194001,3,NEGAR,,,
P004945,0.079897,6,APROVAR,0.0265,36,0.21
P004946,0.195245,3,NEGAR,,,
P004947,0.026473,10,APROVAR,0.0227,24,0.0
P004948,0.097928,5,APROVAR,0.0282,60,0.21
P004949,0.113554,4,NEGAR,,,
P004950,0.072822,6,APROVAR,0.0265,48,0.21
P004951,0.275945,2,NEGAR,,,
P004952,0.050967,8,APROVAR,0.0247,36,0.0
P004953,0.142216,4,NEGAR,,,
P004954,0.064131,7,APROVAR,0.0256,24,0.0
P004955,0.237388,2,NEGAR,,,
P004956,0.307597,1,NEGAR,,,
P004957,0.053955,8,APROVAR,0.0247,48,0.0
P004958,0.051313,8,APROVAR,0.0247,36,0.0
P004959,0.059333,7,APROVAR,0.0256,24,0.0
P004960,0.199588,3,NEGAR,,,
P004961,0.10605,5,APROVAR,0.0282,24,0.21
P004962,0.111515,4,NEGAR,,,
P004963,0.057198,7,APROVAR,0.0256,48,0.0
P004964,0.079732,6,APROVAR,0.0265,24,0.21
P004965,0.079618,6,APROVAR,0.0265,36,0.21
P004966,0.031883,10,APROVAR,0.0227,60,0.0
P004967,0.070638,6,APROVAR,0.0265,60,0.21
P004968,0.036438,10,APROVAR,0.0227,48,0.0
P004969,0.360727,1,NEGAR,,,
P004970,0.038615,9,APROVAR,0.0236,60,0.0
P004971,0.355632,1,NEGAR,,,
P004972,0.161705,3,NEGAR,,,
P004973,0.102429,5,APROVAR,0.0282,48,0.21
P004974,0.042763,9,APROVAR,0.0236,36,0.0
P004975,0.186262,3,NEGAR,,,
P004976,0.052079,8,APROVAR,0.0247,24,0.0
P004977,0.070807,6,APROVAR,0.0265,48,0.21
P004978,0.060368,7,APROVAR,0.0256,24,0.0
P004979,0.452325,1,NEGAR,,,
P004980,0.038201,9,APROVAR,0.0236,36,0.0
P004981,0.147501,3,NEGAR,,,
P004982,0.266589,2,NEGAR,,,
P004983,0.043606,9,APROVAR,0.0236,36,0.0
P004984,0.031744,10,APROVAR,0.0227,36,0.0
P004985,0.036725,10,APROVAR,0.0227,36,0.0
P004986,0.180658,3,NEGAR,,,
P004987,0.129297,4,NEGAR,,,
P004988,0.21947,2,NEGAR,,,
P004989,0.066903,6,APROVAR,0.0265,36,0.21
P004990,0.130612,4,NEGAR,,,
P004991,0.167264,3,NEGAR,,,
P004992,0.267292,2,NEGAR,,,
P004993,0.377284,1,NEGAR,,,
P004994,0.137925,4,NEGAR,,,
P004995,0.11422,4,NEGAR,,,
P004996,0.076955,6,APROVAR,0.0265,60,0.21
P004997,0.113351,4,NEGAR,,,
P004998,0.035793,10,APROVAR,0.0227,36,0.0
P004999,0.14094,4,NEGAR,,,
P005000,0.19127,3,NEGAR,,,
