id_contrato,pd_oof,pd_final
C000001,0.03831448266921638,0.03099044296214313
C000002,0.207396937957597,0.1699549016120306
C000003,0.038748069770923856,0.037228707412180095
C000004,0.05866187974527015,0.057380303452044444
C000005,0.053892486242109794,0.04602132210135622
C000006,0.04672384027383612,0.039045972511564574
C000007,0.033211781394840115,0.04046821836958342
C000008,0.03033836160909307,0.030171037119813005
C000009,0.04199925513372502,0.05529351293082292
C000010,0.09531853981611059,0.1135613383584138
C000011,0.09595201674001148,0.10957534766083779
C000012,0.032814438588604944,0.0370681208473405
C000013,0.042393345873615866,0.04113370221986877
C000014,0.04645802079803213,0.04689214150417226
C000015,0.04037522928324858,0.046807249895450306
C000016,0.05088893390692488,0.059645741949527785
C000017,0.1367948070652703,0.11055367011676687
C000018,0.06013336194848014,0.062439955955754856
C000019,0.11356991240769043,0.08179292584139461
C000020,0.04916898554927475,0.045140028766855175
C000021,0.11660135708285888,0.07741874911140958
C000022,0.04663954045853698,0.04178791460596355
C000023,0.05569593443504459,0.05599834156695534
C000024,0.03332554997711949,0.0309397374912944
C000025,0.08470440899088463,0.07580629525907552
C000026,0.37953333930109007,0.4243706370492085
C000027,0.05761929363850995,0.06288512245636182
C000028,0.046006121451930726,0.058221507699659794
C000029,0.040312717776983184,0.0333878295802319
C000030,0.08989467917631305,0.07887311283104487
C000031,0.032451890254241646,0.03206007404484904
C000032,0.09008185765438018,0.08940741978516634
C000033,0.06815211934548784,0.05934909464674326
C000034,0.0904411645375185,0.07410351980087557
C000035,0.08482963974390526,0.10623869654756217
C000036,0.03535437433708229,0.034286644971186386
C000037,0.023423115121400533,0.025199320715777695
C000038,0.050750887196639935,0.04351138067451708
C000039,0.03938057457317591,0.03361050576416816
C000040,0.08299313153209589,0.07944466233003727
C000041,0.2002512220690464,0.18495114000813878
C000042,0.042830693287891304,0.032003313341259526
C000043,0.04046278765727491,0.0401331900913999
C000044,0.03974599490827047,0.03992962843596694
C000045,0.020809708817065127,0.027130456147008354
C000046,0.03368602292262658,0.041951448156489934
C000047,0.08943183503706723,0.0941617724939287
C000048,0.05191759619817243,0.04800644682605765
C000049,0.05197276747070777,0.04718615877245299
C000050,0.033120402848840325,0.031049900767487558
C000051,0.04548283814742141,0.042432986571643114
C000052,0.16334736887195764,0.21035511022877515
C000053,0.07137709367527378,0.07859542952940968
C000054,0.10522997427826511,0.08741918718920885
C000055,0.055358630682121324,0.06819790054455657
C000056,0.0418834131196072,0.04308626704558048
C000057,0.04633030601331826,0.08360854780266677
C000058,0.03395462183128496,0.034401982014466786
C000059,0.2595254416771695,0.1374868829703237
C000060,0.050083877084994746,0.04032275840792687
C000061,0.10176158761709556,0.10673141085752547
C000062,0.09026114515155617,0.0834942244401136
C000063,0.03333402683532871,0.034424990472038765
C000064,0.057250046244129084,0.049966243334562774
C000065,0.08522667193686952,0.06131804976711615
C000066,0.038439172821844926,0.042066544372895
C000067,0.06486589729825434,0.06869304735914973
C000068,0.036263421418745015,0.03633787190153191
C000069,0.025204303301480123,0.02969478006083141
C000070,0.45740105533097913,0.3848474988813078
C000071,0.04533203774697005,0.037949540587799334
C000072,0.03970138743875429,0.04496823960930553
C000073,0.03608105845992167,0.036335585266456874
C000074,0.04066656429421582,0.03273372813683397
C000075,0.12305598337461976,0.09211851974619191
C000076,0.22388238177469316,0.2877222877086738
C000077,0.08623398702286561,0.062552102702751
C000078,0.1288416819068796,0.11784467760744402
C000079,0.04733891614223557,0.042272058578112386
C000080,0.05469023257327976,0.05958921868894118
C000081,0.15128728714469236,0.16606222468658458
C000082,0.036298411801311437,0.03594103059964193
C000083,0.03307682874797031,0.03570964739880595
C000084,0.03762786000884107,0.044509149039447325
C000085,0.036862344212334974,0.03265467473686398
C000086,0.09104381823348795,0.08690061471392842
C000087,0.05165712830779856,0.039925242988450176
C000088,0.038619236176420324,0.038970584050620385
C000089,0.07641562158364143,0.0799347689432208
C000090,0.16534532786709283,0.20259162326115326
C000091,0.059065132806912224,0.062273202675835984
C000092,0.2391180354436509,0.2339139092323525
C000093,0.060665507360847984,0.06504528729100792
C000094,0.26310772821810235,0.2454740074447881
C000095,0.10744804843864142,0.08781484521859913
C000096,0.09760844966891465,0.09752674311777007
C000097,0.09160949637451021,0.07930751827910414
C000098,0.07901601244605036,0.0806359625433641
C000099,0.04560125313257479,0.04908413727112037
C000100,0.07094885451189215,0.06668186067463658
C000101,0.09510060163733083,0.0833588351293697
C000102,0.04470882550062822,0.042001666666534446
C000103,0.24475103212713883,0.3255387985807485
C000104,0.30150769807178823,0.3621463047356495
C000105,0.05110548293034428,0.052790442739557165
C000106,0.2103857162217046,0.18898608800730526
C000107,0.03969751723303177,0.031199418528424273
C000108,0.10329716358853369,0.09540531992960104
C000109,0.06568107743868805,0.058218068305554774
C000110,0.032955181814123734,0.03303019032696682
C000111,0.03357499773069535,0.02877620194128323
C000112,0.3459227910965457,0.327215137525679
C000113,0.06958085075513101,0.06584455880540699
C000114,0.11448185184338033,0.1262244462549575
C000115,0.04266737365182015,0.03982642341437814
C000116,0.030358536593431924,0.03782692664616299
C000117,0.39975494893944363,0.46882399095004457
C000118,0.3590691330312946,0.3709599734090374
C000119,0.03581437653962174,0.051303475091240267
C000120,0.06482658634130718,0.06767632346809829
C000121,0.047508097563151996,0.04846804093824667
C000122,0.031884431845758426,0.024216689589094065
C000123,0.05724168979384592,0.05761857461434304
C000124,0.07970136906221234,0.08255634939360822
C000125,0.4167944935895024,0.41378485005068566
C000126,0.08311637663544832,0.15154223546119405
C000127,0.0953033070771986,0.10132869298455927
C000128,0.5606477766573369,0.4215680238919154
C000129,0.08562860870990918,0.05531713408295345
C000130,0.41982269740536393,0.39666422257134554
C000131,0.0475251208783565,0.04783062891992777
C000132,0.03997539282483733,0.03181202154857074
C000133,0.10738561063378842,0.09722609390045461
C000134,0.04782880080811353,0.03761597432330395
C000135,0.09583137207418298,0.07829329850668121
C000136,0.05133364583134148,0.04197252633153126
C000137,0.24305385294358933,0.2403885247638969
C000138,0.19520155286382274,0.21448241600521412
C000139,0.5126185543079005,0.5609879368423586
C000140,0.10252062420514763,0.10273593873973053
C000141,0.03466455554419821,0.03471810823558052
C000142,0.1079623616380476,0.06004448307077749
C000143,0.31279991711982225,0.2659447243508329
C000144,0.027968938069123966,0.029540684950814956
C000145,0.10441182732970115,0.08155566105286317
C000146,0.03474956583357976,0.04441871591512633
C000147,0.07521266192714107,0.06790609651651477
C000148,0.045717883715335035,0.05331913821575747
C000149,0.06826055454028931,0.12235425609339819
C000150,0.14643080875706968,0.11830380741529278
C000151,0.05168492688983991,0.03777846724159302
C000152,0.030951982879177737,0.04012234036383813
C000153,0.4031619907967811,0.5403547522548784
C000154,0.04565447056255429,0.044009963975313184
C000155,0.04830795214353653,0.0530986535971645
C000156,0.05496591528832708,0.0541402494044213
C000157,0.03324381988011428,0.034120530643666255
C000158,0.054539775793139844,0.07044144935673743
C000159,0.03292036624564494,0.037942611915950844
C000160,0.11234013649744523,0.1328820475888516
C000161,0.056527567783068444,0.05397075107460179
C000162,0.08950935108977828,0.08526809416780415
C000163,0.2071149937782541,0.1548897641102476
C000164,0.05508738510917015,0.06684646553292693
C000165,0.09012438246834811,0.10109515956629542
C000166,0.06776237108490711,0.05314887667223487
C000167,0.1011981352571641,0.13510084223459545
C000168,0.04730934357804837,0.0488425137615699
C000169,0.047970171930904144,0.06317787574410534
C000170,0.05957659453314372,0.049015451024585086
C000171,0.057078833398657804,0.06458395720810872
C000172,0.03169638470634155,0.035784542835204325
C000173,0.15453258769083483,0.16219312116113865
C000174,0.03865938571688014,0.04939294142849322
C000175,0.10512282176076537,0.08801275246717687
C000176,0.05742669745013399,0.03961781696251929
C000177,0.035154168428328386,0.03724315393459854
C000178,0.05183639565862427,0.04233129366630176
C000179,0.049778203000038705,0.05083076580567651
C000180,0.24368364191469274,0.20768144980939202
C000181,0.04168407098600545,0.03867435091628641
C000182,0.16161081018044446,0.14113260538212352
C000183,0.08178397465519692,0.0891435989880419
C000184,0.027872272917588498,0.02892234676671781
C000185,0.04319663201065072,0.03177152453648888
C000186,0.046882553740858576,0.04353332448810141
C000187,0.04546295645004007,0.04900917237933257
C000188,0.05785575151876345,0.05620953380467684
C000189,0.1154412707368617,0.10823655358618667
C000190,0.04650725041394936,0.04781408397006461
C000191,0.054882636929570426,0.0963731640822402
C000192,0.03799222805833455,0.037879612691598744
C000193,0.043604528002216744,0.04857312976054797
C000194,0.14607811766354128,0.1431885600566553
C000195,0.2067059163933085,0.18609497851658538
C000196,0.046719321304257135,0.042644274167838295
C000197,0.08905750087406664,0.07865759846522093
C000198,0.031884290527352296,0.029522482729313265
C000199,0.0625393187253694,0.0466876355858373
C000200,0.06178253531411744,0.05342106409785456
C000201,0.04828318705805082,0.043420010395459695
C000202,0.05739275804872644,0.0719243802524468
C000203,0.05199899445147697,0.060321543794250435
C000204,0.13516231513261262,0.10743672794607222
C000205,0.05323122641291983,0.048763810057033535
C000206,0.03638134127254559,0.04339170274064106
C000207,0.13601095075017855,0.11481631307549249
C000208,0.04266527128834888,0.03785992694742718
C000209,0.044697979757876885,0.053848968996137225
C000210,0.06604941112615761,0.07130452840405536
C000211,0.056058874962197004,0.05606603474522398
C000212,0.039329440514382606,0.0659880195333406
C000213,0.07057147122837833,0.09045417806161862
C000214,0.15044085129375787,0.09942892058068305
C000215,0.03373881893168191,0.030809567192126807
C000216,0.04075017068793512,0.03850614548772084
C000217,0.05644128622446063,0.05657006530325348
C000218,0.05215633322737475,0.048567672472102086
C000219,0.0931982308994675,0.07584257536467949
C000220,0.047404258724012785,0.058912139073328304
C000221,0.20110914660469953,0.1577596517506284
C000222,0.04534539063552155,0.04257485503494171
C000223,0.16251774670007674,0.10997941243461282
C000224,0.04149873963353891,0.03569271362032428
C000225,0.20826909669406604,0.2049023672464693
C000226,0.03467767835778011,0.031809933202553466
C000227,0.03879153052748127,0.039513787155402096
C000228,0.02885527056654246,0.047653848780269015
C000229,0.04429310053789344,0.03637253137312811
C000230,0.2219936511230959,0.2672822227204644
C000231,0.0243687636463474,0.02810009385848513
C000232,0.04688277004865837,0.03258509163797246
C000233,0.10669922670726847,0.09125456307921127
C000234,0.11429535509339646,0.12426053762891331
C000235,0.10361072481078606,0.08966354024703213
C000236,0.04032466663169777,0.036164282079870026
C000237,0.10213419805229047,0.13325045257615475
C000238,0.037592112703290444,0.03455807100698723
C000239,0.04247363325296217,0.04561525862268057
C000240,0.5899953509032896,0.4218659752293739
C000241,0.11461574630496707,0.12438692763738182
C000242,0.04636806227524663,0.06321380481996568
C000243,0.1038338303480096,0.09997979222300965
C000244,0.1034584485942329,0.09112910486704945
C000245,0.04432469408620639,0.037895542849351795
C000246,0.06747319538919203,0.05107932827879571
C000247,0.037415933095473204,0.03468693426179964
C000248,0.180571810148693,0.23008006372617026
C000249,0.04199971154261907,0.03954235429783195
C000250,0.04364790869434424,0.04089998378930457
C000251,0.02279472448208479,0.023053131289804643
C000252,0.03954304418120961,0.03616139279547677
C000253,0.09640157646352684,0.14033582681307274
C000254,0.049731089665262386,0.04804796857576334
C000255,0.16536122322845373,0.14816805020180016
C000256,0.04727748930207085,0.05481411451432241
C000257,0.02860680718063342,0.030951889889898714
C000258,0.03539769146434886,0.03462180670233832
C000259,0.04062158118453974,0.037601549484114906
C000260,0.057315686904225484,0.038106807298360426
C000261,0.04199915323810261,0.04172003532621475
C000262,0.05984500460064177,0.05242641359539847
C000263,0.2653210837808828,0.17790391711435433
C000264,0.025913638741243528,0.02745346758465248
C000265,0.042482847927011895,0.04679606815881647
C000266,0.06676449501611995,0.06937963729823354
C000267,0.04778558179487446,0.04462254543815183
C000268,0.13058328014437964,0.10039489831787951
C000269,0.050424124809546,0.05137935937711806
C000270,0.1511314444095787,0.159966155817449
C000271,0.04266113352752916,0.03935457795599144
C000272,0.07328073864058841,0.05571581895989439
C000273,0.05694876133893062,0.05709833454572492
C000274,0.0635907139013499,0.069246330586695
C000275,0.03484708823566235,0.04354075818810946
C000276,0.0501207574382672,0.048104022955171036
C000277,0.0640457567519303,0.0563225943709539
C000278,0.09121812155656453,0.09685841035558165
C000279,0.1201345088628171,0.12815903317288396
C000280,0.11049518366407352,0.11817263099741197
C000281,0.0489013797358689,0.06460730876112078
C000282,0.028960233612243397,0.03370476788313495
C000283,0.05605776207813461,0.044526937060104285
C000284,0.2259133542863022,0.22076462448097106
C000285,0.06324212393706244,0.056441378071199685
C000286,0.04191090957723955,0.040528288698899816
C000287,0.03160944374310499,0.03359616925333743
C000288,0.036705801792475734,0.04262677661580343
C000289,0.12762845583487165,0.18123601623453162
C000290,0.04050380646562857,0.03784492022593358
C000291,0.048526554184019126,0.03585977987628314
C000292,0.025246587590202735,0.02886629003680432
C000293,0.037334222779443836,0.032717429621186664
C000294,0.054666465747758,0.05745167592282792
C000295,0.06962117642122505,0.0667587745708781
C000296,0.04398721453664613,0.03161164102407006
C000297,0.03668770748283362,0.0327067888218654
C000298,0.04293538735271629,0.03838907232108084
C000299,0.10366867162381128,0.07983101495698003
C000300,0.10716942130342375,0.11973675933248622
C000301,0.025457056746663424,0.0296118323991957
C000302,0.07268266326187538,0.06692015852733971
C000303,0.03491331147217767,0.02943894114343888
C000304,0.09008794065672246,0.07268983997654017
C000305,0.03797912191352882,0.03704886131256323
C000306,0.03120503395750478,0.03110842892071054
C000307,0.19865002441059615,0.18048110828273473
C000308,0.07321473639393215,0.06957651467072193
C000309,0.1649985186678998,0.16875124836736438
C000310,0.05866358927926392,0.06089893169503069
C000311,0.055835329460681385,0.05126718398281238
C000312,0.08347834420422276,0.06129254177053892
C000313,0.03479955894639906,0.03947935114492625
C000314,0.043020672738965315,0.045127330072273195
C000315,0.03964394910951828,0.03736213971618067
C000316,0.1783136882640898,0.242744446686162
C000317,0.11027258322125251,0.16246944326548785
C000318,0.11625086088587819,0.0972986435253534
C000319,0.04010408339509147,0.03518020235499502
C000320,0.07701587851503963,0.1047434905825366
C000321,0.04588160150004801,0.04392404719219436
C000322,0.03635625868301747,0.05165005367760196
C000323,0.03327124022011501,0.02721060089638022
C000324,0.0379572700842004,0.04316915627608711
C000325,0.0268958988302647,0.02837974440623022
C000326,0.37146338918167177,0.39960810202584157
C000327,0.08492042790979215,0.07181914683505344
C000328,0.30386342236912073,0.36355935435918085
C000329,0.02881454593226902,0.030276964284876452
C000330,0.040681148336601775,0.03636383161593809
C000331,0.05242455040433329,0.05057665054070461
C000332,0.03073071557514223,0.028554018007921577
C000333,0.041712281066889983,0.039559548732783646
C000334,0.08060908252441454,0.11628276876668955
C000335,0.038425943927254125,0.04317106367364448
C000336,0.08364709354075997,0.06333968811527182
C000337,0.05758385463395348,0.05914192852172713
C000338,0.022894840672752485,0.024927143272023538
C000339,0.03274617902872729,0.033701749033164814
C000340,0.07286823681703744,0.05075826107471539
C000341,0.10607342721158397,0.08033704009075911
C000342,0.5827511284555132,0.6337970584545961
C000343,0.09571285517255605,0.09086031431328466
C000344,0.061520480289789924,0.0625917575050101
C000345,0.04433414821881333,0.0457383488235698
C000346,0.07597835442113267,0.11823103424270671
C000347,0.18613154391483674,0.1889657891754608
C000348,0.08338593070361996,0.06849010844488439
C000349,0.0654330768345777,0.06056388269685329
C000350,0.0698372901231887,0.06044002328596289
C000351,0.03901406759794025,0.037785199286064955
C000352,0.10784615301609213,0.10802540155978495
C000353,0.05404672975374099,0.0547313020573819
C000354,0.027904364143167527,0.024190265126832543
C000355,0.05074686191084897,0.04096539056042301
C000356,0.17730233801552528,0.2526788450515206
C000357,0.06039663656822151,0.06676215373388407
C000358,0.1467672543397588,0.12077487723520672
C000359,0.6449942118396036,0.6565978176525414
C000360,0.37255440479418594,0.3555972489843279
C000361,0.06285369385105968,0.07569526037373422
C000362,0.08578505368067166,0.07767770142304571
C000363,0.08108911443397451,0.08069001726488828
C000364,0.10220618184212113,0.07641124704114963
C000365,0.038825721520857476,0.033367949146802876
C000366,0.11826678825217866,0.12012118644011212
C000367,0.05064909781601207,0.04188085123317893
C000368,0.19289512531321024,0.20828721325779184
C000369,0.13407764544197143,0.09715560044045102
C000370,0.04076275703881396,0.039491592911782294
C000371,0.052961697760507895,0.04965917575351338
C000372,0.24834159257902852,0.21741684586176296
C000373,0.06786434692727282,0.07349115258757587
C000374,0.0971016911031128,0.09936313456974583
C000375,0.0835894952678543,0.11249961063567845
C000376,0.09171597529757439,0.09681220014038225
C000377,0.05927758378781415,0.06317577686205066
C000378,0.10528066791699597,0.09423681293043958
C000379,0.05450615290144826,0.049931042843092646
C000380,0.03242599730724473,0.037135390468998754
C000381,0.20675651187594019,0.18050405345230905
C000382,0.08060974853671923,0.06918085579690833
C000383,0.11042537441674213,0.1072321313610299
C000384,0.05644998715869076,0.05687398123851393
C000385,0.031461061536760974,0.03289890325942282
C000386,0.2127593041259169,0.25884778140077225
C000387,0.06438293045555978,0.05749143232492019
C000388,0.046834646353911734,0.04712875166945426
C000389,0.035092477686872396,0.04123752915799001
C000390,0.03762468325382171,0.03276359273925953
C000391,0.04757080281755176,0.03534315109161397
C000392,0.07601864293025688,0.07112455259939052
C000393,0.030717631083181575,0.03415026141596808
C000394,0.02325114611172472,0.020352858355553817
C000395,0.033278517617635804,0.02756106750713707
C000396,0.056987027828676116,0.0560060100590567
C000397,0.052034352925450965,0.060203475188278135
C000398,0.05598315564112742,0.04825711804623022
C000399,0.0836519907837399,0.05791399526860097
C000400,0.05860020489504651,0.05728592424354102
C000401,0.02545651191613783,0.030472183152369298
C000402,0.07504351966872809,0.1212796812422379
C000403,0.0410316072442049,0.042203233495229045
C000404,0.04477674072114536,0.0341462342798519
C000405,0.038176649992681735,0.03675660365909113
C000406,0.1259023550964097,0.1096034799059423
C000407,0.06875877455649221,0.05961246540811736
C000408,0.05346141577626784,0.056135412092198675
C000409,0.06295535399013387,0.056670629754716054
C000410,0.23309502655713157,0.19503899924746962
C000411,0.04460908116687582,0.03508402449317063
C000412,0.15467128563469612,0.1464734582739787
C000413,0.09047709390906386,0.09377329401083204
C000414,0.04871440969579098,0.055472070838683864
C000415,0.04580406011192748,0.05173128174804089
C000416,0.09640792459222848,0.10430259154328256
C000417,0.06680493589975939,0.0519820661918292
C000418,0.17907875181345032,0.17823112654241696
C000419,0.03942288564294016,0.04558076690325499
C000420,0.2252913396871318,0.3392147148784921
C000421,0.389473217873634,0.3409023096381743
C000422,0.13712414771655448,0.14281490055519447
C000423,0.056245663326601955,0.070898758062358
C000424,0.0807636330279364,0.07585752439551532
C000425,0.13308783368045649,0.08455433653430453
C000426,0.10153496191085198,0.08753094420746643
C000427,0.034229292070460715,0.034629919111844445
C000428,0.06521476247837052,0.07760346811953783
C000429,0.06981033257966363,0.08545162522826746
C000430,0.14572457035458336,0.1830393259922007
C000431,0.03835788760186772,0.048067350540489155
C000432,0.038843229693958065,0.032703349431652595
C000433,0.055670390325301355,0.0526478922866526
C000434,0.08253471059438874,0.08800329454554394
C000435,0.08261824982617014,0.07073741089770376
C000436,0.0443687679699293,0.043841096252000035
C000437,0.02214882256093022,0.026142574321100842
C000438,0.06794475580718516,0.05861282916819299
C000439,0.051251233338149495,0.05974159839932269
C000440,0.2306855851304778,0.16625274668613108
C000441,0.030731304558570684,0.033291549664443296
C000442,0.15457533520245825,0.187716690580299
C000443,0.11744509528070528,0.13436778221816992
C000444,0.0711582823763977,0.10400245583218637
C000445,0.04512376287191333,0.041161738573393815
C000446,0.04801414670679842,0.04208479689235295
C000447,0.05059898128161393,0.048184224525325545
C000448,0.042209577857647354,0.046453358504515915
C000449,0.05631756129729617,0.05351224667654132
C000450,0.07926421105197068,0.0842780887507055
C000451,0.45644027070221077,0.4730227102821777
C000452,0.0328568113219901,0.02874303624709913
C000453,0.03720388169964839,0.039595402936087064
C000454,0.08442513682825803,0.08010895655936656
C000455,0.04949325444493159,0.055483867312665566
C000456,0.068645134516693,0.06143742278314699
C000457,0.05138168185652242,0.05564768813292516
C000458,0.034576565941145866,0.042847031405004704
C000459,0.08556067010141198,0.0802513558482224
C000460,0.07880613303887457,0.07548222325203438
C000461,0.04258721624165997,0.03971261813791317
C000462,0.21966768376370585,0.12250082095608476
C000463,0.24108668715020762,0.2509385773932581
C000464,0.060038124336774,0.04004282526851881
C000465,0.04896940452960587,0.03426255533643301
C000466,0.05944753204890019,0.060753061428549894
C000467,0.07532556488394887,0.07167365258601631
C000468,0.05291846748230603,0.06947716584134071
C000469,0.7018976249211277,0.7544798312386524
C000470,0.042693466133761265,0.037178713637730156
C000471,0.02465675688028322,0.03228939568828105
C000472,0.08415921287437292,0.08416374892319577
C000473,0.18311845854066905,0.15357427656887057
C000474,0.06218071690224517,0.07363468351374497
C000475,0.18379469473895815,0.2121456551276751
C000476,0.038351669878168446,0.041709081450685505
C000477,0.031757459080649156,0.03903556636230499
C000478,0.06556414163234074,0.06581454489225644
C000479,0.034230086533979596,0.038437725271323345
C000480,0.1829775567966268,0.22093942398868757
C000481,0.03186164770303253,0.029150216387871956
C000482,0.05415482546635707,0.06611577288565464
C000483,0.036631051485195576,0.042479504880516016
C000484,0.0561240655457063,0.05988223932679447
C000485,0.03675850276437568,0.03246135399300647
C000486,0.025668264314842936,0.027456941292545074
C000487,0.053179631461127266,0.047667611561004186
C000488,0.054596437477677486,0.05711801272566273
C000489,0.0449274115268292,0.037258765094075705
C000490,0.07540046935384004,0.07904155885649525
C000491,0.032715985471231605,0.032291372945139486
C000492,0.18941432001324446,0.24567609129873982
C000493,0.08637587545208461,0.0747985059634128
C000494,0.11579748246768358,0.13812627175872097
C000495,0.04084094732336688,0.04483950288563146
C000496,0.03179413451522104,0.032194771644598594
C000497,0.07539808754963419,0.0638140926549473
C000498,0.072948958375835,0.06334410527744173
C000499,0.2539461370430063,0.24813011055144404
C000500,0.1299591988908354,0.19137875568352994
C000501,0.048869066716203516,0.03986592354746834
C000502,0.040975718410190785,0.04245228815742034
C000503,0.04039773852051644,0.041406329784747266
C000504,0.03679069895476681,0.029888306806772992
C000505,0.06155665369282045,0.06144330002166576
C000506,0.04481297574747304,0.040806957117107814
C000507,0.053292313754141576,0.047441003287394534
C000508,0.05168770581726804,0.04381078726710382
C000509,0.04241493469255703,0.03642203623498617
C000510,0.04714126019546245,0.03826951629342271
C000511,0.21194755131242343,0.17920489861286043
C000512,0.04368537201756122,0.040586230862035666
C000513,0.0687981269296308,0.07359478538932594
C000514,0.04747095032862626,0.03660175149896714
C000515,0.06200221901424128,0.037802455431358475
C000516,0.0763180325119954,0.06589917890092072
C000517,0.03148166060333972,0.03379221303822377
C000518,0.1699546746525314,0.17305401199476958
C000519,0.02455754796562975,0.029760219155277275
C000520,0.04436898611796945,0.035600304996009975
C000521,0.03286208066764663,0.029916877427065953
C000522,0.03953061797344176,0.03499668259458834
C000523,0.11940598376452835,0.08084182444034307
C000524,0.044411954010572255,0.04078380876441796
C000525,0.04391422562503585,0.04737558106533611
C000526,0.03362585892265241,0.03683097369271841
C000527,0.04841936732667974,0.055515056813420637
C000528,0.0453701498457543,0.04339709696648798
C000529,0.07368069603670588,0.06525388335737335
C000530,0.1037919413483241,0.09212894713980382
C000531,0.062055142875453086,0.059663572382179654
C000532,0.051317121383377386,0.042599936454382134
C000533,0.04870541813682609,0.041940369137851666
C000534,0.13150650062475608,0.11598818454181761
C000535,0.1600487434480034,0.14005601124876954
C000536,0.1010740202024221,0.11680534405729293
C000537,0.057949694319816836,0.05505777501873179
C000538,0.03274378583567926,0.037868170209533404
C000539,0.0405871758092155,0.039237299974517116
C000540,0.05917770239730217,0.06618129170581276
C000541,0.05301908907432211,0.046243345344088235
C000542,0.033001004592950675,0.028584736188652638
C000543,0.14693338134751718,0.13231091724043026
C000544,0.03252251560997999,0.052230794553813985
C000545,0.0909638575860278,0.07739209509895838
C000546,0.050053113936764905,0.054869758056383354
C000547,0.1270260066455616,0.08088238465303596
C000548,0.09577218501108245,0.09640301910594097
C000549,0.15875265951331072,0.18992574211665447
C000550,0.02593492795358323,0.02878310383937314
C000551,0.026783311744532624,0.03460848283698993
C000552,0.05521247473935955,0.05383750983789816
C000553,0.05628012763989587,0.05046711191681689
C000554,0.030185735678751734,0.028134512099732435
C000555,0.02165796862537566,0.023724530785562338
C000556,0.05546583389126496,0.042351111227038926
C000557,0.05685979345711317,0.04998015883744929
C000558,0.26242960743644417,0.21304465994333385
C000559,0.04204467832889356,0.03961943983754633
C000560,0.06087229506466879,0.0509824977230375
C000561,0.05381770121637349,0.05735972573054114
C000562,0.19828230437992211,0.2079656936041495
C000563,0.030683310125277464,0.023304269217873912
C000564,0.06052755183950209,0.03870402778909369
C000565,0.02525982539211245,0.02342516927528239
C000566,0.02918595747366836,0.026881561221139678
C000567,0.044687301973908855,0.04407404776527167
C000568,0.13121679381577772,0.14569894558706534
C000569,0.04987663682315306,0.055560641288992775
C000570,0.031219813559274324,0.02791577312013944
C000571,0.05467236137059257,0.043122763741418886
C000572,0.36879420551765374,0.27169435628708916
C000573,0.11112926063455011,0.09639069339677735
C000574,0.042691089382715805,0.04360818026767906
C000575,0.10668526315481522,0.10760299904944988
C000576,0.027568789004724266,0.02574147901718716
C000577,0.03824461135411351,0.042845941701604176
C000578,0.06340866596076686,0.0570446649334029
C000579,0.035626638125315295,0.03738272082302734
C000580,0.053455958380139744,0.04800628303484398
C000581,0.11770311175154564,0.1021022214035163
C000582,0.10502541567190837,0.09505268828131223
C000583,0.07893330852623419,0.07498296584172759
C000584,0.052542022257365886,0.05736606981923077
C000585,0.046861815847482884,0.044528694413732896
C000586,0.13148834890090694,0.10200635134688392
C000587,0.13537400952983303,0.13370936335075842
C000588,0.11597654258713379,0.10184810344783031
C000589,0.031462760847460726,0.02544810608769261
C000590,0.35870365547427646,0.34587551417693574
C000591,0.07901507298894704,0.07391619840325472
C000592,0.05738636258462343,0.051398891095551846
C000593,0.3227826349433871,0.27782754093816464
C000594,0.19267784628025594,0.1427160490042602
C000595,0.04828631773371615,0.04530429903239492
C000596,0.020904984906121426,0.029393385257707582
C000597,0.06923595726857898,0.0692768841216267
C000598,0.0370332278524068,0.03903354242888549
C000599,0.03851143781266818,0.03779078417738875
C000600,0.030042594628056613,0.04720467824174021
C000601,0.08393225195969065,0.08227765993888621
C000602,0.05122307206158429,0.04345225605955483
C000603,0.14651422261945524,0.09503503720980722
C000604,0.031009167256346375,0.03623488381339014
C000605,0.19321864254646834,0.19503185731618677
C000606,0.08810211284931893,0.12728443256608046
C000607,0.03768136270759001,0.036929909575736414
C000608,0.13308391905713685,0.13145432210888264
C000609,0.04567630838284955,0.04103383935147049
C000610,0.04055746578486209,0.03478112424956023
C000611,0.03494810103277064,0.044548660857946565
C000612,0.05630782198870319,0.0796257633630687
C000613,0.17226911815610163,0.12809406949801633
C000614,0.08921200747222764,0.10058515958671146
C000615,0.06649991353006127,0.05975123234948543
C000616,0.05173050898522302,0.04614817649553815
C000617,0.028849301726164796,0.03560881290502001
C000618,0.04733866113114381,0.05846749507629917
C000619,0.21669939312463388,0.19477121678771916
C000620,0.07085994360076127,0.07374397205539937
C000621,0.167932911348793,0.17222263683503017
C000622,0.1498259121618345,0.17207252556623606
C000623,0.10453746896080678,0.08091618312555249
C000624,0.5092448172646957,0.5832196334616812
C000625,0.03139585135393757,0.024712609543168357
C000626,0.07311143351933234,0.113024366476041
C000627,0.1366076432501561,0.1712437277235617
C000628,0.0503658093550447,0.044944884275840744
C000629,0.0545368576441733,0.04787364778217323
C000630,0.04735611422460977,0.0458695732201299
C000631,0.03526156017875316,0.04129282625130977
C000632,0.030384256286297946,0.03244597047765154
C000633,0.03787083672902859,0.04135976066638847
C000634,0.09598136832327359,0.08800980101935187
C000635,0.31896512795644094,0.28909770874748564
C000636,0.12626738938048013,0.12003164670391517
C000637,0.04718185677294241,0.03809256026814277
C000638,0.051052309409160945,0.05974372744130931
C000639,0.10805736567628008,0.05775432011250052
C000640,0.03725584592699495,0.03800876567373794
C000641,0.03912923634573896,0.03310089478848084
C000642,0.03163109215104243,0.03905655416104803
C000643,0.053061665761807986,0.04911039129579063
C000644,0.09060233465606671,0.12293768063266519
C000645,0.07103234667219485,0.07445536795598014
C000646,0.03380653802961957,0.044493043972715286
C000647,0.05479683318813712,0.0680878035777176
C000648,0.029874833932850703,0.027170401412171075
C000649,0.037957674516336026,0.038855739031128836
C000650,0.12819932672185885,0.10831398600185893
C000651,0.046371918847259816,0.040829448765340295
C000652,0.06917025129535662,0.069654444666263
C000653,0.022775916292027493,0.02549088412102952
C000654,0.18046920863750468,0.1304441565485356
C000655,0.04487025385441753,0.04811994476791097
C000656,0.07259339722455246,0.07134257761567729
C000657,0.02843887189306616,0.035071861482295526
C000658,0.02895072963159539,0.027967084395869292
C000659,0.11826417849229665,0.1071856008228305
C000660,0.04114398013930191,0.036878204583027124
C000661,0.05164862100551243,0.028656501030618987
C000662,0.04270476585432155,0.03882868282985402
C000663,0.054718055856131785,0.052924848389110844
C000664,0.047709241365135956,0.04662322173268826
C000665,0.03586997830018677,0.03427380544705694
C000666,0.044396234043636844,0.05304174810922143
C000667,0.04061370410014155,0.03448948780972372
C000668,0.0581844503199338,0.055079118625791824
C000669,0.021330937140379876,0.02673802241422259
C000670,0.051899927332522466,0.04438523501559906
C000671,0.037248251727630674,0.034519461196191634
C000672,0.14893360026493888,0.11979046038907523
C000673,0.03375195070458029,0.024590023792086746
C000674,0.05577718942716153,0.045168572392491856
C000675,0.04792911679969637,0.04465556041868407
C000676,0.04299680978653204,0.04399164290941038
C000677,0.06482270436749449,0.05957746639142346
C000678,0.04011987546735347,0.04354969659876236
C000679,0.03339211239923053,0.04948967793401892
C000680,0.031162185822334328,0.039177673118803664
C000681,0.1628823456383994,0.15384529650145354
C000682,0.05614702973370985,0.05443320409471823
C000683,0.040651152492418616,0.0406940857079663
C000684,0.06231693849877597,0.06585835552856328
C000685,0.41472733693870084,0.485899021340724
C000686,0.11711357214030298,0.09983445690292689
C000687,0.17112935603849166,0.18039288390485675
C000688,0.05815887848057362,0.05666687112007477
C000689,0.049087169183356955,0.05863053359298918
C000690,0.04147936650618765,0.0362992194314707
C000691,0.048265523533539835,0.04074755971653551
C000692,0.04679473637231034,0.04593220403769105
C000693,0.029490505355939906,0.03654098920436543
C000694,0.04146749465384156,0.042595472536488266
C000695,0.09227883772501846,0.09048296651218599
C000696,0.04788981691137266,0.041875972614313764
C000697,0.04403934237731799,0.040475234801591
C000698,0.042683232825378246,0.05733520754001883
C000699,0.04188825614572246,0.03269348573641562
C000700,0.17055640395175067,0.19504725112781762
C000701,0.03768466757279538,0.03743036697858555
C000702,0.030903017592281524,0.026039254384370703
C000703,0.05493254872732327,0.04264543179107193
C000704,0.2984871656290507,0.2547298226049256
C000705,0.04033956057674064,0.05198509176391677
C000706,0.10576078060248136,0.10484970286440301
C000707,0.10700940997464234,0.11703156762603195
C000708,0.03081450673961401,0.04265552314478986
C000709,0.05745643792056202,0.048131786789177164
C000710,0.063582093977462,0.06023688370687853
C000711,0.09348386766014959,0.08892853612379736
C000712,0.05906743603192623,0.056221181539943245
C000713,0.043394773231276745,0.049466454370386895
C000714,0.03321364183283563,0.051153147452196145
C000715,0.03861512979071111,0.04476045772085588
C000716,0.049823601181919024,0.04568275027668158
C000717,0.04796376747019241,0.03470825814946164
C000718,0.03451832411925233,0.03534366944995424
C000719,0.08356355509023893,0.09024848566351229
C000720,0.05190929192363538,0.05056293941549317
C000721,0.03532656677851137,0.029735919444040592
C000722,0.05173790375666469,0.05127875372015521
C000723,0.029782347064371793,0.033248537472362893
C000724,0.0445621484257208,0.04478019832936512
C000725,0.10171234256172113,0.09226238617273087
C000726,0.04581024110357643,0.059890965029064325
C000727,0.030160145791627124,0.03114919084249911
C000728,0.08640721330818783,0.07630750358227716
C000729,0.03208287061016271,0.0424890077210547
C000730,0.45962001225686977,0.4591909880780084
C000731,0.05922370221022057,0.05748940795553056
C000732,0.051835265555000586,0.0832126057132958
C000733,0.033519853730592096,0.0346803052848223
C000734,0.10184787330200021,0.1172769516374732
C000735,0.10687809741864229,0.0986662605984069
C000736,0.20224652267266344,0.28927422226628563
C000737,0.09366221161868563,0.08762427622282351
C000738,0.07605493367456226,0.06255757334784251
C000739,0.5146059205020982,0.6090908671801663
C000740,0.03890068135921442,0.03962671772784378
C000741,0.0641313776027638,0.060693155216577824
C000742,0.03853500654930478,0.04112709092392627
C000743,0.09001249710063093,0.0836772847740274
C000744,0.1838758441547736,0.1465093774551653
C000745,0.0449600044327735,0.04049091199788253
C000746,0.05783510673363897,0.06668026675671315
C000747,0.13632823418957768,0.12213954366253921
C000748,0.032281548634854246,0.0244846528829556
C000749,0.02518929244498818,0.024541994359643788
C000750,0.06239581825474868,0.054650922194650155
C000751,0.04178444914921765,0.03720029859059841
C000752,0.06628075920323308,0.06132494351094279
C000753,0.02893647673460569,0.029538268371661174
C000754,0.05184589584496659,0.05591268645611573
C000755,0.22582278548221732,0.17720411768717206
C000756,0.028409350928373406,0.029131506603201778
C000757,0.2339201135846085,0.17293717325340724
C000758,0.030023165459038187,0.04124017668817369
C000759,0.07393757053420559,0.06690181238304137
C000760,0.08279630130237865,0.07967130688803227
C000761,0.05495036380046016,0.04944760770187623
C000762,0.06097069186649334,0.06120294952940112
C000763,0.04294868642959637,0.030455913524214923
C000764,0.03211300546102485,0.03377849126208201
C000765,0.2579790832838416,0.2429573330114644
C000766,0.31001672910600275,0.29782403118500633
C000767,0.23697520916578796,0.2378717322532546
C000768,0.021016625829504497,0.023913368393535632
C000769,0.14962343288279667,0.14138372929701065
C000770,0.0361294207122662,0.030855288717587713
C000771,0.031202974774550085,0.034843160319167274
C000772,0.03404598898972309,0.042118127454242406
C000773,0.43682515746389416,0.6210488877694772
C000774,0.04288966625807404,0.0452673204953621
C000775,0.08099772444187847,0.08244540948993118
C000776,0.07031432902169917,0.05399586239984043
C000777,0.03432760252582441,0.034616928153663115
C000778,0.0318009323591933,0.035104277777797274
C000779,0.02788373317537407,0.03150239304152426
C000780,0.23454133199164717,0.17252382234314356
C000781,0.05282223511772459,0.049555468519984894
C000782,0.022383406028408097,0.03234179234074089
C000783,0.23672127399177093,0.17336921503829644
C000784,0.059632810327276964,0.04456273657346832
C000785,0.08439691523910352,0.07857912508252655
C000786,0.12690576882619875,0.10634379302574211
C000787,0.03949813416118175,0.030852723772864882
C000788,0.03625001935363533,0.03262024737373744
C000789,0.02181443565397164,0.03118901389778851
C000790,0.05818695452704893,0.06761904618543571
C000791,0.12583575535930358,0.11670963410380135
C000792,0.2341601929508041,0.2049563987292279
C000793,0.04447385891281562,0.04381236564436487
C000794,0.03313018740974599,0.03063420149783157
C000795,0.044639788188169285,0.04839024822079447
C000796,0.13547975372457752,0.11343695236085663
C000797,0.2386498166487335,0.2099788349157113
C000798,0.4205687788537256,0.5327855522938918
C000799,0.07060425153076808,0.057490843532345126
C000800,0.02685688689147377,0.04084698588449831
C000801,0.03535299432377752,0.03439693155751818
C000802,0.027167419254166502,0.021653300066055307
C000803,0.04515006240191569,0.03943199458908159
C000804,0.13182153620082007,0.1166489432497257
C000805,0.030185919514513777,0.030265198425262117
C000806,0.055692086345371025,0.04228158428169593
C000807,0.07044224656653515,0.06501253039163857
C000808,0.04625708559279963,0.055511446527903505
C000809,0.04010332300554276,0.036338830448518586
C000810,0.05743183996944493,0.05398199549209644
C000811,0.08932682058764088,0.10670679119333684
C000812,0.06431794289906281,0.05546221280976721
C000813,0.06351665793757467,0.0727873776231945
C000814,0.04410660694403784,0.03556751506728012
C000815,0.05213827171845205,0.05308037072566925
C000816,0.11210266160548395,0.09839369079995676
C000817,0.06874937185383685,0.07876873301334
C000818,0.10300409885494052,0.1094843616317259
C000819,0.061388625778384054,0.046734317654607255
C000820,0.0709191596689944,0.07244811096945267
C000821,0.10847579583538916,0.11062246472098655
C000822,0.11091942530684076,0.10794635035103169
C000823,0.12126729340240425,0.1162538885736905
C000824,0.08229510061388295,0.06513965748642778
C000825,0.03639719523958608,0.029867732111917157
C000826,0.08534282000360956,0.0706821972997392
C000827,0.05041134281940159,0.04252215121921398
C000828,0.1141502641091429,0.13601057195089833
C000829,0.08343127360033256,0.07434503702764307
C000830,0.03821159213577131,0.05696666585656388
C000831,0.022037988185979483,0.025069498283892776
C000832,0.43402842649109913,0.47334755436315057
C000833,0.0551751457512293,0.05980917338878898
C000834,0.04268624019764265,0.03670262379954054
C000835,0.12020831004406798,0.11547183035262125
C000836,0.03485191941999293,0.03228704838435703
C000837,0.040683811456107576,0.040517431863849096
C000838,0.11874011829199735,0.10793311423208234
C000839,0.1137029914292591,0.1570319299111223
C000840,0.12909184373203933,0.13742106007458438
C000841,0.03827931823135779,0.045687333817711576
C000842,0.21742099895388386,0.22236461536479682
C000843,0.06299360819059753,0.060153595661959144
C000844,0.09716432289002608,0.11058734010528086
C000845,0.02582483689359718,0.03243298220558068
C000846,0.095787307668731,0.07685073504136043
C000847,0.042069418616799095,0.04554393049847599
C000848,0.03558213502418081,0.03463511600893264
C000849,0.19378723273418064,0.18758690555508456
C000850,0.04039987158445621,0.04377156311838422
C000851,0.06585104671461618,0.0598466127060288
C000852,0.06366292895608636,0.05610807383626184
C000853,0.08341980276429359,0.05656298226723535
C000854,0.0401999556868229,0.036683276170416626
C000855,0.03422943670181973,0.047594864021144295
C000856,0.036621671740943204,0.03253676736973184
C000857,0.02413133335078954,0.027853683938174566
C000858,0.08082654980949291,0.08193147921711973
C000859,0.028855343036077112,0.026495459845617547
C000860,0.04695254786185503,0.03907658496442455
C000861,0.021229994613290844,0.027248616797075242
C000862,0.043152636690012416,0.05123543157439976
C000863,0.050759244774827704,0.0500472015146831
C000864,0.05606859386162769,0.05520813813994611
C000865,0.07839694589714555,0.08214162015575174
C000866,0.0564087235539491,0.07020524806639997
C000867,0.06049676211608923,0.05783003014442867
C000868,0.08859360661071392,0.09499973269939241
C000869,0.036565662055127186,0.04134645128713683
C000870,0.07278138449090513,0.051458088489926904
C000871,0.04255817771307091,0.055284968408475355
C000872,0.04416920137437387,0.04153284800229589
C000873,0.05246276689551856,0.07742614047885125
C000874,0.026809001201649772,0.024917336300103086
C000875,0.023327070473242634,0.027714367790043326
C000876,0.044246815099972095,0.04026207488685422
C000877,0.03211344168723494,0.03081355856924688
C000878,0.025564971870177346,0.028440379156827365
C000879,0.06503137136751022,0.07085096129982071
C000880,0.02661061322206939,0.022525679028030075
C000881,0.07935225385603761,0.058141719821799887
C000882,0.05265385507494434,0.0563260260038684
C000883,0.03624071905542307,0.033625227220349684
C000884,0.053762948327885696,0.0490070387615964
C000885,0.04866151094522962,0.047234412628216996
C000886,0.045921374792375805,0.05121029647335418
C000887,0.03315607052640753,0.03642815772811868
C000888,0.07553710837326699,0.07257736697128947
C000889,0.02993302758242549,0.026418496541352345
C000890,0.03012604148839746,0.02736988569485001
C000891,0.10858407056569779,0.07230209667894485
C000892,0.05266316576618437,0.047470828250855746
C000893,0.039364647728211,0.05252582113621616
C000894,0.05268755274824989,0.05656909311364091
C000895,0.09735895100095408,0.11086879877681115
C000896,0.10134472337928316,0.08131597639544151
C000897,0.02876537331008113,0.03522586113343361
C000898,0.3569155831706719,0.470429464889245
C000899,0.06554146247239628,0.05786019330213873
C000900,0.2070796965271054,0.2637476758696142
C000901,0.0852760098914969,0.09359776006689377
C000902,0.09216311401671569,0.10033042352369122
C000903,0.27961250767014695,0.2424835590634237
C000904,0.06079861185839448,0.05322309518484793
C000905,0.048664259011681296,0.04689028671348508
C000906,0.036330850261496975,0.028947689490549593
C000907,0.19181883820694937,0.12770898958599594
C000908,0.050453555136119266,0.05200386430933547
C000909,0.05494160990571399,0.06251457094412405
C000910,0.18621382693850466,0.20149578817180708
C000911,0.058217164073932126,0.04187025168602007
C000912,0.04567671630658691,0.04369547037913522
C000913,0.03831258185991003,0.032094381279758416
C000914,0.04253038442868405,0.0361029267801706
C000915,0.03231887772376893,0.029936912266298278
C000916,0.034963337830867476,0.027937332013783463
C000917,0.04456645484034876,0.05900078638284023
C000918,0.08245611467193027,0.07204908600760161
C000919,0.038225387792564285,0.03635369827054831
C000920,0.04532445116142032,0.05815738724677784
C000921,0.026795671851088564,0.025272977260030305
C000922,0.39303067205815656,0.4539471426605811
C000923,0.10965241387586921,0.13124195193899046
C000924,0.0388585258721678,0.036745515070657396
C000925,0.034045873099612364,0.03384201773067301
C000926,0.04640947342641534,0.04111311759725895
C000927,0.05929711546681173,0.05404137360682169
C000928,0.04601485087364923,0.046694588065163724
C000929,0.03291832686247917,0.03733117237721204
C000930,0.16154705571313846,0.154453886092292
C000931,0.04687049628125307,0.030005831543610573
C000932,0.03040227071436994,0.03976804240854028
C000933,0.2762729990359762,0.30762813518571763
C000934,0.04247650193275522,0.05230235287302097
C000935,0.04085625482828539,0.03316239895400054
C000936,0.1117572147652437,0.08241824972160675
C000937,0.06954885734206201,0.07331014843612597
C000938,0.44546328884709263,0.49106812007913836
C000939,0.1606289209431238,0.12813438160232415
C000940,0.042452007229142094,0.03945204099685842
C000941,0.0866460848276915,0.0699363584633921
C000942,0.061350586161119006,0.05301227228285177
C000943,0.08130578658284464,0.07482678651071153
C000944,0.05947392937602288,0.0823757509752419
C000945,0.07230259977429765,0.08522890353930605
C000946,0.03299113813512573,0.027926889216005286
C000947,0.12316460562937519,0.12206112720243904
C000948,0.0260900147315482,0.025367999402817525
C000949,0.028114251168638842,0.028734257555775345
C000950,0.037256777154405465,0.035236816965419436
C000951,0.038095032298080686,0.034457238958996605
C000952,0.13760682731933735,0.14230773824373602
C000953,0.05144392528013146,0.04547809584836857
C000954,0.027655437494226637,0.03337232389084808
C000955,0.03622006074108206,0.03613851183415279
C000956,0.04772166298003595,0.05294449814613692
C000957,0.059404921437532135,0.06234191797717923
C000958,0.05111925243919293,0.04381710776739532
C000959,0.07815863783817027,0.06193075986167555
C000960,0.0258271525582348,0.030674873057036266
C000961,0.14108674844641622,0.13669234883207423
C000962,0.04547887164331281,0.056969772272083705
C000963,0.042539491839001776,0.04775255420325467
C000964,0.05625730968420027,0.06436928325069975
C000965,0.12954747416457751,0.10789094329913389
C000966,0.042530622245967244,0.03887831617004808
C000967,0.03840886416875524,0.04512875034494959
C000968,0.03977234516374502,0.05191287528755323
C000969,0.03304937510633118,0.035350928713875504
C000970,0.05656497030624541,0.05469546229953046
C000971,0.33183533452995917,0.25141425673535184
C000972,0.04016167656260305,0.051100752144123296
C000973,0.13979839889246926,0.10734055421023123
C000974,0.05550701333973836,0.05064891659176181
C000975,0.10112780090447471,0.10281117504595302
C000976,0.04322160611818837,0.02938464170432109
C000977,0.048293402000029496,0.056231105458370734
C000978,0.05473323937555824,0.05180478840875058
C000979,0.17514518639323556,0.22484275941093174
C000980,0.09995749227912418,0.10816009143356968
C000981,0.025063736266145407,0.023590934469836143
C000982,0.029789575437206606,0.023068778281646198
C000983,0.028428672362561892,0.027194279137602678
C000984,0.1947495869959285,0.19277605475909856
C000985,0.03445142977601871,0.03764203255310863
C000986,0.03412873502532841,0.041010922700564126
C000987,0.36730859472238775,0.3621367664498423
C000988,0.1332897213783119,0.0885805479884642
C000989,0.05424116533515999,0.058054028375574676
C000990,0.03576541071395923,0.032076733628415906
C000991,0.023777031459029412,0.025921633135921395
C000992,0.06381193373552185,0.07555291660621714
C000993,0.028653860527359687,0.026139085668088546
C000994,0.09507822761416782,0.09424868327210863
C000995,0.32494749585529437,0.25750649181261426
C000996,0.138219918822833,0.11949493381883965
C000997,0.21743572620644452,0.15940566035752674
C000998,0.03336914984147531,0.03331848978008657
C000999,0.18143641593063514,0.18000672551957125
C001000,0.08285455518462659,0.07677006967570557
C001001,0.03002989497517583,0.029375319402126426
C001002,0.047552576605533324,0.06143602449018335
C001003,0.07943321152491806,0.05217834336490782
C001004,0.2988398510861791,0.2784463230288837
C001005,0.03921850058986827,0.042955371884270864
C001006,0.086196649303727,0.10777648101440582
C001007,0.050005713702534295,0.05188531068992609
C001008,0.0399273947185657,0.042825331734477126
C001009,0.1545380773320727,0.12558925264281776
C001010,0.1300567424310436,0.12340379787845449
C001011,0.037582167520064894,0.04075492776532418
C001012,0.05081587007526993,0.043777212204348506
C001013,0.09045768445896299,0.07227079568843772
C001014,0.08409031500551953,0.08622151156051333
C001015,0.029746884688541596,0.02919148218625232
C001016,0.32016793428328605,0.2446414601178593
C001017,0.031529005788240264,0.030633954295044685
C001018,0.32317558357283793,0.3111357392316588
C001019,0.08958230934986434,0.09278985395491898
C001020,0.03840166988110334,0.03790072905668026
C001021,0.13867576728183,0.1313532767118021
C001022,0.030972479644500527,0.03283105093476378
C001023,0.03696844489981473,0.03905891490068415
C001024,0.0227734913350023,0.02876568637677091
C001025,0.02842083327941917,0.03257373318020437
C001026,0.05849545524069374,0.05582360179401855
C001027,0.04836116256017977,0.04065563799369826
C001028,0.06434640385852484,0.07248695568870046
C001029,0.03329139755866456,0.041167739329707506
C001030,0.05601430009166608,0.04725533020731753
C001031,0.16107451004998347,0.16834262955897822
C001032,0.04019797810416592,0.0340016898634753
C001033,0.18997347964648345,0.1992092748322012
C001034,0.4487362541192142,0.5499755134135587
C001035,0.27439729394670476,0.1993453416891676
C001036,0.05264340253404992,0.060827453522098306
C001037,0.02364832519037651,0.019926790747740446
C001038,0.21819824811413358,0.26347904829437657
C001039,0.1160952768501329,0.1141005510530112
C001040,0.024452336633955053,0.023333503161482118
C001041,0.05987269193953491,0.07027045674685431
C001042,0.03730885174443395,0.033364039259252964
C001043,0.08885447751803359,0.08668088212077667
C001044,0.04561285333585539,0.03779705024768733
C001045,0.05901345743187055,0.06115351061788776
C001046,0.03349705859284054,0.03333370970303639
C001047,0.026171867121951287,0.03399436380678218
C001048,0.18186778934518372,0.20125588591063703
C001049,0.06766668771751354,0.05433635518440484
C001050,0.03513654602912794,0.05268267316618373
C001051,0.043905341404320924,0.03842642464800006
C001052,0.06192167006648913,0.10106819171843037
C001053,0.05951047411684281,0.06657382110612056
C001054,0.031853412742145266,0.031900066890195686
C001055,0.034151617366375904,0.03835194955984121
C001056,0.06553263384795116,0.05532754559697811
C001057,0.0732140419831702,0.06147415443525874
C001058,0.07033316159800504,0.07533925279468044
C001059,0.13767127497273896,0.1340576355596163
C001060,0.060220620582831584,0.054732448747393504
C001061,0.040676364063249454,0.03713171118808738
C001062,0.1966310276334589,0.14866170315167643
C001063,0.22682171823310399,0.1632396876305057
C001064,0.35733726644610264,0.3282496805916885
C001065,0.09865189017227793,0.10495241357399268
C001066,0.05012540244127437,0.04899868653175217
C001067,0.15283177135569645,0.1490960374078206
C001068,0.04211907239690506,0.04339996008269053
C001069,0.057823529076519886,0.06738140230968397
C001070,0.033738056644509476,0.03805034974807016
C001071,0.05118162210233525,0.040602771829343645
C001072,0.09283796434637319,0.07758486107448521
C001073,0.16986993537716297,0.19714143801891534
C001074,0.04623813335181227,0.0429935730061945
C001075,0.15711932937759038,0.1641897741844912
C001076,0.04124139072899301,0.032841622463907566
C001077,0.11383392814870161,0.10213431505095301
C001078,0.056739479087910896,0.052504529514404666
C001079,0.2641503515671039,0.2273382030714984
C001080,0.05679141537515116,0.05850193979470991
C001081,0.13597455572777367,0.17928043159710566
C001082,0.036499357222145166,0.031898963577599596
C001083,0.06929529655382849,0.06306285084583338
C001084,0.054306496935490535,0.05488981660836465
C001085,0.16173211284970393,0.1467026656400997
C001086,0.09316640529889081,0.08911732330976871
C001087,0.05873910922037322,0.06481497974277033
C001088,0.09688076866718776,0.08765898330057267
C001089,0.041323090510971563,0.04502300152789601
C001090,0.029817901678825566,0.031754307932322985
C001091,0.08596245494731503,0.10570059975871553
C001092,0.041536935608134706,0.04697741351375502
C001093,0.036961341394764834,0.036058492827514374
C001094,0.03365455489522362,0.03629197506896053
C001095,0.05994597684454511,0.06981442002548788
C001096,0.11306048392327453,0.10769642028218966
C001097,0.11808754464015722,0.11125227617120577
C001098,0.03681850748421618,0.037266155595017544
C001099,0.09863403266438782,0.1216684954084359
C001100,0.043392805254029436,0.03905572488317346
C001101,0.02873548078615227,0.02818578565597722
C001102,0.04561802492709182,0.050699699669292
C001103,0.04264991324360308,0.042540943647689775
C001104,0.07300449449408548,0.07222646265913409
C001105,0.06616915838547195,0.05179042057661074
C001106,0.07077974989252486,0.05363744154550747
C001107,0.225652901231101,0.25895474612199215
C001108,0.026014036169633565,0.02467178492729997
C001109,0.036324674329605386,0.03736817031503786
C001110,0.05480697720465437,0.04876136744021612
C001111,0.03144850020072136,0.03198384025117144
C001112,0.04234578868342812,0.03976672675689426
C001113,0.03472642448387682,0.053446483815735024
C001114,0.055818988407749695,0.06282105015279238
C001115,0.1479869629339164,0.11324103730389308
C001116,0.03401404319091452,0.03064118827931227
C001117,0.0626611162183672,0.06361537444925122
C001118,0.09134347477139962,0.0945145690110395
C001119,0.25009504710609226,0.22703916117726458
C001120,0.05765774094929308,0.039199738923302974
C001121,0.1937800613436179,0.19346599730935704
C001122,0.03707761745029327,0.034700123134016624
C001123,0.03340471468957601,0.035349599775118964
C001124,0.06836112610871407,0.05978185502320815
C001125,0.07120863808339581,0.07314514037635787
C001126,0.036725528843515765,0.030627439043258604
C001127,0.09897392285713388,0.11056337565301651
C001128,0.045128849269623614,0.05301478295373263
C001129,0.03944969093438836,0.029432105957689032
C001130,0.06409578800020391,0.0562476546465297
C001131,0.10306957180143694,0.09597417128611843
C001132,0.03391432039311511,0.03978518360793798
C001133,0.231993711885214,0.23106708909148913
C001134,0.04988877697401322,0.046263047263837634
C001135,0.06138952162880547,0.07721811853709401
C001136,0.02572750684680667,0.030326553289754844
C001137,0.061469097108246294,0.05553500626488759
C001138,0.13129188239509645,0.1452106007282385
C001139,0.15833694925860237,0.15279996069484147
C001140,0.026714801377332863,0.032580966038805975
C001141,0.12721454742238794,0.09539010579119038
C001142,0.10846694603467744,0.09810161399480162
C001143,0.03468333246807752,0.032276059693793
C001144,0.12813108913834287,0.15024139600553438
C001145,0.05901689163918701,0.05128529222638687
C001146,0.05974678481368943,0.05854886011324332
C001147,0.0350020375769487,0.038246203388786065
C001148,0.019130938340280384,0.024805780074033813
C001149,0.05019905356636946,0.05394125540500205
C001150,0.08879690444360158,0.08907015175615392
C001151,0.2095453463165879,0.2109106517749361
C001152,0.05213590996279814,0.04520697897907647
C001153,0.04809070683230296,0.0487024143529892
C001154,0.049225226339359954,0.04451763563689219
C001155,0.060968183528350914,0.062194215671730946
C001156,0.08799947568914988,0.08110357005522864
C001157,0.12404059965609268,0.11472489429550341
C001158,0.036345576258270694,0.03285124359247912
C001159,0.2873278083131734,0.3676117216617048
C001160,0.029198728644549348,0.02898132744173134
C001161,0.04874827915175142,0.06991594079374577
C001162,0.19848921744196465,0.2683882440799643
C001163,0.02689931358589224,0.024921120560742947
C001164,0.03560344017829828,0.03591446946416084
C001165,0.04527897989290516,0.05254866190133604
C001166,0.08595949717767494,0.11893439407434543
C001167,0.031782917409249815,0.03300793208295881
C001168,0.031142735771960833,0.030608123228435667
C001169,0.03888735152833778,0.04237694915471603
C001170,0.039741123675232894,0.0454098326285102
C001171,0.3932468015578289,0.4005707228472494
C001172,0.03375851456342744,0.03672424919428128
C001173,0.1071107326001082,0.09809197346464803
C001174,0.0734042355774274,0.055577693458057
C001175,0.11777942206616217,0.1318798364260335
C001176,0.05285734952624459,0.056165509572790276
C001177,0.029805650653898196,0.038091164322178975
C001178,0.048687191965204296,0.046142964858830474
C001179,0.027680599658421335,0.03035908855002526
C001180,0.053063475463659394,0.04770366951856527
C001181,0.032358241882760236,0.029568166286344656
C001182,0.02221286789835807,0.02530830672833434
C001183,0.04633382891725209,0.040835536997139335
C001184,0.028777250722993412,0.034771696887469714
C001185,0.0816359737542331,0.09309783996668207
C001186,0.05255889493480494,0.04961692740434548
C001187,0.21212285790872715,0.180284469634036
C001188,0.04864948787318122,0.04128562534243198
C001189,0.05014353214076257,0.0860238546996307
C001190,0.2034774175521034,0.24228468071832454
C001191,0.02913890080088157,0.030891064507084794
C001192,0.045032556406515906,0.04059269322801251
C001193,0.13561429330935876,0.09446887535226989
C001194,0.0453090603018934,0.032664108365272726
C001195,0.1217039560384173,0.10091772363387866
C001196,0.051783319677065044,0.04052952996667484
C001197,0.2242517156495968,0.2408205975075921
C001198,0.08258730292689612,0.0720142005738616
C001199,0.04065373526848349,0.03136009383666208
C001200,0.07743090479536005,0.07909022597749435
C001201,0.028421168835219057,0.026824006868161963
C001202,0.31340420209467823,0.2683533380264257
C001203,0.04903711022281863,0.050393561520713226
C001204,0.05475579341589779,0.05718188409284484
C001205,0.18925440766690696,0.22021673306686335
C001206,0.06687929613588203,0.05044036060394704
C001207,0.05471136689839616,0.05002977080906555
C001208,0.04331929530106097,0.05115786406407029
C001209,0.05111204745588251,0.04292118732045115
C001210,0.04828404143521087,0.04843827491895475
C001211,0.031024004292942303,0.03614759967703542
C001212,0.11785092945966105,0.11134192616129268
C001213,0.11837300428869035,0.15968211218257516
C001214,0.052431072859520075,0.04602149174654618
C001215,0.05352797640868131,0.058774151310595546
C001216,0.028306477966611898,0.028336976418429822
C001217,0.03618400177049565,0.03811651314627751
C001218,0.03753512973229953,0.0461952492950934
C001219,0.032644227101394516,0.03645172026458103
C001220,0.44512187906061274,0.35809904696767686
C001221,0.07519454138564774,0.07247697431646748
C001222,0.05196933965874505,0.057760958930563024
C001223,0.06664454991078712,0.08668093267187683
C001224,0.11113058257630129,0.12248727576038698
C001225,0.5956304625342514,0.6912776820290487
C001226,0.10490475978323721,0.09612258403678117
C001227,0.08824379261560858,0.08413399192703344
C001228,0.03766261113039881,0.03674151209254347
C001229,0.02357939878407224,0.04419115600495018
C001230,0.030230276931878276,0.027694017997924193
C001231,0.06790268639593558,0.07616842338167863
C001232,0.11459997032139832,0.11058885398587041
C001233,0.04344059720646342,0.038396363314428125
C001234,0.12805542883059803,0.10247344415293087
C001235,0.020963566074116174,0.022265112780355208
C001236,0.06522893134760407,0.05859005462310531
C001237,0.02684097230976281,0.03228115091432795
C001238,0.03684939764984505,0.035948716635784805
C001239,0.10769661283526588,0.1360134675146833
C001240,0.03902746274362768,0.0364203803947671
C001241,0.03301771958907445,0.04395739922712137
C001242,0.0459231178489756,0.0349673197269435
C001243,0.068194662556514,0.07739499958744497
C001244,0.07272766445742743,0.0913463200958485
C001245,0.04634714010997891,0.05188931724299064
C001246,0.04871285464781251,0.04238831494168197
C001247,0.0681978304010349,0.06125741485113138
C001248,0.22673640565524772,0.24509160681894385
C001249,0.03719864594451396,0.03652050640440368
C001250,0.04412594339876817,0.03771367931220073
C001251,0.038505233643028255,0.03296611958145367
C001252,0.04559094858348347,0.0486569532935982
C001253,0.08565353233907082,0.07558409517349697
C001254,0.043119130127405196,0.0367440104761139
C001255,0.0853770264387004,0.06649173291049795
C001256,0.09278208785217629,0.07262340917784907
C001257,0.035074165835129255,0.03373112186868078
C001258,0.05951379693294055,0.07000352736265811
C001259,0.04193220442610428,0.04113864400161447
C001260,0.07030222404679995,0.0683360929870857
C001261,0.13530291784277168,0.11502527240804465
C001262,0.04608391637041316,0.035020676405419636
C001263,0.04510188622664614,0.039749946479504535
C001264,0.12385805770829084,0.10062964894275747
C001265,0.4266791943762033,0.41794365783544885
C001266,0.07434574164091248,0.057494831250468094
C001267,0.06208571231200057,0.054618680374830496
C001268,0.08915077848689426,0.09331503736774187
C001269,0.024159316793975115,0.02473928791629243
C001270,0.14190830052140396,0.1036358463427443
C001271,0.06030414391227793,0.0566427962685344
C001272,0.044484850506700604,0.03748768062946598
C001273,0.08409059746566988,0.0683824362439699
C001274,0.044627655918833865,0.04281714901100474
C001275,0.07902374805719138,0.08695779549165725
C001276,0.11463299546318113,0.17800673510454496
C001277,0.038433216849521876,0.034197636887436315
C001278,0.09668467282573763,0.11664185065114359
C001279,0.036924526569158414,0.042854985452038266
C001280,0.2400557564500227,0.19926543116094536
C001281,0.07929481112732754,0.08178950145336475
C001282,0.039454801415283444,0.03927794123835768
C001283,0.03926760718620346,0.03738485280822969
C001284,0.07275785478494963,0.07413483368479576
C001285,0.05508104504188398,0.055332184910276916
C001286,0.04452871487707746,0.033269113198435604
C001287,0.03880564359649003,0.029042946484537823
C001288,0.03573840307553951,0.03339204015282047
C001289,0.058526573931379125,0.0551064405009271
C001290,0.05099993412117265,0.04767467565279122
C001291,0.09679385191153154,0.11652306317189536
C001292,0.06386479820103709,0.056789737313004615
C001293,0.0912777986804589,0.12866808125999682
C001294,0.04735075308740741,0.041310633390520636
C001295,0.08328541537045486,0.13853751556862232
C001296,0.6404049828499944,0.7318603234288046
C001297,0.04679815737176734,0.04387093486103597
C001298,0.036831409017710745,0.04000237859354065
C001299,0.0429750565278042,0.03847731590766349
C001300,0.03547047305905705,0.03998694577578353
C001301,0.411708739796255,0.350249750194772
C001302,0.040562719170500326,0.0406358529596782
C001303,0.04476708183796476,0.05726499709152556
C001304,0.2637537461861877,0.2529041073895458
C001305,0.046948666918113835,0.04621275595815888
C001306,0.05582926063137548,0.05471267687952134
C001307,0.0958610863932849,0.07879626509917129
C001308,0.040739946336953534,0.034996691460248
C001309,0.04570262018847407,0.04424485395188553
C001310,0.08124911322661876,0.08265149052778294
C001311,0.02813953544482763,0.02583394423451384
C001312,0.076348832774441,0.06069352634333443
C001313,0.06046992288493145,0.06427047737896016
C001314,0.17406361888458025,0.14380107969176675
C001315,0.039845330394715786,0.034081527543972145
C001316,0.13450162744197786,0.1541757931935564
C001317,0.044358859824798806,0.044626365334651426
C001318,0.02992211577433122,0.038205276073086436
C001319,0.057998478905398346,0.05053615378381563
C001320,0.03371113206161133,0.033346184130874944
C001321,0.06715197782009191,0.05311950040177904
C001322,0.0974769730850917,0.08096983756725337
C001323,0.02144055350409677,0.020089293911055718
C001324,0.035635861297408554,0.03503824819412444
C001325,0.05071026189987232,0.05995691670979349
C001326,0.06386790090041775,0.06587621706185098
C001327,0.04098064129993337,0.03190709018243397
C001328,0.046856480770034015,0.04409665750627502
C001329,0.05046945775301106,0.04102847069405537
C001330,0.08398759535381042,0.10155161746170135
C001331,0.03744585963981092,0.02754869744922056
C001332,0.02216016399427035,0.02812804433145692
C001333,0.04160726388153058,0.047557478698713726
C001334,0.06686255652034898,0.05584415430647345
C001335,0.04306367404648211,0.037138089382627935
C001336,0.07391592925335244,0.06396626747956828
C001337,0.03628861085895515,0.039824784623764285
C001338,0.053571350492377344,0.05122660737594372
C001339,0.04589280421092061,0.03924692405520141
C001340,0.10886655299402821,0.09704493603404954
C001341,0.04568101977027826,0.04191195052612667
C001342,0.06114987812803887,0.07618694808620126
C001343,0.035592849579842586,0.032482026054529246
C001344,0.15706216521696978,0.13170627762622927
C001345,0.13494935853193749,0.16824913345268527
C001346,0.02906772959286097,0.03411944301075022
C001347,0.06575280328558034,0.06827155617514594
C001348,0.07704983986930912,0.06727422966799879
C001349,0.037958261366133984,0.03975899844166367
C001350,0.12526910453209356,0.18874878100600784
C001351,0.02602028533654378,0.020512030400873005
C001352,0.04082330473389491,0.039060285692886894
C001353,0.032104132103564824,0.03916307253311683
C001354,0.034165649233559456,0.03066101818443583
C001355,0.14877524714930587,0.1426933017947681
C001356,0.07433967283602264,0.05676504819493814
C001357,0.12509782810963901,0.08597177151474056
C001358,0.0745159166316808,0.05611082096432949
C001359,0.0388842593031963,0.03778202940397154
C001360,0.04092756920487611,0.04177961256559842
C001361,0.11412757792487424,0.12716128144581668
C001362,0.06556129575680884,0.09109029088393822
C001363,0.038352509333984375,0.039467070473566984
C001364,0.23617823999647075,0.21533926284464422
C001365,0.06723842892766321,0.0773038796409399
C001366,0.062455086521985115,0.0693601900903943
C001367,0.0925265307964104,0.07608480642834585
C001368,0.07537069885507217,0.07276736142928547
C001369,0.04085611012465337,0.038295230948000435
C001370,0.03326521303158235,0.029626012352151454
C001371,0.029769896183181672,0.030001639721675733
C001372,0.04299282987176048,0.036640625410298486
C001373,0.030175454261787738,0.028209657671976744
C001374,0.08232940739749958,0.14071611205897344
C001375,0.03846817268840609,0.0388566091784968
C001376,0.07084457545356224,0.08031063049700057
C001377,0.035587852190479066,0.03188890630705789
C001378,0.03762189102706096,0.03265129119360234
C001379,0.3386586762654521,0.4317747055460545
C001380,0.038020916553605975,0.03761776796353099
C001381,0.04464777229207116,0.039614535872459763
C001382,0.03974805854961509,0.039432188843625905
C001383,0.03883211910638566,0.045738911112918564
C001384,0.05423067226967698,0.05648463638787844
C001385,0.032966982281170155,0.03298855668407409
C001386,0.04362545698789072,0.05315077343003507
C001387,0.05204986449571993,0.04860272392594117
C001388,0.03576888938686985,0.04041228598295631
C001389,0.04233650042801036,0.03753348008404032
C001390,0.22770810251836124,0.21249487287051325
C001391,0.044336674113378924,0.04648690896522215
C001392,0.2558490257114374,0.18410402464791684
C001393,0.05291623052981982,0.05547129481351683
C001394,0.04455983035010682,0.04100888182667341
C001395,0.03472595846361381,0.03519771912587494
C001396,0.041707941377777266,0.04851849971035974
C001397,0.05452437193941534,0.052428762173876264
C001398,0.080658653215256,0.06726227163347388
C001399,0.04438306849551967,0.04178121007443727
C001400,0.14858639185032096,0.09891660471835137
C001401,0.040088501386842536,0.03800739680101087
C001402,0.39644277037042264,0.4067537028002066
C001403,0.13371370569695645,0.09775151876418278
C001404,0.04501063385330901,0.048638646656350704
C001405,0.17888686330136738,0.16670709135057504
C001406,0.15057505028463627,0.16453384154431122
C001407,0.05306485414859454,0.0563952065739405
C001408,0.03764486147744063,0.037999499526641264
C001409,0.044098148953622296,0.03540848856079086
C001410,0.02219863621237388,0.022608828886990943
C001411,0.038887006087111584,0.04012883287331154
C001412,0.05375899588136442,0.04639395928416327
C001413,0.19700404487813974,0.16695152474186561
C001414,0.2859012187012067,0.3379820694446323
C001415,0.033034104705192746,0.026812180190195645
C001416,0.042907915709215955,0.03590962332420891
C001417,0.4546643559854803,0.4332869322650671
C001418,0.028754669113718555,0.02870893026778527
C001419,0.04032816210017559,0.03869523569432731
C001420,0.03401253006975123,0.03481826058012062
C001421,0.1472945790484841,0.12786145840142105
C001422,0.03326161906807608,0.02720808481731137
C001423,0.09077992484198996,0.09222558425172817
C001424,0.0697932819772433,0.08777513489696942
C001425,0.06388862369755012,0.05920748855424829
C001426,0.1406176408415825,0.132705738055617
C001427,0.04749888946308071,0.053643442707929624
C001428,0.06414587380383217,0.06714040248511363
C001429,0.22432681274858318,0.21306239538279542
C001430,0.03500486797773552,0.03327978050648532
C001431,0.05927300837269125,0.04870450665975121
C001432,0.03116992834961113,0.03017916077421341
C001433,0.23652585068196075,0.21752738175698166
C001434,0.06427331935230025,0.059492485230980066
C001435,0.013571276033808468,0.019631431123606827
C001436,0.12972674693705444,0.1433427589742186
C001437,0.029807985425254667,0.03185007635850815
C001438,0.03217796698085165,0.02921517871090536
C001439,0.1658372167432274,0.19265057861843202
C001440,0.18828291038340547,0.1448379419250868
C001441,0.0752871197932671,0.07718694754395615
C001442,0.3250418637350965,0.3448470051960827
C001443,0.03915853964196089,0.03103032766793342
C001444,0.04204479353891024,0.047583358962906684
C001445,0.030366484977567654,0.03444790050805839
C001446,0.04083462009561533,0.03560154369760528
C001447,0.03600346037269665,0.040838653214669306
C001448,0.05585826654253826,0.06357721515323415
C001449,0.27908420077735047,0.3104414378513471
C001450,0.1390124291568461,0.15131674755220326
C001451,0.03554509436197205,0.03804149480404479
C001452,0.028071790019774605,0.02637085394492822
C001453,0.06528549390068944,0.06319987684203172
C001454,0.029834850157069177,0.03205671113678972
C001455,0.04499303955021576,0.04498469684346925
C001456,0.3657204401443533,0.4639458552296518
C001457,0.03351244154209727,0.03838245734259317
C001458,0.2314662859942472,0.22416838355232532
C001459,0.046963777828390195,0.04411842082892482
C001460,0.10094956649762091,0.07744785652236993
C001461,0.06349333980584436,0.059561173258196654
C001462,0.028821470531687998,0.03190676298239094
C001463,0.04839976224383307,0.036096987387546665
C001464,0.2482209264199457,0.16776158639202962
C001465,0.034533270638768244,0.033426209705796836
C001466,0.07925614938770238,0.08442828347125628
C001467,0.08763225438225467,0.09186205152772331
C001468,0.08155021968549328,0.07443539021143697
C001469,0.12925665838669795,0.11363127390619025
C001470,0.15271084691308584,0.24441971251628405
C001471,0.048972253944957626,0.033140942170530326
C001472,0.09101909457843538,0.07500518891957587
C001473,0.1317988098089055,0.12979212045521243
C001474,0.20084368840657266,0.2633022444491962
C001475,0.03732544200107969,0.03358446529318916
C001476,0.03337251201502202,0.036464959168738764
C001477,0.07069394958445893,0.06463924284913777
C001478,0.07907897722222469,0.07702599736861396
C001479,0.38796337262080866,0.4091611794883384
C001480,0.044813800688339546,0.044193188361034724
C001481,0.036120791685351504,0.035465320307189886
C001482,0.06296492279996,0.0647921517402473
C001483,0.07959744344839254,0.08799836654832598
C001484,0.1433839772173738,0.12002309860293572
C001485,0.03059687741358321,0.03158192034243825
C001486,0.04691215506542125,0.04212917775617241
C001487,0.026317963033945107,0.04544095055344586
C001488,0.04404006968975164,0.04372875352887542
C001489,0.07206956753260099,0.06373641507938729
C001490,0.12889497305724884,0.14762303176071295
C001491,0.5790950950843518,0.6647988561273485
C001492,0.07877183234688938,0.06891361938868182
C001493,0.1800730817276622,0.1907273541600453
C001494,0.08609916200938737,0.0809492618511562
C001495,0.0775871116698098,0.07256298790401713
C001496,0.06572118185675516,0.049420706418827766
C001497,0.048741278371776886,0.04252358256589887
C001498,0.1106029304476132,0.09809393366818704
C001499,0.043626827448928374,0.05301282587622704
C001500,0.03881083902466639,0.0396355911233315
C001501,0.0805013923884337,0.07761745468683237
C001502,0.03747354138282856,0.03471258249056926
C001503,0.05344626343060164,0.05614568902969801
C001504,0.04954412844985318,0.04246470994258634
C001505,0.038847339769173664,0.041824807651677474
C001506,0.08228638552898951,0.09784409597025825
C001507,0.04701964267767529,0.03506214504904389
C001508,0.11527564848268486,0.13638548608702689
C001509,0.037529770455141845,0.029633467244739104
C001510,0.12970340596778152,0.14475907854850412
C001511,0.42306001113292935,0.448519409971644
C001512,0.02813023835926475,0.030525817626207798
C001513,0.16198742745364325,0.16161022483518298
C001514,0.3082240276576228,0.2744522888702187
C001515,0.06379485974285111,0.056548402142171536
C001516,0.08036404527724425,0.0724114704143726
C001517,0.03471743384476279,0.039534899218278574
C001518,0.10316109907012842,0.09819800262492646
C001519,0.044544204083811004,0.045207734007225796
C001520,0.03038980861268406,0.04063300286994096
C001521,0.11141133010262201,0.08721050747487072
C001522,0.030387411637345117,0.026190040550175153
C001523,0.08015239714248365,0.079738933618316
C001524,0.07756704597139072,0.07268605779187857
C001525,0.012891883895239584,0.023627511933771113
C001526,0.12649872703458837,0.13339796450688785
C001527,0.3336046648100913,0.2844484138928916
C001528,0.05205847059568704,0.06231952666434618
C001529,0.027317675123540868,0.033042382213774944
C001530,0.08561987637025116,0.1262039628004143
C001531,0.06290374977662491,0.043933529353492706
C001532,0.06075877473475405,0.037354798075623655
C001533,0.07305949049432396,0.06191942934488352
C001534,0.032364353724451914,0.03265195715145898
C001535,0.18141036589898699,0.2973408603380571
C001536,0.0888254239740518,0.0740924354999871
C001537,0.032311409238041086,0.04316280003277813
C001538,0.06098047950636167,0.05122867722253392
C001539,0.050783720330035934,0.0444607446369366
C001540,0.08126315855881334,0.06636848024324368
C001541,0.02962556976140826,0.026773221634837252
C001542,0.1552000645279194,0.13854579154393645
C001543,0.1177054598989821,0.10548332239997207
C001544,0.02781496041626272,0.033741280221099935
C001545,0.06415330811958182,0.0811455583612733
C001546,0.1695107988950196,0.11769163929612411
C001547,0.05571105728236782,0.058348402430444576
C001548,0.043387779503030126,0.039045838016346465
C001549,0.22326143998664444,0.23296071234541285
C001550,0.03828558947639828,0.03438927352213219
C001551,0.04169938838000126,0.050397278750715147
C001552,0.04093158669893796,0.02639090842374575
C001553,0.03931851600881698,0.04371903188938549
C001554,0.02197128599475088,0.0243694601367797
C001555,0.023109637276578707,0.02663822960966224
C001556,0.07939154503170247,0.10189845169218606
C001557,0.0887759835879843,0.0821885893236022
C001558,0.05822374290349018,0.06851063247330809
C001559,0.08085391769701356,0.08319055267482627
C001560,0.05801084152856896,0.04690968604575141
C001561,0.03103371427932543,0.034022088881639045
C001562,0.11663373801412943,0.13506828023861206
C001563,0.02926812170637007,0.04507803051647989
C001564,0.0737952084073929,0.10021163080550104
C001565,0.020828749392926914,0.026455989411752166
C001566,0.15961502297411195,0.20271058065935305
C001567,0.09737518348928852,0.1055087218724929
C001568,0.19096138370234514,0.15843136036669908
C001569,0.04539512607362782,0.04775829178798008
C001570,0.20796673661019818,0.16921809485261946
C001571,0.05687895408258566,0.06238412656776513
C001572,0.02885227874519184,0.03103416564732776
C001573,0.038445784625997084,0.043414216475513065
C001574,0.12451989546815019,0.12966579881699988
C001575,0.04683731731632768,0.04162208919521189
C001576,0.03952273707141771,0.03518361201192278
C001577,0.10531236911329725,0.12509719937725947
C001578,0.059299228171634175,0.04618084748980144
C001579,0.03841392204488235,0.029095949379654363
C001580,0.10814968775262838,0.09477707565088814
C001581,0.028011604395425393,0.04002612848676418
C001582,0.05303516608652396,0.043852235034483975
C001583,0.0869461858664263,0.0923621797711134
C001584,0.1998506697665787,0.19945497321938738
C001585,0.055779937719088436,0.056546151701281
C001586,0.03221317737850042,0.03192379363432718
C001587,0.03499363430623787,0.031154082429997888
C001588,0.12381301555634021,0.0821025249542188
C001589,0.34694149339401276,0.3539565961921652
C001590,0.07710995479054085,0.10178511521473725
C001591,0.11468329039611506,0.12400665260826496
C001592,0.04173066655755566,0.04232427844282187
C001593,0.04131152171612145,0.034758306349178994
C001594,0.03278796790211791,0.03237972956785603
C001595,0.11530223861411908,0.10067266725635268
C001596,0.04684838639611472,0.043154581228513636
C001597,0.14396158726076527,0.13072440488918713
C001598,0.03683620723055714,0.045506564939721175
C001599,0.033965889691660665,0.03357765571518858
C001600,0.035866366154593245,0.03766373082122536
C001601,0.09091430950065227,0.10439170563062909
C001602,0.044524719537922475,0.04351473742535042
C001603,0.05297488409750545,0.04707174472996832
C001604,0.028733591152633204,0.04646493426852243
C001605,0.048564939487425074,0.04725177172435683
C001606,0.037733623851274004,0.028608847516847957
C001607,0.09937154473764162,0.09431693760168972
C001608,0.07091519114282765,0.05594914541341014
C001609,0.04924536966574983,0.05052119317525977
C001610,0.040767114082825795,0.03872038182615777
C001611,0.15943798675257864,0.0939675504492411
C001612,0.3988693872602398,0.3540121122254377
C001613,0.38127579610160817,0.3327863510157279
C001614,0.03705586976399487,0.03710394809912511
C001615,0.0309252993215036,0.03650583586601946
C001616,0.14988993826464286,0.17428102845404375
C001617,0.05218026775160507,0.05258042236476005
C001618,0.03492583626473469,0.0412397931723282
C001619,0.044127319756756524,0.03978842114692442
C001620,0.37789358487277036,0.3499834926049036
C001621,0.017506352450082786,0.017462542529806387
C001622,0.07548762681856347,0.07236472553855806
C001623,0.0662774474324415,0.06700687723706697
C001624,0.04880726625265629,0.05472740088363337
C001625,0.03762037455208684,0.04253208817901362
C001626,0.02783510250632442,0.03734818866716327
C001627,0.0337952775824208,0.03445214069899416
C001628,0.06671081436427213,0.05902726655878968
C001629,0.033391592163296624,0.035664848376379385
C001630,0.35700090950573593,0.37272307353235046
C001631,0.040493690179277356,0.04228711385099172
C001632,0.054419148547900566,0.05454634313771545
C001633,0.029108969295153896,0.03346825299969082
C001634,0.039449453488337935,0.03949354577773609
C001635,0.06320051791923573,0.051534197369667224
C001636,0.03527446281615006,0.037809377988373444
C001637,0.04301589534620398,0.04822980498942401
C001638,0.04158875255028543,0.03731217044649475
C001639,0.2079918891489573,0.21308226266902883
C001640,0.06194847322576573,0.049541313099167365
C001641,0.10879693260597248,0.11939799377741027
C001642,0.024034966653983053,0.02952394123069988
C001643,0.18164284868812008,0.19028651273963643
C001644,0.03536320924000293,0.04357838118672108
C001645,0.056687218858312016,0.07059068082241755
C001646,0.019266839774186816,0.02557608674418508
C001647,0.047298590516826416,0.036853839322687744
C001648,0.02657541632523524,0.03256098122110291
C001649,0.060971938318233755,0.08428540926254398
C001650,0.06447764534148115,0.07217306022527173
C001651,0.13559461197232386,0.09425661612173775
C001652,0.10087413096129287,0.07496077875831299
C001653,0.06776643550239919,0.06396691421247627
C001654,0.04992159479726217,0.04621672221456286
C001655,0.046542200953539246,0.0634751147136104
C001656,0.047293546930967,0.03774849688149036
C001657,0.08941572521025849,0.07950901657654982
C001658,0.06314382645387977,0.05541129461035192
C001659,0.11234967454199532,0.09148727077233276
C001660,0.11632013968745532,0.10251777555916781
C001661,0.04170586611327969,0.049262841262787814
C001662,0.26514409551990076,0.2216994120727703
C001663,0.15757492355402253,0.11640710452931424
C001664,0.12190419057681201,0.15300073348394475
C001665,0.3144551974991724,0.4083010929907167
C001666,0.1021566091233261,0.11739669436827074
C001667,0.07450474751132667,0.0626387958309503
C001668,0.04384186893679836,0.045745490206876495
C001669,0.1227919438694556,0.11145965062417348
C001670,0.04759108510155779,0.032969393127041835
C001671,0.043220567362953356,0.03935629516826881
C001672,0.19620354021389833,0.19764896383931552
C001673,0.05824410239074314,0.05663634908085051
C001674,0.653254333055694,0.5523074510004975
C001675,0.1878619168667143,0.23273426843419695
C001676,0.13991174064212325,0.10785992213368903
C001677,0.061677263087219616,0.08668767207814677
C001678,0.022869540878149814,0.02204029692001548
C001679,0.09475916428725566,0.08342471424839792
C001680,0.10299581522115701,0.16081636371744243
C001681,0.11002004740960288,0.10306131143787645
C001682,0.03909111453237248,0.039254682416453954
C001683,0.05006694632368689,0.06621812812023312
C001684,0.055465879779756325,0.054948322364596625
C001685,0.045850262154235766,0.04795399389888525
C001686,0.1221127179058199,0.12708361969785614
C001687,0.16828857529725208,0.13936121540653948
C001688,0.044973086176833973,0.029299324749568756
C001689,0.09159724545896279,0.09953899968758659
C001690,0.04252979702037642,0.04292670749217497
C001691,0.15471158324565343,0.11185677878246439
C001692,0.04571003477984355,0.040481178294598526
C001693,0.04599376986994419,0.06319765962145876
C001694,0.037932378440935534,0.03829686062098843
C001695,0.08983228067115592,0.07586954461987469
C001696,0.04896585794450568,0.04999515928513235
C001697,0.3707830040426434,0.4398352275658752
C001698,0.049444176849975305,0.04250179480160591
C001699,0.025265923169345506,0.025094843628245645
C001700,0.0710697548244638,0.0713984931018761
C001701,0.028905529466970746,0.03139873136138215
C001702,0.18938558597742536,0.1420358960468387
C001703,0.037039251687551476,0.03880056209103104
C001704,0.06333603367339288,0.06859856296814001
C001705,0.0450031063611341,0.043148809461549045
C001706,0.0748414532410176,0.08045197521737976
C001707,0.18818231409265854,0.18887028280221282
C001708,0.046470394510733065,0.0407332080258865
C001709,0.03629836740281366,0.03318942868973255
C001710,0.12252626132934481,0.18640367229005747
C001711,0.06796390798311353,0.0746701877421744
C001712,0.04618952654755892,0.04710105810778394
C001713,0.039075956014413694,0.036527563282456224
C001714,0.027931477384652504,0.02603204301454346
C001715,0.07074795430779648,0.06662083339477254
C001716,0.07619403726255874,0.07483466263676496
C001717,0.05581196880846902,0.043476996423148805
C001718,0.03274890810323721,0.028376894925532005
C001719,0.04263511363488008,0.04029528688190808
C001720,0.34928103071285777,0.4925758857349134
C001721,0.05262086266219557,0.052407560272478185
C001722,0.23484842085353677,0.1700191341164056
C001723,0.04670369465464846,0.043734126814685845
C001724,0.10848787044487636,0.11899883132025099
C001725,0.34566666513287797,0.42079840434775956
C001726,0.18826703747473236,0.2843394130812587
C001727,0.06410951799650658,0.04075754746656197
C001728,0.04876947585154231,0.04991440548817933
C001729,0.03566693353865606,0.036618386160436875
C001730,0.10946433754830653,0.10597574603023655
C001731,0.08090531555889154,0.08186963778512867
C001732,0.04845603259551495,0.08141780129789171
C001733,0.03811597117431035,0.039258099264685105
C001734,0.3741456749167891,0.3353674939667045
C001735,0.05812737714256864,0.07671236179670976
C001736,0.036328617069108865,0.031468789372952215
C001737,0.027943433700366182,0.02938284423968852
C001738,0.03641988871611117,0.030251144109998535
C001739,0.02774096479402801,0.019285345557237155
C001740,0.09117787272600554,0.10994424961268486
C001741,0.2538285956273073,0.24707168735795584
C001742,0.19450690109840518,0.12884423531089814
C001743,0.6493285873750476,0.6120582539043052
C001744,0.07117362540991481,0.0616309581023252
C001745,0.036555708961363065,0.03844019503402187
C001746,0.06544424848907121,0.059759336001530175
C001747,0.09579068101037143,0.11263751589239472
C001748,0.08483709221467665,0.07460093975717223
C001749,0.0634208336501807,0.05827887608004847
C001750,0.1581117352799934,0.1818374512864746
C001751,0.05224714610305908,0.047022751834778685
C001752,0.18746503136602816,0.12823023070047665
C001753,0.032161721128118666,0.037797215008676485
C001754,0.064276184641392,0.06756560233893398
C001755,0.033770755903736786,0.037969173599614076
C001756,0.03387082753600358,0.03443206423750144
C001757,0.07134619705435741,0.07496101947916586
C001758,0.045395265660965224,0.04196814795533825
C001759,0.0636471316762354,0.08838604764237012
C001760,0.02394729272491809,0.02088329383974173
C001761,0.03093098167481963,0.027174783677701687
C001762,0.08468719968966397,0.07278533939374496
C001763,0.03099925921951433,0.043852704578886924
C001764,0.05161698725443035,0.050181802014007224
C001765,0.07526799478413823,0.0722280550106197
C001766,0.07085636056857261,0.06819835322281306
C001767,0.04597648797159974,0.05981693309164756
C001768,0.4604355362982268,0.40544565833881874
C001769,0.036581289468871674,0.029173052197958665
C001770,0.0556787026043397,0.05541129918799046
C001771,0.17332678562169582,0.1646126861525255
C001772,0.05582473684141369,0.05671729715946892
C001773,0.08734318795658083,0.06765171678266199
C001774,0.0981738432786808,0.10309128910592961
C001775,0.049987768731052984,0.0480995585241814
C001776,0.039356869611601765,0.03306996305292919
C001777,0.07416475267202288,0.06945892572401166
C001778,0.19944636679193997,0.17025696484009606
C001779,0.15464147448374255,0.16186983146100584
C001780,0.03802703923545943,0.04157548709924245
C001781,0.03659141652897149,0.034987284683876775
C001782,0.07549866507526647,0.07838897965330409
C001783,0.024328760047675396,0.02510586933668915
C001784,0.034969297739556385,0.030931701125101387
C001785,0.033915302096497124,0.035319194882337944
C001786,0.05039862654581203,0.06411812380994293
C001787,0.034672616545981264,0.040620680910173936
C001788,0.07101535833865634,0.0801521871044216
C001789,0.03956480018302293,0.032716524732277937
C001790,0.045426274681233045,0.044285214787188845
C001791,0.1995373300469207,0.20323324614879085
C001792,0.22703964000498228,0.3079724375471036
C001793,0.03244243731820298,0.030430958680351682
C001794,0.046652484134511174,0.06015762364956646
C001795,0.04821894949143359,0.0437403759737824
C001796,0.07816191854125616,0.08614354002488586
C001797,0.134236827092841,0.17137137908913608
C001798,0.0412971007112775,0.04762939817275306
C001799,0.050522897745272174,0.05726338107721152
C001800,0.05273381687454548,0.04786187886576247
C001801,0.056270174852152355,0.04477460522571108
C001802,0.038978331498083614,0.0328573076164156
C001803,0.05766515268732932,0.06114346302571414
C001804,0.03732051180883552,0.04472873160328971
C001805,0.04915032488191069,0.0603146007159446
C001806,0.10629224367979936,0.11781576802988394
C001807,0.28225118767211005,0.3275662170243286
C001808,0.2771994031507822,0.256494734074402
C001809,0.04486163944277695,0.0398750638125463
C001810,0.08702828989475615,0.09747322776060406
C001811,0.19307855942757257,0.18766628642660527
C001812,0.061537423795674596,0.05454407829732296
C001813,0.07484229315672822,0.07002669612787409
C001814,0.034782582173505605,0.03470480746436007
C001815,0.14548011332433058,0.17519792755289426
C001816,0.264124313705271,0.2475147423292538
C001817,0.046487363310575104,0.04022688440301114
C001818,0.043282128279749046,0.04465224751971182
C001819,0.15065848166433476,0.16233280642099984
C001820,0.04164394373062139,0.05889659265170464
C001821,0.135418451583922,0.16678749634225457
C001822,0.027383231686344885,0.03176297380223491
C001823,0.1418070677937368,0.10989080843429837
C001824,0.09025637982616252,0.08351540252366792
C001825,0.07845350294831721,0.07446165965161382
C001826,0.04031999858461484,0.0505932591042455
C001827,0.02283779572796471,0.029525631227555943
C001828,0.0966802486219438,0.09863968562039525
C001829,0.04739532852666723,0.06431194553606054
C001830,0.045109347401686775,0.04655832541064962
C001831,0.07593124485744276,0.060103246068083774
C001832,0.05370567254768481,0.043720331747003724
C001833,0.045464106861513594,0.054780400008392446
C001834,0.040965311400507645,0.033570186265238014
C001835,0.059934358082799497,0.05057867504192004
C001836,0.03697950923392885,0.04214576269103931
C001837,0.14890461217770248,0.11993874385906145
C001838,0.04838808506237623,0.04965797562264203
C001839,0.026772358952945524,0.025030305539484425
C001840,0.02182731558271299,0.02126362689276638
C001841,0.08487796362151596,0.10258792226023447
C001842,0.1960920843961617,0.16870773003287037
C001843,0.06759501059029108,0.059010360964233
C001844,0.04587248086499217,0.040565675660032594
C001845,0.059704127790426484,0.029776824729732997
C001846,0.04102753020609144,0.04162461624385177
C001847,0.0547099401261637,0.05508655574136147
C001848,0.02807319368143154,0.03265922570816014
C001849,0.08935543652864297,0.1745128278955088
C001850,0.12282411739041477,0.1019473781993542
C001851,0.049811329367821906,0.040814511540827124
C001852,0.14791414823301102,0.14886537773486253
C001853,0.03855605655882417,0.03582370644091014
C001854,0.045595465162095804,0.03847972328274667
C001855,0.03588673045465927,0.03911327683423561
C001856,0.36851193992721065,0.3495958840111478
C001857,0.1017266522990623,0.09660029310526606
C001858,0.12364726865964668,0.12622954241125597
C001859,0.045526471489475126,0.04805102519687552
C001860,0.0484164003994996,0.06365099996204723
C001861,0.10310525771896187,0.0993811982205605
C001862,0.08012894245565054,0.0819534574583444
C001863,0.06243431166929738,0.05736779455956943
C001864,0.037169049499109916,0.03716610311280782
C001865,0.1434503861479987,0.16585410460234062
C001866,0.03462904582542955,0.03978519556755645
C001867,0.0830841213682805,0.08480513040964274
C001868,0.31001109081680533,0.4294398819187128
C001869,0.03230103827123172,0.03919699118915955
C001870,0.15779058219363656,0.13455793666898497
C001871,0.08903926919207883,0.08529142124938972
C001872,0.057722541675406525,0.05932467387338673
C001873,0.07224798633440986,0.06786886648099952
C001874,0.03142741695844088,0.02643517901772357
C001875,0.0493171963528686,0.049585650274304116
C001876,0.08100586681109692,0.08390952808843308
C001877,0.025220921988084278,0.024803286946101864
C001878,0.03845811586096139,0.036653059013388514
C001879,0.054815268777834526,0.06761636447946456
C001880,0.1154096305316582,0.09951696503232785
C001881,0.053385957377169856,0.05084120837055759
C001882,0.034097309087604735,0.025178961793546194
C001883,0.04302503823740238,0.04175277717024846
C001884,0.11513868944794761,0.10858915616967715
C001885,0.08322443062786862,0.11351881475331134
C001886,0.5557729540417559,0.5620536982418604
C001887,0.03991980066354254,0.03971817117980399
C001888,0.046542381896884276,0.059222129522095567
C001889,0.04450022567589952,0.04152444067256199
C001890,0.05764387080446791,0.06307331342311116
C001891,0.2663781743212303,0.29799416101456044
C001892,0.04051680852460726,0.03726137699601804
C001893,0.18076318431364627,0.19296727571405098
C001894,0.0376983752259305,0.03995121337669495
C001895,0.030615875146542165,0.03284723264166646
C001896,0.03855366308000687,0.03566875432102327
C001897,0.03411590277885678,0.02558271281441888
C001898,0.07538562684619325,0.09297659590659592
C001899,0.07164199965712907,0.07067470602596375
C001900,0.03959315655134685,0.051707825630825176
C001901,0.03829556593119428,0.03833386095475598
C001902,0.2860133573601597,0.2500571797287609
C001903,0.08984436957233563,0.08719118653919786
C001904,0.048860121987843994,0.03657980510299618
C001905,0.0878867299308807,0.08277793094374178
C001906,0.06338068127008427,0.05775364390988608
C001907,0.21701775952014252,0.2525324982633125
C001908,0.030491298256219886,0.02948624577361761
C001909,0.10470157423644307,0.11369671947540519
C001910,0.09146598309091505,0.09038141083868771
C001911,0.06770025575431415,0.09135731128154137
C001912,0.07546674273018497,0.06338387454735396
C001913,0.1772991965606837,0.1092479611239932
C001914,0.08041519908232733,0.07297686706292487
C001915,0.03487892191974121,0.035697668514998525
C001916,0.11897322395224215,0.08353130566373067
C001917,0.07655304422212267,0.06064664886520634
C001918,0.192708033979109,0.21341053314004887
C001919,0.03869718695650305,0.038739164359038486
C001920,0.053942140223827664,0.0921696811646073
C001921,0.06346113468066149,0.07065565046077957
C001922,0.04397461442813562,0.03469601465408847
C001923,0.09203354697500554,0.0959258227509632
C001924,0.12149672376830296,0.13681130269495548
C001925,0.06984217431291788,0.06252116686070497
C001926,0.05860007457367912,0.0587602915400241
C001927,0.04827931379818428,0.04988585135624739
C001928,0.07238319793026493,0.06863815023707061
C001929,0.03572579402392108,0.03678481709879137
C001930,0.09449823202492542,0.10840401736945564
C001931,0.09094639944739506,0.08612583141385817
C001932,0.10201466982996606,0.10100091596371696
C001933,0.34962132834437754,0.32831991972990376
C001934,0.06032620289253959,0.07685640128241206
C001935,0.045683103374209125,0.04339089561960097
C001936,0.06205764068172661,0.06339025598914987
C001937,0.03781785411029941,0.03485082677549639
C001938,0.07202626658838499,0.06471989345607974
C001939,0.03365196601888627,0.03168634521798185
C001940,0.06977679468818908,0.0919120401392247
C001941,0.05989042581496894,0.059761134344984715
C001942,0.04840881884106508,0.04197394850843198
C001943,0.06712273331374982,0.06426545446417181
C001944,0.14533055748262919,0.11378874709450038
C001945,0.07746937936464576,0.06243633668555243
C001946,0.04213920021617243,0.04030973975186643
C001947,0.05309473599556106,0.05293207056109557
C001948,0.5083534133522629,0.5059342734920972
C001949,0.10722144541184091,0.09481117477911112
C001950,0.07662986616580533,0.08002649206266409
C001951,0.0343953470850646,0.03540729805672106
C001952,0.04664587579665826,0.05253739822246466
C001953,0.16697792659921065,0.13540407841326468
C001954,0.07107850995731474,0.056648911906392686
C001955,0.0676259330609286,0.07262765070760531
C001956,0.07973126452036472,0.07165164617644718
C001957,0.032833827864740144,0.03386262982643985
C001958,0.06984159536855872,0.06368221373692626
C001959,0.036245371712742946,0.03537079287766639
C001960,0.10889254047050108,0.0941030906282653
C001961,0.020524656827863287,0.0232700642582897
C001962,0.030131219261182212,0.03199072824082041
C001963,0.045196510900959476,0.05133370589844559
C001964,0.026138708850276488,0.033764580308024386
C001965,0.16750484573370095,0.15133643576314681
C001966,0.03484932546063141,0.02804104886151369
C001967,0.05070237041953572,0.042073292884413464
C001968,0.040896868572121006,0.032772197511233295
C001969,0.03812509391840002,0.03588184125174683
C001970,0.07660027112399756,0.07765866182103476
C001971,0.04306938145079246,0.046370729781692606
C001972,0.05179484195443125,0.049213297047467776
C001973,0.06942570473912021,0.056120171155329614
C001974,0.14851873230573456,0.26100191776963066
C001975,0.05519780960629883,0.05697696431535963
C001976,0.22081300516096208,0.21113771757364247
C001977,0.3370941011206436,0.4568817117051244
C001978,0.3281248063368885,0.2927963576426575
C001979,0.12786107719489442,0.14798282878553343
C001980,0.09926577367352603,0.08040504775703569
C001981,0.05014223387170554,0.05562804991226179
C001982,0.10242363109864058,0.131848225012358
C001983,0.054126415821297645,0.048585306666837275
C001984,0.036486193998055014,0.03308916007926682
C001985,0.04755819509270172,0.03653838807146333
C001986,0.17798221227274988,0.1626132685653913
C001987,0.039936676428617646,0.03689556233857895
C001988,0.20116191086369578,0.16193490618563863
C001989,0.07041616176288142,0.07289596666888262
C001990,0.13023257491827242,0.10961302505252986
C001991,0.04064970253006059,0.04136653774254197
C001992,0.08365614327463927,0.09148458164144298
C001993,0.10873376383342921,0.0873257127362976
C001994,0.0675409640269596,0.07253665023973975
C001995,0.06532986632507835,0.055148843580357175
C001996,0.07890238798932278,0.056907574418873286
C001997,0.04757353849856459,0.04044101046903405
C001998,0.03437305632308654,0.03340183058835499
C001999,0.09592751821966854,0.1429545716496224
C002000,0.05943931891284262,0.048593970227691755
C002001,0.1852818814248999,0.2066356508281951
C002002,0.06189741516016371,0.050448217880329604
C002003,0.07827442313928742,0.06449086074008514
C002004,0.036722181317579906,0.03355458025706636
C002005,0.033601634503970766,0.0397533627247768
C002006,0.034686208916972265,0.03113858541731146
C002007,0.05522360101989933,0.07615790657938235
C002008,0.0295307761500046,0.046053221416215075
C002009,0.044928853437433844,0.04237567125694942
C002010,0.04940951129383401,0.039899366925640514
C002011,0.06402615908557815,0.05892385442002686
C002012,0.27621761964552366,0.2953612946066305
C002013,0.11713621426290928,0.12147011537062065
C002014,0.059962346722420644,0.09709844070799306
C002015,0.06416545427059886,0.05860762937025499
C002016,0.06668929764305927,0.0722775882965426
C002017,0.0625402702971451,0.06895813426062447
C002018,0.051341480303731625,0.05069255108606328
C002019,0.056508872963008785,0.053367365987370186
C002020,0.04412017515903556,0.044221507414011665
C002021,0.03959151941288801,0.034871264254110544
C002022,0.038058698557131974,0.03840001905996607
C002023,0.041250083800213666,0.03713447304488591
C002024,0.20585973538048483,0.21372937759685132
C002025,0.04273427572724579,0.04712798285945563
C002026,0.10531192564657303,0.0905559413172184
C002027,0.028654564369532464,0.028770451950507127
C002028,0.06846197580093713,0.06626711834600778
C002029,0.044428461286353006,0.03642642512834665
C002030,0.035531368394994926,0.040379141215510304
C002031,0.03752597836241041,0.044734242679635265
C002032,0.07184147164426521,0.08504575336588507
C002033,0.044240956734895906,0.038616834996994635
C002034,0.054787425547011194,0.06626552402557427
C002035,0.04404828258150966,0.03450987800844122
C002036,0.07612351444156028,0.06897443232764461
C002037,0.06383922350491346,0.07248911588742009
C002038,0.04252335990812696,0.04350930681640981
C002039,0.09395398696940536,0.1227587528131471
C002040,0.028907701827082733,0.03944844935403359
C002041,0.11459649565109128,0.11148921648716378
C002042,0.058766771241632584,0.05571337862728783
C002043,0.05603345973826379,0.05622018205781569
C002044,0.030963757187521312,0.03184994725109162
C002045,0.018076613812694087,0.02362700452702945
C002046,0.062392253585906186,0.06142253263934031
C002047,0.07688407361588778,0.07066082758519286
C002048,0.07308736442171783,0.05858678058706177
C002049,0.1439241386877453,0.13179285110242034
C002050,0.2801445358852045,0.27276354011714493
C002051,0.059491963998383315,0.05858073394308233
C002052,0.06482557940919204,0.05436711044249922
C002053,0.0556243898747155,0.06938137862414458
C002054,0.03811408335955274,0.038455340395274006
C002055,0.0609743875280581,0.056551757037502995
C002056,0.050432527055968346,0.057589029059901785
C002057,0.042959697025644755,0.03661773534520407
C002058,0.11096871909817829,0.12938749545650768
C002059,0.040970857780107305,0.040180366334818717
C002060,0.052989341294200874,0.04540117307760918
C002061,0.0405367179768439,0.047622243178779645
C002062,0.036807113197899734,0.03913634539098238
C002063,0.08337825885859837,0.09547053881753713
C002064,0.028953803042954262,0.028613892445121046
C002065,0.0361864970127433,0.03154594232863521
C002066,0.15872048172886002,0.1257201224055649
C002067,0.09035860350923156,0.06879716146998476
C002068,0.3469409587889963,0.31903131452941014
C002069,0.05592357663252515,0.04722748725501535
C002070,0.0218838258757017,0.023454909908396354
C002071,0.09427110951416888,0.09214495544863274
C002072,0.03395710543479393,0.03861153087098736
C002073,0.04660363595309273,0.050351008792747155
C002074,0.060341570706801684,0.0582990577013341
C002075,0.03888717478188887,0.04252214648210374
C002076,0.034219327787926676,0.03942177632061553
C002077,0.02311846065381324,0.02455349701449065
C002078,0.027602447134815078,0.0279727332530035
C002079,0.13427671386470208,0.11746774828742382
C002080,0.04898806141810075,0.04004483054784706
C002081,0.03997046426967136,0.0404953452690458
C002082,0.03713354309537238,0.03154284007930268
C002083,0.03819861058595052,0.044002121877128424
C002084,0.05020812312081583,0.0457556087758197
C002085,0.20935794454809967,0.15829430898267774
C002086,0.24442558730949307,0.24530713374985386
C002087,0.03603647192416755,0.03732058058535491
C002088,0.15710389178509065,0.1320806318340479
C002089,0.19377700244416568,0.1550376096126143
C002090,0.03001459202288132,0.03432850978137713
C002091,0.2210053149678252,0.2234507323289395
C002092,0.12249333929997483,0.17721483211174788
C002093,0.36518667342737204,0.35232912553442786
C002094,0.0388700545342944,0.04088573205472993
C002095,0.04276226649447377,0.0506041432232476
C002096,0.08271539785714485,0.12743226688946527
C002097,0.23792205513857684,0.1845867770477095
C002098,0.022362312430530284,0.02229037013345569
C002099,0.040217287292350856,0.04124900173979309
C002100,0.10643285124482413,0.08545397840853125
C002101,0.024491540140443708,0.03295381597638409
C002102,0.04143080695396923,0.03988129009082736
C002103,0.15995275932943062,0.18430388082097632
C002104,0.028989923362142456,0.028861797645969346
C002105,0.04595059873519925,0.04446296945602581
C002106,0.03727818035569456,0.03238786960676791
C002107,0.0470422865600232,0.04590461515343424
C002108,0.08143315583480878,0.07805666159826068
C002109,0.12431751634133215,0.22045618640759762
C002110,0.01330621245903354,0.01921644637952861
C002111,0.05116380756855767,0.04710802307180094
C002112,0.027344925454520413,0.039006670238938966
C002113,0.04841994346846505,0.051104264604769065
C002114,0.1438450959594324,0.12638194548952913
C002115,0.22128894809123953,0.2855052305070732
C002116,0.16299621687726001,0.14991627515768044
C002117,0.07755170448308243,0.10844864776209259
C002118,0.054057175996498875,0.06425513074266434
C002119,0.05510383274630783,0.048100461393042
C002120,0.04691167653493174,0.043377941618842834
C002121,0.030735461214632064,0.03295620601073701
C002122,0.025033975341154553,0.031197825824682855
C002123,0.03668722006599264,0.04053300040731006
C002124,0.04249537066366369,0.036334741540579994
C002125,0.09554669639867117,0.0866882888291008
C002126,0.04685945491280457,0.03828459822770414
C002127,0.050157429739829215,0.04490657678511026
C002128,0.3431862814301449,0.37811672624167425
C002129,0.036321082242151435,0.0406748734652856
C002130,0.03997589767646291,0.03497830352324988
C002131,0.06055396924416643,0.06071452107443378
C002132,0.03734896993564141,0.033090813344688365
C002133,0.029494633355405912,0.03541062742194986
C002134,0.07150756979479247,0.05965652646230213
C002135,0.14247507121865394,0.09948859310024469
C002136,0.0424498456713258,0.03601912593836072
C002137,0.05446156694639942,0.071208896974513
C002138,0.06285446742862326,0.0680746233155258
C002139,0.033848656612568376,0.0287991006392455
C002140,0.04064898169306135,0.03711158109877235
C002141,0.0702605209692492,0.09252567579458172
C002142,0.08187646807821523,0.07911214960000325
C002143,0.03053504927427491,0.04259940144864681
C002144,0.039798020458371615,0.03471318847762414
C002145,0.0660515267131597,0.05522710982038663
C002146,0.23504158093972793,0.38479139202568735
C002147,0.1283565180904453,0.15595633226552633
C002148,0.03918461647097664,0.04837447528016606
C002149,0.03410042524708618,0.025558461268742328
C002150,0.07095519484962598,0.05404499968194894
C002151,0.03488964119075389,0.03613808754271312
C002152,0.05556797060385017,0.05232750857060241
C002153,0.1621366540167521,0.1798223604850977
C002154,0.631813628748245,0.7518576087917417
C002155,0.044936977686515285,0.038662990371764856
C002156,0.14463125641347885,0.13438153492003235
C002157,0.19847082931802046,0.220157494721349
C002158,0.221907886413338,0.21160639667769227
C002159,0.042131257625532346,0.03497012333868185
C002160,0.04973123509755946,0.04362612801839747
C002161,0.029233651981782342,0.03739956962994741
C002162,0.047851611766170365,0.05832464280206904
C002163,0.07130109720254091,0.0629247860249553
C002164,0.09273558257378459,0.08789017586618869
C002165,0.032189146343800525,0.025617877059028633
C002166,0.029968189737879226,0.026379275301391447
C002167,0.035674297091017076,0.033300242787300344
C002168,0.0570010829352934,0.05292674682106198
C002169,0.1749465986545113,0.1877387230947345
C002170,0.11566777838241134,0.11227475744231818
C002171,0.05432685705045509,0.054301637650913434
C002172,0.047717443065529816,0.0536970477302296
C002173,0.07265289870819182,0.08433360817498102
C002174,0.05559922801693475,0.06418838713777555
C002175,0.038374039209685865,0.051890228043236473
C002176,0.054446270315415414,0.05613863465472439
C002177,0.037708811002088026,0.030364325936142515
C002178,0.048035757340801,0.040509158432088715
C002179,0.05155944898573058,0.046572275482368725
C002180,0.04063931526218257,0.03641070928152577
C002181,0.042701081468327795,0.03443457357233248
C002182,0.09132827446979283,0.06512395666215853
C002183,0.0295526283237147,0.027972990128114567
C002184,0.2632054666159756,0.3008852013795359
C002185,0.06705175155220126,0.05391244653312799
C002186,0.2685866837936971,0.2911468342930784
C002187,0.04357750412923047,0.044293261937788285
C002188,0.045396876918386564,0.05050072813464483
C002189,0.03847263782909667,0.0641876536590765
C002190,0.029940135494893487,0.031252568468313445
C002191,0.0512291794158012,0.043189062799683334
C002192,0.050231835215720035,0.043814877008313095
C002193,0.04903577075099634,0.047462757827860046
C002194,0.03387773370050595,0.029654156973046197
C002195,0.080728885873558,0.12332996980949143
C002196,0.0344915396515154,0.034485046513145684
C002197,0.13997399909505362,0.13908231659471917
C002198,0.2002415156050424,0.16388562527462996
C002199,0.06347477861207079,0.05294989718460428
C002200,0.15391368421765414,0.18356459152732296
C002201,0.2563852413224922,0.32575580595875786
C002202,0.22585614948382923,0.22221797110893088
C002203,0.1014592950500077,0.14319615745130715
C002204,0.07021219662660907,0.0706325176926115
C002205,0.24356421556165886,0.25655780551585033
C002206,0.1644937133963245,0.19794363240732954
C002207,0.11814665792642168,0.11591851409288005
C002208,0.049165833642669896,0.04465643187429145
C002209,0.047735917378182495,0.037092118314823896
C002210,0.21350623486281525,0.19368063041618871
C002211,0.04433092712991064,0.04556508533753414
C002212,0.07576600285676724,0.1120327558955646
C002213,0.04333328159007118,0.04263311444133463
C002214,0.046966840508256016,0.04352119971930677
C002215,0.031643233813571446,0.034098662056235886
C002216,0.05270504044425658,0.05278679199251372
C002217,0.03667967291452969,0.03589452377664011
C002218,0.043841947001325876,0.03886151164774378
C002219,0.046752264154807384,0.07166391338675274
C002220,0.03719382252188421,0.03270019178973533
C002221,0.2161734551419508,0.14846769411271157
C002222,0.06343818246519115,0.06654454621904136
C002223,0.257812269818272,0.2853532499376586
C002224,0.07021112125141829,0.05896919430982288
C002225,0.035933568396961546,0.029347898981910203
C002226,0.06988509382241029,0.060006313802526266
C002227,0.029636324974569146,0.021656434649491563
C002228,0.11461418700616222,0.12501023530479888
C002229,0.08572673539168617,0.07362856201602479
C002230,0.05363528818574319,0.062161343803925094
C002231,0.059195368396504265,0.053965117571717715
C002232,0.09703365660999555,0.0943981253064718
C002233,0.547138351785564,0.6207074562583335
C002234,0.046210120700729565,0.04286146586736311
C002235,0.07513429167574184,0.06821770020916652
C002236,0.03238919570019462,0.032679434976164226
C002237,0.04582415486796969,0.036888017998959535
C002238,0.036338037720020824,0.03344500800665721
C002239,0.025901411279476334,0.029300016886032537
C002240,0.049725742487670546,0.05613485684920126
C002241,0.07116120118093223,0.09504143443159435
C002242,0.04732072942996496,0.04631569877517909
C002243,0.19094284887742924,0.16346224394019673
C002244,0.059196922482393534,0.05800397503736915
C002245,0.030182331675493845,0.02848311188383202
C002246,0.4088635652393745,0.34562469382316074
C002247,0.04980061780483412,0.04855445397896956
C002248,0.03998351238220211,0.03195945460966249
C002249,0.05830135854961009,0.06287252919522204
C002250,0.03539108820820382,0.024636103059828225
C002251,0.0987568708028155,0.08665759976911384
C002252,0.07117673376189444,0.0845326422908208
C002253,0.05257198964503128,0.05584194459950602
C002254,0.04946753019008697,0.04323204400388543
C002255,0.037192272917335234,0.03137497987981642
C002256,0.06722357330514238,0.07186909007588474
C002257,0.0427123099906221,0.04062426683625063
C002258,0.06863256507056334,0.06278395964588782
C002259,0.2339369789369279,0.32361791427257136
C002260,0.0407441034906095,0.055428078962873495
C002261,0.30478170513975705,0.27557339357801197
C002262,0.07420984590964413,0.06509478442019814
C002263,0.06448409194167473,0.0739426673267919
C002264,0.0424935845237041,0.03437319891939871
C002265,0.10553964493488503,0.0825786285282163
C002266,0.026646040544855414,0.0498604342794329
C002267,0.03458300186586413,0.040109501856402045
C002268,0.04066621745264108,0.040745664278097046
C002269,0.2163548950643031,0.2003515809866787
C002270,0.12899715384105895,0.17023476602686644
C002271,0.043397806750070975,0.037425471657065
C002272,0.03243348228026663,0.032171463560836416
C002273,0.035412834239262135,0.03692293327678765
C002274,0.05956552445133547,0.07568667385666444
C002275,0.050532488981834614,0.04127533926531746
C002276,0.058918316954093566,0.06317379454233149
C002277,0.04366988860484609,0.0480387278122264
C002278,0.04180049613969354,0.04103271580268655
C002279,0.0950202917445675,0.09632985066221525
C002280,0.032618685218668377,0.028929797765793692
C002281,0.07017127257417448,0.05635657123950547
C002282,0.12954877996461972,0.09612519889049778
C002283,0.1843846245653411,0.1863323735404383
C002284,0.030508931268075724,0.03222857928701667
C002285,0.039358013744922746,0.038899720370393166
C002286,0.06746660345574254,0.06320019083876563
C002287,0.02399444381406035,0.02565301590176115
C002288,0.050418513493466266,0.05141487071105947
C002289,0.09141965159923751,0.07518075957000808
C002290,0.1392704013341525,0.12762370243678217
C002291,0.06557072328217747,0.07272852181044655
C002292,0.05502554667591199,0.04283280442647692
C002293,0.0687812878421574,0.07515886724607698
C002294,0.05066732844653573,0.04261158812485441
C002295,0.05064806689570197,0.03732595396327716
C002296,0.11725491511575743,0.0969336746135491
C002297,0.3239953826661103,0.29720364385048265
C002298,0.03848933842992305,0.03718094648310423
C002299,0.1327418999035195,0.11349063558539715
C002300,0.05051909320058666,0.0516637891235171
C002301,0.04108111274091857,0.042279387523253935
C002302,0.13780718539758777,0.11958789218208521
C002303,0.0634330957262204,0.07822879184764822
C002304,0.09621130769426202,0.08537953488881353
C002305,0.045057268988506836,0.06545235013968567
C002306,0.05557457619476889,0.062351454962736995
C002307,0.08610065675403097,0.08524109323407147
C002308,0.03783831602700104,0.03987380991058645
C002309,0.07883301011909653,0.07145422699778359
C002310,0.2891588084607717,0.22147069846640885
C002311,0.05074747376717705,0.052742519278916974
C002312,0.09181111834726038,0.07017390970281565
C002313,0.04247251040419879,0.03346654487686492
C002314,0.06734458258182616,0.05226824289670147
C002315,0.0685707419471025,0.06381024615881362
C002316,0.040413105156355725,0.033839012509917596
C002317,0.2454019336738565,0.29910686028780586
C002318,0.028826334296430924,0.03275481771161023
C002319,0.22635656480926286,0.252565686996046
C002320,0.044356750806932875,0.0690454878419164
C002321,0.026556185264399658,0.03490755465207702
C002322,0.04315694074935751,0.05112653891505198
C002323,0.06829198304130722,0.048787077973801274
C002324,0.18313388941316738,0.16370431573269945
C002325,0.18653584612585009,0.15935843481335749
C002326,0.032637469848300696,0.04510270008583783
C002327,0.052775316243229654,0.05277221009437949
C002328,0.03686553459833689,0.03230911252679769
C002329,0.04466107431043768,0.04500496927929583
C002330,0.0465563667606196,0.0586438037829148
C002331,0.051249060729775295,0.04976308904583947
C002332,0.14736399899668665,0.13519732065256576
C002333,0.10375314297018975,0.11592601094395696
C002334,0.046529351926812956,0.05045244583169896
C002335,0.04551616783406438,0.05314176486580948
C002336,0.06526532368932772,0.07246564298869072
C002337,0.04110699885998445,0.04659521898046737
C002338,0.10507398202793028,0.13961499448254272
C002339,0.12194330614564892,0.13653811100059227
C002340,0.0529948691371067,0.048936336611254426
C002341,0.10496833365126061,0.09344346076221884
C002342,0.23111206511831153,0.22613222143921918
C002343,0.04048274134166234,0.04837002245982803
C002344,0.305938353062102,0.36332630164866186
C002345,0.18186667367196685,0.23199648523669275
C002346,0.2944355146097377,0.37377441217435853
C002347,0.0341727082878855,0.03431765740996896
C002348,0.03114315261492993,0.031604838229354726
C002349,0.10801197087448129,0.0923630576314047
C002350,0.07384130528218283,0.06126269861552956
C002351,0.10997600713320595,0.07453107456811806
C002352,0.027431721143773284,0.03094461519273537
C002353,0.017960836716013562,0.015622081627563105
C002354,0.03538296806179714,0.030189478933940694
C002355,0.17351912592989777,0.17424579115943561
C002356,0.03606538784180894,0.035168138947710995
C002357,0.07485530561862017,0.07238406364294468
C002358,0.04993509529339274,0.038891942408775054
C002359,0.07818543571456009,0.06432436763220048
C002360,0.16638808211978223,0.1290927956909475
C002361,0.0431639164063717,0.04679435874322887
C002362,0.029166689197483976,0.03340932271173506
C002363,0.05212288733001426,0.06979725862444676
C002364,0.08586720051590407,0.0768285343751115
C002365,0.07934328608225964,0.06928503246898793
C002366,0.020041537100679775,0.023254092851273854
C002367,0.028268169005179637,0.0260546972496646
C002368,0.041076807836922594,0.035912207622116964
C002369,0.11567557394306864,0.0967007113611439
C002370,0.03028378827094475,0.028183999347763278
C002371,0.06324245162224482,0.06985714306587543
C002372,0.05996749447659133,0.05657269468929967
C002373,0.43583056028746353,0.4799008378825242
C002374,0.08073322762230159,0.09966800097734266
C002375,0.10998782558721669,0.14667559095964172
C002376,0.1106855155092995,0.089255339172462
C002377,0.04593018513998916,0.050040385798383526
C002378,0.09454037324879637,0.10443549826628304
C002379,0.04262513095738439,0.03938152361589601
C002380,0.027295945310634496,0.024587554690564208
C002381,0.021830972036175754,0.026319268785166716
C002382,0.03465201265654844,0.03586211801285803
C002383,0.03215760617611648,0.03154885152680391
C002384,0.058146783519917845,0.05105021041938825
C002385,0.04514362487862515,0.0470508604805694
C002386,0.04480849715989092,0.04101916779538307
C002387,0.038797462683111815,0.03768963737071522
C002388,0.3289645236378369,0.3997645016260514
C002389,0.09258163978993236,0.08431379624031024
C002390,0.15307424299555522,0.1552988795897035
C002391,0.05877993087714297,0.06032050545087893
C002392,0.04867202063475673,0.04263396604493004
C002393,0.05404849150126319,0.052207877140215554
C002394,0.04618799025897467,0.050380791417630674
C002395,0.022985946200494538,0.028654295216646402
C002396,0.04444613367551857,0.04919451982643338
C002397,0.04217004317210313,0.034351675833448954
C002398,0.08975796742455175,0.08707827147233163
C002399,0.18687195188797262,0.19602230732506376
C002400,0.06518489348888326,0.06340493423844769
C002401,0.06510409928767912,0.0588140965886785
C002402,0.049315021757484284,0.04582802470897087
C002403,0.06771713689964536,0.10212467586388678
C002404,0.04693894262675921,0.044579383284991295
C002405,0.06594730583390415,0.061257588544125954
C002406,0.04894871389851314,0.05453411313276892
C002407,0.03170924867503252,0.034707045196232876
C002408,0.03846902204807773,0.039842502562208504
C002409,0.0863739499074218,0.08673331452576774
C002410,0.03018787304250003,0.03835565080721014
C002411,0.0328161190966987,0.04040335568605991
C002412,0.10292905102058866,0.07645384638389661
C002413,0.029824094027231057,0.02953565585266149
C002414,0.03285643237276129,0.03432271054416582
C002415,0.028626395261681686,0.027869405026937986
C002416,0.03987587923885737,0.036093416043480014
C002417,0.06825980984572425,0.0550275227999978
C002418,0.05896897058201537,0.07415957240738118
C002419,0.033400876878645125,0.039674808270204795
C002420,0.2122234580843739,0.22516688919760672
C002421,0.23009129757048727,0.24480638058299076
C002422,0.028248487556317557,0.04092521138535815
C002423,0.09441824133128822,0.10040842210068594
C002424,0.04813848217738713,0.04416363230858787
C002425,0.10516919326465295,0.08400718531890791
C002426,0.09216814613207665,0.07758883673622337
C002427,0.05883040980412089,0.05481332992356144
C002428,0.07000719610887796,0.07418685675481802
C002429,0.08803707766202498,0.08302661199222963
C002430,0.0829558416616484,0.09196887918991459
C002431,0.10506999662914962,0.06754266296602932
C002432,0.07703497507506527,0.09106912961720515
C002433,0.05836209432528676,0.08031219752448482
C002434,0.033570961122426704,0.03321036237369569
C002435,0.12584964367288085,0.12501017374158702
C002436,0.10889199448694456,0.10665598360963272
C002437,0.03181225796074251,0.03247481177140227
C002438,0.04724794224742197,0.045519476812826136
C002439,0.03489337403235383,0.029057756925045843
C002440,0.24216124319038856,0.2209992013446011
C002441,0.09787465792781833,0.08524092136953842
C002442,0.04164827624837147,0.037988906449511306
C002443,0.20187305735702665,0.1928072772857285
C002444,0.1158358347577658,0.1249496494995523
C002445,0.051955219348554446,0.04988340272834748
C002446,0.1554124955908774,0.12067745551738529
C002447,0.3047349233053817,0.25714847718285166
C002448,0.23835900038037527,0.19545030441371017
C002449,0.03594054413132429,0.03194381190691477
C002450,0.20390749925382856,0.26747270582017824
C002451,0.060242190355409786,0.04590307152275312
C002452,0.05419117687031004,0.047118270684915455
C002453,0.052867646989883374,0.056412840371417514
C002454,0.04116119388356636,0.03872866438729098
C002455,0.0562216160599591,0.055282177798742706
C002456,0.031797756547622014,0.03162385722467718
C002457,0.03525396692953561,0.032133384333658074
C002458,0.027947928786020232,0.031484287614954296
C002459,0.32764282596203403,0.42751662044441974
C002460,0.0345117329248498,0.035842209119872986
C002461,0.04004078652257535,0.0373439154250645
C002462,0.05383990197698468,0.05180918494587733
C002463,0.044545425157186666,0.03795221659174591
C002464,0.06251819320934274,0.05396642827710596
C002465,0.050322897192047536,0.0504688334596601
C002466,0.08111375467321195,0.08845769948810737
C002467,0.032670141521151545,0.030501651105031353
C002468,0.07041894589467218,0.05871299448503649
C002469,0.16798737739870195,0.1802050157901664
C002470,0.04141543906694989,0.03949932965927857
C002471,0.02799124605347535,0.02811577104803543
C002472,0.03452533401656406,0.031999987745075766
C002473,0.03658443102838446,0.04872890212251502
C002474,0.09496625095202986,0.0995088032135251
C002475,0.043963899354751514,0.04151778569450115
C002476,0.0846917763915853,0.11739819631320439
C002477,0.046324594039325276,0.043034644893702706
C002478,0.1018205193468394,0.12258173948652965
C002479,0.03619419834147146,0.040868169477730906
C002480,0.04181869118584107,0.03928529323781779
C002481,0.05913205123576273,0.051980759755838955
C002482,0.06672762705098557,0.08179097633377666
C002483,0.04432938785383207,0.041431209566950206
C002484,0.15043100255992292,0.1718771888672151
C002485,0.05085284333066303,0.04809351208744021
C002486,0.029975599112748264,0.028772826651285065
C002487,0.061516516477686425,0.06698604623285269
C002488,0.04379224511920493,0.044296537334515856
C002489,0.3279600920229617,0.2530197892623338
C002490,0.04941086048547146,0.054347919449583726
C002491,0.05028190806028885,0.04202127769191677
C002492,0.1460318535246025,0.12398933654587832
C002493,0.053937001483809144,0.05249811789055261
C002494,0.05342407555890538,0.050042485719449914
C002495,0.04604128536893369,0.041423266729080054
C002496,0.05489101674851402,0.07398675319821343
C002497,0.0198727883352406,0.02810913743167636
C002498,0.07708562633240858,0.06817817266631462
C002499,0.030994235013663086,0.04151404667752207
C002500,0.051371515093991585,0.053116619547239716
C002501,0.06060313495028062,0.05419233189526781
C002502,0.04336074721813218,0.036615866923110085
C002503,0.029403437787056556,0.02983129536339386
C002504,0.0919424275452809,0.08531092054851477
C002505,0.08792144459549242,0.08385635369943845
C002506,0.02581075377874504,0.029301999548444962
C002507,0.02394796346392902,0.02111963300766567
C002508,0.04687586928371083,0.05063249698812946
C002509,0.04868567641274343,0.04757093431796924
C002510,0.028832805460726092,0.03511894703804183
C002511,0.023177459077218056,0.01720919425995974
C002512,0.05380924244829789,0.04916228028863443
C002513,0.05906601058899306,0.047285096532188
C002514,0.12811894560206671,0.13787509398368514
C002515,0.021388029362688233,0.025634130996319632
C002516,0.08241716965018317,0.08466324386176056
C002517,0.045192271687447945,0.039448070619761924
C002518,0.0565980157860579,0.05627369164567014
C002519,0.04147796831921991,0.041889027408070934
C002520,0.07649285972752097,0.08702294334748192
C002521,0.04314231655220936,0.04777222070725136
C002522,0.08035860600019691,0.08002720482666047
C002523,0.08698987948770397,0.09076107251841956
C002524,0.06304459856841194,0.06667381518978273
C002525,0.10611201908315335,0.11051110447041382
C002526,0.21377788360064653,0.28551793998877695
C002527,0.10761391537101954,0.15099568839031335
C002528,0.04589153544831279,0.04689011627923244
C002529,0.0831684416344273,0.09543287975848982
C002530,0.036982190697870954,0.04629731367646935
C002531,0.04840724879106057,0.04984102022343271
C002532,0.05132073954100637,0.06106923650951712
C002533,0.059298589053110404,0.04703052516887453
C002534,0.04674647078291448,0.04368413547205557
C002535,0.05717868350016246,0.0678217767258235
C002536,0.08030145904336539,0.08000363948276208
C002537,0.04972754642874435,0.04515914984545002
C002538,0.13532910252448935,0.11837865087952804
C002539,0.09085631259129211,0.07246177066662014
C002540,0.02250425128629286,0.025998013552373904
C002541,0.05226867523026855,0.043711901801704506
C002542,0.040130829306755086,0.028172068740816392
C002543,0.0594746229389501,0.04284889065972049
C002544,0.10046426831393027,0.08988744869304065
C002545,0.10344493532045848,0.09715178733278004
C002546,0.09497255417635565,0.09156633109363382
C002547,0.033981622804204706,0.041802624188604864
C002548,0.03701117354547434,0.04369124986897091
C002549,0.16936907702220041,0.1855117285000151
C002550,0.04391208505407555,0.037170963089887946
C002551,0.037798652205275673,0.03297048592947126
C002552,0.0583393962464433,0.05348279393378828
C002553,0.17038303248903777,0.2272551301865539
C002554,0.036409130453776806,0.03459214705665034
C002555,0.05562154287851693,0.05873647559471198
C002556,0.03837748417184802,0.031478066075752584
C002557,0.2634442811904946,0.2655880024292122
C002558,0.062238672391190665,0.07107163657003776
C002559,0.2688818996428116,0.3328684908523457
C002560,0.10438237196277719,0.07843019246644747
C002561,0.07478975632954596,0.07497399478319593
C002562,0.05754034148107075,0.0520377718315488
C002563,0.07035859503675848,0.07720434670947127
C002564,0.3390688062193556,0.2892103209694983
C002565,0.03698341183393959,0.046649172527516394
C002566,0.023792289571785256,0.03207548761853279
C002567,0.10186017718938567,0.0981807577072539
C002568,0.05772141185222278,0.049485042390121095
C002569,0.0850504718818287,0.07888028835739189
C002570,0.03759629338936339,0.037175192745467975
C002571,0.034566610407312154,0.03060816209830846
C002572,0.16501122425599324,0.16133211055199131
C002573,0.0364331447218396,0.04215526306024044
C002574,0.05900080669702492,0.042803624091859796
C002575,0.040422379347403156,0.05029329701069426
C002576,0.04151964669849516,0.0340561733505025
C002577,0.05152602206946414,0.05048606218987223
C002578,0.07738238465335659,0.06026892551665268
C002579,0.03143980419245461,0.04301038600860304
C002580,0.14546242264380918,0.14002194533426465
C002581,0.045141512600681645,0.04003598432210295
C002582,0.08092275753080387,0.08039886658483054
C002583,0.1677253847840245,0.17292636451177162
C002584,0.037605950071913766,0.04267746599159275
C002585,0.05125339273398923,0.058721035581398726
C002586,0.06895603642128074,0.087658894304016
C002587,0.21439945512479036,0.1664645505442955
C002588,0.10345013399245213,0.11262706826112794
C002589,0.0345419911815772,0.03520459324029789
C002590,0.06313727300363473,0.06415483123395188
C002591,0.04044183104839037,0.04238531843309408
C002592,0.06344540664239086,0.04751780931661916
C002593,0.04474175902457841,0.042976691966417964
C002594,0.07494495921294657,0.07028938770183765
C002595,0.06760057271061674,0.07127350746598284
C002596,0.4297184441937877,0.4619457566526323
C002597,0.052230800413860176,0.043946607772345186
C002598,0.04579338051481714,0.037917533845342424
C002599,0.23471929588308252,0.3251987104322754
C002600,0.10113874330471331,0.17240819118685557
C002601,0.08959355120864768,0.0932443187742056
C002602,0.2346458629937417,0.24238939786363703
C002603,0.05783542118301364,0.057479095853096504
C002604,0.1416588713054532,0.10434791525452258
C002605,0.032313564077236845,0.03199567326707518
C002606,0.12686014977456808,0.09722462316669164
C002607,0.0408680844887717,0.04021439835339772
C002608,0.09773738825833132,0.1743276414742557
C002609,0.04568595295772183,0.04684672845284073
C002610,0.06347616539350595,0.06699095449410337
C002611,0.044664038255582655,0.037627619293263345
C002612,0.049665471501337155,0.0504059152567775
C002613,0.07660820317049473,0.07462384344300137
C002614,0.23413837982693542,0.2723218213074768
C002615,0.03609746873397582,0.0386979874107437
C002616,0.09238072201789647,0.11112609258730195
C002617,0.02181567718034908,0.02901268880005494
C002618,0.05872146885051682,0.06228249522508576
C002619,0.1142453259341953,0.10287588602528439
C002620,0.07195115074525806,0.07636645231157638
C002621,0.034781093619295746,0.02710073652623294
C002622,0.02850537454664956,0.03216158749748458
C002623,0.0659939278349613,0.06746771368734927
C002624,0.06380350955722464,0.057627522321054
C002625,0.05535603459613736,0.05068298432583982
C002626,0.43005247310710615,0.4299196695844992
C002627,0.04003742420248971,0.03206131408515114
C002628,0.07231632206872154,0.06716141727921647
C002629,0.06366283120701233,0.05863136618470681
C002630,0.0696507366716798,0.060249102308790325
C002631,0.04635816851603296,0.0550697419026005
C002632,0.050840159202996185,0.05005865195858137
C002633,0.0594513011240241,0.05657385151698209
C002634,0.043487036016353876,0.03359471938924448
C002635,0.2683083171576082,0.24142694454321792
C002636,0.13143387026022846,0.15764540019015555
C002637,0.028691302422024244,0.030931834545123944
C002638,0.031449675801944056,0.029087113113237084
C002639,0.02786953941188173,0.025340963390400838
C002640,0.049224713128197393,0.04116303645501439
C002641,0.051424103076895024,0.06517075563769067
C002642,0.05262789360487714,0.08399518295145687
C002643,0.046261156678712445,0.040430424708426387
C002644,0.05995499644467217,0.048645410335089595
C002645,0.0372114822311304,0.03164220934498122
C002646,0.0763352053526784,0.06473946719192401
C002647,0.04777233302707566,0.04962696927133304
C002648,0.046249995191856165,0.043673659468792335
C002649,0.04499480308546584,0.06575607499132105
C002650,0.07857646421351017,0.08162984330825322
C002651,0.129243073693374,0.12579698367576825
C002652,0.07403933824287721,0.09659911403416435
C002653,0.04381376198779035,0.08049075938660032
C002654,0.0260712319099911,0.028375018636325904
C002655,0.026644014482842003,0.02465087097490262
C002656,0.09539273354054623,0.09118400848899086
C002657,0.19074860277031727,0.232196870437539
C002658,0.0595100281848903,0.06661011719725432
C002659,0.04275828977541411,0.04663787914544513
C002660,0.04598534125903917,0.04115549910839638
C002661,0.04164813782525395,0.03801496112201583
C002662,0.05868981094758326,0.06796219363869797
C002663,0.08642719322892399,0.09160973924780866
C002664,0.05737568600744939,0.04878405343914828
C002665,0.06478592993358685,0.07044290761634384
C002666,0.05567616656725573,0.053143807704736756
C002667,0.045992349462972065,0.04413496401517672
C002668,0.19463798373259622,0.21190390429395575
C002669,0.07182774631114344,0.06367904308233988
C002670,0.03720444055716569,0.03265327106425445
C002671,0.04186878076815161,0.031241461153726797
C002672,0.05428233494373922,0.04964842977589022
C002673,0.060769501594567975,0.07407878461455494
C002674,0.06725159134472264,0.04850934461062358
C002675,0.1253535737263618,0.11681781544316543
C002676,0.07050473731312885,0.06984027231341863
C002677,0.06313997710161476,0.061898424725439785
C002678,0.03393750856124157,0.04114907205479512
C002679,0.03455543470939303,0.028465334829994082
C002680,0.03650399781422508,0.02384241418561468
C002681,0.040695115722410115,0.04101920887389645
C002682,0.04619051696875455,0.05035142556916415
C002683,0.046537774401388274,0.055402290184136005
C002684,0.07358388630911175,0.10097644912377132
C002685,0.02996991083642806,0.030009753964344032
C002686,0.036352789429195724,0.03494102104426501
C002687,0.04443959266031459,0.046331681393074656
C002688,0.027740937746818507,0.03065803308269034
C002689,0.046237527070139714,0.03801883214967959
C002690,0.08301595210350003,0.11406835861840883
C002691,0.052050758335950284,0.03966100788351619
C002692,0.10242165836628762,0.09005624097979768
C002693,0.044306178068791106,0.04241431576206526
C002694,0.05377083712736005,0.054930643873908246
C002695,0.030688905387916476,0.03354547280747855
C002696,0.025872596140128813,0.035231274665516496
C002697,0.07064215509586072,0.06946332942359622
C002698,0.06519333148084777,0.0685601459539443
C002699,0.28477043127480084,0.29298296650130756
C002700,0.0908908615270738,0.09554923777653926
C002701,0.05467572617305907,0.05177209877939779
C002702,0.03922183432930814,0.036512380661459246
C002703,0.09127022784189895,0.06895553046597769
C002704,0.058533012810775,0.053230846626028505
C002705,0.025676749052798716,0.02365864310583599
C002706,0.02901776263839594,0.027460131477218052
C002707,0.04213216661617501,0.036457440569793394
C002708,0.036817134068906854,0.034448070876546916
C002709,0.03276257262742886,0.03731586624048773
C002710,0.054140976263435336,0.05202115953568589
C002711,0.03264992172088284,0.03838474333492932
C002712,0.049684175681997865,0.032416640208834974
C002713,0.039680477692080336,0.04054302767815118
C002714,0.17422176539864415,0.10426451120907065
C002715,0.0674790159981225,0.09988861624460643
C002716,0.05615224443592959,0.05678229723134296
C002717,0.04227576288105983,0.03557538567036929
C002718,0.043701124211063355,0.045558065937288304
C002719,0.0796996120788641,0.10174890395518861
C002720,0.04326560200327882,0.043448017116312805
C002721,0.023992966991187636,0.02576932488633394
C002722,0.04911389115235533,0.04302355560067038
C002723,0.12397724393695879,0.11741001157984851
C002724,0.20083840023530125,0.2589481244473478
C002725,0.09742503726354731,0.08789425647567109
C002726,0.09802390522085211,0.10816437395362266
C002727,0.12831618283586446,0.10678336282262324
C002728,0.052784379782938984,0.05154409220017303
C002729,0.08657521916682062,0.06229114462970621
C002730,0.025364507676892484,0.03303611451364356
C002731,0.03206602936904969,0.028385298101489563
C002732,0.05364255696941078,0.05351790032985365
C002733,0.08695614797219825,0.08083084573358235
C002734,0.10139350444191933,0.10551993593585414
C002735,0.08014942912948529,0.07785437147060917
C002736,0.07673552923868861,0.07679025260854958
C002737,0.038192496847331905,0.041921408613370494
C002738,0.02774723361959943,0.029248201141269525
C002739,0.04922539652854178,0.03695169631268768
C002740,0.053881928418055045,0.05169672367239704
C002741,0.055393598736566664,0.055459689915806167
C002742,0.04428571265401577,0.03978405402076411
C002743,0.3678243081852387,0.45610190515247045
C002744,0.05414920828288241,0.054911591250284
C002745,0.16177809782653033,0.15116987854065478
C002746,0.029169620036541118,0.03181987194604581
C002747,0.18186586534393737,0.15911242713323465
C002748,0.05630455879040486,0.04672385637089783
C002749,0.061209602458109955,0.049911817404870204
C002750,0.22507077544027304,0.29313714787307477
C002751,0.0617475497322482,0.09199996533430302
C002752,0.11301198310621445,0.10852252796925646
C002753,0.038179775672131815,0.040438826284171184
C002754,0.052960379392531245,0.04442411914359021
C002755,0.0537401590247081,0.05853886673881653
C002756,0.03172235944779138,0.029715369152339893
C002757,0.28683091068931515,0.2552081707564752
C002758,0.1476678312297338,0.12812591502128884
C002759,0.03684901327156566,0.03553284130028204
C002760,0.03294431209400725,0.027521986883083365
C002761,0.046740067608940505,0.05405848153673802
C002762,0.10225602536211435,0.11605973558353896
C002763,0.030625654615870572,0.027389823776271405
C002764,0.07017114710648407,0.049450242501324015
C002765,0.11745036411371534,0.10470637850266148
C002766,0.03519339690300301,0.034569259765828704
C002767,0.045424862540622814,0.04979807259996751
C002768,0.16235580493671445,0.14010527212794194
C002769,0.19166900454869432,0.17838499193285684
C002770,0.08564295006498968,0.0913205463605337
C002771,0.050336715154917513,0.046501013723542615
C002772,0.2915244701730209,0.2953311273136475
C002773,0.03643059687373747,0.03497175971725359
C002774,0.038874532577410345,0.03527896692494619
C002775,0.23166114831108725,0.2528136920282176
C002776,0.061070099691687516,0.05823383545979013
C002777,0.06993011340676399,0.07188941090388587
C002778,0.027211695269252,0.04141016391465711
C002779,0.04502702783630909,0.04412495819299286
C002780,0.07138264489932616,0.06684023226558922
C002781,0.03056643630046091,0.03234106593861022
C002782,0.025425357456520477,0.023021501435692496
C002783,0.06270082880249019,0.061252915704580746
C002784,0.06622360384552459,0.05234807408512637
C002785,0.0641728026122623,0.05103258851303052
C002786,0.028356665271057374,0.025982784560048426
C002787,0.20391824827444668,0.19688031348625204
C002788,0.04462153339693217,0.03650740995234
C002789,0.040716251324532916,0.029723107995522434
C002790,0.04521038894517197,0.04156344009726546
C002791,0.08797546521496782,0.07304906130607448
C002792,0.04366077121636198,0.03825261201325268
C002793,0.05033739754368771,0.052192363560221125
C002794,0.05836619924906655,0.06323599081488909
C002795,0.057780920948010794,0.05435514213445174
C002796,0.12707615127426405,0.13221781411467998
C002797,0.03452716627800587,0.042663658041139564
C002798,0.12327259352571432,0.09263080801291776
C002799,0.0541732947373186,0.04964260290067444
C002800,0.07318059280977192,0.06492055571607867
C002801,0.4570220180057164,0.3758281547720083
C002802,0.09383986555223846,0.08902703899268567
C002803,0.07804649486620538,0.11726994839016762
C002804,0.05060238735293242,0.052073660407364206
C002805,0.04673486384723985,0.0570888729191766
C002806,0.11018412832516042,0.11150743199004676
C002807,0.08723458465141347,0.12812474210570685
C002808,0.31312958305354865,0.3276421946369907
C002809,0.08532846777086214,0.08469680152514722
C002810,0.05804879403363071,0.06006352313769252
C002811,0.025463773120212085,0.035307613863718376
C002812,0.056026858677597116,0.05468787311252597
C002813,0.046112273162351926,0.04716247403993211
C002814,0.734599947061905,0.8118987463026697
C002815,0.053368181604543555,0.05398178215436995
C002816,0.5140973108343351,0.6193357225071106
C002817,0.03966664597460126,0.032245999410098244
C002818,0.03694891157658695,0.03616036192455829
C002819,0.15173264567938466,0.15020276239528435
C002820,0.07079738986109634,0.05423365572206944
C002821,0.23135073130991018,0.2755055316904844
C002822,0.061156554408301644,0.07585335497429016
C002823,0.031626613417361796,0.023998728308392597
C002824,0.037387519360653806,0.03722847634427401
C002825,0.06159239920787716,0.06806935317903005
C002826,0.02850670181810373,0.02762843197809069
C002827,0.07397436881688077,0.06412897403578464
C002828,0.02889318926857991,0.03385511208358558
C002829,0.038288807559568476,0.037120312808410716
C002830,0.06595728121302517,0.09365055726688212
C002831,0.06705462089520535,0.059270411747351245
C002832,0.056498866859540975,0.05025060144771758
C002833,0.0671474504166771,0.07041448014731078
C002834,0.03331674288832075,0.03554329481219941
C002835,0.02800411477451171,0.04154160786831891
C002836,0.07175826270796701,0.07233344412592439
C002837,0.04833582517287454,0.050902458279916386
C002838,0.161230559982828,0.18780508996026987
C002839,0.2346831751965374,0.21612036304443555
C002840,0.032069472879753445,0.032453467841946956
C002841,0.08874647250242132,0.06855751973833303
C002842,0.21360379338293325,0.264377472869175
C002843,0.059286828508779976,0.06669251398998806
C002844,0.028760216882775753,0.033565538432853606
C002845,0.07012029168016895,0.06588737693119973
C002846,0.3502926420620859,0.35721327363217376
C002847,0.058241765810491966,0.05558145717360554
C002848,0.07212753922643485,0.058158663716011264
C002849,0.3986029786964367,0.5870743020115162
C002850,0.03909676354106324,0.03492608415558214
C002851,0.27322822021786364,0.2272604285966676
C002852,0.04299638149492228,0.04113587384579765
C002853,0.18646462319412113,0.15800722624845956
C002854,0.028076544208497693,0.02964446967451801
C002855,0.04424169197590351,0.03803857897011753
C002856,0.10672651187783974,0.12246963862790712
C002857,0.022395368716906207,0.025294543633806184
C002858,0.09734742491757777,0.08743507886754417
C002859,0.0386394863708062,0.040447782810823174
C002860,0.04625841875336129,0.04167282824223649
C002861,0.04079587148721601,0.04339910644089773
C002862,0.11739238166332552,0.11873543923845258
C002863,0.25469143293110913,0.2344167015958758
C002864,0.032093849918137726,0.046847237234876486
C002865,0.06345027678273707,0.049877260374617295
C002866,0.7992570908106555,0.8740611845929426
C002867,0.036402627612296026,0.03636800292169777
C002868,0.02782569091973111,0.029172686804426563
C002869,0.1267838009629548,0.1328317130104701
C002870,0.05402826615326599,0.06709924970086459
C002871,0.016152453271291535,0.021207046024076956
C002872,0.05006093881327338,0.04527946009262908
C002873,0.060300181799887775,0.05347876055849558
C002874,0.04491169060032535,0.042237404207507025
C002875,0.03968660068048031,0.04511891268770303
C002876,0.06461579071299196,0.07240180180430451
C002877,0.03938292362235785,0.03690415148219952
C002878,0.039181515908090825,0.036494953155215046
C002879,0.04353291916732101,0.036913373656058915
C002880,0.05247189116868943,0.04918344490825864
C002881,0.05875393089189446,0.04845192243073395
C002882,0.07428113584811495,0.0793338582735592
C002883,0.06092375957197664,0.059765258535196764
C002884,0.1262887107888909,0.1520765485891502
C002885,0.03799829911640476,0.03583323816411588
C002886,0.049547695327801934,0.04518952510790999
C002887,0.03581921589513074,0.03445711435014674
C002888,0.0772071963210027,0.07152650170318345
C002889,0.22558194329541692,0.2203035544400298
C002890,0.04256594409628078,0.051775138818414966
C002891,0.04369198203982002,0.04406205229773365
C002892,0.07005265559687981,0.08719254555373009
C002893,0.08028981366887178,0.0749586676407901
C002894,0.07300338003808542,0.0962002418592226
C002895,0.04432224736523273,0.05837495326214753
C002896,0.04005191960999387,0.035738046683777544
C002897,0.10831651179326598,0.10776014218893101
C002898,0.11998782985060981,0.10166436504378906
C002899,0.035480579518249664,0.03621822368865593
C002900,0.06765806469423531,0.0522115833216797
C002901,0.034477771997346376,0.03397076482329223
C002902,0.04187627901938301,0.03749792333277928
C002903,0.04227475340561542,0.03421509450440628
C002904,0.0725854864200173,0.06774207520023963
C002905,0.04346880520478334,0.04063406699670609
C002906,0.029381602260502064,0.0327701009313088
C002907,0.05811141245523669,0.0411933285579279
C002908,0.05603752177328673,0.05268323020587436
C002909,0.20703478441896705,0.30119992936200995
C002910,0.08208063128630183,0.09404427531733563
C002911,0.03619978209009463,0.03458012343062841
C002912,0.047683595984410965,0.04466764541629041
C002913,0.04073702178588906,0.03709804707327002
C002914,0.04334011052377468,0.04378978289567525
C002915,0.19314902965263234,0.2563238299551939
C002916,0.021675470760309394,0.020001378802933508
C002917,0.3402442863027223,0.21860723030432333
C002918,0.061070485508398574,0.06253296818235606
C002919,0.1804360949579776,0.1833192336443427
C002920,0.09007266903240665,0.13410512506943292
C002921,0.05054990475191025,0.04500343113300841
C002922,0.0628292473198361,0.06870182607505718
C002923,0.06391225294536443,0.05031522677578069
C002924,0.08527204481501205,0.08810914192440113
C002925,0.06278150403365804,0.06961058982118026
C002926,0.03410640229506447,0.03385985328735388
C002927,0.042688360305920936,0.038682693675948024
C002928,0.036298225265596624,0.037259000844739244
C002929,0.10081171424971128,0.17203575578802152
C002930,0.08975326010788956,0.0778079431609334
C002931,0.04432705264483526,0.05679701429190145
C002932,0.2144235853882181,0.18787708046657248
C002933,0.06151793456160405,0.052128288403762636
C002934,0.09982782034935277,0.10758996789203405
C002935,0.049078819252057114,0.04880761378875502
C002936,0.04561730308334156,0.04378034206157207
C002937,0.0414239266260068,0.04740411979175674
C002938,0.03855686485158831,0.03300359274694492
C002939,0.13343946141477897,0.14519877144664295
C002940,0.05657094714115366,0.04951016207504107
C002941,0.05000831716865907,0.051593812461091536
C002942,0.16394748709951676,0.1255225579848564
C002943,0.04682529228308665,0.044313584868839385
C002944,0.028077121141999072,0.03332332064230119
C002945,0.041333212944477914,0.04215210262205142
C002946,0.06367876441653036,0.0628632609661909
C002947,0.07229420018379226,0.061987614461735376
C002948,0.13879290771688274,0.10584408181619702
C002949,0.04913887152929339,0.04775285346791926
C002950,0.12973566809154882,0.12768336971252744
C002951,0.22564652926066753,0.2249062471288426
C002952,0.06044633827996373,0.11142461254726369
C002953,0.049034841966832,0.05495619583247857
C002954,0.034546806316552534,0.035744105964784716
C002955,0.04133079079123512,0.04674146238761553
C002956,0.10684588792886611,0.12207503562683435
C002957,0.14850660047957182,0.17246180262139787
C002958,0.0451437274249986,0.03551366458452891
C002959,0.04801032102049842,0.05106117647311141
C002960,0.05306822714832353,0.047516675857899336
C002961,0.03875632808890746,0.03723563642394863
C002962,0.07618145295674297,0.06502614010537734
C002963,0.07173677723982755,0.0637043567511704
C002964,0.019270673583838823,0.025524121183522496
C002965,0.08224953559866136,0.06930600505668966
C002966,0.03088776107128317,0.0295119367056191
C002967,0.2724648834850773,0.3127045734388263
C002968,0.07365704493610933,0.05798497503105562
C002969,0.029438235308931655,0.029721552907209403
C002970,0.048742556352317834,0.0651979808091622
C002971,0.12162251818318204,0.12805116904416197
C002972,0.07450888525101017,0.08291354891645579
C002973,0.02799069155789678,0.023010638616801027
C002974,0.048622596723363054,0.043421729517105295
C002975,0.04912641925784343,0.05093657320675267
C002976,0.027012680815403554,0.0198933649164227
C002977,0.16858306980588472,0.1291855849894806
C002978,0.049413430026262625,0.04251114863266495
C002979,0.03956491047282408,0.038110482358854995
C002980,0.10272312720581751,0.10363925527155435
C002981,0.03447739378955726,0.03268365347619438
C002982,0.0372358085773547,0.03318021305498864
C002983,0.04190777638412728,0.045033991765703475
C002984,0.0738134476877438,0.06352367785329698
C002985,0.0517859361379439,0.048306190866809484
C002986,0.06818422610426081,0.07661440701012485
C002987,0.06584504833084705,0.06776770542439325
C002988,0.05431413488088578,0.061628171795495325
C002989,0.06826303965229215,0.05701679921805673
C002990,0.033772035660446606,0.044724561522523666
C002991,0.044444410864953356,0.0476170144124265
C002992,0.03808887527618042,0.04041136240346865
C002993,0.031062976117163667,0.02265634400178614
C002994,0.039367055492897214,0.03586987232469423
C002995,0.06689642988021778,0.09235820387654434
C002996,0.07568631963076602,0.09120138955453386
C002997,0.025524599804560788,0.03418963228472777
C002998,0.14407438734377426,0.13266960462682653
C002999,0.08003726820334948,0.056736932793381836
C003000,0.09176291236777068,0.08494705574903395
C003001,0.07708317214699174,0.06002381150819297
C003002,0.02711723273693718,0.028282906620882182
C003003,0.042492821468964215,0.035692319149557505
C003004,0.16646923532588173,0.1372351702798686
C003005,0.05270054486365368,0.05316480961646025
C003006,0.08210337099369006,0.07922586863994993
C003007,0.03038572729038324,0.03245331637740925
C003008,0.04399328147126634,0.05025516734897624
C003009,0.028632718682814008,0.04735304546583082
C003010,0.05959181594769693,0.0670640988411149
C003011,0.028670656861772344,0.02622585590945988
C003012,0.03388159549002091,0.0352459059469163
C003013,0.12290641571137906,0.10281310026443
C003014,0.13302767250867836,0.1755519594340991
C003015,0.07143070424120199,0.09490330069674291
C003016,0.02764776408717527,0.04206730042972136
C003017,0.05923332753949486,0.060817648109956844
C003018,0.049322086860318595,0.12113966397453238
C003019,0.09335129533352904,0.08643078949021137
C003020,0.03298738749964138,0.029596761408172512
C003021,0.0631027663787346,0.05296162525426479
C003022,0.03997513499987435,0.043433712983204156
C003023,0.06306942874326132,0.07215246441495775
C003024,0.09650764491138467,0.09844024072689837
C003025,0.05111276772241149,0.059634937001245614
C003026,0.07008091175521533,0.05697050848438223
C003027,0.058057676234704494,0.04906500554461153
C003028,0.046528616775376584,0.045118433686222814
C003029,0.03019828744143339,0.031640335030879915
C003030,0.03574628262395686,0.03493871914828557
C003031,0.04762251886166945,0.04897321040513837
C003032,0.09473796946653731,0.08306574357268534
C003033,0.03230655978426527,0.03644038963859503
C003034,0.040887671650111826,0.036784335149470715
C003035,0.3094139668975686,0.25873568946570796
C003036,0.06789642878541431,0.07742548155002277
C003037,0.03655870468201976,0.03473580839948677
C003038,0.05312262872125582,0.04571379393887066
C003039,0.03284612188438516,0.0424747428821419
C003040,0.05337714102011539,0.05060798948320834
C003041,0.07844930439124315,0.06860509983003338
C003042,0.034097502069755266,0.031950974273109944
C003043,0.03810454514680763,0.046568049084018834
C003044,0.04710106192215204,0.03916780469383461
C003045,0.154234005866011,0.13783323677198867
C003046,0.08308351876392432,0.08454955458312294
C003047,0.03267661303810761,0.03796066848190953
C003048,0.03374049312961824,0.03227801195690179
C003049,0.035943945054280946,0.0441841295132172
C003050,0.030388451159993536,0.02498116125800129
C003051,0.03533601291737326,0.02253095233490739
C003052,0.0995043916515002,0.21390477804652494
C003053,0.08403672598481696,0.07432875837383071
C003054,0.07492345046631414,0.07059125679632411
C003055,0.13610436452177002,0.13110214733275746
C003056,0.04032104640248631,0.03536192100212597
C003057,0.04818254034768568,0.03706248726133939
C003058,0.03307702075080307,0.038597224677819376
C003059,0.2573277774402734,0.23664074466020563
C003060,0.06981127674639831,0.06677237817626208
C003061,0.05716386736117364,0.05113482512322924
C003062,0.05069178241201501,0.06995219941146132
C003063,0.05285325833874823,0.04421670241174441
C003064,0.2436944758738711,0.33039199785695633
C003065,0.06737677243823456,0.06420133353906723
C003066,0.03534655763728743,0.035098848666727196
C003067,0.13639622847452745,0.15769082672722295
C003068,0.08921221288546297,0.09780298122511329
C003069,0.054854555698408226,0.049411112725161396
C003070,0.037112229524657085,0.030103594055859557
C003071,0.03606738846232708,0.03913060197394726
C003072,0.10211046959030345,0.09018122777858371
C003073,0.05741074753965569,0.05122543641791707
C003074,0.03706229616377282,0.034063564934596155
C003075,0.7184331271512214,0.6389960369397933
C003076,0.040664315228877854,0.04335827491946191
C003077,0.043112924947493886,0.03982448230143986
C003078,0.07206463833763123,0.0974820526257019
C003079,0.042141209033965815,0.042722796636351326
C003080,0.10179145848430375,0.11083001215780627
C003081,0.02368532650222454,0.023413906325402672
C003082,0.03032514427770202,0.033276061491553835
C003083,0.04535701204281734,0.044517192907498705
C003084,0.031848770287215486,0.02950008520524708
C003085,0.03329424587627271,0.034921144215243866
C003086,0.031488608095884184,0.03087439938900936
C003087,0.03377545920867521,0.028175311147539905
C003088,0.057161063297854295,0.05193969129353204
C003089,0.05223451785039446,0.04677819006386498
C003090,0.04296844548415441,0.0417156245148861
C003091,0.033559891089687294,0.0387266831581418
C003092,0.029997828450855225,0.029090641696100362
C003093,0.06132266428847224,0.05448152916027042
C003094,0.025377476808502976,0.019334968769189935
C003095,0.056275125033279506,0.05165268590084563
C003096,0.315391896788758,0.3789903959326933
C003097,0.04728726363934658,0.04265728032043793
C003098,0.06918378583921071,0.05977487301694182
C003099,0.04192307264763947,0.041042703599717296
C003100,0.11302994338315224,0.1556142179278697
C003101,0.04548471193413066,0.04502063582733751
C003102,0.07949116049715374,0.08173866129175429
C003103,0.09230488061485155,0.060254503351841925
C003104,0.18144486965345283,0.27159610307007725
C003105,0.08746696263935855,0.08325039662299234
C003106,0.0517770369333484,0.045884729300017135
C003107,0.04740763122931934,0.043217590771644464
C003108,0.032220405165593775,0.03445283338686066
C003109,0.06642057782633266,0.06671121063259858
C003110,0.05422952047799743,0.05656976818707813
C003111,0.037940476913725395,0.04095127719629235
C003112,0.12357110948126875,0.11044931496956745
C003113,0.08022933649707226,0.08647684949859102
C003114,0.13522860793293043,0.12279536708750087
C003115,0.026722307522546895,0.0469067878308809
C003116,0.17025111024079406,0.18881574071305005
C003117,0.061038282823689706,0.06473948526647073
C003118,0.040767912805595954,0.04477701003859259
C003119,0.08590179654727126,0.0859671889113685
C003120,0.08511126629506208,0.09184757179666218
C003121,0.04863284917520093,0.043446610828132746
C003122,0.046192518649239074,0.041792073927693324
C003123,0.17958933326322796,0.15032360567910835
C003124,0.03858726990896304,0.03383188072632012
C003125,0.035319834859176925,0.033007473189872
C003126,0.030559556443685482,0.033542936381850796
C003127,0.16131508660656335,0.1451886859084654
C003128,0.21674083031157482,0.2603113296869043
C003129,0.21711962408665403,0.2204245799150683
C003130,0.19407076146514124,0.18906015362997394
C003131,0.08730917084892265,0.08173901599826884
C003132,0.3164075994177294,0.3789323618403505
C003133,0.03475315269595487,0.030742295611457852
C003134,0.076893126241667,0.07455514403666301
C003135,0.037022621575277984,0.033998964244361364
C003136,0.06268069025813586,0.07829859211030296
C003137,0.21543880574517232,0.20494372061169716
C003138,0.19549951018818118,0.23529052913239915
C003139,0.14470122652638454,0.1309833672164047
C003140,0.045053258107441804,0.046050265140301666
C003141,0.026873733639409675,0.028250725731165282
C003142,0.042812184421081166,0.04871885165836988
C003143,0.1957867618122129,0.17235893553091725
C003144,0.12102070151092922,0.09973641792970075
C003145,0.13200920640440436,0.1332256907459695
C003146,0.0451664048029699,0.03699575258101194
C003147,0.052579232735155655,0.06086517785930391
C003148,0.1602075986619352,0.1215379801055996
C003149,0.09184354424568876,0.12150112606115768
C003150,0.04986719767842476,0.06042770713499428
C003151,0.12346740992650777,0.1699356517139296
C003152,0.06041038038380079,0.06728853765842858
C003153,0.023904135616776186,0.026967850209260104
C003154,0.0458967457157433,0.03779621586373094
C003155,0.04058107587130818,0.04775306791561413
C003156,0.03120360087332142,0.03323560558731327
C003157,0.04245854079522285,0.05714793480731968
C003158,0.1805688513907509,0.16930757474903432
C003159,0.044452445878871365,0.029728062294816043
C003160,0.08271262151319925,0.07544048446775588
C003161,0.03212047383026041,0.029088373553885494
C003162,0.27916882032736584,0.2959941746159174
C003163,0.22374368416626744,0.24998578317218115
C003164,0.14234184583028908,0.19422592801009209
C003165,0.05082147355628104,0.04639338604659913
C003166,0.1938408621908299,0.18477563220976218
C003167,0.02933316786680824,0.03142536986382221
C003168,0.10466579083091868,0.07894848596331012
C003169,0.07681714321719102,0.06002512717901356
C003170,0.04261987038620589,0.051171055449288995
C003171,0.12500492595444795,0.12290664401113265
C003172,0.053003935044854636,0.05948454757778119
C003173,0.05466114094855321,0.05383339379176351
C003174,0.06021952209189017,0.05195899430734561
C003175,0.07104523234068046,0.09368339958380992
C003176,0.06885359370552815,0.06200398615935807
C003177,0.0427751438212987,0.03978082780548444
C003178,0.04515297169567376,0.04124924985069036
C003179,0.03299207589068555,0.04358951599496837
C003180,0.10333382359743346,0.09407454260964465
C003181,0.08975202430744597,0.0834111846176664
C003182,0.04921991734189836,0.046280752744916415
C003183,0.03703197082307705,0.04263466716017253
C003184,0.06750724807238163,0.0779198341888783
C003185,0.03713744104022554,0.0372254980208624
C003186,0.0744657195986371,0.060932610644728435
C003187,0.24397880540770595,0.21510943278666672
C003188,0.029736466687466444,0.029397591485441753
C003189,0.11975097012678304,0.12226188812577554
C003190,0.045425377516212284,0.03924013101125991
C003191,0.08761344346182294,0.09533787361558302
C003192,0.033651453566314715,0.027618749199427
C003193,0.033819232658829725,0.03014387091698665
C003194,0.030944174036845472,0.03206969076410813
C003195,0.03790310379673915,0.041843034030637286
C003196,0.4245921709672677,0.536990486372371
C003197,0.053168753382192124,0.0505465421156821
C003198,0.06891085509645796,0.07327593541679131
C003199,0.16790984179090135,0.25790067744667594
C003200,0.04278317127189235,0.03158334026658425
C003201,0.04671411102229967,0.043380440559135564
C003202,0.028885703862046606,0.028260580981662793
C003203,0.023224200063506156,0.023928552151763392
C003204,0.0351864619532624,0.05267437801518169
C003205,0.0918107760016156,0.0873474358922726
C003206,0.05516928991305842,0.05504166198976305
C003207,0.12376007577434608,0.10616981872574391
C003208,0.0902863497123935,0.08679224620866953
C003209,0.04469360295615928,0.0458375927881556
C003210,0.04741402967622166,0.05023774310763148
C003211,0.03918295530400937,0.04223239652968584
C003212,0.10524828130415216,0.09434890164710845
C003213,0.03521674069832405,0.03780679815005221
C003214,0.06835575815714372,0.10173087580346932
C003215,0.04474150001509627,0.03810695339011251
C003216,0.11046180529633323,0.11736728203468419
C003217,0.05174335446278442,0.05554980437960879
C003218,0.2625324423837506,0.33905837164532515
C003219,0.02617082192875203,0.02749543859365642
C003220,0.31748622411809074,0.2772665494616353
C003221,0.05485395224050985,0.04378307210640175
C003222,0.23005327994685673,0.13753738572641389
C003223,0.06429548160805261,0.09748095774928064
C003224,0.11056079615467185,0.14864145612721363
C003225,0.03927952156510073,0.02962120616857205
C003226,0.04188737578471573,0.04179720280182857
C003227,0.15614653502173356,0.14391598919637766
C003228,0.04997548930057863,0.057746044189469804
C003229,0.10000389420088925,0.08651899362557855
C003230,0.06568936149223817,0.06082335945656782
C003231,0.047245082800455224,0.043942517839681755
C003232,0.19864071630550958,0.18597037910855238
C003233,0.0991643288859401,0.0919030985675082
C003234,0.035666771716837076,0.03624059885460439
C003235,0.2515367710316631,0.24281833277550896
C003236,0.060420882352109226,0.05734024606288357
C003237,0.041347194566893924,0.036381762935099496
C003238,0.04859502660280583,0.05243820442301502
C003239,0.03186548208712271,0.03850567956984388
C003240,0.18562526316287575,0.15868659652131178
C003241,0.08599056967577641,0.06425886890711262
C003242,0.05128300179745782,0.04388268539428366
C003243,0.03907307397688641,0.02847336374655287
C003244,0.04444991633775128,0.05174428311691752
C003245,0.05411572734118249,0.056346574221822966
C003246,0.5394560103544929,0.6068027187041876
C003247,0.16440123739562862,0.1662238931429387
C003248,0.0527402624404948,0.05854641652302819
C003249,0.07058248036294684,0.05671106544765053
C003250,0.08068461993520226,0.13257377173360316
C003251,0.06149306647596744,0.06264895618581466
C003252,0.25792779401252985,0.2931839411669609
C003253,0.03190356728884293,0.0233523206746832
C003254,0.04891904352558153,0.051922682364796566
C003255,0.032155711625469534,0.03228515537922847
C003256,0.179427082167646,0.15404204554143516
C003257,0.10613331070423553,0.08308079755058097
C003258,0.03814047519161532,0.03362912398552024
C003259,0.07319788757217591,0.06252026995738212
C003260,0.029731549067578106,0.03378227988668396
C003261,0.09730096731207878,0.09225137160669983
C003262,0.08514558754402567,0.07098441376378371
C003263,0.036752443801475264,0.03240031027505809
C003264,0.32074543935656064,0.3793741273418281
C003265,0.1443319833871322,0.26747367701879465
C003266,0.07667913736259749,0.07472518118873281
C003267,0.11015700937904915,0.10355414163286551
C003268,0.055898510361560946,0.05188791083443285
C003269,0.09143401716754536,0.09844147529196726
C003270,0.08672994828483346,0.09163088785176154
C003271,0.09785459449679382,0.09751010411008527
C003272,0.041254059557121116,0.04558244988574277
C003273,0.07380890809366451,0.05115343660811007
C003274,0.025334818440534302,0.03489128243628007
C003275,0.046768833037735415,0.03819422397537018
C003276,0.06797247246416592,0.05767949422933187
C003277,0.03434552869100632,0.043062907476359796
C003278,0.042160601193303573,0.042557447564290786
C003279,0.039606887984536,0.038765462679365495
C003280,0.10699653561096904,0.1217524607509702
C003281,0.16768587645208388,0.194911420759903
C003282,0.10840719618811509,0.1083593870004711
C003283,0.051670855037147224,0.05494822785294513
C003284,0.12629417281731076,0.11449402064821504
C003285,0.14720212793000476,0.11199367545525363
C003286,0.06199852176565594,0.06576549070852286
C003287,0.03735560441700371,0.04136505052899867
C003288,0.03973392371794422,0.0390507989409928
C003289,0.06042798304103508,0.04629650252805596
C003290,0.07157252394080717,0.0666511831218732
C003291,0.051562639865839456,0.04821087306415696
C003292,0.03282953816216739,0.030789690324633745
C003293,0.3129989534836771,0.30691025037152614
C003294,0.07478199426040448,0.07086978089904149
C003295,0.08700105697931808,0.09446291298401123
C003296,0.03946236475990479,0.05351379559678974
C003297,0.062306387922693184,0.04778857536462575
C003298,0.11457512708511594,0.08728681964120581
C003299,0.03553808697873061,0.038815155009925925
C003300,0.055149897235994436,0.05045076562703967
C003301,0.03650234950474374,0.036539343654290846
C003302,0.06193257358052182,0.07210041050877188
C003303,0.08099659056988698,0.08504353499426427
C003304,0.12430149763707203,0.09828682077997895
C003305,0.08047766036455536,0.07094950670212279
C003306,0.04399215495004329,0.0422714477018664
C003307,0.6692649054891715,0.5738239234900109
C003308,0.03218928327962668,0.03132167633374151
C003309,0.046327916311317364,0.0455921510618178
C003310,0.05313489106399514,0.056135935308974205
C003311,0.06712639132288549,0.0645333248429508
C003312,0.04464634291318722,0.04196560741141879
C003313,0.11114250860643575,0.11195355509309328
C003314,0.04909203487095354,0.04023997800615639
C003315,0.0508077955517887,0.05581627303134427
C003316,0.7401749897770713,0.6963570827446338
C003317,0.032293009772981565,0.026925782244094254
C003318,0.06416044167667506,0.06960083441526717
C003319,0.035939842601408686,0.035680863735247904
C003320,0.038158975665666124,0.03901259458729589
C003321,0.026540887904296574,0.029362552558102196
C003322,0.06782057952258055,0.05458377457203849
C003323,0.0526752744058447,0.06899630330370002
C003324,0.041047016203952146,0.03928475867106326
C003325,0.09437255072421476,0.05532815422819669
C003326,0.4411740336879727,0.44449820052833183
C003327,0.0678335414239136,0.0669511431343359
C003328,0.04433916312536425,0.038243706183967704
C003329,0.046923158321195056,0.04576943397130469
C003330,0.05195527102382659,0.05726084805553959
C003331,0.1669272236583153,0.11873024679474797
C003332,0.044118830162507464,0.04415757778010797
C003333,0.027060182534562473,0.029736836943066218
C003334,0.038042467344338804,0.03393770833918608
C003335,0.4796510032033021,0.4523825246590292
C003336,0.026409853345352414,0.036342553822335436
C003337,0.09022500428711944,0.09656545066931241
C003338,0.07823373315228521,0.07504565689079347
C003339,0.060783581034196774,0.051346135553995545
C003340,0.030003005931694672,0.03624972025900635
C003341,0.0337831925455983,0.02993295213491547
C003342,0.08760741635108854,0.1119082827808933
C003343,0.04007767715362278,0.04260673334701711
C003344,0.035447836596900276,0.04062502335213089
C003345,0.05303212731622457,0.057688770680508705
C003346,0.08436005932109922,0.09723453865540312
C003347,0.10374379493122632,0.09498316031303919
C003348,0.08232469832312955,0.07321072510803636
C003349,0.058117749493838945,0.05016228430405578
C003350,0.12717294861616774,0.09135809907106576
C003351,0.08337630635547169,0.09440078428666063
C003352,0.12578374440307777,0.10428970808858437
C003353,0.21964235385370873,0.1663022389047221
C003354,0.0512860850586329,0.04279837128076502
C003355,0.06250952592413671,0.07061427711849307
C003356,0.027251413140135638,0.02710132276938778
C003357,0.063805761577581,0.05384474947060278
C003358,0.1166498943055743,0.11113559158139714
C003359,0.04520452084792418,0.03195967186524038
C003360,0.052943269250992006,0.058365117245999534
C003361,0.06164208406050242,0.05037519925905176
C003362,0.055930712654571356,0.03777294220756979
C003363,0.04472831323929126,0.04339938349792062
C003364,0.04165621332228017,0.03248207501056811
C003365,0.04694618409252965,0.04444149370439791
C003366,0.07649278328258668,0.07346688705029424
C003367,0.040558261750994015,0.036453686275093274
C003368,0.05125611565297068,0.04652832348543022
C003369,0.04882251028460943,0.04636912085651626
C003370,0.04150126717778256,0.0411857451599426
C003371,0.15125075436713056,0.14945849375351913
C003372,0.054607345063914195,0.045508824632912934
C003373,0.04191622295153955,0.03820600042252031
C003374,0.0428893116025298,0.03728566148098122
C003375,0.02355140798922771,0.03344669902191419
C003376,0.049400925863940445,0.0440581688433895
C003377,0.060690452619318026,0.06430720512284767
C003378,0.2241674515387638,0.13392941617567916
C003379,0.037610812081542856,0.04019842197205331
C003380,0.08839327754649226,0.09964250262242741
C003381,0.04239347758530558,0.05444252139480552
C003382,0.037446295464233684,0.034474839692625596
C003383,0.04311083990994578,0.04134710554385606
C003384,0.11381418965987453,0.11338476423671465
C003385,0.03075400492619318,0.030484882407978014
C003386,0.03256646042592416,0.03254594239892665
C003387,0.06133792589554976,0.03621386031037742
C003388,0.0348540224049723,0.04161812319013554
C003389,0.6472304663341222,0.6144619508150513
C003390,0.03042662161341871,0.02938785842813162
C003391,0.05186282686378855,0.04627911591239593
C003392,0.0534739227149069,0.0739942185090737
C003393,0.11895236428621063,0.07747190767273024
C003394,0.0723037022909675,0.07637694423009564
C003395,0.018703988119752515,0.025127017129265718
C003396,0.043956212469399444,0.032268724812620005
C003397,0.059204610080665174,0.05357472263531693
C003398,0.027879150116381708,0.03041295627986993
C003399,0.0664046596591588,0.07035548757924832
C003400,0.07611901942866255,0.07583522778800739
C003401,0.07565289618043433,0.06688655171796445
C003402,0.04758167977347488,0.04916927996927376
C003403,0.02466141939990951,0.029285234170184433
C003404,0.02803224701798001,0.030491665340801038
C003405,0.3870741084702564,0.42212730683747574
C003406,0.03905646710402894,0.030706171984683235
C003407,0.0662675428833474,0.04501008797509974
C003408,0.08657924035020266,0.09019830100481589
C003409,0.07816666776174704,0.07868106080445196
C003410,0.08453533978966758,0.10127581700814585
C003411,0.14150347715269745,0.11263984053975892
C003412,0.0543036356260996,0.04276547175598179
C003413,0.03938515853479893,0.03572168481124845
C003414,0.19769430988690895,0.18161520406535953
C003415,0.04952039715501029,0.048414598258903284
C003416,0.0348032826246252,0.03071751623900861
C003417,0.034445080885351476,0.037122781822628716
C003418,0.07157751262061454,0.06335181468905524
C003419,0.04173510710496174,0.04898650753954727
C003420,0.32710088244944907,0.39241896895897865
C003421,0.03823502774259954,0.03408222677972045
C003422,0.02658180778533768,0.031558489434845835
C003423,0.04273422287884625,0.03744893144191661
C003424,0.09210105538407848,0.10876010400361869
C003425,0.04427993910922307,0.039895608785339744
C003426,0.031079549511468657,0.03299939497740045
C003427,0.0530210427390453,0.05585739679240376
C003428,0.061143098690382945,0.07217192066795775
C003429,0.026984745964339286,0.032491470436073554
C003430,0.1162591100987241,0.1041164261100523
C003431,0.05177575724911211,0.05985671187695181
C003432,0.05242925974144443,0.0469876945730553
C003433,0.41114305617393454,0.3771240175542999
C003434,0.028786371595368832,0.028763367088915588
C003435,0.03843980741814611,0.033799024080141224
C003436,0.03814543159848696,0.03279996202524551
C003437,0.05855979432139981,0.04501108300159757
C003438,0.1424112729822788,0.15341130309447779
C003439,0.03577888419230611,0.03393179717805755
C003440,0.10395399086630834,0.09623986018649533
C003441,0.025891849079957445,0.027053173900054878
C003442,0.07795569654172381,0.07127906853406349
C003443,0.05444820183111303,0.04872991559339879
C003444,0.2067817864982895,0.19956781343338914
C003445,0.055136445714663626,0.054429564060376336
C003446,0.09054567171319969,0.07144615689476688
C003447,0.07373709444541986,0.06012761837536227
C003448,0.05863115287931077,0.07293178174088537
C003449,0.09691820617594059,0.07921090896727727
C003450,0.04893148070904128,0.05878126685870387
C003451,0.23645558508761147,0.20816930955406837
C003452,0.09207307318272101,0.10064880459703056
C003453,0.0906844386560661,0.11547753417629877
C003454,0.05681038960474327,0.0500471416536822
C003455,0.33735010235389606,0.34640762462444197
C003456,0.04276111588087563,0.0342319707949749
C003457,0.06839847619726691,0.062081681798059965
C003458,0.02771337245181422,0.024313712574906287
C003459,0.20376268791426272,0.20528444726615516
C003460,0.2808619748556099,0.29509542198120187
C003461,0.21948521355289113,0.2705308005700268
C003462,0.06900327688610176,0.06572396841768816
C003463,0.03756452393185336,0.03407356300793757
C003464,0.03325837060110646,0.03476465370679179
C003465,0.03350531012663169,0.03170969450951141
C003466,0.042999335876518364,0.044019476807679404
C003467,0.044278740740326096,0.057710927206754636
C003468,0.0683860590398437,0.06550742351657708
C003469,0.038076774196258156,0.04561926140465694
C003470,0.04328780350413486,0.048236130947903764
C003471,0.18363379797165488,0.22652043064721217
C003472,0.03739288297721262,0.036853369867018114
C003473,0.030431245729817046,0.03239791888714405
C003474,0.031333362903728304,0.019358438215381184
C003475,0.0382935723675079,0.03434687457774609
C003476,0.12654715074260658,0.1622186680780787
C003477,0.043825493842819904,0.050130226129534786
C003478,0.10697708396827332,0.10844686510754586
C003479,0.03828046066114367,0.0336144091536658
C003480,0.049544820308575085,0.06560478211313021
C003481,0.07042230662420329,0.06628489291708792
C003482,0.05910640871113972,0.06421845694485871
C003483,0.033187050457336484,0.038818787490583054
C003484,0.03780148551160611,0.03635350024823943
C003485,0.06060815051093051,0.05424166556229122
C003486,0.02756460238168202,0.02760836128635617
C003487,0.03538685769029114,0.034834425714920465
C003488,0.03967897872209331,0.04650037163034561
C003489,0.03310334837910629,0.031782080674223556
C003490,0.05381746681319064,0.054899412760228916
C003491,0.03217851217174107,0.026150072243311624
C003492,0.04351409137196509,0.0455317448181691
C003493,0.06429080039677496,0.060634252441230344
C003494,0.042995516981635305,0.04750842736890625
C003495,0.20278800720091636,0.23116120679444624
C003496,0.07092890060310056,0.08301584905776271
C003497,0.023343338639195587,0.027415263277197767
C003498,0.03523479535101959,0.040693218491482726
C003499,0.0807507834044466,0.06719390785200312
C003500,0.030027327909769273,0.02909236736452634
C003501,0.16062254091771527,0.13093778470038284
C003502,0.18620491319794694,0.1868659362976392
C003503,0.055832851316448405,0.05635160383427432
C003504,0.04863583014496722,0.05626139248349189
C003505,0.03974763285066688,0.04160763262457433
C003506,0.05257070720114384,0.04832841641691168
C003507,0.039232951311081773,0.02067044093241467
C003508,0.09354688933208113,0.08756839737884566
C003509,0.09549097026212341,0.08197007292934279
C003510,0.04315277605839626,0.03719326185065229
C003511,0.045997885559279736,0.04865747859258972
C003512,0.0743976926869441,0.08975846614030507
C003513,0.0387180459721585,0.047044503746410934
C003514,0.04291739748082269,0.03755259406003349
C003515,0.1087860080651788,0.1397512169943637
C003516,0.11128253401235447,0.10083861982802711
C003517,0.034608657719451666,0.041922420231991414
C003518,0.0682224567100587,0.04717421350266674
C003519,0.06326214219692508,0.05856987527299815
C003520,0.060331842629477314,0.05404458215139574
C003521,0.043137030831797665,0.07204633331681393
C003522,0.0635594399198292,0.06192647464632396
C003523,0.22944379813163426,0.22887315075368475
C003524,0.04697456896317357,0.05421256083921096
C003525,0.04311760337018332,0.04479032983585803
C003526,0.2370356165932812,0.2445649917294505
C003527,0.060270505411452145,0.08184738541647127
C003528,0.10942460769230133,0.11144338578212035
C003529,0.032564750128710594,0.027917097254047375
C003530,0.04452688235804125,0.03813094180552403
C003531,0.15411100162642458,0.18873761452191992
C003532,0.06775279498764124,0.058155154889583026
C003533,0.040667102539708636,0.037691597910274335
C003534,0.1606027902581106,0.19458552067784662
C003535,0.032799915848149536,0.027747367666558304
C003536,0.054859612854550766,0.04304659752632921
C003537,0.04340467073683145,0.04241242669793526
C003538,0.3899407461500852,0.45029325592076164
C003539,0.02954582475704116,0.027160080975528734
C003540,0.034375606573452,0.030748495584201584
C003541,0.25180699546939345,0.16718840681020622
C003542,0.06685686233351046,0.12455449095603346
C003543,0.044088895008682294,0.03815974247864287
C003544,0.27634407774769987,0.28383415246049337
C003545,0.07838000036874417,0.06724522985847989
C003546,0.03861749385682107,0.02675812487299862
C003547,0.04740471499016513,0.04234290102932302
C003548,0.03747797075970696,0.04221805989613334
C003549,0.023934981482204958,0.021873281744642658
C003550,0.03808390988259405,0.03823156113947254
C003551,0.05314152715976742,0.05129825166838029
C003552,0.034413509331900016,0.030129790011298712
C003553,0.08853814514566427,0.09695035317784313
C003554,0.03994946274499865,0.043953660597084984
C003555,0.12097481065183438,0.1089715459662364
C003556,0.06077314427823356,0.05602330093324994
C003557,0.06291797408682068,0.05772373057800249
C003558,0.14478022129858084,0.1199281478433287
C003559,0.12881410299698953,0.1571811425550814
C003560,0.02602129297103602,0.026147845699151344
C003561,0.02968050012150684,0.027317780408855595
C003562,0.045552959859418485,0.04208986297010041
C003563,0.12413012806864557,0.09505364393178342
C003564,0.07255352844309512,0.10556868052109658
C003565,0.05145721301755109,0.04581176681969898
C003566,0.059417554438795026,0.07936427299374205
C003567,0.06595513237705371,0.06966122553199378
C003568,0.11881003769791457,0.12249791711718858
C003569,0.03671757288773731,0.03816518215115131
C003570,0.15557655395435505,0.1488837184705709
C003571,0.03850908277933703,0.034761548946338004
C003572,0.06667882788960806,0.08662049379963152
C003573,0.11217671381877507,0.11175750888095415
C003574,0.04195873300606617,0.03889786648856971
C003575,0.08000461605196332,0.051751021686716615
C003576,0.04011383029694768,0.044579374712942564
C003577,0.04394233316457219,0.04637524587323536
C003578,0.04883069142699397,0.048332890784190126
C003579,0.05277924734666173,0.04309671710423813
C003580,0.035717561119794225,0.030388589452287656
C003581,0.06818349320473874,0.07878331159916444
C003582,0.04858773888648982,0.05112618034057724
C003583,0.02814628158173012,0.02892747558906559
C003584,0.04709070479781531,0.02978470472101415
C003585,0.026525704731282428,0.027503176094892147
C003586,0.0321662756350324,0.020266804070563464
C003587,0.0418198141137373,0.049326017642317685
C003588,0.14175574625831552,0.12921508053144098
C003589,0.10539966738571593,0.0998199440951193
C003590,0.12477031414956212,0.12302297383972507
C003591,0.12024999479538778,0.09802389009785731
C003592,0.04020447914241366,0.03828493244673899
C003593,0.16871565647180117,0.15345387740104482
C003594,0.043052335512769026,0.05800339769570724
C003595,0.05090097612552959,0.03794110771555659
C003596,0.033024265523358215,0.03729347558272949
C003597,0.27495328083642684,0.2262671338628897
C003598,0.028385863206074842,0.02541899065558067
C003599,0.06990164651676464,0.06722417342181153
C003600,0.04619842276731262,0.047029891234513975
C003601,0.07572514977186126,0.07513120877572657
C003602,0.03160701404925536,0.025300725658275302
C003603,0.04390215389152617,0.04407585499090356
C003604,0.0950795077350397,0.08887401898623962
C003605,0.05035191451686054,0.057071483887419984
C003606,0.05920976203449172,0.05773484629950314
C003607,0.03181083367096396,0.033783275480276466
C003608,0.040390290895921256,0.044534720586887885
C003609,0.08349427166889946,0.07093049359049898
C003610,0.04105030001020567,0.03208989770467717
C003611,0.10423120979470124,0.08672303339714729
C003612,0.029704900680865353,0.02733889761976227
C003613,0.28871072172557327,0.2488821639741817
C003614,0.6551319524149697,0.6642146983828299
C003615,0.03332873931460185,0.03901907166163622
C003616,0.09054069370016345,0.08111606670571106
C003617,0.0500801614826092,0.043017705461573456
C003618,0.06416577982740837,0.059446704312756414
C003619,0.33451527862757346,0.3582407549290737
C003620,0.31504410620953865,0.27323060849334435
C003621,0.040226948281467716,0.038141005069233125
C003622,0.03186847571413353,0.02914230274169672
C003623,0.07927683580727318,0.07801193970383513
C003624,0.02993508124473183,0.037156269540687244
C003625,0.04856663598565584,0.04274173711844987
C003626,0.1140200670475261,0.1236886925763561
C003627,0.35364761885365703,0.3121029978934291
C003628,0.0319888991541349,0.03561057828530838
C003629,0.020992931558688904,0.02985779302354491
C003630,0.049722799801040725,0.04967204900651597
C003631,0.06512278884161178,0.05751345185777055
C003632,0.1416741100677195,0.16750871120019784
C003633,0.029012178176948438,0.0268845928674178
C003634,0.10303581948317708,0.14870619803702373
C003635,0.0451082759877196,0.037120293011853156
C003636,0.045748201002245914,0.0957617068987184
C003637,0.050903925804725844,0.055544238791906286
C003638,0.45668272899110873,0.5604441503929204
C003639,0.05716433098090713,0.053134654632582615
C003640,0.16429119754866645,0.13348451247963114
C003641,0.03800477102289239,0.0354631648789627
C003642,0.09140811531680806,0.09345354423412484
C003643,0.02941880824377683,0.03392072310377326
C003644,0.08881203539631703,0.07741886806412902
C003645,0.10484056099925036,0.10952719631567671
C003646,0.04484171507174069,0.046103523113462774
C003647,0.0511461916859091,0.044127704007785776
C003648,0.04031496751051319,0.03229272645282423
C003649,0.04748470356079426,0.037201157571309595
C003650,0.06171632804557435,0.0650268678005751
C003651,0.05190242938120193,0.05420351091023955
C003652,0.03307277695480182,0.03593198699613243
C003653,0.06085717225908895,0.06855971280659226
C003654,0.12212733600543402,0.12561276621537532
C003655,0.059546142525095755,0.05270460817086527
C003656,0.05498570597451874,0.05145345917438784
C003657,0.07169748321332467,0.08842883530564286
C003658,0.3275829412570129,0.28777137357108734
C003659,0.04518288838746363,0.05278566311451662
C003660,0.05318334539381636,0.10097696433909567
C003661,0.073376390668088,0.047019985285419744
C003662,0.04046402455847734,0.04120666585476073
C003663,0.038504394800873684,0.036562472435303646
C003664,0.03225816049480677,0.0382209268477411
C003665,0.1220611741718995,0.15869057305292733
C003666,0.09566374801740277,0.0956202260687477
C003667,0.061623619957654044,0.05418714897070013
C003668,0.05836613995581473,0.061471120476500066
C003669,0.1862921320834241,0.19485951425872028
C003670,0.13151274989513562,0.10858543085966499
C003671,0.055883424601361,0.06990125766709267
C003672,0.05741413686036169,0.05561497136907606
C003673,0.05661391388607122,0.043257804783635695
C003674,0.09507050832288054,0.09864642936659805
C003675,0.034111358914094406,0.0319756614397836
C003676,0.0567351984122656,0.05138178180980041
C003677,0.0566748927599978,0.052890583545991264
C003678,0.15025490176059186,0.1401400141017493
C003679,0.2011728554884235,0.26811658983038994
C003680,0.11954262569177203,0.1340874583528497
C003681,0.061781175732506924,0.05336300722124134
C003682,0.037556379767497795,0.045188683144732344
C003683,0.044688811780135805,0.03431402449848636
C003684,0.0913761820062762,0.09520854635437485
C003685,0.10420320732040027,0.11017444790579412
C003686,0.05495245493515366,0.0551181837685059
C003687,0.15150336959186178,0.17013273462425563
C003688,0.16897227834141948,0.17655450071159007
C003689,0.07973473099508314,0.07685596894281807
C003690,0.04311152382333348,0.042498267759328856
C003691,0.05586640596862735,0.06022034964586344
C003692,0.06436644237533683,0.07379094783218601
C003693,0.041184950747178775,0.04894842292885143
C003694,0.03777851147036071,0.03469147885443342
C003695,0.06999421655060784,0.06796524918570149
C003696,0.07394281289500675,0.05704498219732623
C003697,0.12496882182441997,0.11808568206831041
C003698,0.047723164477686354,0.04305796192226342
C003699,0.03861617340157999,0.03646787241728121
C003700,0.038728237173991494,0.03486724346212491
C003701,0.04603221249476592,0.04365333345368159
C003702,0.04233712855527991,0.0484921870699057
C003703,0.383510959271729,0.4475087018327558
C003704,0.16931072886121978,0.17210460004081196
C003705,0.04737122962059218,0.046552569702009466
C003706,0.03234167802770079,0.035317779773481106
C003707,0.08748876213907855,0.0748145344665142
C003708,0.02369153998350717,0.026136932083676827
C003709,0.10629943861370388,0.09519765110494935
C003710,0.0575355777625713,0.07253675330876427
C003711,0.025102471394575422,0.02632620528719204
C003712,0.03624803593071878,0.04472580545691249
C003713,0.1672023697333088,0.16970407986277597
C003714,0.15528217043246978,0.1760901770112766
C003715,0.03417867174545451,0.039047122445599304
C003716,0.05298517270383132,0.04187410912919181
C003717,0.04977087070027871,0.03975143859014153
C003718,0.052186111144096284,0.041937442160101916
C003719,0.03345674991729032,0.02908325807443616
C003720,0.08627574609288721,0.10245390480238534
C003721,0.06386428456482207,0.05611937829987661
C003722,0.028560460934220877,0.03294111536268292
C003723,0.029475732548372456,0.02864360629849804
C003724,0.057682776375299526,0.05243891004547123
C003725,0.03977438363432069,0.05913228548654703
C003726,0.048579455568317005,0.04581303665272991
C003727,0.12648638760344225,0.11630358409045978
C003728,0.03755353535832749,0.047358423959706
C003729,0.03792534151714974,0.04884613029092438
C003730,0.03652370372091816,0.03837079930612048
C003731,0.06928828554497812,0.05979228883784603
C003732,0.04420582919845456,0.03636625438633266
C003733,0.05171395568185355,0.04245774256855411
C003734,0.030276827766050986,0.02602583815032311
C003735,0.031445696422888476,0.03062515743828257
C003736,0.051200478825365305,0.05082543926046819
C003737,0.15983753654803223,0.1243876553226809
C003738,0.0868177339912994,0.061511224531368855
C003739,0.037083849465259736,0.04387639669404426
C003740,0.037272123984542736,0.03533333199201639
C003741,0.031987085265773096,0.038112142191669994
C003742,0.10518190736849464,0.10067360977808533
C003743,0.47263923454282564,0.5748161802116454
C003744,0.07374375733689506,0.08648090626701459
C003745,0.034056718863199394,0.03553317665216792
C003746,0.03153278851067826,0.03839196433513109
C003747,0.046502311921429895,0.04756126669931947
C003748,0.03369902226344114,0.032519198044056966
C003749,0.07907439805548808,0.07191821431253684
C003750,0.04768963968242172,0.0651901507939087
C003751,0.385180154227874,0.47744965438593134
C003752,0.03313307903009984,0.037099084838697845
C003753,0.1556820402265042,0.14174549039099557
C003754,0.0654306800022592,0.07668353497081135
C003755,0.04603231406998569,0.043626168508152395
C003756,0.03859747054798027,0.035512160580415654
C003757,0.04488240885658314,0.050056154138273454
C003758,0.2739212394261979,0.37275657303788645
C003759,0.18658282675949217,0.16209235326158025
C003760,0.042566110578506254,0.03865548007185365
C003761,0.06496477660800139,0.04983227708926388
C003762,0.05992976147770217,0.06294140210264054
C003763,0.07835771086572571,0.07575018902718039
C003764,0.09291116519482963,0.07484783684661442
C003765,0.041478034460435985,0.04055368680640318
C003766,0.04244699795326443,0.0704682364008166
C003767,0.06146873700821167,0.04866376080785064
C003768,0.03510897711938291,0.0338116335693537
C003769,0.04306356103368322,0.04016446393954277
C003770,0.2278781485562861,0.20410770194027705
C003771,0.05005626773849644,0.052663163774874
C003772,0.039686639303316625,0.03656811025765782
C003773,0.06286727519346061,0.08040849901605714
C003774,0.07082158199542779,0.05531393722828313
C003775,0.03342009338612755,0.0316928814608554
C003776,0.09287919384232841,0.10661328362585203
C003777,0.04312184011031968,0.04214960297700533
C003778,0.03525107314772875,0.033991280037459125
C003779,0.03488040227800855,0.03192978816945434
C003780,0.09640322819879607,0.07106296137676493
C003781,0.038913709108520225,0.043193801713218044
C003782,0.04058189015602397,0.04352239712030342
C003783,0.03182790530515591,0.037075435188955674
C003784,0.06762911421761084,0.07727934383200097
C003785,0.05639392335695159,0.05558071166984058
C003786,0.2415215943710301,0.26599881673970993
C003787,0.0334180790232943,0.0351239471804944
C003788,0.04975711099470256,0.054915404471230764
C003789,0.10238438577230329,0.0913736322556857
C003790,0.08116493089146905,0.06489755795935408
C003791,0.6704954849903018,0.6552402545605179
C003792,0.09405695807735993,0.075526187260504
C003793,0.059412110416345074,0.04641744296952683
C003794,0.03184488275124585,0.02723432104094394
C003795,0.041935306806912875,0.04347705179852428
C003796,0.09710957456524166,0.09468365405533459
C003797,0.03501447892673248,0.03467215940477596
C003798,0.03617323469220135,0.04734372058549334
C003799,0.14851930749671294,0.12559098205362101
C003800,0.07554758356953717,0.06137867874612398
C003801,0.08591192056580994,0.09057537891627913
C003802,0.04772802306152894,0.050996338123952135
C003803,0.10793664983342714,0.07853568127421345
C003804,0.07159009405645118,0.056366847532155505
C003805,0.04914492038024658,0.056512316970969236
C003806,0.047797355372934856,0.039163949445567794
C003807,0.04260885038224614,0.04470476053533269
C003808,0.037213355237956054,0.034841216853931094
C003809,0.05955412520644902,0.061431406382886314
C003810,0.06274156740340309,0.05718279555486835
C003811,0.07550150287955261,0.07472149732338962
C003812,0.04959971772120959,0.04805761446669709
C003813,0.054239227989054874,0.05859712373619672
C003814,0.32244367569460064,0.3451183214620212
C003815,0.06343445956998668,0.06150121283773787
C003816,0.042501239647992795,0.04311895844049353
C003817,0.17726031949022772,0.24158153190896714
C003818,0.03883072818880082,0.03913604579540318
C003819,0.02887021246999928,0.02843838783842908
C003820,0.0283648716715163,0.03359893284772978
C003821,0.04374861262958999,0.05042560359863383
C003822,0.026294239179162647,0.02972514021717222
C003823,0.04063302141285876,0.04643022961550542
C003824,0.0334041343807224,0.03530480316989566
C003825,0.16298965559422926,0.13895926119453544
C003826,0.09151645837738653,0.08127831978876274
C003827,0.034348560704338504,0.040782177507608944
C003828,0.032065767238545186,0.03512991968872052
C003829,0.08495883625947862,0.06500410558075334
C003830,0.035380524048572184,0.03575735194041939
C003831,0.22439405509489405,0.25245316820547636
C003832,0.034263840303262065,0.02926522382341585
C003833,0.05246189489436076,0.04453605786026621
C003834,0.04954634053235458,0.04262380634883688
C003835,0.12103471651088701,0.1208057635686803
C003836,0.041220853018094264,0.033711327642410964
C003837,0.03389990804326355,0.04353835897762856
C003838,0.07199509998118223,0.06510455956524004
C003839,0.0641528414296764,0.05601683712389012
C003840,0.04757699669872643,0.051925827864732696
C003841,0.23179718065613564,0.2648365324828873
C003842,0.0952587958461116,0.1309827271099316
C003843,0.03126048298488019,0.03972128076947625
C003844,0.12200662964148154,0.08225832415040497
C003845,0.059975272460502035,0.05687892412842882
C003846,0.41862186516844346,0.45621099276954763
C003847,0.050919901819495086,0.04715365550459969
C003848,0.027565101971258287,0.024081949927119012
C003849,0.0655823848753098,0.05796184164704371
C003850,0.026141792815176933,0.03258799778290125
C003851,0.043830848245342724,0.04158978832797259
C003852,0.036665617038825406,0.03198133972265825
C003853,0.0300229866763743,0.029371592884773923
C003854,0.03465822779805976,0.04450053220763739
C003855,0.03827036269218288,0.03237211121943697
C003856,0.03932666988286141,0.03300647420824086
C003857,0.045970300953738226,0.04947642892102076
C003858,0.04595194076081632,0.04989531300106872
C003859,0.05174607532343508,0.050705387375681865
C003860,0.03340189978448289,0.03849961352519321
C003861,0.09335439744064096,0.0788425983371246
C003862,0.06999978162007983,0.07520086216725448
C003863,0.03800324903136063,0.030108621622163833
C003864,0.08039905243073797,0.09655381543487172
C003865,0.08467689854236225,0.07847642567941782
C003866,0.03640555662818845,0.032752922729067366
C003867,0.07466419996185492,0.07193403304974436
C003868,0.10997648449038329,0.09916316206174618
C003869,0.03958245411545696,0.0330815490872175
C003870,0.04216549719449846,0.048806137838856484
C003871,0.040575853087554625,0.035659950838122914
C003872,0.03598442076080326,0.03267728257826755
C003873,0.2223438121017695,0.2738781537157998
C003874,0.033345214030184686,0.034135388323503144
C003875,0.17456924823859832,0.18327446390610105
C003876,0.06863909802768808,0.07061937540225027
C003877,0.053045980258471,0.05247349337292484
C003878,0.038772486096219756,0.0365905536138328
C003879,0.08305550660680242,0.08364385953660741
C003880,0.06855696886262821,0.061192975414553485
C003881,0.08473704332199493,0.09534806599752914
C003882,0.03212214051776628,0.03537003928113078
C003883,0.04662006635690118,0.034979055446313884
C003884,0.15050706562522903,0.18595123844685374
C003885,0.028385275769433248,0.034334350833137364
C003886,0.2565459264099673,0.23965959850989185
C003887,0.044214683824657,0.042687588522943826
C003888,0.14677103888176696,0.11844667606988324
C003889,0.04179181628370617,0.04291494892720103
C003890,0.07941081683191673,0.07537321402882557
C003891,0.039101282316934924,0.03460883523914103
C003892,0.07492292275014356,0.07056072481899134
C003893,0.037710585148649944,0.034554260283267677
C003894,0.05291812830930145,0.047434539619824564
C003895,0.05482095531586547,0.05950180872961484
C003896,0.058457313002320675,0.06590146969139248
C003897,0.034534667035926954,0.03440281306677527
C003898,0.15839751366228746,0.132861177055306
C003899,0.07065615161196977,0.07353363609776489
C003900,0.030973631432448724,0.03187248870626484
C003901,0.07971490102723347,0.14903519279102626
C003902,0.043298664195796394,0.04558011387832109
C003903,0.23711251183930643,0.3649032742622189
C003904,0.03238304461214951,0.03501095238219552
C003905,0.04451623488284796,0.04387073262372344
C003906,0.04069338254211859,0.03329108217458902
C003907,0.0305928237185508,0.03064962581025371
C003908,0.03791134548328288,0.03158996563403842
C003909,0.04222931593746111,0.04430073632067753
C003910,0.09960068321958762,0.1105768626233052
C003911,0.053678869147139686,0.05174950405580808
C003912,0.13665855237250044,0.12659801096081857
C003913,0.03047052056662135,0.026262827609014293
C003914,0.043340947806869465,0.03783691605066506
C003915,0.05136437444327484,0.046716944759940676
C003916,0.038944049394906755,0.038597890341380434
C003917,0.06254789862511285,0.044259724980057494
C003918,0.20131354933834703,0.20957584562496856
C003919,0.04242560953021609,0.036528597288211846
C003920,0.08915501919850419,0.11208671597755729
C003921,0.06160424667754858,0.06080606728470346
C003922,0.06071248590726682,0.05777182099212136
C003923,0.11009186763249504,0.0984832172840332
C003924,0.04221328169492347,0.04226025170161176
C003925,0.019072942453104497,0.036347566637798395
C003926,0.03687793101841993,0.030970561929384625
C003927,0.06251729443572551,0.048049018501371665
C003928,0.03276464705958802,0.0316748302517961
C003929,0.056369336696965644,0.05000611837186778
C003930,0.09958824079473376,0.07567109709521985
C003931,0.04874783214678127,0.05256346523024698
C003932,0.22269177796652811,0.2187652390272466
C003933,0.04413750095468959,0.04098110142996951
C003934,0.08467770112485884,0.09706247070028828
C003935,0.12293752609510322,0.11037549804221565
C003936,0.04360121114125206,0.049409255705540694
C003937,0.07116855331312294,0.0895861723006822
C003938,0.0469906416363177,0.046639899999825304
C003939,0.07340929689814671,0.08450408431808662
C003940,0.04552934222269755,0.03628163132259009
C003941,0.04835505115521001,0.0473519230105706
C003942,0.09356863138418409,0.12077990857991802
C003943,0.07766922034787935,0.13024938712691464
C003944,0.06199300069749153,0.07651254872003484
C003945,0.18312900848794672,0.18621284728604653
C003946,0.029977361811582316,0.032656151202095654
C003947,0.09727881659309587,0.08454027413481953
C003948,0.03762448057606789,0.03968470401184665
C003949,0.20040347157991797,0.18430850279463717
C003950,0.04084411647051576,0.03411601506017796
C003951,0.03489425421412658,0.029426624317294536
C003952,0.03746388320549259,0.04080130515412742
C003953,0.06354267912094227,0.06199139245822797
C003954,0.08089281023112153,0.07871208909688568
C003955,0.08022816050523493,0.0879396436058754
C003956,0.06893377787158335,0.06576706035347545
C003957,0.08037439672312048,0.08204454194170245
C003958,0.031978273396363735,0.03369786430633304
C003959,0.06818227033896514,0.1114692929320025
C003960,0.05515427936888876,0.05532559733455707
C003961,0.1492313708812945,0.15832346606609535
C003962,0.05232935227655966,0.057444896592511265
C003963,0.21873237737423584,0.1853275082995546
C003964,0.04350432849967599,0.035597884522430706
C003965,0.05156172971056988,0.052916778005374754
C003966,0.0694278070796749,0.05811373811896624
C003967,0.03462466053393157,0.04296039745330114
C003968,0.054646217353235424,0.0501408043867419
C003969,0.08538623418114404,0.07816510419962878
C003970,0.025640081580759873,0.03392878437053086
C003971,0.03616090744636709,0.040402088608023086
C003972,0.09795969556906993,0.0972081244159653
C003973,0.032037130790064004,0.02897863538953748
C003974,0.061433935321301425,0.061707425533405434
C003975,0.03438121543826084,0.039656481150676104
C003976,0.07175234928887346,0.06985966573506411
C003977,0.034605497574816325,0.036510209928030585
C003978,0.03697278574740105,0.03686911789368997
C003979,0.035013464833352645,0.03303995710276475
C003980,0.047860730297867436,0.04447182722552693
C003981,0.03920074664133447,0.04334586133598626
C003982,0.041412758773314254,0.04064530014979826
C003983,0.0299086299583928,0.034443933538296154
C003984,0.038431200818454844,0.037093462523557705
C003985,0.12560143971630694,0.11911035696364429
C003986,0.044451803704893676,0.04213262546682209
C003987,0.049640606334817955,0.049222152246048465
C003988,0.07240864492659659,0.10057230939146974
C003989,0.09417841033943673,0.08687968333984956
C003990,0.16608440385752754,0.14046058459352095
C003991,0.06713411996696403,0.05901158856250377
C003992,0.07494092710824743,0.08403696778518852
C003993,0.033046166736031043,0.030483143427628267
C003994,0.03626753094522875,0.03310100565840861
C003995,0.04084403737952686,0.0380815200181229
C003996,0.24667126622753605,0.22918218277214691
C003997,0.06533981987600827,0.05520390074875257
C003998,0.17536335873337597,0.1831293407548717
C003999,0.11528779271487186,0.08989053108021142
C004000,0.0696195452379004,0.06729135716144416
C004001,0.6538421439493305,0.6339623478894417
C004002,0.06973969519783718,0.07013371604455627
C004003,0.025886901496347696,0.025527613575336627
C004004,0.300703954548749,0.26035735993168896
C004005,0.12539581078451545,0.11212084425218982
C004006,0.19905083280642494,0.25364048195029143
C004007,0.07770657010523327,0.04681286328317702
C004008,0.04825216112592116,0.04244858235632065
C004009,0.03949424025810229,0.04088746947698613
C004010,0.029084836605386945,0.025225063706503754
C004011,0.03936457366939214,0.035267815781834286
C004012,0.06042127703221556,0.055687730275324976
C004013,0.05669661614951908,0.06163461472256524
C004014,0.30369157522648194,0.3225324086049463
C004015,0.060276515353486416,0.05070705928972689
C004016,0.05048280137111445,0.05150525740006594
C004017,0.037587281556033844,0.034672599056756334
C004018,0.04006003625544749,0.03435917569402321
C004019,0.03899428368331261,0.04376069691036714
C004020,0.04306785346606601,0.03768211263681385
C004021,0.041222530334076274,0.03136031708028829
C004022,0.13531285152023162,0.1409216976063516
C004023,0.036219235995171066,0.03521526721190788
C004024,0.048601073549270166,0.05505407833422214
C004025,0.3867863151646568,0.43400154109171896
C004026,0.034748498545547554,0.036343908093651296
C004027,0.45215455906374097,0.36913652048081813
C004028,0.1134405045903214,0.13681240502651107
C004029,0.05888133375902389,0.057868828423558304
C004030,0.07011123197045617,0.0797370064503855
C004031,0.045596005220021565,0.07793637640507083
C004032,0.08664902119218329,0.0794362546906264
C004033,0.05537778129643891,0.05504220635319088
C004034,0.03975478026800253,0.04473272438183436
C004035,0.10419868045005987,0.08837636238219612
C004036,0.031332808702512885,0.030086249661827647
C004037,0.052607475139577066,0.046643071474401256
C004038,0.041124089986475966,0.040727051911955005
C004039,0.06137004570551689,0.08127937819362223
C004040,0.04497935732346091,0.038223259677918245
C004041,0.03509233242646574,0.03615077856269309
C004042,0.04913058853276546,0.05676705676268161
C004043,0.03785900745452521,0.043126860447024594
C004044,0.02616204781006908,0.030719709682319945
C004045,0.036345463713528064,0.030747104942909963
C004046,0.08250093605729583,0.06283322427098231
C004047,0.04457511587946232,0.04730906760315032
C004048,0.16525238558021701,0.18654570808967222
C004049,0.06701613086261395,0.06698425788133545
C004050,0.14067332567630836,0.1443825040129171
C004051,0.0915139440857711,0.07526667654042891
C004052,0.0326254126566896,0.03952666129446329
C004053,0.05657170686134938,0.08806910370522728
C004054,0.3097385116951182,0.3747247617242636
C004055,0.03137152989031204,0.03963894434655198
C004056,0.03243966835822088,0.04740710233623537
C004057,0.07243852121652652,0.06861951512961831
C004058,0.0513653703800648,0.05416801432765099
C004059,0.23174605936145162,0.28433701538177375
C004060,0.2895188861798379,0.2855212961881315
C004061,0.1429619690777471,0.0883188816008833
C004062,0.21244188453978574,0.2578074759640802
C004063,0.09558419830167922,0.07907434944068406
C004064,0.03285664732581611,0.027217011635853383
C004065,0.05361362723386933,0.0748001552733415
C004066,0.14828009252268556,0.1436058964534464
C004067,0.04680916117482249,0.038712195719636196
C004068,0.06760417674350394,0.05565939745427524
C004069,0.03870469610786108,0.04443304785425748
C004070,0.06034123825098949,0.05039077092810427
C004071,0.07258000527224406,0.07699147776809268
C004072,0.047875313775171444,0.0479329221164646
C004073,0.04896345697008092,0.051880163622070666
C004074,0.034070247719377465,0.027168868204827064
C004075,0.03041395950834034,0.033469197856699336
C004076,0.12079170250896092,0.13742539593519312
C004077,0.059551869729510896,0.05429562007181432
C004078,0.043901638479727785,0.03460609597537327
C004079,0.04864079577171981,0.04886289008871564
C004080,0.429882224272661,0.3729081797820125
C004081,0.05601871697969805,0.05387389691057861
C004082,0.04513365863593174,0.05214067605361019
C004083,0.0343584327220315,0.032822996921665445
C004084,0.030772607811196857,0.02817068823153792
C004085,0.06664679898564117,0.08110801714219765
C004086,0.03277039097365233,0.032000955008352205
C004087,0.23625567752143964,0.2578062570205352
C004088,0.03554012953820106,0.03493198809127114
C004089,0.036380980432924204,0.041352228904034435
C004090,0.05658449907093206,0.058169069239426295
C004091,0.15288268512742217,0.11606640757057354
C004092,0.041968332410487606,0.03311400559899013
C004093,0.10579550021687881,0.22531985422361545
C004094,0.15974960251740328,0.1613171733734378
C004095,0.028335775073712884,0.037000203055299455
C004096,0.08441591617003047,0.08865188335334886
C004097,0.048208684578599795,0.04690517804207943
C004098,0.03914993822704751,0.031229498137455312
C004099,0.10249198155898012,0.09072268976964812
C004100,0.031533207029520595,0.028691700335267866
C004101,0.21088239528205235,0.2302821174624048
C004102,0.02773294004248994,0.03210386245034238
C004103,0.046548868694216615,0.05132133835775883
C004104,0.12314411104655187,0.1160379027357561
C004105,0.08064442017999678,0.06521834779718623
C004106,0.05042357390547687,0.04900588684051076
C004107,0.03531940999255381,0.033085852986561484
C004108,0.04757243515092123,0.05765426043786994
C004109,0.03318479604474337,0.03584177974418691
C004110,0.032256351395708246,0.03167114794105573
C004111,0.032334144291478746,0.03456924300682905
C004112,0.06781431207991316,0.04680218167997694
C004113,0.04156126199978111,0.0348672503432683
C004114,0.03435056303089809,0.034194383164943686
C004115,0.04532572007845662,0.035763874763203536
C004116,0.06376398125040832,0.07063806483894669
C004117,0.03332628606539365,0.03400321057718556
C004118,0.037077865558235765,0.037443120126969515
C004119,0.05296956897925442,0.04739585825387566
C004120,0.03184426852793476,0.03641707795496907
C004121,0.08445565958295698,0.09237379523611239
C004122,0.03305317474429671,0.03696487864478422
C004123,0.1259523219614008,0.1282142146937304
C004124,0.09713470650005865,0.08152343454329705
C004125,0.11129933412868667,0.08529487372334518
C004126,0.04259708456604448,0.034985558339463
C004127,0.03237084499849234,0.031691905476622435
C004128,0.0339831949976321,0.03233133471392152
C004129,0.0786461304289803,0.07592553540692489
C004130,0.07870542869256272,0.08044196395847335
C004131,0.06118177722317264,0.06331384665333863
C004132,0.132084616252065,0.07424428587624164
C004133,0.05583661084541518,0.04414643558506406
C004134,0.12969140667400988,0.1682316691997015
C004135,0.04390400870290477,0.03939552857186756
C004136,0.06243127509384087,0.05582159069669881
C004137,0.03012287687133941,0.03542163550373967
C004138,0.049411300246676546,0.03944305738599074
C004139,0.05152306712028569,0.054068194501408505
C004140,0.11459507849801423,0.14413579926148556
C004141,0.15449865814088468,0.118159815397654
C004142,0.029585953151330068,0.0269894191705786
C004143,0.05728864842286148,0.055026006696639776
C004144,0.05099412352746687,0.04491343084529921
C004145,0.05440743360771159,0.04593960216502966
C004146,0.04319187807277006,0.0399461528853207
C004147,0.29016250020498796,0.34038833787538253
C004148,0.05344603749135659,0.07878206356642709
C004149,0.10552390347669757,0.1112395458809056
C004150,0.05832860360708482,0.07511007490361872
C004151,0.05268781697558409,0.05118511079575333
C004152,0.1170705598340325,0.13969776860965902
C004153,0.3749352553954483,0.33838419277089293
C004154,0.030488214660037705,0.02676688621295626
C004155,0.12585369370216118,0.12013791232064927
C004156,0.05133711537154939,0.04540225654101614
C004157,0.05502776104934357,0.050801530859691815
C004158,0.051892476460010405,0.06505004727470036
C004159,0.14995791953421767,0.14107187815190833
C004160,0.10290349526919144,0.13581795635287747
C004161,0.053352527337323555,0.0495150478838057
C004162,0.06299496376781592,0.04636365870438496
C004163,0.08005085085958366,0.08848294718359162
C004164,0.024512591563238307,0.025879165173668884
C004165,0.06180616818164605,0.07783878495345639
C004166,0.13226749169619684,0.12786920539619548
C004167,0.0362611856175143,0.04899964597976433
C004168,0.11891633843177155,0.17152281538127145
C004169,0.037132714690586675,0.03889683679137549
C004170,0.15591737287184454,0.11799624504165371
C004171,0.04135550981610141,0.0453390882903547
C004172,0.03787015451570587,0.039185861937171065
C004173,0.05044977113273772,0.047412003207195456
C004174,0.03126415930475702,0.03393539039702127
C004175,0.22277896028200903,0.17055233191140573
C004176,0.02874130180587356,0.03017663231460931
C004177,0.29072095329784864,0.3571288929453752
C004178,0.041821454882553274,0.04015475004858099
C004179,0.04043937479706197,0.03658466529696646
C004180,0.05776075789042203,0.06481454683459911
C004181,0.030607146231113748,0.038191251799510675
C004182,0.08040341473451826,0.09674061867878199
C004183,0.12120376073845815,0.10872807895742405
C004184,0.052323420210906024,0.045182321445934565
C004185,0.0704129944538394,0.08083148658876015
C004186,0.07263935593521509,0.09025473163867738
C004187,0.04468144985091008,0.034276898397277544
C004188,0.028008913769325884,0.023463166208883536
C004189,0.06565936647857254,0.06623219768635193
C004190,0.06468134372259099,0.05736583198307647
C004191,0.04241751834474434,0.03509503092624856
C004192,0.05860402784559223,0.06636092083452065
C004193,0.044961825809335464,0.046494300294735336
C004194,0.5515467910511006,0.5513863451685689
C004195,0.33068631360778716,0.29292743825587053
C004196,0.04150769835780083,0.06301694646236591
C004197,0.06694436300270643,0.1018893486776263
C004198,0.0995303168165636,0.08622428025821219
C004199,0.0723631149748271,0.0598546006191704
C004200,0.0688452078328787,0.04708342313887527
C004201,0.21097489995083074,0.2619511390281507
C004202,0.0393927136630093,0.03967385514739787
C004203,0.046230343432502964,0.050889278006617175
C004204,0.3555461936859472,0.3103639368208531
C004205,0.025967689641769976,0.027110516202797124
C004206,0.045654963995913025,0.041589602771546975
C004207,0.05426521535856278,0.08208874729120005
C004208,0.06688152807320144,0.06879330813943985
C004209,0.027212896856808045,0.03420616599162183
C004210,0.2741388046072143,0.33560525052578105
C004211,0.10522051652912454,0.12732574632466623
C004212,0.04255892483367609,0.03788556649450751
C004213,0.03895343712529705,0.03868298705134966
C004214,0.03208514999028352,0.03832145906664232
C004215,0.20881843817411044,0.21369084858064671
C004216,0.1032630571577327,0.07702588310451175
C004217,0.056573670318091705,0.057607347613307935
C004218,0.07331657611692477,0.058351831230671135
C004219,0.04773795019021513,0.05559463231844915
C004220,0.07435851778739802,0.07483689577707539
C004221,0.08097591470234586,0.07957181042003661
C004222,0.07631474066582301,0.06631931815630288
C004223,0.03708967299052841,0.03203910513573809
C004224,0.05906609992749519,0.06220270780070595
C004225,0.02930663790489276,0.030764107705363163
C004226,0.033823329033548524,0.03523982289138752
C004227,0.07791407878742518,0.07640303816233897
C004228,0.07050628343024391,0.06019677874412799
C004229,0.03628588934094499,0.03677505769287778
C004230,0.05031214809764769,0.04626280823938693
C004231,0.060644290183614925,0.05511282730401941
C004232,0.12030047146102776,0.12189130433248088
C004233,0.060742835943409235,0.050571261996743534
C004234,0.03337805476313037,0.030282055232163395
C004235,0.05906022493129146,0.051310748686206574
C004236,0.04652830075110731,0.04166763213976211
C004237,0.10272123443227762,0.09949777771302545
C004238,0.08247243260972145,0.06986897797406624
C004239,0.11540626640583443,0.09211619669462799
C004240,0.0377213599641955,0.0365833982333914
C004241,0.05646081702429845,0.06018294940289357
C004242,0.043825611776290595,0.039771194972476574
C004243,0.17692023647154134,0.19247651021389686
C004244,0.06256487195424654,0.05318458153715997
C004245,0.20676091470470398,0.1939907568448541
C004246,0.03598700036184073,0.030288928107021208
C004247,0.0445645384985018,0.04420583882911857
C004248,0.08222501195093926,0.08474045301168989
C004249,0.5948598521936016,0.7253486217261244
C004250,0.03444240445723712,0.03369839066054453
C004251,0.05207679523317956,0.049394794685625965
C004252,0.04125276357811529,0.04074641124217521
C004253,0.05264086530658035,0.05112559898666665
C004254,0.1344568936182601,0.09753856613196557
C004255,0.03566115982412569,0.035699473442682664
C004256,0.3024073216668704,0.2982644119973554
C004257,0.030485971100466226,0.030363555648667308
C004258,0.16323036231522975,0.13369914667128258
C004259,0.049635564061860156,0.054813877705693216
C004260,0.04863148058340308,0.037238632058891906
C004261,0.0325476400752523,0.036858542920904666
C004262,0.030762384794474858,0.028936089473437794
C004263,0.03735904712707695,0.03681710377485129
C004264,0.036246501164480596,0.044034949832204934
C004265,0.05173939715934691,0.059491211355985715
C004266,0.2088182316289647,0.21101031216514543
C004267,0.04660552535350811,0.0420879449716846
C004268,0.034277074315266956,0.04309301171454777
C004269,0.08985958084992055,0.09360900541638716
C004270,0.048269154843006756,0.04968726912544224
C004271,0.18320870473758893,0.1793971738231342
C004272,0.05121104970336778,0.046668923162209844
C004273,0.033207721977816844,0.03574269132020687
C004274,0.174714415467422,0.20585206339147052
C004275,0.05067722149338194,0.05034223342208614
C004276,0.17369054554513746,0.14697913061475593
C004277,0.03539051888160837,0.028908790969692205
C004278,0.08808264962056242,0.10320630811240003
C004279,0.031001249640872953,0.027736402488253452
C004280,0.07161947266542791,0.08002011857839822
C004281,0.028671382653776938,0.030642166276791505
C004282,0.02916180105296366,0.02687538834097191
C004283,0.08919001253159259,0.09001551684785303
C004284,0.12903247465594053,0.13197434193099394
C004285,0.06883955819824648,0.06925530897953629
C004286,0.10398588380742405,0.10057129014251029
C004287,0.05621536147470959,0.04330648762637875
C004288,0.04265708018483154,0.03629870962660542
C004289,0.23613008345408656,0.2441536865419685
C004290,0.044339377593929766,0.032052818947535464
C004291,0.04218452456207837,0.04359594939844796
C004292,0.06473176967339925,0.06486166282423118
C004293,0.10359518565659546,0.10907715891393681
C004294,0.046018346576235464,0.04308983814321656
C004295,0.03947061138869916,0.03723157406431872
C004296,0.044592306545476426,0.036753737786458934
C004297,0.10131513119204891,0.07078986943658329
C004298,0.06610858691537808,0.05954782701660286
C004299,0.11027795386008876,0.1265803386258807
C004300,0.0396636323912311,0.0405632082986865
C004301,0.033533108941235734,0.03586662398040308
C004302,0.10470200762200457,0.1021328205871312
C004303,0.04709197646491843,0.048252205870686994
C004304,0.2428675786025713,0.29838444387488405
C004305,0.03164065107953538,0.03215846019478628
C004306,0.07331484351220227,0.07122846658132691
C004307,0.03506773411532761,0.032681876409658604
C004308,0.05306900106680097,0.05390652012147079
C004309,0.05919663097688667,0.04792980354445096
C004310,0.05726263334479278,0.0677916940373391
C004311,0.1030545995577338,0.12606757669360022
C004312,0.04278611573584544,0.04175813256698612
C004313,0.2931137622585104,0.3028185831778916
C004314,0.04621460459343927,0.04000529952956193
C004315,0.05203803710760868,0.0503519622406132
C004316,0.026360608418312854,0.02167977142737203
C004317,0.029567729178346103,0.029609334623857043
C004318,0.11866468862558668,0.1015187488321514
C004319,0.3453339247757958,0.36381979815508597
C004320,0.12738215851184276,0.12211714377173685
C004321,0.05978225152507306,0.046639611953116125
C004322,0.15652307190603307,0.15599628944683724
C004323,0.06406624757115231,0.06334084951672964
C004324,0.15406721720627617,0.2313270491419975
C004325,0.02340935201092626,0.027311244637386666
C004326,0.05467936486561491,0.06347142164812138
C004327,0.05858345858307634,0.05905169525072944
C004328,0.13394165197620134,0.09338378200829416
C004329,0.037593138517302435,0.0316692439314697
C004330,0.07257014876027375,0.05820382030303628
C004331,0.03627728127281954,0.04226763411778209
C004332,0.03349841296002081,0.03399983685896938
C004333,0.13956245056956065,0.16874332215532378
C004334,0.04223741703910407,0.03995142643660106
C004335,0.05000049077946352,0.04267883933018676
C004336,0.03949666196387652,0.04264033015179404
C004337,0.04524462489291056,0.05423293832820001
C004338,0.04643144651572607,0.03810305913583663
C004339,0.09966855178533598,0.10272546155389281
C004340,0.14240205572666018,0.12184361645622896
C004341,0.032194330611946494,0.03505848024862309
C004342,0.07104038133878604,0.08885787676178995
C004343,0.02778979424865624,0.037119803565506385
C004344,0.04936372977081618,0.041666445413031696
C004345,0.05234122090198441,0.059219992981374
C004346,0.03930642888592702,0.041154380858447956
C004347,0.24089645706148902,0.1979755110818739
C004348,0.03603542801343566,0.043240699449974045
C004349,0.03344347290132222,0.02933935532806901
C004350,0.02771881832455684,0.03029305589616116
C004351,0.03065662810751993,0.037399091575218445
C004352,0.24555578356269048,0.23832170628170593
C004353,0.14317221222347937,0.13195018295759864
C004354,0.2220666527048527,0.18271930739340533
C004355,0.14769631768637173,0.1276857595039195
C004356,0.024714733661480397,0.02373600438813731
C004357,0.07331055057878735,0.09260689579789155
C004358,0.07324697182305984,0.08760800320857344
C004359,0.039852822993293735,0.034821461500331434
C004360,0.03726424496874233,0.03856190225033085
C004361,0.07205253493206751,0.08386370506617344
C004362,0.11884339292882551,0.10349155114174932
C004363,0.04809524665974257,0.04750925751237447
C004364,0.038345235390544505,0.04482334097973969
C004365,0.056847457089506795,0.055060560680967166
C004366,0.05009458737028033,0.050740375136529216
C004367,0.031568248883938985,0.0319400341965838
C004368,0.08112726630634567,0.09286929376330588
C004369,0.1351703016104055,0.10751519381567991
C004370,0.025231587165478464,0.028543937573000777
C004371,0.12017605363197252,0.14283039354448707
C004372,0.050560618190877246,0.0430686181313136
C004373,0.044146753838087825,0.0412044699472965
C004374,0.06748763788638674,0.07289406276109743
C004375,0.04208139853997408,0.03904506005467422
C004376,0.046993816348133786,0.04616867093733283
C004377,0.03736577214455873,0.0574424913737871
C004378,0.04085216770863574,0.03803019831251258
C004379,0.05569365127264621,0.05805614314572026
C004380,0.03167785173412766,0.033286352012998836
C004381,0.033104626527016776,0.03352626810780309
C004382,0.06154064076107739,0.0693064415665044
C004383,0.4314872103836481,0.378677870875172
C004384,0.09259928375998558,0.0847314892219949
C004385,0.12828367757296194,0.1010508425722156
C004386,0.4623347634960986,0.4215516932526985
C004387,0.026392127256443625,0.026580060533332485
C004388,0.036455693618589725,0.050751048699786694
C004389,0.027463237404505257,0.026450233386070016
C004390,0.14380832677125302,0.1195094336349635
C004391,0.08577393598621211,0.08902789327303821
C004392,0.056386348877588824,0.05942320919184442
C004393,0.046884687969643256,0.03441892586917805
C004394,0.24360386786952298,0.24090245225625595
C004395,0.0909727320845051,0.07862445244067859
C004396,0.034147490596758916,0.035089993738095085
C004397,0.03986238542435091,0.028037699724513553
C004398,0.0749930946436496,0.06269156368921952
C004399,0.2449288064306075,0.22290458702319632
C004400,0.27918058473256374,0.22259862641843972
C004401,0.062426942045821596,0.05097627794554591
C004402,0.03647789793310498,0.034985807615457984
C004403,0.05482969885506026,0.053009733414518714
C004404,0.02743913899047325,0.029105879266296385
C004405,0.03398259431758431,0.02820794755068713
C004406,0.03458095997674733,0.03441895938922655
C004407,0.08554250003507327,0.08851212181821548
C004408,0.06044384045798382,0.054118996901802795
C004409,0.044973649059484824,0.039551659335728705
C004410,0.04802150766625744,0.035237479157919374
C004411,0.051780301750096513,0.05384048916248191
C004412,0.10514010493425097,0.07527090925406565
C004413,0.028574151188567327,0.027495195967182605
C004414,0.034709587840788717,0.03172669725835754
C004415,0.057241121045641094,0.049527317670857815
C004416,0.03899878005508671,0.03668778082334324
C004417,0.11996487472178456,0.1205971679075867
C004418,0.03217908375289835,0.03897654763753685
C004419,0.40438593465835515,0.30518828097808626
C004420,0.30224055458671223,0.21929346563602276
C004421,0.09405951661396991,0.07022011937198942
C004422,0.21311917966427746,0.21606456499187776
C004423,0.03445840939717055,0.029806022936482084
C004424,0.04739930349267406,0.03146734270699802
C004425,0.060569100521235666,0.05330812269621101
C004426,0.035290375114611534,0.03050504973812529
C004427,0.12076753515523939,0.09071261260411938
C004428,0.05362516731883128,0.06006262634209521
C004429,0.03397000917213926,0.033798213420088
C004430,0.059227610360458295,0.06995359547310075
C004431,0.039999150297736256,0.04083036061642138
C004432,0.03574083007162303,0.03905712835811967
C004433,0.16257119042149348,0.15424260399573786
C004434,0.1567182485150141,0.162863718034229
C004435,0.042951441655386134,0.03933605238878675
C004436,0.04446589629845108,0.03317477980519214
C004437,0.039879131323203955,0.05051260425659684
C004438,0.04059696524863395,0.04162836153690895
C004439,0.05805598469174169,0.04789687956086639
C004440,0.08267378885782614,0.1294942476233947
C004441,0.04143125972292554,0.03304594281228816
C004442,0.2345096884488747,0.29758265917234283
C004443,0.03927733355219155,0.03467371773367272
C004444,0.21244793703653614,0.2160887409209955
C004445,0.2435192649119223,0.19496644306735483
C004446,0.10648892174787954,0.10545916973185057
C004447,0.03618426576455987,0.02972413589794472
C004448,0.03903118205798228,0.03542843925433162
C004449,0.07527987682757259,0.07504445592832204
C004450,0.10001404191114802,0.090243949124306
C004451,0.02813980076002175,0.025776736569698096
C004452,0.08488289479248019,0.07510710559059253
C004453,0.036384461448923856,0.03387222052262316
C004454,0.030595240558410442,0.029546265333412248
C004455,0.08084385036778045,0.06967337859798195
C004456,0.11545949805987892,0.17885122207534104
C004457,0.0644172853495892,0.07514028542205782
C004458,0.02361387524808979,0.027737205791512582
C004459,0.04028775445626976,0.04309839820766313
C004460,0.16272095157551533,0.14257175825302265
C004461,0.03069500428232887,0.03498268526651538
C004462,0.09974003448102253,0.08589378796930101
C004463,0.03922928013510945,0.0343328133722101
C004464,0.07103985500431456,0.060723957236613314
C004465,0.05651847324257886,0.05849054132911331
C004466,0.09631574901553745,0.10654165136547786
C004467,0.09184053632283437,0.10203269319965039
C004468,0.18700179463750316,0.1865882273745513
C004469,0.30295473262360656,0.40338422397212526
C004470,0.33796831826456436,0.33978351427702014
C004471,0.03943245337849547,0.03147992841078343
C004472,0.03927285506541985,0.03956507043209177
C004473,0.05171173416980507,0.06255792820696995
C004474,0.036819586138423406,0.03312726129005537
C004475,0.02031280574540148,0.023871451738316358
C004476,0.09315218590900778,0.07971028570342428
C004477,0.05401275393166466,0.054581660501836805
C004478,0.44765064657615,0.5160453741904103
C004479,0.04873398211562113,0.04862483186322089
C004480,0.04010379150557347,0.03946610981749464
C004481,0.10842568892079782,0.11107060615854214
C004482,0.057568793218334746,0.051521619158050334
C004483,0.08204160086109802,0.07458287971804894
C004484,0.08256839488611226,0.0908134089058569
C004485,0.09015340592737905,0.08022832570776797
C004486,0.024566524544652097,0.023862750228062907
C004487,0.043078242116085505,0.03823479478705213
C004488,0.03338918726142347,0.028772665944109117
C004489,0.03838085751508143,0.032616677656351435
C004490,0.14574651480562037,0.14289111634556712
C004491,0.039011289346532266,0.031122329963106477
C004492,0.12579357623288406,0.09716716548474905
C004493,0.03983923033297665,0.051375191983356015
C004494,0.16100401447789944,0.14730993453960434
C004495,0.2727441852171156,0.4670590448523826
C004496,0.06805384297859185,0.057083921332310904
C004497,0.04270210566001066,0.04961751179783336
C004498,0.1573332953951195,0.125853656775844
C004499,0.02827905568167833,0.0313125984071178
C004500,0.02575411102458685,0.02476441829955416
C004501,0.16971197332832783,0.19337929882141858
C004502,0.23762901966849448,0.24895028447639445
C004503,0.03921986060945726,0.038397092130310874
C004504,0.04276165754995011,0.03651229336597063
C004505,0.026623023926919114,0.026741563053671907
C004506,0.12395297831761942,0.13277866684880496
C004507,0.10073357546287573,0.1053587574692348
C004508,0.04813051583478857,0.042241590404552706
C004509,0.045026930095275884,0.05186188055810931
C004510,0.030165593957219926,0.046644352893780314
C004511,0.0435669291890747,0.040242002949092144
C004512,0.09831204838924001,0.09554791657204369
C004513,0.06548425868378535,0.06223386785980919
C004514,0.026973490845966085,0.03506983028575206
C004515,0.052878699002381756,0.048004287492069884
C004516,0.06708735886499345,0.05447272148057589
C004517,0.04662272867592874,0.0362053111252352
C004518,0.042957801512828284,0.0464077115128753
C004519,0.052208803560874276,0.05249344726298476
C004520,0.05985126652470272,0.04801800003348429
C004521,0.04701373544945111,0.05122064769088579
C004522,0.05944714366620481,0.05319720232861293
C004523,0.03596067899061295,0.031583649941953236
C004524,0.05200867684893461,0.05495222646286814
C004525,0.2263295727845715,0.2717275660033906
C004526,0.02772773215005304,0.03244574660553842
C004527,0.046872171717856737,0.04321091026660604
C004528,0.14297301888188513,0.1348573505029771
C004529,0.13770137168093682,0.1436278511277923
C004530,0.13635546755239109,0.16284871072673032
C004531,0.055070595930233,0.05554680473740784
C004532,0.02785054251563852,0.025666871559020792
C004533,0.07907439024006013,0.08295392435490503
C004534,0.07095542681950168,0.07602686774030375
C004535,0.47367532164559806,0.5563355670966061
C004536,0.11999798536298249,0.08844225407337684
C004537,0.07967403536879997,0.07300737890024092
C004538,0.04410307842320862,0.03898733627117702
C004539,0.06501171724313529,0.05286494980015886
C004540,0.05774001161876163,0.05987520387859304
C004541,0.050654933934932124,0.050110576913083814
C004542,0.05750271447800189,0.052787911489266114
C004543,0.06956595640459404,0.05949723478468407
C004544,0.04529384281024863,0.040748428039389065
C004545,0.0330596153411399,0.03505050424996844
C004546,0.11281605408548182,0.11068542834114894
C004547,0.019154385643784206,0.027943830639653618
C004548,0.040598065729448754,0.044707475361549905
C004549,0.1114916563506108,0.09223254941600206
C004550,0.02760613757010353,0.02326150125773257
C004551,0.15060563846784034,0.15771333325761733
C004552,0.1347407398397366,0.1196778941592987
C004553,0.11049917050075193,0.09040479034389592
C004554,0.04319366023917305,0.04167419648604239
C004555,0.06227620389220434,0.05295910876315628
C004556,0.08389425667720236,0.0763892065056837
C004557,0.04395376402533578,0.03946422566002645
C004558,0.05296912409782217,0.05566007396925614
C004559,0.04030109700608404,0.042640993149913015
C004560,0.029680076537713353,0.03277806683998563
C004561,0.14704813908040093,0.09746848204214217
C004562,0.13174217467637583,0.12671237924681342
C004563,0.07292802543519053,0.04771992353232753
C004564,0.07128093315225324,0.08661462054469002
C004565,0.0756507018504767,0.08608600555757043
C004566,0.05178337009996352,0.05526750968311889
C004567,0.0547823753109286,0.043675316684341894
C004568,0.03479097666748941,0.03363326081069911
C004569,0.026198883074381406,0.022592268980490073
C004570,0.18123803664188112,0.14316671101543715
C004571,0.0686833295656537,0.06685920773661054
C004572,0.038706707403993526,0.035652361131411334
C004573,0.03689025140491561,0.036760206827501696
C004574,0.07683052047081604,0.06530968904122272
C004575,0.061777093692083375,0.04745012528917751
C004576,0.25097351387102074,0.27848270213068205
C004577,0.050093348614180765,0.058114061996774026
C004578,0.10690600135945343,0.12673998551297713
C004579,0.0365072518971337,0.03842807796624948
C004580,0.04638547429403109,0.049722735845817795
C004581,0.22507503721586758,0.277697503821577
C004582,0.2963343660154388,0.24695478001725374
C004583,0.08030519969206473,0.07570150856314214
C004584,0.1338574359569879,0.12449283204961421
C004585,0.07456193298599814,0.11741316591946742
C004586,0.07801436867984471,0.07004205802942279
C004587,0.040020094813873475,0.02466140366361484
C004588,0.05761897061835743,0.0597779201375415
C004589,0.07517044390892783,0.06378502906481363
C004590,0.05549971504147462,0.05679834464331561
C004591,0.367665179192126,0.35674005213260485
C004592,0.05885657748990727,0.07186745532504459
C004593,0.04023614287432255,0.02880656186710842
C004594,0.03451701705227238,0.03801635315676562
C004595,0.08766280938515637,0.06447981919923947
C004596,0.10132501809698932,0.09155573671875698
C004597,0.02326300209382701,0.024608341559181558
C004598,0.06763714743158925,0.05176676649908275
C004599,0.15509943987570718,0.17117369297476595
C004600,0.7463356680638366,0.703299070991779
C004601,0.04883481243675692,0.047512646976447505
C004602,0.061704870406437864,0.05489598966256045
C004603,0.03488940826587793,0.054277310583841235
C004604,0.0789841379527126,0.07377505800877736
C004605,0.17088255838434258,0.20159328983056107
C004606,0.05470610582340927,0.05754444258361534
C004607,0.142105802448554,0.13419416847874382
C004608,0.033975103043706115,0.03170985664647345
C004609,0.03917067904699985,0.036084344277057034
C004610,0.09180410222397499,0.06580289461942798
C004611,0.09868831320175418,0.08582565877383452
C004612,0.133540709809063,0.14121558252149485
C004613,0.02785703705559566,0.03132251091437609
C004614,0.041834530707369415,0.05957162114085538
C004615,0.22078502088315693,0.2229477704230048
C004616,0.2582373484867704,0.2526918558671213
C004617,0.05530588998299776,0.06659288723422004
C004618,0.027405510626372385,0.026710616418383563
C004619,0.06139538150522601,0.05889844122383564
C004620,0.04100279411558425,0.04959436823889126
C004621,0.039262665817498106,0.03481913504916988
C004622,0.09779549183815746,0.11933795307111375
C004623,0.03471898210463655,0.029116262307915797
C004624,0.032704006708271796,0.034949594940800036
C004625,0.028916836990077306,0.027364903130212715
C004626,0.07277772730412954,0.0637975134692812
C004627,0.09028093494373926,0.09285181332668119
C004628,0.021963638038173073,0.02349824707222515
C004629,0.07955243742889727,0.12373537566206956
C004630,0.055834949867496195,0.05146975306862779
C004631,0.13563848952621274,0.16744715248733588
C004632,0.05546104074781949,0.05994410952496432
C004633,0.05099819555855698,0.046687034945733494
C004634,0.04316185613386703,0.054096068429269104
C004635,0.053321678959398176,0.05186387372743445
C004636,0.07301551326486196,0.0595676857766375
C004637,0.05108987636987723,0.049077365882258764
C004638,0.21199397075000243,0.21420318689925505
C004639,0.05828850776545548,0.0645941560990271
C004640,0.06636766939695748,0.07331267596960975
C004641,0.038574119762769137,0.04381461577419575
C004642,0.06228431213068251,0.0664532447929197
C004643,0.0684895011061364,0.08477160989761551
C004644,0.02865579621211886,0.025475908865646813
C004645,0.05577362105401664,0.04812424918696055
C004646,0.14897977871181908,0.10612617401385767
C004647,0.06284605062926205,0.06389541118786686
C004648,0.031084798422236787,0.02973598844891794
C004649,0.1049048669022608,0.12037818593693458
C004650,0.03809566973539914,0.052309359648218215
C004651,0.543873508902667,0.5149038680709286
C004652,0.02528742775041782,0.03545606238703289
C004653,0.14300133616168925,0.11495512281170303
C004654,0.05952527407916991,0.06986434649082007
C004655,0.0407620439057635,0.04424282945267798
C004656,0.0460374840211655,0.04125278008915904
C004657,0.03189278583609157,0.03532484154118164
C004658,0.03903765627435942,0.03570664295656331
C004659,0.02492228561585371,0.025883536153242088
C004660,0.04195913013518241,0.04207728014704533
C004661,0.035693299869085635,0.037674875833451006
C004662,0.05930362164306217,0.07657467988000878
C004663,0.045767158695969354,0.044620839677742434
C004664,0.030226423728900643,0.02500422243942598
C004665,0.03965962093106619,0.035164799598131825
C004666,0.031227160721196114,0.028630675575097707
C004667,0.05193047437838104,0.055945413900335486
C004668,0.05044295777023296,0.05576921387367918
C004669,0.026610727180783854,0.021613580910806996
C004670,0.04537314416942655,0.044468365139567
C004671,0.047386798864682264,0.04573013743392611
C004672,0.02639743147311142,0.024641704881115698
C004673,0.04545256310326537,0.04296323767960262
C004674,0.10870774065841815,0.12500590817956914
C004675,0.1113981232898074,0.13387147504139568
C004676,0.08430069001576407,0.08869037636464436
C004677,0.036644163903492254,0.03853350912429957
C004678,0.16438624953965092,0.19103812909882628
C004679,0.05635837515703509,0.05671538256460584
C004680,0.04409000459472988,0.03346550976275166
C004681,0.07899507076058615,0.0900924322776548
C004682,0.029203324174113122,0.028392861477608285
C004683,0.02880163035260718,0.03293132722196883
C004684,0.056870844194767976,0.05131429602168489
C004685,0.05393226205544277,0.06113335279845045
C004686,0.07319061784811456,0.07066048168299735
C004687,0.03254054889400906,0.03912087020855945
C004688,0.03142168038519877,0.0330922991561067
C004689,0.1023307235044368,0.10323500979519522
C004690,0.0967823971867716,0.10568825998775999
C004691,0.07575128777378345,0.07450363108510372
C004692,0.07947988933480969,0.13237539690843972
C004693,0.03816117594891334,0.04224230595440072
C004694,0.02225466174653362,0.02939394022747832
C004695,0.030025289535253026,0.023943061520041574
C004696,0.04575141283547477,0.04174588327949501
C004697,0.11032953554318359,0.09491036498672505
C004698,0.1076597230244217,0.12381232124793078
C004699,0.050968364130232556,0.06393934353794817
C004700,0.028686254220118702,0.03035024467477353
C004701,0.2583237821447415,0.30630607229099566
C004702,0.0644300928398723,0.05799438591113484
C004703,0.0754140772491542,0.05250951496714921
C004704,0.03191346385531976,0.03100809262223548
C004705,0.03281621664078903,0.03026554581752866
C004706,0.08557509616694471,0.082444148978546
C004707,0.035371886690454435,0.03614213802461629
C004708,0.12058966782386023,0.10931733266512286
C004709,0.08504551153596585,0.08031177317787085
C004710,0.03601770452942908,0.03397357239130796
C004711,0.20321461361942492,0.15110331767024404
C004712,0.024181549908636014,0.019876623039805766
C004713,0.1443111763204224,0.1800138683843009
C004714,0.03250839932527865,0.03617497805968264
C004715,0.12203478479847303,0.13126884292762675
C004716,0.03972782150689909,0.0387498138838843
C004717,0.029843943950379037,0.03649323852308706
C004718,0.02728154555062671,0.04553766664238924
C004719,0.598986289915215,0.5273717371058553
C004720,0.16805914876682188,0.14163593398853186
C004721,0.049934473190458524,0.06207389177106445
C004722,0.05008896866786463,0.05558069779053991
C004723,0.03584988323705699,0.03983659113584322
C004724,0.062323691951619645,0.06372611404263968
C004725,0.034870522077666465,0.029008241346706383
C004726,0.23564095381197148,0.27979690908884053
C004727,0.05095641063319913,0.0469815297576288
C004728,0.09913636282813038,0.08567572875800387
C004729,0.12850647351073347,0.11302101988521832
C004730,0.2636666037220328,0.3155365650677032
C004731,0.04241547168615931,0.03320074072986574
C004732,0.052824328457111824,0.05207102045868064
C004733,0.11260017550546704,0.10579883165183834
C004734,0.06672248762501401,0.06531612297766407
C004735,0.05199405186336035,0.046018302263539104
C004736,0.03539916710012002,0.04229834907574586
C004737,0.035972200385586274,0.041028447601185944
C004738,0.04419111002551762,0.032444624481651814
C004739,0.07457759947375439,0.09207073247163948
C004740,0.03428805989216397,0.03722738219876627
C004741,0.07806823853530923,0.06359940709121384
C004742,0.05742388418013818,0.08786728978839846
C004743,0.29260809812105776,0.20705352976748875
C004744,0.09204204233912278,0.08384103668482891
C004745,0.02804217772345611,0.025912687306269534
C004746,0.05323320396050259,0.04623558666429032
C004747,0.07148737958610893,0.0777087446471483
C004748,0.031163629825513333,0.03602502122447802
C004749,0.07773372129526113,0.05843851673382412
C004750,0.03818516228256493,0.03665999503702595
C004751,0.04142941882317053,0.035645650689518804
C004752,0.24977596525268778,0.23817513393990172
C004753,0.10169281687410366,0.09397110496089363
C004754,0.1591082721996398,0.2202925376836355
C004755,0.14992587385928752,0.09354204895604949
C004756,0.03183971198516226,0.03086721758773922
C004757,0.02471599766585553,0.021796303679539823
C004758,0.04374887138688131,0.04452361369931821
C004759,0.04765134324914365,0.039976297031756675
C004760,0.051444825977956285,0.033968941596059885
C004761,0.032592290880439315,0.04582077273501765
C004762,0.039674534762265457,0.04417200224212325
C004763,0.0338066446450045,0.03285721240899873
C004764,0.15724198685171353,0.18229154389706465
C004765,0.08723350649623339,0.08704942429455442
C004766,0.035899910055164436,0.03807988844945135
C004767,0.10088674179212569,0.08316273819883227
C004768,0.054702826221583824,0.06304756502388345
C004769,0.034801224771653136,0.03315745536254283
C004770,0.0350186832405462,0.03436972670403417
C004771,0.13612474944002598,0.13289769111629887
C004772,0.18577423255615275,0.16916088563270312
C004773,0.14189662362673489,0.1394892771887392
C004774,0.06884499631257765,0.06271162302462702
C004775,0.05877974599877457,0.0442293192946045
C004776,0.1298126135457356,0.10157971237470295
C004777,0.039415862786825386,0.036986840326335334
C004778,0.06644501145957042,0.04542300410022367
C004779,0.04447016297998585,0.03930720224151541
C004780,0.049228215193663306,0.04472741771151991
C004781,0.03583831953967638,0.03179297008907954
C004782,0.03970118167169944,0.03162076261714149
C004783,0.07532291917784757,0.08628448893482206
C004784,0.10615801034977401,0.10017192613151012
C004785,0.08217650842755411,0.08405386611207125
C004786,0.1291393172492768,0.15100165713199631
C004787,0.038252223098054386,0.034268255292913996
C004788,0.02850340716931386,0.026205526296996184
C004789,0.04089752155725688,0.0454233287201609
C004790,0.05411172332308027,0.08089033258225006
C004791,0.21009539354002915,0.14808925449588276
C004792,0.08942864725716418,0.07348764998615047
C004793,0.03400036428116117,0.03798316152589977
C004794,0.20117106372904123,0.2716872618055658
C004795,0.4257623025857133,0.46245370159475163
C004796,0.045879387235692404,0.040561708587782394
C004797,0.04085815426613626,0.034907957237903166
C004798,0.03844283620209611,0.04294990251506494
C004799,0.040119150735653114,0.04405720469178796
C004800,0.028065617573187013,0.02952128612138748
C004801,0.1634392834148637,0.1868372193232441
C004802,0.024180237300433047,0.02085112784373627
C004803,0.05565987226160431,0.06530216405801878
C004804,0.0867977308777728,0.06215038111647768
C004805,0.07263835673442379,0.05273201305501061
C004806,0.04923114806068716,0.04897986889092184
C004807,0.10632436381731585,0.1056946281477776
C004808,0.18388312797948975,0.1556905482342513
C004809,0.04249652671108059,0.035352031664533844
C004810,0.06238566242935254,0.06460544157749276
C004811,0.05216343197960789,0.047434443777820315
C004812,0.06777826019756003,0.06936553368180924
C004813,0.401099645498266,0.500646831110291
C004814,0.4493111051199047,0.5486737649151443
C004815,0.09438683351208019,0.09618485869286648
C004816,0.1054372453276156,0.08619773539834716
C004817,0.06048737250111785,0.06126259554177328
C004818,0.05870230059466319,0.0594619677960516
C004819,0.0894008669055478,0.07846505812997165
C004820,0.06131582498706911,0.071624955652039
C004821,0.11250699492892102,0.1251820930048157
C004822,0.09128227818090541,0.07979590576320385
C004823,0.027267439612468913,0.029909682865411125
C004824,0.16056990711629604,0.1456378366296107
C004825,0.12401204673795607,0.13409100854519265
C004826,0.05811610632549824,0.04924536549379853
C004827,0.08735605367590563,0.07812554820699263
C004828,0.03398699609536643,0.025190354131450467
C004829,0.17279255946315691,0.20613779251888548
C004830,0.08358143756809625,0.0907473178658565
C004831,0.058883180498238555,0.05659940748532009
C004832,0.03523251791313763,0.042080581587827647
C004833,0.05832122216066817,0.04944624720523433
C004834,0.06212958153344966,0.045868799565139805
C004835,0.03444292933928815,0.028445859676075512
C004836,0.1836070282467487,0.2627382547847138
C004837,0.04323329212341602,0.040692965293859976
C004838,0.05943719518721853,0.058036486564575385
C004839,0.03837186852597853,0.06352488619574953
C004840,0.04742300883727241,0.06378133253782291
C004841,0.060508837884702425,0.05676962755069213
C004842,0.05672381056531791,0.05808809171536629
C004843,0.05533510659829817,0.08336798053804759
C004844,0.0300781077084527,0.044856168972787526
C004845,0.027135195513889147,0.03107538666562465
C004846,0.030230943764455554,0.030279167061917956
C004847,0.05262513693191038,0.046726953492383094
C004848,0.038840528947153154,0.027829879714115574
C004849,0.036121489118958613,0.038308326523677674
C004850,0.051135598975233745,0.06295715774097133
C004851,0.033389256741138976,0.02989787009233317
C004852,0.055934044119229906,0.05958705434131477
C004853,0.055865530515581,0.05690193520829382
C004854,0.07392194613041381,0.07985254430074167
C004855,0.03276012819738654,0.028956030073456353
C004856,0.10877729975428177,0.0918361732454049
C004857,0.03861673999459856,0.04091834564149156
C004858,0.11012531978075306,0.12056619153835946
C004859,0.12913820342222893,0.1149831552765278
C004860,0.03587118181268706,0.035971017941169844
C004861,0.29210696119274704,0.19806833940610355
C004862,0.3451154089955407,0.4831648011715465
C004863,0.3111215123065162,0.2781822108367595
C004864,0.024441395678417552,0.029848112732960185
C004865,0.07985508684982301,0.05711482090885163
C004866,0.0427769753407525,0.04377029947872836
C004867,0.3099346742174022,0.26242505703777075
C004868,0.06427706222361955,0.05619695144771643
C004869,0.08289705581098532,0.0648290800185033
C004870,0.10035149575608045,0.08391253684699988
C004871,0.042700742622903964,0.03880006707870916
C004872,0.02834645693875091,0.025206750030573648
C004873,0.04000969200527629,0.03017646706551875
C004874,0.05843996014711765,0.0557259899429531
C004875,0.06077961511200849,0.05045952777471828
C004876,0.10979772278860855,0.14591591555538008
C004877,0.05965897113167151,0.06654517611930719
C004878,0.05063670683466602,0.045076317912733636
C004879,0.02065118861080604,0.02413316958453283
C004880,0.04634027061173127,0.03888877424108541
C004881,0.027121246565861325,0.025953566807558524
C004882,0.08714923816602842,0.04972629627865349
C004883,0.04353174074359271,0.02646008861262173
C004884,0.036783228071474335,0.03654383478850455
C004885,0.14237878682357658,0.11897289508158797
C004886,0.03672965164062035,0.05999587458665172
C004887,0.10867420095356076,0.07405111041335347
C004888,0.055515802109846454,0.07703328918293
C004889,0.04085721156141259,0.04049239024323171
C004890,0.11095062329015501,0.11090291079823045
C004891,0.10858547896575446,0.14015208610306418
C004892,0.09401112978860422,0.08570750453805516
C004893,0.04323949447809124,0.036466050114166274
C004894,0.1104106256514616,0.09628335804444474
C004895,0.2011653054951183,0.2375419694909759
C004896,0.07154669608106423,0.07142012106683215
C004897,0.06856736335850817,0.05793428459241847
C004898,0.04732870532411012,0.054075903389612504
C004899,0.04348453041031295,0.043819763097672396
C004900,0.08748459562643045,0.11689026822700029
C004901,0.0872903390915662,0.08968821292676568
C004902,0.026463424771808713,0.02611399039744966
C004903,0.04390330593347871,0.04000604781157564
C004904,0.22889987095275388,0.19794690467867077
C004905,0.04189431724661361,0.037564785497060105
C004906,0.08554168811665126,0.06018009544882515
C004907,0.051553946732645364,0.06412527770178662
C004908,0.029683909962577103,0.0315348175526929
C004909,0.08150326139493777,0.08000695030539959
C004910,0.0332817332909456,0.043279265102444744
C004911,0.19220505543041527,0.18617178967607056
C004912,0.15600059715327352,0.1417585126444285
C004913,0.087887201158625,0.06997659676385984
C004914,0.02173056787054691,0.022830630068301543
C004915,0.03672050265812741,0.02903012090899707
C004916,0.053156160391289356,0.04914607195711505
C004917,0.031743704832038526,0.030994494201967725
C004918,0.3224192486866165,0.3448818980693946
C004919,0.0407854465258625,0.04916429084055645
C004920,0.0372627901946022,0.04174228091739034
C004921,0.35709246007389656,0.2984940704208182
C004922,0.08679897842177195,0.08673967797379817
C004923,0.05083132777096676,0.04527250650808292
C004924,0.06573090808292584,0.0626525829314363
C004925,0.05115781961204563,0.041811991076086484
C004926,0.05219427220631029,0.05068338251264178
C004927,0.06710865934918683,0.06711748514995623
C004928,0.05260683453929717,0.05872829386762366
C004929,0.029141268391255377,0.04399910906230151
C004930,0.20891906126892024,0.29533415597947515
C004931,0.04531125263911299,0.0372833676122735
C004932,0.09787944442798431,0.10413390834858993
C004933,0.03463392585306147,0.028362798030142838
C004934,0.04877274642995778,0.040052044456396554
C004935,0.03718232481829341,0.04238070866169926
C004936,0.0813371392644178,0.07071918827623638
C004937,0.07787537089414644,0.08320057284206428
C004938,0.06324023339608252,0.049124699356853464
C004939,0.07292692785586294,0.05638007806903682
C004940,0.06184965457386378,0.06912016031665447
C004941,0.34350583479834756,0.3335926024034506
C004942,0.10009612440482991,0.09813243499256694
C004943,0.03830170050214735,0.0333375626814654
C004944,0.039017066000421964,0.036998427577889965
C004945,0.06179008936682569,0.06545518366052247
C004946,0.0316404451031234,0.037517918426898576
C004947,0.054988272839620975,0.037779559826315326
C004948,0.04510328076143725,0.047450132432982
C004949,0.07689158586530129,0.053211079828331766
C004950,0.06427848010462545,0.05530548549009849
C004951,0.045557549960622126,0.06195477820027183
C004952,0.06972800069797722,0.06965306338841036
C004953,0.041427959752476345,0.049860285367573386
C004954,0.03143226207709693,0.02937275997334472
C004955,0.06555517427373045,0.08486162891685727
C004956,0.04465286608819187,0.04139851509931373
C004957,0.10458664774270832,0.11469119960401467
C004958,0.04245434889735352,0.039148066091417424
C004959,0.04025813817158551,0.035380159951763926
C004960,0.041930787096120706,0.040348999592489464
C004961,0.07611299887104576,0.06555112380619402
C004962,0.06436013283703747,0.08938451592728214
C004963,0.0433884820798641,0.04013467440732027
C004964,0.18955030895520913,0.25505669279287874
C004965,0.03398498193442128,0.04513080951557848
C004966,0.23320252413948186,0.23420414347425506
C004967,0.0393102243284435,0.03525385409380989
C004968,0.04140409267732793,0.035695951786034935
C004969,0.056762385346550225,0.05122891984263962
C004970,0.04170933073014093,0.04210574799636948
C004971,0.055835359530905515,0.06798593768511439
C004972,0.09015476178589499,0.06952464728224599
C004973,0.05520356503182704,0.04845757016437426
C004974,0.034508399990940304,0.029118696572082665
C004975,0.03342528800167977,0.04288089082123144
C004976,0.05212993916794151,0.04074898544842886
C004977,0.031312948532941885,0.02393281447912077
C004978,0.05088825996023888,0.053144570543342706
C004979,0.3488888135422447,0.2759152225582193
C004980,0.03759724015843914,0.03911725091290026
C004981,0.10241908320145325,0.08308718220680063
C004982,0.19954261832440962,0.1403166594543852
C004983,0.04830660133090189,0.04337964366859544
C004984,0.10695391036369259,0.07903998523409059
C004985,0.0519396033082203,0.04873885251005543
C004986,0.23365191167192384,0.2124162397038342
C004987,0.04362453418224772,0.04762983685378393
C004988,0.05662534803380113,0.04977926884885298
C004989,0.05784344472060571,0.046894977442156344
C004990,0.018415712940061786,0.023804073132477187
C004991,0.04161245518813097,0.045238899762713974
C004992,0.09377808402540525,0.08482713279569747
C004993,0.024559751559317618,0.02885383856265345
C004994,0.03868767598808515,0.04313940349364652
C004995,0.07732022788960886,0.06524801839909777
C004996,0.04109126722070418,0.04065550463238432
C004997,0.11331355959348995,0.11282995554313872
C004998,0.09759928160721514,0.10885138981958595
C004999,0.03705842698298965,0.03410420810011109
C005000,0.2860589082413181,0.2131788521862623
C005001,0.0816243765772923,0.06426978947572244
C005002,0.031284591194102526,0.03191431748780742
C005003,0.2280230383673331,0.20955808659278788
C005004,0.037555387337649716,0.02866314751030697
C005005,0.04579841516649212,0.03682845009934151
C005006,0.05404990676750512,0.06913886958042428
C005007,0.03566199692684393,0.04372138900880609
C005008,0.054463036147827534,0.04374792420330111
C005009,0.046859441959968454,0.0435668258956599
C005010,0.07207552816283572,0.06550055609056586
C005011,0.027501076176701045,0.027979037750611703
C005012,0.07304528440313747,0.07576869590642553
C005013,0.0470161527314994,0.051551564847563944
C005014,0.05252729758159606,0.055353607396176674
C005015,0.11911682736991995,0.10722360091008994
C005016,0.13827348143646448,0.1491899501838174
C005017,0.03301741926095202,0.03601880490226514
C005018,0.07492953943843425,0.07154762586984897
C005019,0.1291281856049831,0.1038633713286213
C005020,0.07936696757194639,0.10692235588536325
C005021,0.04575261561346601,0.05382277171792812
C005022,0.1343138787641235,0.13678268077345812
C005023,0.03566976688395142,0.03668581628256037
C005024,0.0651004326480969,0.05946214817607742
C005025,0.2378752421697246,0.35921103402446974
C005026,0.0339369589348626,0.037046407656010305
C005027,0.089530792498171,0.09511616234635235
C005028,0.03968790199535444,0.03587686120443042
C005029,0.11094457596371536,0.1022738883630423
C005030,0.028683882472746326,0.0329312873822875
C005031,0.18487281422860716,0.1668371015161701
C005032,0.05176294850403983,0.05397854873556318
C005033,0.0754153985746816,0.08294133450758263
C005034,0.03422858372078692,0.03501306184179178
C005035,0.22597977311637002,0.3375654838274529
C005036,0.04011681328913336,0.030451101454185198
C005037,0.028463003751903117,0.03665075166226334
C005038,0.034530818766076284,0.03169133003820025
C005039,0.04471616400481904,0.034975633618043275
C005040,0.04177162064842633,0.04686837381345097
C005041,0.09932161911560793,0.08052213101737213
C005042,0.10241079197861255,0.09859215502868014
C005043,0.04768635861656696,0.03665144613851966
C005044,0.041759023307066885,0.036151326844123075
C005045,0.09788819452112629,0.10847632425935047
C005046,0.05602194484267138,0.06966451812053918
C005047,0.09236410830315214,0.10196333950623333
C005048,0.04513405445904699,0.06893097005934566
C005049,0.12167068788238407,0.15354975379770924
C005050,0.09840457583696038,0.09141777062021908
C005051,0.08304219268961553,0.06860552365015113
C005052,0.07850326807942862,0.07457097262895793
C005053,0.0657670296787231,0.05614145665150454
C005054,0.20013696224229127,0.22825066995476756
C005055,0.024593663610690365,0.022379656257629204
C005056,0.5362416082720581,0.5625787787685423
C005057,0.04839942912051513,0.04971081528511741
C005058,0.03328812259215532,0.030555172283137443
C005059,0.03113891871060801,0.029009711515358794
C005060,0.05984230603453415,0.04567850264632177
C005061,0.034814687844187134,0.030711178866833944
C005062,0.03650066513696086,0.03120102128991466
C005063,0.18894353798971905,0.14988072915534303
C005064,0.07196844603324158,0.07489493332285853
C005065,0.1008507884439751,0.09234296585137332
C005066,0.05823951047295998,0.06126334579423924
C005067,0.050801974562116006,0.05205277728356409
C005068,0.023140553441928276,0.024955277915879103
C005069,0.07501268006611948,0.04584166576155331
C005070,0.04801073475782675,0.04539201127821104
C005071,0.04763610512877316,0.038005443320346645
C005072,0.05746498921176231,0.052730256473402716
C005073,0.09084650556397356,0.09021362035498642
C005074,0.07038536817626143,0.07439983729983754
C005075,0.02911760071667263,0.03348423614399831
C005076,0.0644694823175739,0.08565430938159808
C005077,0.05828861514535495,0.05714505520115591
C005078,0.05808286002628789,0.05606273805708093
C005079,0.058695878243391175,0.047898530235882975
C005080,0.0505596417010145,0.042142749198609594
C005081,0.07822992722172625,0.06844416179290219
C005082,0.033744673095704045,0.029550818384771166
C005083,0.17245740283449024,0.18633188480463964
C005084,0.03891734231125471,0.03863392175762183
C005085,0.03526465479215586,0.04108581142419097
C005086,0.32326789337608264,0.303832880874925
C005087,0.09409876370029255,0.09168642477437328
C005088,0.15640585671485094,0.1654887799192682
C005089,0.04019819014150842,0.03618025006237126
C005090,0.20332768753367308,0.20763348526074302
C005091,0.04658112532938261,0.05144760382317829
C005092,0.07598408338253204,0.06821567950811808
C005093,0.043089994957752516,0.04748336850861366
C005094,0.1628685739103162,0.18110715184565868
C005095,0.13688769249744517,0.12427908902707219
C005096,0.054014627981065946,0.05257245336385795
C005097,0.045170511560527746,0.05243381044422456
C005098,0.06504266257403914,0.04907756965863279
C005099,0.0331695207569561,0.028087160848881538
C005100,0.1423522793895953,0.10397692049793053
C005101,0.1031930924932393,0.10450644686547692
C005102,0.03130223957728355,0.030460888403325826
C005103,0.07228498561771937,0.06804876855799247
C005104,0.034776085657170656,0.03529060306466271
C005105,0.0602292636246768,0.04203056365227098
C005106,0.06806867496299009,0.06495695401200982
C005107,0.03184488712927329,0.02261338893366041
C005108,0.4819720587870755,0.34032409281620174
C005109,0.05967182531846036,0.05747254872265707
C005110,0.03779365249951975,0.040618555065022106
C005111,0.0895441804085005,0.08843462198702118
C005112,0.034012143714541365,0.0410916273031527
C005113,0.14127917160520426,0.11363424896523033
C005114,0.0314835767275002,0.03823752319591534
C005115,0.08023832372437825,0.06378255192482758
C005116,0.05353529341949318,0.05101995764987992
C005117,0.04370097832849868,0.035075916305574474
C005118,0.09349606443146438,0.08204329511620992
C005119,0.14359258978364994,0.1243055085929066
C005120,0.050094987852066994,0.05946939890391876
C005121,0.022477455192788404,0.02731041244249805
C005122,0.02527955743940876,0.028884736435580767
C005123,0.583298799657053,0.5307158786994177
C005124,0.03940702268116384,0.03705374732934221
C005125,0.05195998896265103,0.042818660353655495
C005126,0.028757496726944783,0.024996037186530082
C005127,0.05540426655852191,0.050283383580823425
C005128,0.04895294170050787,0.047528222235255754
C005129,0.059470466070628746,0.046992528772472064
C005130,0.2261907014108892,0.1718577478315386
C005131,0.051023524792774055,0.05288046136007386
C005132,0.14688886604669182,0.15804222414685548
C005133,0.0554613071483324,0.04705521580603874
C005134,0.04379842650152375,0.04055220780554451
C005135,0.0369565200117268,0.036185883032590495
C005136,0.05258799288322634,0.05616154684003646
C005137,0.07143472076596803,0.07071585858364395
C005138,0.1054021909678998,0.10742513905463
C005139,0.06035284470893485,0.05055932900120652
C005140,0.09407182457720949,0.07365713921374975
C005141,0.28029095413068583,0.32794995955333145
C005142,0.02925035677808362,0.028670325463009995
C005143,0.07268673273599349,0.11325373478129178
C005144,0.041077079234803235,0.0272992268939669
C005145,0.031892328937868655,0.03193488471407069
C005146,0.10957159455377911,0.08602703309916407
C005147,0.029009032534000712,0.02526541804229241
C005148,0.06301073008208001,0.07952911825808143
C005149,0.25738834021305884,0.23817668463450783
C005150,0.07543508796746731,0.07367168220560585
C005151,0.09399188212409089,0.079870706375933
C005152,0.03683598455293045,0.0373111221413682
C005153,0.17176215387295973,0.16274982412445338
C005154,0.033213817102559,0.037475172405060604
C005155,0.20277333440712636,0.17855561303138093
C005156,0.06447966418467803,0.09144590679389789
C005157,0.036342790607058556,0.03262663941755723
C005158,0.04200257261900815,0.04135300422762507
C005159,0.08446298989760379,0.09025623521068653
C005160,0.03776168180321873,0.04841738540227915
C005161,0.05525218771782083,0.047792315315930194
C005162,0.028464740026727563,0.03449807680481516
C005163,0.052076659904039105,0.05058840095966557
C005164,0.15348316854412894,0.09666727556586835
C005165,0.03583358538899695,0.03559449328778876
C005166,0.05685690360515886,0.05897153019912784
C005167,0.08114535049223662,0.06730251089797194
C005168,0.0686207323240741,0.07715790501676281
C005169,0.034709786118855404,0.0334429723666839
C005170,0.06572100325603286,0.061410967537896564
C005171,0.1180014890691394,0.13439743930290712
C005172,0.05571122436427963,0.07568220776257897
C005173,0.16636487226235203,0.22345957167224034
C005174,0.057816538097145175,0.062639012118406
C005175,0.06012855838203102,0.05111691828501327
C005176,0.025635796111635543,0.024383691009902807
C005177,0.0313642436289531,0.03374658394486265
C005178,0.25128220196006834,0.20809210977851578
C005179,0.04068771094995246,0.03838093497620272
C005180,0.05812106296430832,0.050679403866922455
C005181,0.08697060433543999,0.13241025001578322
C005182,0.02923491270450147,0.03254587881038788
C005183,0.04922191078052944,0.04655520130285211
C005184,0.040395903414435955,0.040298755307854504
C005185,0.05986711809873293,0.06202631482705184
C005186,0.06870485967113037,0.08543033525525467
C005187,0.030966157711152388,0.029410475642257693
C005188,0.04858597038354947,0.04145941455724184
C005189,0.1102498179905663,0.12316882212192024
C005190,0.03772627776407407,0.033824063448955895
C005191,0.04620033546561815,0.04297621478327825
C005192,0.0498894875515016,0.04401313934396558
C005193,0.07194868097059112,0.08173514979628234
C005194,0.059580638579479275,0.08727244922265771
C005195,0.2224484070127423,0.2085845897040321
C005196,0.03391096641158549,0.04137829850291615
C005197,0.08824195401009279,0.07160348318326086
C005198,0.1129315798302806,0.10504247817218751
C005199,0.06290209260287638,0.050010914126224826
C005200,0.03587018303140699,0.044554254569755376
C005201,0.16558620340742056,0.20605446986883016
C005202,0.04582051623293672,0.032362369731983885
C005203,0.16524990250913227,0.14533211546091615
C005204,0.025820750132239445,0.023053671427049702
C005205,0.054575291162816474,0.04860398105945242
C005206,0.12141612807477639,0.12645349854785706
C005207,0.08468353526174381,0.07625164829692507
C005208,0.06022975958650502,0.05853028056840208
C005209,0.04027341200869426,0.03852369018025014
C005210,0.29738029459879833,0.23794295234465096
C005211,0.2637854212969747,0.2420552624372343
C005212,0.02681304920551711,0.032991623147176866
C005213,0.3367220882584703,0.37548867086529236
C005214,0.1012230288343691,0.08455833390371845
C005215,0.03966068411683834,0.03804592392394111
C005216,0.03138937754062361,0.029910408366785313
C005217,0.03046287226077657,0.03795631187992608
C005218,0.028961965885917217,0.025343567368833225
C005219,0.0984882449937466,0.11093200750957814
C005220,0.024114624667623825,0.02398689514658046
C005221,0.060603044188588286,0.05680178937605775
C005222,0.06741971751698739,0.07465569676155906
C005223,0.08881574531318276,0.10499380466388142
C005224,0.2911651027186568,0.3937751010996851
C005225,0.0468217497564752,0.0403082706997652
C005226,0.031954501134618986,0.02848863857492805
C005227,0.039699365681940824,0.03803805572345197
C005228,0.2563631646276677,0.21659129654888482
C005229,0.04181141002657163,0.03694782311507092
C005230,0.02912642396096578,0.031182404020422883
C005231,0.10067641269901666,0.10094956544471675
C005232,0.15696577984045157,0.10863573800450514
C005233,0.04007605702152531,0.041043647923051804
C005234,0.04890981895257597,0.05266535372486891
C005235,0.16861020521918388,0.18952967462530118
C005236,0.0934425467093635,0.12097569594309414
C005237,0.04944507942926493,0.04608059367902437
C005238,0.08734225882601065,0.10103051781719881
C005239,0.03589066673507154,0.03274179488582322
C005240,0.08286543094870999,0.07954284869176223
C005241,0.08389642519601972,0.0760555699426956
C005242,0.04418072590041651,0.04193073597390201
C005243,0.03419246324809189,0.03230977671143012
C005244,0.03604743311646626,0.04304963709810323
C005245,0.057674229720468616,0.06209406328845661
C005246,0.03219915248020154,0.02935965478268688
C005247,0.13809582723220043,0.18425123710501498
C005248,0.04014872979005823,0.03597420688958765
C005249,0.03728980958768357,0.03736029837583473
C005250,0.21943183228864155,0.19694069764318273
C005251,0.06291111786915346,0.0655211399969867
C005252,0.055707411190501044,0.056043127971350803
C005253,0.05701498055355392,0.04439801314636587
C005254,0.035497649481501366,0.03552228482380507
C005255,0.0966201725153119,0.08943152129448202
C005256,0.06953779911500452,0.1256708311414167
C005257,0.25385555836772894,0.25076513010924006
C005258,0.047810209256985,0.052512895200889385
C005259,0.07188741115789096,0.06592885843032045
C005260,0.04501717698975082,0.04757659630553241
C005261,0.06458992565254676,0.06532450264748582
C005262,0.021210851134407658,0.021808636014900944
C005263,0.10509431355571663,0.11568461981632457
C005264,0.06601555749652613,0.05379129321025191
C005265,0.05607559009603852,0.0508876135583213
C005266,0.04701902157858724,0.05103796190167742
C005267,0.034788843159703126,0.03273107796579655
C005268,0.044414732693232276,0.045933586867806575
C005269,0.293748022107115,0.21681259786261342
C005270,0.02929858239637815,0.03661570520903358
C005271,0.11951582493499957,0.13346191178052957
C005272,0.05581762004712572,0.050885344960742165
C005273,0.04441853667576455,0.04342045976112157
C005274,0.048359187407815474,0.05097782415000488
C005275,0.17717278870082706,0.1540841137677056
C005276,0.028517071732907517,0.031179241502513992
C005277,0.04449494967269203,0.04986128840403073
C005278,0.04834503402955202,0.04456168679791663
C005279,0.038749653501694334,0.0418068347642855
C005280,0.05577120118132435,0.050568213471516354
C005281,0.06225111234865218,0.058452855452546984
C005282,0.032818338791611196,0.031136014423090552
C005283,0.0295359080918209,0.031119976998270217
C005284,0.09755990310101184,0.08043408496499652
C005285,0.15620082447003678,0.157393419841716
C005286,0.10849676143038353,0.1064340561316603
C005287,0.15510396114500608,0.11939056650659904
C005288,0.15215264396103298,0.1918593122429224
C005289,0.06115802978310464,0.0784995900241343
C005290,0.2877931232572992,0.2512676537549773
C005291,0.07867349911000235,0.07039304773239768
C005292,0.21149204906422514,0.21854326362304727
C005293,0.03487854949585461,0.03198731762631797
C005294,0.05775169500230128,0.05415045349969485
C005295,0.06224232171733857,0.07787689154516535
C005296,0.04007596606979006,0.03479263936369768
C005297,0.06935103492129509,0.05398256368094275
C005298,0.05169064990406027,0.05334976943171223
C005299,0.08219513661680505,0.07275977496196065
C005300,0.4249662646093185,0.35918039678678604
C005301,0.030406489595929048,0.036241789282447874
C005302,0.0337400741864306,0.034174712423762306
C005303,0.08296687978448547,0.0875750292110969
C005304,0.14067567012003554,0.11124543565506695
C005305,0.051364962328645826,0.04417946675603117
C005306,0.061152120511538635,0.056563378509851325
C005307,0.13299577532643214,0.20863871937374595
C005308,0.06929279030828385,0.06290339551384415
C005309,0.0546468838095441,0.048400002009141484
C005310,0.03563218466942743,0.0237237376293465
C005311,0.13093249713573157,0.11618388157873356
C005312,0.014949043469591129,0.02502105461215149
C005313,0.035420774770718935,0.04429385622318749
C005314,0.07402650285306292,0.05784459523024018
C005315,0.04276327635649281,0.04425672306263247
C005316,0.0851105971508436,0.08181723592092949
C005317,0.07386995141052179,0.08369707090712526
C005318,0.06991622563441972,0.05429918330632559
C005319,0.0488211731592335,0.04657056760442818
C005320,0.023831076490410993,0.02572363794135125
C005321,0.1480402640667713,0.13361261520614426
C005322,0.08931422921085577,0.08501998429007021
C005323,0.09953771374816492,0.09361978168333088
C005324,0.1220644084058391,0.10641231062544294
C005325,0.04115948005499713,0.03322058520303072
C005326,0.045744644049463025,0.051175878578810494
C005327,0.04981648731808294,0.05317269535740462
C005328,0.07105262087424448,0.06642599389655475
C005329,0.04771661114039953,0.04259476876063443
C005330,0.09109187585998593,0.0866053214635654
C005331,0.057992326741468855,0.06333866741226235
C005332,0.12673455564054364,0.11337565129653526
C005333,0.06341689129514891,0.0437143856430155
C005334,0.03667594655754665,0.036636834011575005
C005335,0.061397074929624484,0.05657825233060414
C005336,0.03927836992518467,0.060192708455583575
C005337,0.06198873491011538,0.060222488087817064
C005338,0.09191322903005139,0.09484343231782975
C005339,0.17329104672372092,0.18303411065365888
C005340,0.10212524665328068,0.11117083328203478
C005341,0.09510774330312746,0.09410590051422218
C005342,0.023214114161782873,0.022334098359160198
C005343,0.0362463091694004,0.042908977481101465
C005344,0.046225326904560146,0.03627890241309286
C005345,0.04378083129408854,0.05563616114303038
C005346,0.041479710450319195,0.03823014848697706
C005347,0.03739302178502492,0.033156013037996854
C005348,0.03833878497976613,0.0349186670346299
C005349,0.03650452432658198,0.031061598052052098
C005350,0.02903711076742601,0.027475949077241456
C005351,0.11119275467283578,0.10398161239866847
C005352,0.02829284353632037,0.032938740225124365
C005353,0.3509483212447254,0.31455842852077276
C005354,0.1666882926609489,0.13281167305390257
C005355,0.17824572338272177,0.17282806008773433
C005356,0.2808549750971874,0.24068227871274783
C005357,0.050316540192414584,0.05664756353473275
C005358,0.0818380300468197,0.07645553032655578
C005359,0.053919520590790505,0.043599156523231486
C005360,0.08590338854178062,0.08548298467021422
C005361,0.052466049793256406,0.04547358378095838
C005362,0.09107784673079285,0.09982754035625589
C005363,0.03609161784415661,0.03953577246814705
C005364,0.0904960036773491,0.09591411290503267
C005365,0.04278145115986488,0.046559199681523146
C005366,0.04834958821654297,0.044484671133708756
C005367,0.03857692823971316,0.035635004070234996
C005368,0.03207423291913866,0.04543522299712733
C005369,0.09401511467534934,0.07909491043947614
C005370,0.03591396278991495,0.03783319022584275
C005371,0.04262683422311116,0.03592168200805138
C005372,0.13134993332363293,0.1517974555990064
C005373,0.06908053603163528,0.07954450666488386
C005374,0.05120390564601662,0.05710011146721324
C005375,0.3521779971193721,0.4057165881265635
C005376,0.04294836964851089,0.053872844399543277
C005377,0.18401689465808826,0.18810352458724733
C005378,0.039769564700172476,0.04403854718359085
C005379,0.03459428352428466,0.040139046801208104
C005380,0.029020960475515795,0.025805753610303007
C005381,0.023668296714382534,0.026324051973991736
C005382,0.05817597727843386,0.05613961060246285
C005383,0.03920236548305322,0.03745020695709646
C005384,0.031296368377477214,0.028977471757877717
C005385,0.04472182457580599,0.03926648343899172
C005386,0.05954478212235701,0.07213183104282292
C005387,0.047327282416941216,0.04546477035080391
C005388,0.027761344014650642,0.02769985479985192
C005389,0.04136882549937053,0.03538795567895625
C005390,0.0603544260012265,0.055639128739605595
C005391,0.07515661510934356,0.07814234961014092
C005392,0.02660981203733257,0.03765669349919072
C005393,0.04213760692918848,0.03979543856235997
C005394,0.042344244525997346,0.045685693319803745
C005395,0.15761256425327458,0.15017999347425412
C005396,0.15507307321473743,0.14635806343389657
C005397,0.11618932833618238,0.11992125860302232
C005398,0.05009584199502535,0.046814403852373766
C005399,0.36541616365108864,0.30793847496084714
C005400,0.05137463277910662,0.04935054888109019
C005401,0.05012150455841844,0.045708425386426985
C005402,0.09063547070271549,0.08936260251773545
C005403,0.05985358412704661,0.05676093048687854
C005404,0.04626221190174651,0.04392053929676685
C005405,0.07670084720577512,0.06328208916357206
C005406,0.03701801370012526,0.039217954214100195
C005407,0.3016083061830859,0.32990024442062904
C005408,0.03442664578117791,0.03178305091776187
C005409,0.0757595154024078,0.08275752764842689
C005410,0.052403316353408835,0.05616702290720375
C005411,0.04619372319418708,0.046788947478414174
C005412,0.03607061520684617,0.039399007730023805
C005413,0.02584730340085179,0.021886399226713114
C005414,0.040989479436602444,0.039663573319890226
C005415,0.35920399980720574,0.3217996977439542
C005416,0.09948569731522583,0.12624032668836174
C005417,0.04765852207978288,0.049759410278629214
C005418,0.03766324822568442,0.03304886633864972
C005419,0.13460265811967906,0.1138100722348508
C005420,0.028000467637897552,0.035006538703121516
C005421,0.19539564599744766,0.19521232642132696
C005422,0.032374026503736254,0.03374256859128896
C005423,0.04256858108886028,0.041020300103633105
C005424,0.04311289626387467,0.044645511586104664
C005425,0.04362216395904507,0.04231761393360489
C005426,0.11164868335741429,0.09840746792515388
C005427,0.17103293502957384,0.15102824633342635
C005428,0.03842445796632568,0.05323006882433231
C005429,0.057549884950910846,0.046929742104870234
C005430,0.051301419507771895,0.04365166679649425
C005431,0.07718242045165255,0.05200019103122209
C005432,0.03380004761953579,0.03748408450627349
C005433,0.02412878742058542,0.032760371291167795
C005434,0.04526016188610364,0.05830515976117208
C005435,0.10618204203557077,0.09589554234182882
C005436,0.03234665973646584,0.031214524121639647
C005437,0.08535371141450074,0.07836438154830463
C005438,0.04118838842433049,0.03871592558466646
C005439,0.07643174924749478,0.06837584289293092
C005440,0.04222716245293452,0.04592347412805696
C005441,0.03074198285166433,0.05092656531771489
C005442,0.07032835876043612,0.07222745493947165
C005443,0.049501333974443576,0.05391853130667118
C005444,0.03581544216830177,0.03447289659291494
C005445,0.04006114575782679,0.037657722407267794
C005446,0.06179297982347835,0.05944238052483168
C005447,0.043629563807551404,0.0466489851577722
C005448,0.04515022482358536,0.0397183390493638
C005449,0.05891988992777453,0.05013682571272229
C005450,0.07483935103241281,0.07124452894787875
C005451,0.05214155140333996,0.04164922546982977
C005452,0.07641238517081686,0.05482822323869356
C005453,0.08556615762813205,0.08249375691317484
C005454,0.1884379062666101,0.22254993210844248
C005455,0.03424416947527193,0.03336010324302132
C005456,0.08801628040299939,0.07008729006127479
C005457,0.1238619078321248,0.11226815587792768
C005458,0.11889562489061789,0.0973344723227353
C005459,0.03645338787778199,0.034587267121074336
C005460,0.034505688165992324,0.03678406195285375
C005461,0.03799093589162468,0.04642789780489276
C005462,0.05721041463323332,0.06770457052810559
C005463,0.07313766535099527,0.07672995171714603
C005464,0.049825219877070594,0.038993517010436796
C005465,0.033980140209063606,0.034707415781337445
C005466,0.02147437718510247,0.024905215962113307
C005467,0.07769782062757045,0.06793963694379387
C005468,0.029822802528596693,0.025194149945737886
C005469,0.06237413591449389,0.06080897461175041
C005470,0.1002592666599478,0.10394941846359432
C005471,0.2591965750619577,0.27370901096193034
C005472,0.02827078266626225,0.03296640884874209
C005473,0.1672542603684121,0.201927003232433
C005474,0.03400398840955888,0.027175753942229392
C005475,0.05306177773077046,0.07709771778367672
C005476,0.038535146580375226,0.028059402831599717
C005477,0.03426708022035237,0.03437415616198001
C005478,0.046385182453493747,0.03828465686757802
C005479,0.038350612164017486,0.036783809574753065
C005480,0.048831024042298686,0.04012736821581453
C005481,0.063373264759308,0.05733842057087814
C005482,0.08208084599963171,0.08383148144538505
C005483,0.14778440661485642,0.13781765402063914
C005484,0.03732912918587282,0.03354939601687496
C005485,0.05781520436968292,0.06381794343648958
C005486,0.09875253131682474,0.09415922373688429
C005487,0.07345839672920434,0.07469070594204745
C005488,0.03217303276800094,0.030342170849570704
C005489,0.04525555589379996,0.04467685279499638
C005490,0.05400588252641496,0.06100517780150846
C005491,0.21890721011265546,0.2565877658572718
C005492,0.04553767052966354,0.044495700592661225
C005493,0.10837341335711162,0.0986427992887889
C005494,0.039604609404960675,0.03348524272672028
C005495,0.03823599140654614,0.04240405799209578
C005496,0.03253101037713376,0.02792761012070613
C005497,0.04174383312569146,0.03197320784689356
C005498,0.05439430480206091,0.04779587449660731
C005499,0.07117186604006676,0.056243077831448496
C005500,0.04132872121700087,0.03928998215376102
C005501,0.21765015278012712,0.2377191452639828
C005502,0.052865481549705606,0.06870756519452989
C005503,0.07531545844336307,0.09016277539740906
C005504,0.24355022427442,0.2686413029716605
C005505,0.12566731210156218,0.1132022146038368
C005506,0.20105047993906897,0.2564525098998797
C005507,0.03131770432131727,0.030163264369288022
C005508,0.06417604238979599,0.07247133253269275
C005509,0.06916684327833986,0.09174133980718276
C005510,0.046111768364655956,0.047574310493910206
C005511,0.03392773013006773,0.035615730278625676
C005512,0.04619637677939391,0.0446685287489899
C005513,0.17010460876018946,0.14051140139216017
C005514,0.044875122218686156,0.03555382580891618
C005515,0.07751491988807627,0.09014422106330708
C005516,0.10695647137078215,0.10566811051071008
C005517,0.05827410257092373,0.0805464865117984
C005518,0.021263071570529972,0.024523927947542164
C005519,0.06369884827394054,0.05514488941589696
C005520,0.08984263719561422,0.08832695921314937
C005521,0.029951687827005753,0.026655777197060877
C005522,0.050711946713854414,0.04557594924065211
C005523,0.2526045241064493,0.20497916095489352
C005524,0.1078998613083734,0.08403536635101001
C005525,0.048950165032025796,0.04704031840409785
C005526,0.06210928094756742,0.08179007511246197
C005527,0.12838896388938742,0.12349142428548507
C005528,0.054604686034951465,0.05750670650188104
C005529,0.054099407231848154,0.04716981826164083
C005530,0.136454061578702,0.15791682967019188
C005531,0.03041529971760275,0.02625118670411435
C005532,0.20099575212875237,0.1639245987070563
C005533,0.047470844004977364,0.03974670854851834
C005534,0.28735830825570563,0.2927488115964799
C005535,0.08770485343397805,0.0844421789258986
C005536,0.060626850390987544,0.05087223837093161
C005537,0.032380009718591674,0.03301728585476972
C005538,0.18766954960567248,0.18219338454980552
C005539,0.04544884552137015,0.0639767392989843
C005540,0.07003230829694684,0.06351514117808309
C005541,0.04780585351810099,0.04676544449156441
C005542,0.02868243302894761,0.03025173819330451
C005543,0.0448989883613083,0.05163950471029257
C005544,0.03984759315747249,0.041196659053758085
C005545,0.028764933891934547,0.028900815777878387
C005546,0.11678514269519313,0.113928703972207
C005547,0.041235777269571575,0.054385128788525264
C005548,0.15509431583995034,0.15365744410352228
C005549,0.037842180242707454,0.060503129108105645
C005550,0.07008500676812816,0.054208167826192956
C005551,0.149458330525364,0.13521235839941248
C005552,0.08579491303148165,0.07649934846636466
C005553,0.616544728664791,0.6149950629968947
C005554,0.05017276831745247,0.04714569116136763
C005555,0.01766434195100112,0.02320923290217481
C005556,0.056457466594414016,0.06176313927154684
C005557,0.03020139932997119,0.031037294284674017
C005558,0.1247970021908545,0.12481540583076489
C005559,0.03346691950378907,0.03943654558029244
C005560,0.051216064218798575,0.09926392636934137
C005561,0.15067399949142668,0.1301629321354796
C005562,0.07402023809598993,0.06391351222435618
C005563,0.03179600328522332,0.027226192958773487
C005564,0.05721861766656222,0.049038432137431844
C005565,0.07210998778913162,0.11225619343760003
C005566,0.15565367990384407,0.1226298427344048
C005567,0.03477642634144497,0.03576965899292448
C005568,0.0620967506322755,0.04907619850372186
C005569,0.057598043275627356,0.061489912648122355
C005570,0.02957710083992633,0.04103955045709126
C005571,0.06958769768447154,0.09027768003585132
C005572,0.04874207755229077,0.048027256338871574
C005573,0.05992521203387517,0.06247317922032188
C005574,0.04630785125719923,0.03890512733507617
C005575,0.15641993821968472,0.11578832318689922
C005576,0.08272040102175389,0.0862937833541735
C005577,0.06042655496639604,0.05249779991088075
C005578,0.0570132613272792,0.05309638244117796
C005579,0.04029252847095074,0.03621753223456879
C005580,0.058937848418117444,0.062392109631570034
C005581,0.3396874900480973,0.42334552106042905
C005582,0.02129050235749124,0.01987963401224615
C005583,0.05011848655597689,0.05553048010549577
C005584,0.03338476714826073,0.026743530628499306
C005585,0.1856816685118901,0.22110029596678632
C005586,0.08906391888778586,0.10030457453812151
C005587,0.0589268787461394,0.0460088354469758
C005588,0.0350522291213153,0.0571287999426731
C005589,0.03797293654833571,0.040555722245542054
C005590,0.04926043902056018,0.042526106244683205
C005591,0.06422975108329866,0.07031642117562424
C005592,0.05356654626227183,0.04746767954339817
C005593,0.12010121290827325,0.1399611535586554
C005594,0.12434216159818667,0.09984285419818714
C005595,0.03825122339875966,0.03458766826673363
C005596,0.14312922251942686,0.13044991418324997
C005597,0.037833996524477484,0.029427565578058194
C005598,0.022286874581905727,0.027265645189294307
C005599,0.11248757553006943,0.08488888126341632
C005600,0.07200361230121037,0.06127253978959579
C005601,0.040313669874789126,0.037771323013783206
C005602,0.10569270884508937,0.15318208250118984
C005603,0.042112301146466406,0.036358483533324715
C005604,0.07765985076825851,0.09052752828421935
C005605,0.0583636944188987,0.04076362973513212
C005606,0.09166787546717123,0.09058924929517002
C005607,0.1732188343770736,0.17313172783355596
C005608,0.04150965183824372,0.04672861485068264
C005609,0.052953458488932494,0.05674858370063488
C005610,0.1685547299475,0.1513978500643934
C005611,0.041127168830863536,0.037977555196904135
C005612,0.02908357301838921,0.02345520347829739
C005613,0.12208882867864843,0.09120274961040571
C005614,0.13980473634602145,0.20195508379627486
C005615,0.04598572776049768,0.039524848787276544
C005616,0.037734308126891915,0.034099273873566274
C005617,0.13334268502471844,0.14291349310827015
C005618,0.02633281809999525,0.027514816312809942
C005619,0.05585597730501134,0.051586450601140865
C005620,0.042964709165483464,0.039754852003178034
C005621,0.038866354621507136,0.04513250448930027
C005622,0.036168501451844595,0.030650250684568538
C005623,0.05648848981807371,0.05325766292821914
C005624,0.053688836525696226,0.037870308647476855
C005625,0.2928978394751084,0.2718829226544402
C005626,0.04279168915045961,0.042056445120875786
C005627,0.031861785010936776,0.04808204835228483
C005628,0.028216929313379786,0.03659038526493523
C005629,0.047524451075104245,0.05432748998660568
C005630,0.05066349489577075,0.052848644591160364
C005631,0.036850942521976605,0.03910357712353359
C005632,0.035002381473021725,0.0328988766442043
C005633,0.03295703595066527,0.0378938642278166
C005634,0.0940116032546899,0.06433940380036986
C005635,0.051057559589186806,0.0740073203097863
C005636,0.09825079185148851,0.07974696321695177
C005637,0.05653818692257334,0.05173660035934187
C005638,0.03816091086725694,0.038961017603763845
C005639,0.11092184253802333,0.1513680065979656
C005640,0.058997250600918746,0.05609461934774827
C005641,0.05254890551107588,0.061549020329867345
C005642,0.07032283793287519,0.07524199995823697
C005643,0.04454763271270127,0.04434576143238472
C005644,0.354124039806048,0.49039734778851046
C005645,0.07084816435359972,0.059710193250804566
C005646,0.06727951224460119,0.06675103534266306
C005647,0.050140493794699446,0.04431730128519692
C005648,0.26513011258642116,0.26384272774108186
C005649,0.022939616114163498,0.023471825906722477
C005650,0.031347784996204664,0.03196880391593175
C005651,0.4844061481029137,0.5311161893130087
C005652,0.03852995922559771,0.05123448855916672
C005653,0.033521061725526415,0.0334983807091783
C005654,0.0319699074866193,0.028786579615326824
C005655,0.04296729941930213,0.04167609146827789
C005656,0.03272085685524491,0.029256353966472314
C005657,0.06390939216692948,0.05481846421525275
C005658,0.040536526601544796,0.045838089730069864
C005659,0.08974568115591382,0.099031387898603
C005660,0.051342989757167924,0.0549998379944711
C005661,0.1301791504405611,0.09628739509166173
C005662,0.05075654500252026,0.051763938648344464
C005663,0.03148273433063601,0.025650126943567407
C005664,0.5234119860169862,0.6405787977316905
C005665,0.035659361557929904,0.03868361557569398
C005666,0.05298958733054067,0.052120424587545976
C005667,0.06085048795905318,0.055294826822168665
C005668,0.08863476500154688,0.08595226243203627
C005669,0.0809267509096011,0.09831849184474126
C005670,0.10226130807843956,0.09480967626356411
C005671,0.04558770808509896,0.047711154638784815
C005672,0.14956863399184034,0.1632381874121263
C005673,0.046245955485436085,0.039951549131018324
C005674,0.25551480639338386,0.2824799165782143
C005675,0.04249771321362262,0.03426923297482956
C005676,0.028210701171026763,0.031090221267072504
C005677,0.07992603792041046,0.07687676772846277
C005678,0.038707229854888114,0.03439968803244009
C005679,0.044566205368664576,0.07511025869168447
C005680,0.041951520148215925,0.04267509171867594
C005681,0.10877493241945273,0.10755531780295743
C005682,0.055393795915886425,0.06828854220341676
C005683,0.05075241380984223,0.04934759632278676
C005684,0.11798538305886364,0.12747719475223188
C005685,0.029583707864956166,0.030351767621365135
C005686,0.027387634611152067,0.024079633994055917
C005687,0.08034077493474667,0.06324657107787955
C005688,0.04448845037514191,0.04475719660450697
C005689,0.039593500546663656,0.04271350466723091
C005690,0.030945038926474534,0.030536966182770853
C005691,0.04567117102368497,0.04527218938371165
C005692,0.06963016881717617,0.06607238217431054
C005693,0.10385646196390952,0.06519542771849313
C005694,0.042788005545182736,0.040171973546937544
C005695,0.027767115796874735,0.027893696851322126
C005696,0.21341250623628802,0.15805025446051119
C005697,0.026517569372013838,0.02783318538163864
C005698,0.03486474331651113,0.024856194632019993
C005699,0.059041896269222606,0.03882135434578081
C005700,0.052992617403880685,0.046629577495024235
C005701,0.05834158626948595,0.05569338561518293
C005702,0.058507021714510096,0.058637697194215
C005703,0.04853118437589384,0.03245654420850449
C005704,0.04814111833834819,0.04299938487627154
C005705,0.0562860992559983,0.05226073172025555
C005706,0.022900404371686098,0.024828609377859197
C005707,0.04378306469240911,0.035839798109924784
C005708,0.05690581847164623,0.03973626919039104
C005709,0.05239235136417893,0.04524638107216639
C005710,0.14515185611690457,0.12232307186092732
C005711,0.0341865815331875,0.029147783732728017
C005712,0.04335044801487277,0.04162522024120502
C005713,0.061752276426069216,0.061888154688233984
C005714,0.05097862705642975,0.045388743430929315
C005715,0.0771731130848162,0.0664635764396069
C005716,0.04495430386094055,0.050634075828233135
C005717,0.027283243612124364,0.02924852279430762
C005718,0.03893270057441534,0.03027518665272706
C005719,0.06641806400374736,0.11245641284567129
C005720,0.04929923010786552,0.042653578211553786
C005721,0.05705742696706516,0.05194163645563872
C005722,0.35346040072437807,0.30752457366670594
C005723,0.06360927665168994,0.1053666580775799
C005724,0.032548310212758294,0.031613126367428974
C005725,0.030416164434308706,0.03396063765056244
C005726,0.03503012363464781,0.05323169081106138
C005727,0.11297342424036243,0.11645675328832346
C005728,0.07874862392360704,0.05509176303386256
C005729,0.04415670565424883,0.0693543976260283
C005730,0.07147449951371539,0.05823041852360263
C005731,0.03502988925385954,0.04024756683093293
C005732,0.03827225801249637,0.051967993247274004
C005733,0.09997846981140451,0.12092683532384799
C005734,0.0413840521142906,0.04199308213955999
C005735,0.06401161819486037,0.06857188020020842
C005736,0.14250956756013466,0.17028512501663712
C005737,0.03340119469852346,0.026913044690826782
C005738,0.21781133683360307,0.2515942872931295
C005739,0.08473291777079736,0.06427470633793156
C005740,0.029027464731799513,0.030393858677393425
C005741,0.0800717003934083,0.09393933497736376
C005742,0.03446762061506392,0.032993822810323495
C005743,0.28850692037926917,0.28857051241576775
C005744,0.05045298840801149,0.0350621208462534
C005745,0.04120288994606908,0.03846183214147954
C005746,0.054524664463206626,0.05354497858471918
C005747,0.4009889923944316,0.48999800995267684
C005748,0.02933051732208499,0.030436879141755545
C005749,0.05322606536806183,0.05142382198046282
C005750,0.036834431563550714,0.03519382864558075
C005751,0.043273026641015976,0.03939531796530387
C005752,0.03525530054490123,0.03105029511482734
C005753,0.06777334832819912,0.07437366131752336
C005754,0.05635540443917173,0.042569609296856756
C005755,0.024612371411749788,0.026671335272883324
C005756,0.0731068888429483,0.05845874140682607
C005757,0.0460589985637648,0.04627172221940314
C005758,0.034536018839130524,0.0425194531499841
C005759,0.058827176452130626,0.04699165062409531
C005760,0.0360835689281619,0.03565806259593757
C005761,0.03762275334466783,0.038895503656924096
C005762,0.049709078191290515,0.049548299422766215
C005763,0.03702617025289251,0.043107748960778146
C005764,0.04311387522109254,0.052324735965706595
C005765,0.05146873083090309,0.04566847122138468
C005766,0.03407452603255545,0.02963648050302149
C005767,0.13297950812001808,0.11029215285017588
C005768,0.07079839295147164,0.0741825276461566
C005769,0.056523945558496456,0.06276836011765877
C005770,0.0832665599066108,0.07858538158049158
C005771,0.279118730612864,0.250913699737113
C005772,0.03870267438404518,0.03718561428322202
C005773,0.03907628281281602,0.03602775417204247
C005774,0.03128694624420973,0.028302952160857812
C005775,0.07847529817483387,0.10328543147107402
C005776,0.030077132132127753,0.032466201714086054
C005777,0.035257219722414745,0.030219375442449896
C005778,0.028589653441133612,0.0297456546511639
C005779,0.0470117286104074,0.049596697127366224
C005780,0.06430581612211202,0.08246012796117193
C005781,0.35299509279758545,0.32146327642438155
C005782,0.030197850481197913,0.02965172298626436
C005783,0.03783499248223794,0.04245330517538
C005784,0.1900213281632907,0.274407576808127
C005785,0.06904344135514813,0.06118980696639997
C005786,0.06848474634027098,0.07647059452369798
C005787,0.039369283234703865,0.03666180509405407
C005788,0.2927234960496958,0.2683212773248871
C005789,0.11276624135633265,0.09673296859043978
C005790,0.03091849729946646,0.03222130878587476
C005791,0.03875279563257056,0.04201437795130422
C005792,0.536235283050661,0.5864117844662852
C005793,0.047350144606004875,0.05505668904397837
C005794,0.2413294295071211,0.219573061135941
C005795,0.02964902232070234,0.03511896989199974
C005796,0.07183300854572254,0.08129466055473107
C005797,0.036431321052363894,0.03648087595739706
C005798,0.07455141913748384,0.0614324018644818
C005799,0.02531623848648747,0.026953634103349944
C005800,0.06358345846678984,0.05022246401140799
C005801,0.05231969374833813,0.051045550914014234
C005802,0.1202309078302251,0.11834277996386577
C005803,0.030482040041952523,0.026825404489018233
C005804,0.11408484065947899,0.11152417156197691
C005805,0.08951370590764168,0.07724937741160628
C005806,0.0709954386979735,0.08016039487979307
C005807,0.07387355738364143,0.07410328235266553
C005808,0.08487600141255167,0.0757377762348988
C005809,0.04068127671980458,0.03634398385218037
C005810,0.05570097516170752,0.057334940917560195
C005811,0.275909802703954,0.2678418896032303
C005812,0.02597607988536141,0.027177642858181437
C005813,0.13186585879105456,0.1141389222125992
C005814,0.08365418647380693,0.11163207651289046
C005815,0.03504550845945402,0.053130630626857724
C005816,0.024942539538893423,0.031473731985153755
C005817,0.13811646901024183,0.13283319156250525
C005818,0.08002850698529904,0.07107604417537854
C005819,0.04390142398572307,0.03868807713346782
C005820,0.03277597890356285,0.035221434764150045
C005821,0.05464244184358445,0.04840526275956057
C005822,0.055470376343782865,0.05126018498241967
C005823,0.15846017107982838,0.18383265941861318
C005824,0.03554817576422918,0.03655064975962058
C005825,0.09296384775668096,0.12832750141069807
C005826,0.04786068821224525,0.04560725957752591
C005827,0.05525292701442395,0.03697607646168516
C005828,0.049827571222856255,0.04467449206019648
C005829,0.060987244049793665,0.041280636414798684
C005830,0.03092527872128991,0.04857429770447144
C005831,0.09319804130473955,0.11861683426501704
C005832,0.04608280542475205,0.044561058240858806
C005833,0.04305827099548058,0.04670776750341114
C005834,0.07684216714120001,0.0748338063239229
C005835,0.04075904774204457,0.03326163917668131
C005836,0.08072754468066586,0.07683104669830355
C005837,0.0497634056357147,0.04475819798066113
C005838,0.044021159954261244,0.04607783220675867
C005839,0.03236631491791875,0.019262449050468273
C005840,0.037364065801815366,0.03659646252628855
C005841,0.09851311337163396,0.063673232850565
C005842,0.20785363548636124,0.16860221811385928
C005843,0.09240938877191991,0.08680263452834017
C005844,0.06953203709609573,0.06670586992088816
C005845,0.22947665286009516,0.2337371049218918
C005846,0.033407987278835906,0.029382009245627096
C005847,0.029520355170217023,0.03043776732968171
C005848,0.034946061075734676,0.04094097390303531
C005849,0.10704676454847664,0.09225743140056794
C005850,0.02927634877757541,0.03805046143217355
C005851,0.051873078741485945,0.039193138435139864
C005852,0.041446017574227646,0.04068294725791868
C005853,0.03277670382913652,0.03941175032444685
C005854,0.036045679480881075,0.037372691658038484
C005855,0.09615419644001524,0.09204209034943821
C005856,0.05058258585865388,0.05105784910226337
C005857,0.0786889036554235,0.07909237061903415
C005858,0.08787821499645149,0.055740530639357425
C005859,0.06090888370331724,0.05675539525682398
C005860,0.033890725986733705,0.03938489688645003
C005861,0.04905501192998417,0.05383837417099792
C005862,0.32321722853658696,0.4768810990473858
C005863,0.027499916662658976,0.03269916271850756
C005864,0.017710927360592123,0.024369692303436667
C005865,0.05532593507508142,0.04643029010828994
C005866,0.07673155775057025,0.06802460127287677
C005867,0.1297504478645464,0.13140097915430995
C005868,0.11333791801653063,0.09375345980176952
C005869,0.04275469135894407,0.04230678193909266
C005870,0.03129674928171835,0.03208448202739668
C005871,0.17567795556480711,0.18599156139619297
C005872,0.035352812045069605,0.028179690911216037
C005873,0.058457574157777505,0.05670923080364754
C005874,0.4973102895049422,0.46775055200628024
C005875,0.049819973444872406,0.05238397344383886
C005876,0.04968673347004357,0.04619862980772729
C005877,0.14831792777607375,0.11241817976322117
C005878,0.04521582669143916,0.037716300553758124
C005879,0.08474195585758307,0.09651543261044211
C005880,0.09130927422891008,0.09699157297584657
C005881,0.04450053649555859,0.0379615459365424
C005882,0.039155476804499476,0.03203703531332137
C005883,0.03220654844119109,0.03056684787227445
C005884,0.0398485614746279,0.034305803002744564
C005885,0.22621140169888002,0.27273881347951345
C005886,0.04069554509427216,0.038472025794337915
C005887,0.13085319816883362,0.12990389865827104
C005888,0.5012776471540671,0.4621025920675671
C005889,0.11800109346172838,0.09374370519136874
C005890,0.09578819138483133,0.09782889603915276
C005891,0.03261695290199716,0.028155830816288068
C005892,0.05578171601431745,0.06145207207699153
C005893,0.15775370507106162,0.1471367549207919
C005894,0.1538178201058273,0.1987613705398596
C005895,0.08834973131030466,0.07835797178351976
C005896,0.0415308057362677,0.04690589365245223
C005897,0.18735346097303274,0.21131050733869056
C005898,0.04354893954805099,0.04096364818180355
C005899,0.02668034096560077,0.028767473499675882
C005900,0.15847846042887195,0.10162696315926187
C005901,0.2796064793496465,0.32287074707848373
C005902,0.062426474750339966,0.06644309100420924
C005903,0.05553224442102038,0.04049502407584789
C005904,0.14280082676859712,0.094553535010795
C005905,0.0373819448469726,0.04083787774126464
C005906,0.04331684303428353,0.0440237505226702
C005907,0.03946228029407027,0.038996074585196466
C005908,0.03602116288440408,0.03726116304168476
C005909,0.025378992713832947,0.025931617251866785
C005910,0.2713182621370783,0.3090771685397079
C005911,0.07851634577152591,0.07629041702890363
C005912,0.07962100403057755,0.06477335549142543
C005913,0.3091379356597419,0.306037062622016
C005914,0.04747533636078406,0.05559911183846694
C005915,0.10376984730411395,0.11512513428340602
C005916,0.04392289964567524,0.03622546049622455
C005917,0.048648610871898756,0.04392749638076003
C005918,0.03717487107676246,0.043899205879261896
C005919,0.20674049010545645,0.2265746166315203
C005920,0.03747002198692886,0.03876661662127449
C005921,0.06234395690283908,0.06820374717826863
C005922,0.06882097369778521,0.06248569463070251
C005923,0.08934651713249195,0.0847269516293632
C005924,0.06835671248257322,0.07212277939526641
C005925,0.08360219760953867,0.07543580417961732
C005926,0.126571230245921,0.15693237409859878
C005927,0.04624781642618772,0.03600582102418882
C005928,0.08939561136322052,0.07857985645517186
C005929,0.04119383286035957,0.05718240837872675
C005930,0.3865766523090992,0.40111914905830187
C005931,0.06949324029539228,0.08904108241309724
C005932,0.22384061518722267,0.29886637340239597
C005933,0.035044187212914524,0.03125111908355857
C005934,0.1834996675187969,0.15855851681496982
C005935,0.04978916668078765,0.04725678544433999
C005936,0.05639066576542222,0.04781475866247988
C005937,0.07569241442211458,0.08123171561882066
C005938,0.03946023872120882,0.0323080193289941
C005939,0.08454812916425528,0.10829373983393513
C005940,0.02856075391717694,0.027619575221237425
C005941,0.1792996354778302,0.1376141896199897
C005942,0.15175476344872435,0.152202691216969
C005943,0.027494213326651105,0.034168591322691295
C005944,0.08159167658174848,0.08326338036707182
C005945,0.06130689597475307,0.0661899295950402
C005946,0.054806457595447146,0.053524828501263166
C005947,0.14060453155084154,0.1362738746296434
C005948,0.05815509916237359,0.05008972969212322
C005949,0.1305567052871292,0.14854271176973893
C005950,0.13624815295577103,0.10738182718668694
C005951,0.055339123116145375,0.05278753695196823
C005952,0.03740223254792737,0.035600469929480016
C005953,0.07107997168640413,0.09667208071026774
C005954,0.0390388946447647,0.03251875882269792
C005955,0.07253539860952231,0.041842654858691854
C005956,0.3593670477773546,0.287063945642675
C005957,0.07002213997720039,0.08553764825861312
C005958,0.07399010932375605,0.06796374505458232
C005959,0.05585708880119054,0.05999573059261591
C005960,0.17483753452190615,0.1941544552210021
C005961,0.26377543800140224,0.2987621767318172
C005962,0.06257807480846238,0.06509901257970846
C005963,0.05541948552704985,0.05650178925946614
C005964,0.04929940405601429,0.05325891985157234
C005965,0.14787809422111378,0.23014878409648393
C005966,0.07056544956060869,0.06478505436878393
C005967,0.02323661677069746,0.026974038210764363
C005968,0.03875629961305308,0.047942272135176586
C005969,0.054707978039076635,0.056606307758250686
C005970,0.04038504168428529,0.030875324791817316
C005971,0.022923417965680277,0.027059167502163174
C005972,0.12768987148090843,0.16686469219187433
C005973,0.027450556727222235,0.023535527374580655
C005974,0.14593136880148705,0.17922836581174456
C005975,0.11048224383792223,0.11432840314188639
C005976,0.044175984735527724,0.04828041756591837
C005977,0.05708488700622562,0.05499841180439957
C005978,0.05022839955280266,0.043048468454231895
C005979,0.05358423044397712,0.04034490800541574
C005980,0.032778578415567715,0.035884951450629886
C005981,0.02970385383969324,0.03778410294708595
C005982,0.050584973411698674,0.05293056885068861
C005983,0.03853625557311443,0.059051512152011675
C005984,0.055033085586039324,0.05036848037425255
C005985,0.04452721348812499,0.04089861158999465
C005986,0.13808714346911752,0.17478667083188254
C005987,0.10288540372793809,0.12339167841648227
C005988,0.11558432654258577,0.15516489980247222
C005989,0.10753083288351581,0.12115692608018261
C005990,0.06702673479021179,0.06023117567615799
C005991,0.0772787292228315,0.05867916629091956
C005992,0.06367777021363982,0.08159019690562443
C005993,0.07511597377533565,0.07517477130308621
C005994,0.06729702900229288,0.0370028328141198
C005995,0.07581793652470956,0.08109458480144123
C005996,0.31970249608566004,0.30029773532977655
C005997,0.048211089619289695,0.04083598529296566
C005998,0.08792231753954968,0.12079111979036587
C005999,0.049371130518066506,0.04999156380058274
C006000,0.05875592736886276,0.05486063411017054
C006001,0.07348080615925737,0.06233284040671146
C006002,0.05508373008991735,0.05349592087470001
C006003,0.169097024918657,0.18321392369442221
C006004,0.044226449327589845,0.0434767004707101
C006005,0.056504021132910566,0.05001620412152319
C006006,0.04386648090785806,0.04104280064611366
C006007,0.04206903668838539,0.04139437592776266
C006008,0.03861563869785016,0.038320696587082335
C006009,0.0643210304972645,0.06344216379617654
C006010,0.05223260978329142,0.05479795864651571
C006011,0.023857835216356225,0.028984837230154666
C006012,0.10319943903608264,0.07564429477568663
C006013,0.05025881637199172,0.03903383805361839
C006014,0.23683722355167552,0.23465655513777137
C006015,0.04241959784404424,0.036551893096548646
C006016,0.028902711044435193,0.03695113511628917
C006017,0.08630198267465462,0.07462344073964396
C006018,0.0485253024572601,0.04141056425108651
C006019,0.05975008875206815,0.04813032942242017
C006020,0.04766764744741229,0.043463648466349314
C006021,0.05980679546502883,0.05481989045884559
C006022,0.047639663509503535,0.04943028555434923
C006023,0.03877172288001049,0.04402099737682741
C006024,0.1548324534151258,0.17690280651897855
C006025,0.02314163873531487,0.024366080334536112
C006026,0.03237323972121242,0.03133731107187124
C006027,0.052531086675238634,0.05727493366696116
C006028,0.043365934591955854,0.03281298154644567
C006029,0.032418819346603164,0.03258858105016236
C006030,0.05399030004637277,0.03875498445912097
C006031,0.02704125852312223,0.027113570100233297
C006032,0.037281881563911316,0.03352140400126261
C006033,0.06616351028429049,0.054308416332151756
C006034,0.043341248413159714,0.03811008453256988
C006035,0.03506239262953627,0.0349961469305216
C006036,0.09713854376809464,0.098317272225511
C006037,0.05930591574854819,0.05739227425546924
C006038,0.0331592879842323,0.02759682966079229
C006039,0.037961756357255384,0.03122576782861259
C006040,0.08433807413873932,0.07139186726720662
C006041,0.0404351549572539,0.03726185209082451
C006042,0.04949033924007755,0.052804413547004894
C006043,0.0675588146141731,0.05726319058443661
C006044,0.051424772365649095,0.05633750386370875
C006045,0.06102560467671061,0.042883892665105686
C006046,0.0509338947839045,0.05083228614270212
C006047,0.053033366331241394,0.049074209129748025
C006048,0.21278128317112538,0.19548246292240834
C006049,0.03546040890371662,0.0393320621426113
C006050,0.04607155013882421,0.04359681909214201
C006051,0.058739642990453554,0.06176065803180029
C006052,0.02802747478887197,0.028852992168126434
C006053,0.033963109903901424,0.03430476354617117
C006054,0.2256930859637445,0.2692976846727323
C006055,0.1332688087818553,0.11594593562872076
C006056,0.16183032347734336,0.19894094386099104
C006057,0.05426382585672681,0.046778591409844444
C006058,0.12017541615958034,0.15378749105700898
C006059,0.12025185088433868,0.09818300718199273
C006060,0.03148392443379873,0.031866370775087145
C006061,0.026089967032002382,0.02855654371358619
C006062,0.43996622428828935,0.4470552159891283
C006063,0.21659774397002257,0.2170194308642608
C006064,0.036945478912588016,0.03382973750425984
C006065,0.043844214745991414,0.044906719841778395
C006066,0.04444599582320173,0.03840426382342237
C006067,0.03674062982814546,0.043380040414813484
C006068,0.4650463627863518,0.40423234029858185
C006069,0.047802400622990585,0.04846278033578595
C006070,0.061393409864735835,0.05927139191584661
C006071,0.05104776782596014,0.04720581088819255
C006072,0.22660474428452507,0.24257457849271966
C006073,0.04337256194638074,0.049441959235867264
C006074,0.07046593830012915,0.06913805081645738
C006075,0.04236345356525454,0.04831995110456141
C006076,0.11187039961209955,0.12405238525542732
C006077,0.03326705860766956,0.024452381628488628
C006078,0.041970585710855136,0.04302452704744367
C006079,0.04705262734584407,0.04362209176994645
C006080,0.04933397829237762,0.05176202654973101
C006081,0.055201920618599264,0.06542190394320684
C006082,0.07473341296102759,0.08889856707848819
C006083,0.06624493781886197,0.05674832679694507
C006084,0.039196410596518114,0.03374173489101275
C006085,0.08207352753016077,0.07189464598744907
C006086,0.07801673967059035,0.08086344902171036
C006087,0.1270662887846599,0.10795664826861703
C006088,0.3479581203943648,0.31022239315807315
C006089,0.06311710750473436,0.06433708553414896
C006090,0.044951798572277595,0.040925602012410515
C006091,0.05016785186783497,0.04634052735135506
C006092,0.034266736942033846,0.04499159281373446
C006093,0.07117402664207415,0.08087802676397124
C006094,0.037078292476692185,0.044873273499986446
C006095,0.07051126777158338,0.05834421721436345
C006096,0.22384465737883893,0.19323328129600417
C006097,0.050126319756025585,0.04486975515565618
C006098,0.05010535776281866,0.0376279466385686
C006099,0.03328906140035377,0.03690621670165663
C006100,0.1412849705789531,0.10282396225779644
C006101,0.0685369782300106,0.07296227024576374
C006102,0.0557556442013956,0.057724950043626155
C006103,0.03370808049106533,0.03650803368341177
C006104,0.06966817636982556,0.05948133718248427
C006105,0.04779264469574308,0.042005943426054806
C006106,0.06603491602593772,0.06173603620718263
C006107,0.06219467921299138,0.07446859917349227
C006108,0.0892599288485955,0.07925743288168194
C006109,0.025993422634874454,0.030211804669583342
C006110,0.09901570271597325,0.13639861808391326
C006111,0.15801138203983497,0.11519246779649932
C006112,0.04662862868696168,0.03473237829238985
C006113,0.05134579953296588,0.04689828466744227
C006114,0.08486098140501494,0.06424562039434438
C006115,0.03826327659901131,0.03609210786956845
C006116,0.12436043271157908,0.12561819567452528
C006117,0.07592911730627135,0.09280296105918565
C006118,0.09487530243609876,0.0960746329882686
C006119,0.2758420007687133,0.34055660989370407
C006120,0.04114991212858411,0.04006762059357841
C006121,0.06644155116141168,0.06193195420136592
C006122,0.036126258149858814,0.038266969685150976
C006123,0.0593688454299808,0.058548205064773276
C006124,0.07489371631694741,0.05690644477911548
C006125,0.05028532565284889,0.04003622439784171
C006126,0.06220510333349192,0.057965572967374854
C006127,0.39755190574144006,0.3851761247969914
C006128,0.025086112975583254,0.034171270615092994
C006129,0.10766469425805805,0.1148243479097184
C006130,0.040648085949483034,0.03754819684302023
C006131,0.07118696920276893,0.05830416929850346
C006132,0.10521669003481535,0.10393807896389884
C006133,0.025511786211314225,0.023906126825524367
C006134,0.045356574303088,0.03757057377229781
C006135,0.03146319527380169,0.0215339846972354
C006136,0.046693640327796916,0.04590847048149525
C006137,0.0380093856841095,0.041254482979475274
C006138,0.044553082110489965,0.033344172855232515
C006139,0.021078875847801475,0.024233343345130033
C006140,0.0768955226617001,0.07599767017902163
C006141,0.04424068422671888,0.062433536151553524
C006142,0.21222356482395277,0.20038028365626065
C006143,0.05304554006275932,0.061659254922961204
C006144,0.06959705544604183,0.06327432781504927
C006145,0.017787379918988423,0.01948046619114179
C006146,0.05474874853046756,0.06004991394124794
C006147,0.10323049715176161,0.1298845276493775
C006148,0.05973058621409989,0.05851073401796804
C006149,0.2667806217435737,0.30699049512447385
C006150,0.051190128830859515,0.04980835614387933
C006151,0.07135484424637763,0.06524912294858705
C006152,0.16273395643368102,0.1653628657526088
C006153,0.03876524949372341,0.03943352730406137
C006154,0.0546863651765934,0.047067692547125305
C006155,0.13358236373014845,0.15059401435865805
C006156,0.03845697958028706,0.04026813387017836
C006157,0.2755891360752073,0.23396074382912707
C006158,0.04617169211310457,0.05925013217213597
C006159,0.06482494118657477,0.08711876359269147
C006160,0.13368413870627155,0.1579434970982676
C006161,0.04169863443237494,0.03380692081489013
C006162,0.08685717583434809,0.07877476415493997
C006163,0.021631207868080808,0.03350136974995716
C006164,0.14292234039487187,0.16002098735264264
C006165,0.04675141232078505,0.03417255805843863
C006166,0.17089465283286465,0.2499830838342157
C006167,0.07434329783260105,0.06894050481495331
C006168,0.1996955552492293,0.17279382181008557
C006169,0.04241625411815969,0.038633346387085744
C006170,0.037223528228088325,0.03640009389506726
C006171,0.0562015030984244,0.04527290698389939
C006172,0.05131013961460708,0.0462983636490454
C006173,0.04608512511675402,0.04678433638281062
C006174,0.06139903292552716,0.05745976226359818
C006175,0.06473465503507159,0.06712903956262725
C006176,0.3323693514494212,0.3104027797158457
C006177,0.0247686276562169,0.02274745860403228
C006178,0.05471014538429695,0.04974453161346559
C006179,0.16028683178313774,0.14552099037552962
C006180,0.04600368656250205,0.03416361601058828
C006181,0.18101239815527861,0.14523792801187013
C006182,0.020350058218453954,0.015983494466933673
C006183,0.12384451610288538,0.1043958781498348
C006184,0.17920130296990627,0.20774549730384556
C006185,0.07299663207233209,0.07018514173906805
C006186,0.04199860554269249,0.043275877800325206
C006187,0.11917776926389509,0.10245828327513425
C006188,0.09758016663403432,0.0909599946504916
C006189,0.04156797001361858,0.048404543132871666
C006190,0.037935346290150114,0.03657768622111751
C006191,0.03966915648177273,0.0425014582050522
C006192,0.040024371654421194,0.04484237382102548
C006193,0.22020426527244624,0.17980034149291174
C006194,0.02447418609280267,0.025657053654383123
C006195,0.06367714832403323,0.05123590445165168
C006196,0.018871276341956178,0.022098341075749685
C006197,0.05541546476553695,0.0655442717237469
C006198,0.07396311160798973,0.07480269016153573
C006199,0.17368252779955987,0.20270551277183432
C006200,0.05537649603713416,0.05459434699781376
C006201,0.06803018496597726,0.05642959418943463
C006202,0.03314277763438581,0.026280410019191586
C006203,0.033749814842796544,0.029557125492887658
C006204,0.06773940398753135,0.05966673171553638
C006205,0.046981778610433456,0.0338871503165347
C006206,0.04027281717415174,0.029108319561645953
C006207,0.0531385909779427,0.05640936304122115
C006208,0.2668443061513376,0.2700187689957058
C006209,0.05125462951632145,0.04631435394041524
C006210,0.03612199748549316,0.031385038075467275
C006211,0.06022752563923437,0.04852359458097947
C006212,0.05506195788200803,0.060633529805874956
C006213,0.04227381080032542,0.03307475598624432
C006214,0.031174247729999584,0.03829403495373822
C006215,0.052396940755449685,0.050890404257638175
C006216,0.03807051061592979,0.037264318818512984
C006217,0.03729085271315273,0.0366140927794
C006218,0.055472761898462085,0.06152062948057592
C006219,0.03275151759344872,0.029632274639472912
C006220,0.07293921833838937,0.07002481359563163
C006221,0.062446472562297,0.06638815277179037
C006222,0.0566250493012046,0.056623662370773466
C006223,0.023909100769814885,0.025059130119836924
C006224,0.04093834510520859,0.03789218298218901
C006225,0.12859192529095256,0.11611681046731966
C006226,0.03406167859837515,0.03240009429603224
C006227,0.03401158665888515,0.03566061113751826
C006228,0.06293390050036622,0.11439447331957926
C006229,0.05185710055901595,0.053968946291977835
C006230,0.03510335832783371,0.03382221216672141
C006231,0.2525673039041102,0.2905952820204531
C006232,0.055413178417983544,0.059860733900308306
C006233,0.020226856065381126,0.02190762563799901
C006234,0.06852788949811198,0.06666229003152588
C006235,0.028208295746859447,0.02809082942893657
C006236,0.03419305602206486,0.04886979890371583
C006237,0.03257159899124326,0.03625191842339629
C006238,0.12062143483982332,0.13390895029146385
C006239,0.04191890484485582,0.03924208607606191
C006240,0.06786402253448327,0.062661231299708
C006241,0.03745859270566858,0.031086492909370024
C006242,0.03972898565147015,0.03414271075900672
C006243,0.118418682299759,0.12454199650119627
C006244,0.142708571304922,0.1388485154691109
C006245,0.04058138151461556,0.033443761467331024
C006246,0.03354226787547178,0.02895075556381701
C006247,0.14662048491935858,0.16830530747024497
C006248,0.08730149360364028,0.07819427818289701
C006249,0.03751849195034166,0.04239845031955387
C006250,0.040943826118073484,0.03231284790885376
C006251,0.10579472517300308,0.09602776909976711
C006252,0.033490113346952496,0.03429982521468773
C006253,0.06269871991606732,0.0664485966176093
C006254,0.059597619589100016,0.05090975461350271
C006255,0.03581457495327399,0.03434421562539562
C006256,0.05704953395501907,0.05560191327223073
C006257,0.03644908026646977,0.03034568258838279
C006258,0.03535405101848347,0.03594369257859336
C006259,0.05704828735090841,0.06580599619052123
C006260,0.18562596350639254,0.21937334224269645
C006261,0.03491851058875631,0.033204851349311296
C006262,0.15516815557728741,0.11772532762889454
C006263,0.06517873330214967,0.06657955124998724
C006264,0.1034200220218946,0.09452507855158736
C006265,0.11520882794402927,0.10971575875260235
C006266,0.03384942254346775,0.02247420935809564
C006267,0.053508989269298,0.048763060341103906
C006268,0.029958279252928592,0.03462277787901671
C006269,0.032175350896758576,0.02874334637761771
C006270,0.044890846078019006,0.049042107703287
C006271,0.058319946511715126,0.04791721883730117
C006272,0.03273271592901942,0.026184553075615617
C006273,0.044275459717377855,0.048615430174432886
C006274,0.046397094219898904,0.048950156756005746
C006275,0.10955819293256983,0.07222118203029756
C006276,0.05431777937229637,0.04760760318243187
C006277,0.049246309992772186,0.051679703820978994
C006278,0.023643277655993895,0.027504566109061802
C006279,0.13322402474289394,0.09871831427692088
C006280,0.03037676719934314,0.036047060623468935
C006281,0.22594691726296962,0.23926932386175723
C006282,0.07666536079096622,0.06620483184987327
C006283,0.05207132932887115,0.043358254412299596
C006284,0.13097198778893177,0.10410378253929671
C006285,0.20743185008091253,0.22464139798189492
C006286,0.03912274463978167,0.048049935576792206
C006287,0.08890519736309876,0.07984785770906308
C006288,0.04975161718206181,0.056621021461708575
C006289,0.03780628877828487,0.03852529922652189
C006290,0.05325589336248261,0.043799033121828
C006291,0.04487420584089989,0.042745125569367014
C006292,0.09731860174965132,0.09628694241658811
C006293,0.08941241650499068,0.08153499567994116
C006294,0.10831133027880133,0.12043672389904825
C006295,0.06612310040657186,0.0747864812692163
C006296,0.07049105057879776,0.07077848523331669
C006297,0.027788261045471045,0.023483757535882718
C006298,0.15279720837001115,0.10022178994326478
C006299,0.03924946116290265,0.029746317349749262
C006300,0.15762832365390123,0.1360871339208538
C006301,0.04246681166958782,0.05044265183696868
C006302,0.16687516752844472,0.19514744712156018
C006303,0.03394844217225343,0.0319211585830597
C006304,0.02759020587986951,0.03813193524903623
C006305,0.031969695318283885,0.038833970460733204
C006306,0.02829699660128556,0.02495455877833665
C006307,0.04373183005757396,0.047394061820476965
C006308,0.04567233746355476,0.05004901751063569
C006309,0.0646769791492892,0.06371815571997815
C006310,0.40303262758320796,0.4218078068984087
C006311,0.07680264960835984,0.06950099332800949
C006312,0.027454532100609934,0.026596101794501704
C006313,0.04051559887251992,0.06577598828329367
C006314,0.0194327122352825,0.028460877083684867
C006315,0.043225173635281514,0.04340170709065223
C006316,0.024470686566662025,0.02832568866010719
C006317,0.10019626639574533,0.1069631435571045
C006318,0.10987446589340066,0.1148293144029903
C006319,0.10079587319629361,0.13361804207324374
C006320,0.04215817909548082,0.03694190211864363
C006321,0.032870987791390735,0.03288080200403567
C006322,0.07651738807462212,0.08859441782438758
C006323,0.03280265142647173,0.03487483657266028
C006324,0.040015322372845295,0.04095999393918626
C006325,0.06805722156816431,0.06642696613041825
C006326,0.10180479087678336,0.08979430561642199
C006327,0.04023342714040575,0.03648300654388449
C006328,0.18070806663765118,0.14832133744954687
C006329,0.05566260585432401,0.040992046751174085
C006330,0.0734218911073623,0.058147310869784155
C006331,0.21291672984751306,0.3719299598655612
C006332,0.04963763782365457,0.04563467212654988
C006333,0.18611395875859407,0.21351579007845295
C006334,0.031177614294897425,0.031671483872744245
C006335,0.0455941929450704,0.037023157061261594
C006336,0.04937106015285938,0.04557867541397173
C006337,0.26063988052592696,0.2228846876049007
C006338,0.038253699060792415,0.029135861296502124
C006339,0.05648312317836594,0.05551035449161684
C006340,0.044617278580637895,0.04689422756180174
C006341,0.03813497052210098,0.03146596907478942
C006342,0.05020610727078796,0.04721706332006524
C006343,0.08438370391724229,0.11251325947766162
C006344,0.1207438707906708,0.11593596864802327
C006345,0.34536230324358985,0.39261855429391734
C006346,0.055132674161578396,0.05106166477678327
C006347,0.09979556911528023,0.11662246930747182
C006348,0.03748819920702838,0.03719796384852862
C006349,0.1028542855951938,0.2161749200975776
C006350,0.04095403890584536,0.03919813089007287
C006351,0.05214630213959265,0.05950599631220188
C006352,0.06809750693165653,0.05903641778518519
C006353,0.03805379698904626,0.0382683748206057
C006354,0.02974583702598107,0.0319895227204457
C006355,0.09306131460631656,0.09077886380921664
C006356,0.040832896548147604,0.04429694472926105
C006357,0.07020793860177912,0.09082115838562255
C006358,0.05738004887543717,0.049132732578950115
C006359,0.032888110071520094,0.031239178822790876
C006360,0.12300276791381866,0.13724010460160796
C006361,0.18967106840787598,0.19879509279740476
C006362,0.10816970316967041,0.09706904608350025
C006363,0.05164888953664796,0.04706462036821639
C006364,0.1635679047706155,0.1768709751659015
C006365,0.29109773541091105,0.28039687500249233
C006366,0.17798168945969545,0.158599424609669
C006367,0.03609566918285854,0.04241042689653952
C006368,0.03946659515195176,0.03791719723632483
C006369,0.03765305349940949,0.031213262350680303
C006370,0.06176222542432606,0.05736425348019456
C006371,0.04174983040732738,0.03850010704646098
C006372,0.056985598688334235,0.045745802431430206
C006373,0.06020600087738879,0.056643763426038475
C006374,0.059188008831458395,0.04775803918953873
C006375,0.03172286210796577,0.028974824919871127
C006376,0.11064269016246178,0.09822980867398459
C006377,0.03058448065219982,0.03137803565895575
C006378,0.16876510811925663,0.17270333696211165
C006379,0.04296119667372132,0.0387900519454895
C006380,0.03852634396328609,0.03276055125972781
C006381,0.06017196709195307,0.058508976179714026
C006382,0.020723541605463684,0.01695650456854844
C006383,0.033296235678817905,0.033370634717023874
C006384,0.06413856447487314,0.056179308713410245
C006385,0.04275438608771219,0.04219538173565888
C006386,0.16267096035808437,0.16262700060390117
C006387,0.029774151482142075,0.035018784253056726
C006388,0.04097584805422168,0.04297402020617783
C006389,0.02911342356258041,0.028503679849624382
C006390,0.0616665394103969,0.04988590526011579
C006391,0.02723260485686142,0.027440688804097557
C006392,0.054164238903424755,0.05317414682658321
C006393,0.10118080377679797,0.07717095216333333
C006394,0.049534252907854605,0.038145915853238885
C006395,0.052745587544923776,0.059529317508290325
C006396,0.026279005921845032,0.02861314040060479
C006397,0.06959261088174087,0.0670446581698095
C006398,0.03744511953942818,0.04242116948005188
C006399,0.036336727354931764,0.029289980960489726
C006400,0.05873854348131504,0.06010118225539261
C006401,0.07709548561426245,0.06230167412394242
C006402,0.037682372035162316,0.033310307398096775
C006403,0.07166726963350638,0.08581731379124521
C006404,0.03856287397418928,0.05258025043000566
C006405,0.08936127393119017,0.12680134136689647
C006406,0.07883890175288202,0.10799360180593746
C006407,0.12564133605582875,0.11117449716133028
C006408,0.1709886258657343,0.12827432116647164
C006409,0.026899239994435876,0.04013923313522089
C006410,0.08166293210440063,0.0651463623256443
C006411,0.04952074573802406,0.04601760722084241
C006412,0.11165377201315403,0.10248543161424395
C006413,0.09658822118420533,0.10130575580816581
C006414,0.12287385670264536,0.11244950116199719
C006415,0.044640183920865086,0.03714225979370406
C006416,0.05856571411730582,0.055631599776047994
C006417,0.0473864538062517,0.044551790099453856
C006418,0.11445567866517721,0.10960612798244455
C006419,0.0668101308343748,0.06964630671684272
C006420,0.059652262887920846,0.05372125556554434
C006421,0.09411313013146337,0.10686007500367507
C006422,0.044886308454949064,0.035410818849638384
C006423,0.02921394689220863,0.029289854986148355
C006424,0.062319058299703814,0.05948327823893451
C006425,0.04773571290883934,0.04734693746249796
C006426,0.07077290578752389,0.06776505425905516
C006427,0.05995703263213172,0.058508994319704966
C006428,0.023137357415924424,0.02596634062663316
C006429,0.042948440522188734,0.03543012699042851
C006430,0.0581760178506656,0.055038217201951886
C006431,0.6851355248406008,0.5471825539294357
C006432,0.11728127190950288,0.12838146347280335
C006433,0.17308735552381915,0.14052352203962806
C006434,0.13736177350261522,0.12566645990108777
C006435,0.2715754769092985,0.23285782670463964
C006436,0.028000382466125868,0.029552970671420226
C006437,0.05420936068279166,0.03943633909149923
C006438,0.028858830586517316,0.031187826903638898
C006439,0.05647239979957321,0.07411683535556238
C006440,0.09110102746923153,0.0791482831261575
C006441,0.09470088681703824,0.09206339525181939
C006442,0.03816753121448882,0.05123400135304802
C006443,0.040347964737535255,0.04179344427383791
C006444,0.03780226041215939,0.03467665550190848
C006445,0.04319769534579043,0.036657195721683224
C006446,0.05622044298347305,0.04776491282548663
C006447,0.1130102483298662,0.10335073805067126
C006448,0.04688305031592559,0.05026879628308217
C006449,0.07005299406648695,0.08915334563617541
C006450,0.1265801294376176,0.13572894620952783
C006451,0.04053858473021971,0.04538475644649666
C006452,0.3452671228077839,0.3990330487541841
C006453,0.0723280424841858,0.10611786368713545
C006454,0.032332809091158196,0.031162011230505236
C006455,0.11506845072536509,0.14018761360694396
C006456,0.09816459224872376,0.0840941231074494
C006457,0.05870557392838034,0.055262674264165
C006458,0.05605309233951805,0.048172515527037836
C006459,0.030831449519334635,0.0333967170302469
C006460,0.035815198101237,0.030784436222670068
C006461,0.014827650362098089,0.015698069072010813
C006462,0.15508699802972392,0.18160566121677302
C006463,0.087860213669946,0.09506535371428496
C006464,0.20946986515854044,0.19327332785971327
C006465,0.0284625454469635,0.03299101821726817
C006466,0.05164717521195332,0.05092168319707204
C006467,0.03361681442854504,0.042389688057447326
C006468,0.06747447107844523,0.053768189616363794
C006469,0.08604567738523153,0.1326841690557824
C006470,0.045633415592872636,0.04413151646593504
C006471,0.16328655096058858,0.13029292323783903
C006472,0.0633726272537441,0.06314509943440297
C006473,0.038852829538654,0.04261365104385525
C006474,0.0347159505684979,0.0339092718531394
C006475,0.3223325254982997,0.3714959376092235
C006476,0.04178906224657578,0.04025060656440087
C006477,0.024911558491078855,0.03632211169522555
C006478,0.10301559101312588,0.138849031178896
C006479,0.1670058124807477,0.17250076763690592
C006480,0.10799314015497348,0.09871889458807548
C006481,0.19151762228055452,0.1968222013748819
C006482,0.10131955307751532,0.11305731262765381
C006483,0.2383231912927041,0.19078099994196018
C006484,0.044852959062821364,0.03581932978235876
C006485,0.03844022793799203,0.025947833084612425
C006486,0.031798100440088704,0.022079198800468307
C006487,0.10249885038482365,0.11242733678855829
C006488,0.03317497851818078,0.031188561930710835
C006489,0.7001903084129614,0.6708879181736086
C006490,0.16407051161657255,0.2207106464416709
C006491,0.036257056069127776,0.03250749366255016
C006492,0.13546345563879272,0.1157209993408079
C006493,0.12782391965954557,0.11974008296001411
C006494,0.04273709645766073,0.036384428867747134
C006495,0.029609331031350845,0.026774095073730547
C006496,0.24493825559172278,0.18295627400418554
C006497,0.05137369881532115,0.044358279822525506
C006498,0.032199464268183674,0.03398354775156102
C006499,0.3290121031916914,0.27632965785429764
C006500,0.044873546646156434,0.04748828535731357
C006501,0.04413911336200218,0.04931129488300663
C006502,0.0454532137957903,0.04893758431797616
C006503,0.13494077692078876,0.14975884724403132
C006504,0.12180096618134244,0.1556730740256151
C006505,0.04338577155972433,0.03571584763361028
C006506,0.09973979376794373,0.11543521574152679
C006507,0.2932636918096208,0.27179822619396
C006508,0.3001880183824957,0.31500089967955425
C006509,0.10815922543528891,0.11597205281466161
C006510,0.07739607562598223,0.07140869205947895
C006511,0.06357816720801965,0.07998855119007182
C006512,0.36021225146367397,0.4239947449178619
C006513,0.05925361830937127,0.08108827898808016
C006514,0.198954559401691,0.28109527536327306
C006515,0.0494605691909077,0.040462790659742905
C006516,0.06511175173818606,0.06696869480861861
C006517,0.040616441665958694,0.045587628751177264
C006518,0.05188399141059706,0.050883088749144004
C006519,0.05720059048185393,0.04498734130520678
C006520,0.1871397135932471,0.21255957006142134
C006521,0.1023103053083054,0.08929287159527087
C006522,0.041766260955519954,0.038349238578381496
C006523,0.07460042904113698,0.07136859303204554
C006524,0.0342630613771673,0.02982474479244207
C006525,0.0385445994307645,0.03424605278621631
C006526,0.05237246191676348,0.04766559263758637
C006527,0.05072454813256681,0.04669999791101418
C006528,0.031886034372508684,0.029844265344777927
C006529,0.09635844334817431,0.10721711148873725
C006530,0.23687168921100438,0.33983314653550706
C006531,0.0438779589686712,0.0456623720268066
C006532,0.04968682960336837,0.03943275804197982
C006533,0.064647362943306,0.060612132252558924
C006534,0.14241548857357395,0.1341546434115551
C006535,0.16770973752755244,0.15946169516964798
C006536,0.03858415832324185,0.034623739101914956
C006537,0.03514681789088222,0.033100152432143606
C006538,0.09492752985709974,0.08690196989240505
C006539,0.28188599915744306,0.33433611586544665
C006540,0.041009453748690174,0.042366588965144
C006541,0.12124349041230306,0.12469821958460137
C006542,0.07209929736087636,0.07322897332786382
C006543,0.040330177813147856,0.03874261984994716
C006544,0.053816966587075965,0.058039712025177805
C006545,0.054656786719594716,0.047355487999899415
C006546,0.04768497259521739,0.030252113117598456
C006547,0.04212168644579621,0.04114017147461911
C006548,0.07046212618079137,0.0655041098210813
C006549,0.0483348146704692,0.06167705508316399
C006550,0.1256829488161729,0.10815812325513316
C006551,0.04905575509738195,0.05030907506711889
C006552,0.11134876385237891,0.13236617722503793
C006553,0.1306727547601486,0.17728703788074937
C006554,0.022541888600441595,0.019736661412148377
C006555,0.023087164348721666,0.031237286267756053
C006556,0.02462756683341033,0.030652618013169142
C006557,0.10358553593420639,0.1091983223218322
C006558,0.03324367499808519,0.031829566572031565
C006559,0.04832347993051151,0.057399419085322326
C006560,0.2462397486350584,0.1835151223148676
C006561,0.03660742481406094,0.030205798802988737
C006562,0.07794743692560044,0.0699111040180375
C006563,0.032155563081051865,0.038653676598590446
C006564,0.040678031442568076,0.034015466315634305
C006565,0.04309275824018101,0.041977142442574375
C006566,0.14043268676523524,0.13700314171296207
C006567,0.039493849412854366,0.047906889734855504
C006568,0.10860260816397313,0.07937876402883075
C006569,0.08032510065912646,0.05804840591515361
C006570,0.059176320053580256,0.05710504686656916
C006571,0.05802725663441444,0.05771704553920087
C006572,0.040595725344827735,0.04406234736489022
C006573,0.03724070013696214,0.029629359279990962
C006574,0.0407692110855971,0.08732498586076498
C006575,0.11662972808919676,0.09824605914987114
C006576,0.05397650007603268,0.04734531045371928
C006577,0.031939754172730844,0.026164402277012895
C006578,0.0853735947176136,0.07253232035501431
C006579,0.045591840850828146,0.03902349218936774
C006580,0.04662719549373331,0.04511135938995063
C006581,0.12668115970386534,0.09438635642570438
C006582,0.025371708999978614,0.023340713140906445
C006583,0.05505581279311171,0.05374761601652234
C006584,0.03791579934018506,0.040536770321547635
C006585,0.04078603929836964,0.04210827316903004
C006586,0.04100715518864212,0.027682698633431025
C006587,0.038163554430610994,0.03622095295090353
C006588,0.04523444499810876,0.0677205378623008
C006589,0.12993592883553612,0.14774625738417227
C006590,0.03811324105702286,0.0379381945716752
C006591,0.13484302992753702,0.11705710703517988
C006592,0.10680334572836787,0.06650505047845279
C006593,0.03750224671706469,0.03992945457976972
C006594,0.12029359588515535,0.11197471396369045
C006595,0.09605340000656967,0.10380798449930873
C006596,0.03896645228409012,0.055048050418324744
C006597,0.028315859001552507,0.025886702521926475
C006598,0.060149033103231296,0.06911632916672852
C006599,0.08192582493403755,0.08126434095829291
C006600,0.03350282819105845,0.028266032435942178
C006601,0.10332558373206409,0.08368544116616942
C006602,0.08205278852072048,0.07253370945827967
C006603,0.027706337330958907,0.025530354192025335
C006604,0.03267862612310786,0.04061685030101346
C006605,0.028667357769865814,0.027840990359280848
C006606,0.050616946669993446,0.056061352358585205
C006607,0.13231221052650066,0.14341877627950522
C006608,0.029970912883611305,0.04418702432217679
C006609,0.2711722007478057,0.3433333798616225
C006610,0.05710696561599932,0.05975818648658267
C006611,0.08154981424747246,0.06222756964680097
C006612,0.1326859454659457,0.1043627997045901
C006613,0.03922990888104965,0.046468618858137065
C006614,0.03073070140494579,0.02190497420033279
C006615,0.15279546732783741,0.11480054281993621
C006616,0.025221690909362993,0.03111716960660459
C006617,0.12720866920696394,0.1458545664181367
C006618,0.05292042395734549,0.054888453319846306
C006619,0.028258550509087394,0.030864680798870104
C006620,0.05218662406493681,0.04705322985208885
C006621,0.5294122081062052,0.5144025153905585
C006622,0.11206146524473008,0.09295881289170162
C006623,0.04138970982346272,0.04578062450154897
C006624,0.10110615120835917,0.09585025402063022
C006625,0.16575093594424545,0.1146200015484768
C006626,0.07579764099181172,0.07429993139555918
C006627,0.04465072959648053,0.0422762935254651
C006628,0.2530082717982194,0.42368410534023404
C006629,0.04948795549245666,0.038126834756338594
C006630,0.04298958694757484,0.042503888062308155
C006631,0.04174604575629678,0.03995558109731011
C006632,0.08476032945546695,0.08084278774897401
C006633,0.039471009592609456,0.03811982250536265
C006634,0.0372615080667232,0.03148483126415217
C006635,0.3087461224903888,0.3551697163050587
C006636,0.16587416893008988,0.1085213487785597
C006637,0.04666136613590436,0.05108674220713748
C006638,0.14284202583745165,0.23270573827264956
C006639,0.052025432810044105,0.057110738787026175
C006640,0.04084602865359378,0.0440667564563161
C006641,0.09335698099153168,0.09632658280076442
C006642,0.0424279122437894,0.05079639933871679
C006643,0.09257941867193935,0.06060943083041494
C006644,0.04639905186608527,0.041341111381448234
C006645,0.04750296922763047,0.05046501269252217
C006646,0.060539734872765004,0.05858931197622162
C006647,0.07300509197109376,0.08678493105415065
C006648,0.14692054914229472,0.11646563225814324
C006649,0.1637838806687693,0.1700747409863097
C006650,0.27423917516768637,0.3011879940183658
C006651,0.37944668490898914,0.32617776155959616
C006652,0.11766916533316385,0.10637161106026145
C006653,0.053677207080004175,0.06152286769041963
C006654,0.0516760815537735,0.04964494396074407
C006655,0.05475794739918836,0.06769842437936728
C006656,0.037619161507264215,0.03510140242479999
C006657,0.24633476998247947,0.30873216162466255
C006658,0.040313857467556294,0.03667734375439004
C006659,0.029127263608382598,0.02950275335967194
C006660,0.12024933389320853,0.11550374365433588
C006661,0.033242938103299244,0.03889305541438261
C006662,0.05849719651860184,0.04514436001106772
C006663,0.052722055483868505,0.04379097001171288
C006664,0.056710634319773676,0.04696018081391697
C006665,0.03335188758409116,0.03459606742652789
C006666,0.10046139958207259,0.13087442063013102
C006667,0.03772165163707806,0.048465760777522446
C006668,0.07067059774330263,0.061494172159528016
C006669,0.02789346887155262,0.027618307227920514
C006670,0.05647696990185923,0.07257785801736602
C006671,0.053376567188036704,0.03802770671522339
C006672,0.04049099754707487,0.04394827267343441
C006673,0.1217310954788043,0.08340291821462059
C006674,0.03798666018847885,0.0349009489162673
C006675,0.03562907212453165,0.0351607627686787
C006676,0.12458004492784303,0.15729729424970268
C006677,0.09847821145415366,0.0991160842915144
C006678,0.04954518792647303,0.03879146346991605
C006679,0.055635292201037745,0.05222212488800674
C006680,0.08391335917178347,0.09041527591221697
C006681,0.05570637361891325,0.054977005406797216
C006682,0.11879032731834831,0.0987178573529985
C006683,0.10586777621616775,0.08983981602377968
C006684,0.03599581987356671,0.03666249051435405
C006685,0.17906243956558218,0.14617680129834318
C006686,0.03958442764603619,0.042037622869449336
C006687,0.06635683001621692,0.041409381909980184
C006688,0.03404999970820209,0.04053858682003665
C006689,0.029175516056270563,0.026427898328244697
C006690,0.04012423488008844,0.03274079476339663
C006691,0.04042001611181043,0.0324368804950711
C006692,0.03510625012397206,0.035425574600895855
C006693,0.07575485612115702,0.09242053567457009
C006694,0.056510334020339795,0.055506615225519876
C006695,0.06358667740501969,0.06739001251313032
C006696,0.06353308738387539,0.06463437667639178
C006697,0.061536338886569994,0.055689388540339266
C006698,0.0480394338691751,0.05143971194182164
C006699,0.0478761906744158,0.04223308033517557
C006700,0.38244595974737167,0.3629969295074399
C006701,0.03946938746181347,0.03947837480565501
C006702,0.16296796816560344,0.17297414219389468
C006703,0.10659819766374708,0.0909747015425236
C006704,0.24265126725778127,0.24303961108975997
C006705,0.0802598639141719,0.07460984472170247
C006706,0.03996806906043511,0.03670975336683542
C006707,0.04962218541554123,0.05111460557409595
C006708,0.02328038789939849,0.019921701188868053
C006709,0.13294869090197875,0.1095241266738193
C006710,0.027993205870421135,0.03600769111355212
C006711,0.04106202163166541,0.05074884933471058
C006712,0.03592274985484021,0.04073360864566544
C006713,0.08959852233273394,0.08975320554535987
C006714,0.037785364758702186,0.04253466224204737
C006715,0.04779684992045544,0.05025968074978445
C006716,0.3581435447870597,0.5114405339587653
C006717,0.07345976073726443,0.06974987209135096
C006718,0.020347526137355056,0.027122601126130443
C006719,0.04467001394889693,0.044435841182236736
C006720,0.03852452966015359,0.04360664248069999
C006721,0.0496948376355759,0.07032013976323767
C006722,0.3463156125586216,0.3412405940760862
C006723,0.033745572247390866,0.024356476248654047
C006724,0.06778244303845796,0.10124934515268733
C006725,0.05852929613949396,0.05192532015494804
C006726,0.12151769031392776,0.09429603276300844
C006727,0.0449686591179765,0.04206363111566351
C006728,0.034969232255325916,0.03285642330218238
C006729,0.13574835122882173,0.13258560227002877
C006730,0.03429469288284607,0.03479587463146997
C006731,0.1431189269880176,0.1743846032941685
C006732,0.038872320486726966,0.038108312377574435
C006733,0.0552040266471695,0.04574717881210766
C006734,0.07509780542406934,0.06376751361888922
C006735,0.05949647900767115,0.08588961864175511
C006736,0.02537979837787089,0.03558630907261608
C006737,0.033388093784028995,0.02741591118056666
C006738,0.04437009241086616,0.04295738723796622
C006739,0.0518408382002461,0.043150194576134296
C006740,0.05763472035152377,0.047811916617101935
C006741,0.32668267843514237,0.2827674188346226
C006742,0.3200734554476743,0.2662293652662314
C006743,0.05186837119077342,0.04103643532099427
C006744,0.03192417134421822,0.024036922039540883
C006745,0.0531438730326,0.045493532722167156
C006746,0.045678669315820555,0.040257427566103635
C006747,0.1365741082063546,0.1256272652770147
C006748,0.02155057913121066,0.023221598063920223
C006749,0.3266959004330274,0.31893936031477244
C006750,0.08372145037924311,0.062452218365820475
C006751,0.03546681695741581,0.025541258482106737
C006752,0.07161888159030887,0.064557856754743
C006753,0.06587730046457226,0.06808679825854255
C006754,0.05991592525376149,0.05921380837677019
C006755,0.22979697336047175,0.23496501212043003
C006756,0.044151922633891325,0.05187402240687015
C006757,0.04188589325904103,0.035572261927712893
C006758,0.047899341841017525,0.04157463644791903
C006759,0.03897119210541964,0.041402746600936215
C006760,0.03361804375243832,0.0349710038624937
C006761,0.03839471572027651,0.037685420517425364
C006762,0.16432731271069456,0.22738288627717512
C006763,0.20749245843760683,0.20547218919293114
C006764,0.061843922364223314,0.05425060221638498
C006765,0.043456235080191,0.0391678854883097
C006766,0.0850746680558524,0.08594623369833891
C006767,0.0475892951987678,0.046406511741194124
C006768,0.049503240918354674,0.04135736483969241
C006769,0.05745505903854303,0.06598242022618002
C006770,0.054699732081774366,0.053575551666956725
C006771,0.03025990002831199,0.03095730333080467
C006772,0.03897155346399138,0.034291496663109676
C006773,0.040407764022186494,0.052452599210398035
C006774,0.02723211023013266,0.031229431945458942
C006775,0.04464033780739198,0.04464576977675445
C006776,0.03158779874974601,0.03272915451244822
C006777,0.07452178629568236,0.06926684623322206
C006778,0.053981956300430546,0.04330206858860012
C006779,0.037641080504903376,0.04149931037794678
C006780,0.16726971324691833,0.16336223180635218
C006781,0.07675016121546203,0.05840140771977363
C006782,0.024946492781595424,0.03937102605908848
C006783,0.021510373874361593,0.02946493408186534
C006784,0.09196222632147191,0.08855667498563671
C006785,0.04323237179860047,0.03751133484552172
C006786,0.04789344298159031,0.041260688313948045
C006787,0.06205133607538993,0.05004784713381414
C006788,0.04067891397545687,0.0438679753815735
C006789,0.07220666508200695,0.08302603699423412
C006790,0.05127305975733332,0.07826227981628074
C006791,0.035457065706855695,0.02600457621649494
C006792,0.0550537510297189,0.05689357125541232
C006793,0.0660004032823966,0.06614638365407956
C006794,0.034241617965747644,0.033835642786193776
C006795,0.03950953917616239,0.02623862095260284
C006796,0.06206386997028207,0.05591798371691599
C006797,0.032422257186958334,0.04037131454367178
C006798,0.39668913719213084,0.358593644775865
C006799,0.2587025842482679,0.29276434517196936
C006800,0.22535351291100808,0.2044719377328971
C006801,0.07626060367227319,0.07138243266471715
C006802,0.047443252452845655,0.04990327470606209
C006803,0.05217056706044941,0.05573622252321533
C006804,0.06040909379550698,0.06052421789642058
C006805,0.027411603448676845,0.026870177663914273
C006806,0.050081738425553524,0.03995745871852132
C006807,0.04684781142989304,0.046203773553094796
C006808,0.0247556070866115,0.025984782814324654
C006809,0.2276577443451236,0.17134915659364572
C006810,0.06729288812217278,0.061112424428775146
C006811,0.047061306515651935,0.040218812832537254
C006812,0.034228982802777475,0.03545465802061204
C006813,0.033220776261143836,0.03604015964404108
C006814,0.03050061801210237,0.03558891479770971
C006815,0.030267998790808853,0.040345735195296974
C006816,0.0331076471100865,0.03608179282863235
C006817,0.0632466113051768,0.05127865832312972
C006818,0.13915437738409267,0.1303990424342342
C006819,0.061983935593381015,0.060886103818690904
C006820,0.05589199496702686,0.03489544676894936
C006821,0.034491339632050755,0.03803499640961012
C006822,0.0482290154701385,0.056551238347765355
C006823,0.09806012060047715,0.10066524059000641
C006824,0.052289510197697384,0.05700165309521271
C006825,0.28200546853096187,0.2663880693987071
C006826,0.054142816094785794,0.0587716328785543
C006827,0.11157586290529342,0.11270150242955546
C006828,0.029924245028861474,0.025447409070978772
C006829,0.2507495078762784,0.3044932877084512
C006830,0.06183247819155665,0.05160393774165269
C006831,0.05257012366999866,0.047404551742745486
C006832,0.04971115996029463,0.060776241127654826
C006833,0.0591879744627806,0.06194940596889163
C006834,0.027119451807813603,0.0275999156954956
C006835,0.08196063753325047,0.09332000208831963
C006836,0.09572351019376364,0.1055328521168998
C006837,0.0961040833653233,0.07828206848990675
C006838,0.17057133717615314,0.16097712829882407
C006839,0.060316942225550785,0.0743435008688115
C006840,0.052515915548669426,0.058182618396447006
C006841,0.04840080775131221,0.05459256408301527
C006842,0.03854279157015898,0.043690578431718405
C006843,0.04600683051994383,0.03746060281671392
C006844,0.06569583281651517,0.04930272571565515
C006845,0.0341670814923119,0.028276044859580386
C006846,0.2725951564804946,0.259316505378693
C006847,0.044774488633694064,0.04466337771874372
C006848,0.11445201736378086,0.1013347934052149
C006849,0.04602472830198543,0.05940455467069254
C006850,0.03427099620140075,0.05817649247187036
C006851,0.026904675521913324,0.028376655730948164
C006852,0.10996463685639676,0.10695711652552069
C006853,0.041228979667303635,0.03181319421663102
C006854,0.04069596752228085,0.03392058795632384
C006855,0.05997766087989618,0.061685073150789506
C006856,0.043218512860297514,0.034946263514544766
C006857,0.0786322470073346,0.09182814833662759
C006858,0.022454827038140043,0.02814312696026014
C006859,0.049651117572781955,0.03629212338186359
C006860,0.03250447178624282,0.03718046028886292
C006861,0.043739703444123,0.03589698378723839
C006862,0.04851663976451196,0.0522629243045364
C006863,0.14998049807821193,0.15029348748456678
C006864,0.08912877169452968,0.10374638699800878
C006865,0.23015609575369833,0.20274839826585178
C006866,0.08834367902698434,0.09086713547691312
C006867,0.05441258868362495,0.061371724868859
C006868,0.04756347791950142,0.0439586264292811
C006869,0.041312649244816015,0.044969753886461315
C006870,0.03284184576941669,0.026607904693785343
C006871,0.0623905255920771,0.06422518587083673
C006872,0.053036335138804035,0.04061466058575006
C006873,0.045098765927114384,0.04135853916423664
C006874,0.04436184659744706,0.03826775647101127
C006875,0.10607339250330483,0.08155355101001008
C006876,0.0370986012300219,0.033565881839019984
C006877,0.09006359748308676,0.06713162717160923
C006878,0.04581087228631801,0.03780360340354512
C006879,0.13290905569967645,0.11420030604276901
C006880,0.11921484398215783,0.2229053093942873
C006881,0.06941071731845798,0.0554657520561064
C006882,0.028864340871567175,0.02531096683517357
C006883,0.1243471884644796,0.10745399631302219
C006884,0.06631596748748364,0.04399741298685275
C006885,0.09563647111801982,0.06769346189240637
C006886,0.051179753892498125,0.05444669600347331
C006887,0.05085940200575282,0.04636311729841177
C006888,0.1464920353860646,0.13015245547608617
C006889,0.05064809398248223,0.045174077144819094
C006890,0.06022551598556443,0.06980333025755277
C006891,0.04049895959899888,0.034126076483452075
C006892,0.05993763911378307,0.09139326498243511
C006893,0.12203011550400404,0.10101164166968683
C006894,0.0456005776762598,0.05403629512376888
C006895,0.047383692823567296,0.04748575467165654
C006896,0.15961910010055827,0.19204146699469934
C006897,0.01762771563306701,0.02825171851884998
C006898,0.09771085009133826,0.15095873612321448
C006899,0.027478490164120007,0.03330314081264252
C006900,0.030603178470645725,0.033446149924226065
C006901,0.08942440811762042,0.09725350221543416
C006902,0.026872339624853935,0.02620465546130757
C006903,0.25274381160171533,0.3002336153261102
C006904,0.06303637168316974,0.06057451337074302
C006905,0.09178812262967306,0.12513210957416426
C006906,0.08261358961270253,0.07053573628779852
C006907,0.03258991776030621,0.041359647667457325
C006908,0.04463154981481291,0.03905385649310516
C006909,0.044343236446150375,0.04240223501581632
C006910,0.13015842416445206,0.11603832164852335
C006911,0.03977573799193808,0.04216098105373568
C006912,0.039933315181075055,0.030543728412259625
C006913,0.04178898791426516,0.04218355100914785
C006914,0.047691538117810586,0.03449002724693227
C006915,0.03518501517769805,0.028760766597076586
C006916,0.04274881865503834,0.041666284793789254
C006917,0.03746378440203817,0.03212231849542458
C006918,0.046884478314005384,0.07006167404718917
C006919,0.2550834496896993,0.28655573724736183
C006920,0.09950761871510136,0.12323374974121926
C006921,0.12481575747548757,0.09500582858626949
C006922,0.03434508167395968,0.038485863668482
C006923,0.041855931368082355,0.04476337338058261
C006924,0.055169371393810354,0.05874510089856858
C006925,0.053301672168071135,0.04819729564288972
C006926,0.045229627870536505,0.047820692713804805
C006927,0.053493438675951355,0.056460496079479706
C006928,0.035342669252226684,0.038679109638899666
C006929,0.04578147726714634,0.03347792267871001
C006930,0.09118627750675715,0.09093817449202998
C006931,0.035433188005961826,0.03128375613192137
C006932,0.10685729262786711,0.09608121388645212
C006933,0.04198613524787652,0.05532495496846772
C006934,0.05588622254160882,0.05396665412530405
C006935,0.033609607115002764,0.03491776209633814
C006936,0.1638006318281961,0.18340942699333623
C006937,0.038046262787459574,0.04191073950548002
C006938,0.034425257916786564,0.029757875831665937
C006939,0.10259829966080894,0.08214788278290029
C006940,0.030365081409694843,0.029601813000032756
C006941,0.17582149483837473,0.1519715278909595
C006942,0.059008082673744924,0.04863096369850932
C006943,0.06056278550923629,0.06080369200278816
C006944,0.05859039960897481,0.05511202011147881
C006945,0.04655338900524182,0.05386249196784635
C006946,0.17362343977359213,0.16465182556614805
C006947,0.06830288783634042,0.08182497005077073
C006948,0.1082850703094002,0.08504971044008117
C006949,0.13430262645944066,0.09630290087866859
C006950,0.06501789912830966,0.05812592738306445
C006951,0.02601199460411268,0.027507216202386293
C006952,0.03605359825141609,0.037223420123294874
C006953,0.08250146632677795,0.07466554026921002
C006954,0.12128486328657759,0.11091388106955227
C006955,0.022440265010428926,0.023203705945327537
C006956,0.06405663672423978,0.05560598304717292
C006957,0.045334750091312416,0.036527199837369226
C006958,0.03647358320024778,0.038133283169615624
C006959,0.04335717971030428,0.037277266779446816
C006960,0.06451682083309992,0.04558640664151161
C006961,0.21637557391439205,0.20477641823859138
C006962,0.04525112040335512,0.03833923244351073
C006963,0.03047749030178703,0.033746961938573704
C006964,0.36078291629058573,0.4279586850293156
C006965,0.027131831874715694,0.030554797175972308
C006966,0.04271270714250479,0.04317597300724953
C006967,0.038834298568731176,0.02941316357187721
C006968,0.040814973512382634,0.037019223694749824
C006969,0.047737372548083794,0.04566514494017161
C006970,0.1482228456098172,0.21338674610557645
C006971,0.2593576384812196,0.28417827690452685
C006972,0.04474733713465322,0.040167472942317754
C006973,0.05903953618283493,0.060512887933688045
C006974,0.2107823701900943,0.20255063496795084
C006975,0.0453950319472771,0.045094671731675154
C006976,0.0645198893703918,0.0746733960760714
C006977,0.09975748983769385,0.09991917448930034
C006978,0.3120067465498353,0.3295237174230899
C006979,0.03786051627455449,0.036238755667856656
C006980,0.03981909453612872,0.03559149316585712
C006981,0.061592525624030295,0.045167680272982534
C006982,0.21045316163505468,0.1814641299985532
C006983,0.06560757065023523,0.05957897941472077
C006984,0.03154948259828668,0.05158409309228094
C006985,0.05405330713014032,0.05001335946069128
C006986,0.04455634660794701,0.04591609164574232
C006987,0.07121604419155324,0.07102122313102578
C006988,0.030490134063282326,0.03563102215252761
C006989,0.043880326017478516,0.043270422762423454
C006990,0.035691928470914985,0.04802916283493688
C006991,0.042555018458744376,0.05385663603089612
C006992,0.04266691264058901,0.042729198948599736
C006993,0.0691997615553159,0.051827785395806916
C006994,0.04014580773579453,0.035566751517851845
C006995,0.07008947427898429,0.04544327344831664
C006996,0.04493545157150188,0.04393465084898096
C006997,0.05782978128940961,0.055755831879142306
C006998,0.12513579839856828,0.11243892284108344
C006999,0.10785077190809278,0.09180554860365822
C007000,0.13427994902026602,0.1727962243657158
C007001,0.10632793421901574,0.15347589084538213
C007002,0.05348059174389759,0.04965009186683744
C007003,0.03779530506051324,0.03194985323794443
C007004,0.053392804690696585,0.03824545262513982
C007005,0.053020739876008215,0.05269427468502298
C007006,0.07663579837355032,0.07158138335226343
C007007,0.05971829422935594,0.04833133770775279
C007008,0.0961753452490023,0.11336795890474809
C007009,0.055498881889789006,0.05270120584579333
C007010,0.026034366681783043,0.05033592971714749
C007011,0.05183989025560557,0.09114238275434253
C007012,0.027276763930603264,0.02740286645718762
C007013,0.10834319481096681,0.08817478149774524
C007014,0.05788085277224082,0.06147153161235045
C007015,0.04280158719330888,0.0785743917192909
C007016,0.3058019582017004,0.30371653153014383
C007017,0.03272979576737766,0.043322420579993144
C007018,0.06556329700705335,0.07766717021243555
C007019,0.16458846481470887,0.15255350691047803
C007020,0.023730992297317444,0.02752617853100726
C007021,0.04972513309063795,0.05412751058243499
C007022,0.04221453209756768,0.043944569250511434
C007023,0.07148484507598843,0.06709153368920082
C007024,0.0598813880678007,0.05667855719807073
C007025,0.1873254831091808,0.2054470686579694
C007026,0.07771444712366603,0.08372483286272506
C007027,0.07123850114427602,0.055306112416721044
C007028,0.06132955191327991,0.07683887719608129
C007029,0.04759329997659107,0.048267733441659404
C007030,0.10659300782718228,0.12324203418220459
C007031,0.0675567900881766,0.061443252916598655
C007032,0.052915926491673024,0.04208331706456758
C007033,0.03587868486677135,0.03779351763998102
C007034,0.040869920510196445,0.04817802291032998
C007035,0.03945919027902861,0.036405515507215935
C007036,0.04575897552743223,0.06563207976147131
C007037,0.03949402084337727,0.052173967346007946
C007038,0.04985272020283327,0.04622823036031384
C007039,0.0575264591014286,0.05108172924874306
C007040,0.05451686610801977,0.050399743148274646
C007041,0.05396497743606279,0.04611284250186377
C007042,0.054479760136563395,0.041471155255675254
C007043,0.023509074408275876,0.030292558819550924
C007044,0.0717555207236534,0.06795770147225248
C007045,0.21244005703735094,0.20600566416679733
C007046,0.060528570851142174,0.0714893193800692
C007047,0.03959166353006167,0.03626716121746555
C007048,0.05444942442437302,0.055797525143270875
C007049,0.08897552011099558,0.06418396290902068
C007050,0.02868093521660726,0.03314332865709639
C007051,0.05262641061961015,0.05653189544899169
C007052,0.051212477758357834,0.038158252223442365
C007053,0.07153576098667874,0.09322736146723866
C007054,0.039269274455453196,0.04165717637813336
C007055,0.025562709900205677,0.027506063711051704
C007056,0.042395124011282016,0.04003170503586791
C007057,0.18069429996913333,0.2571142488077767
C007058,0.08957641918161242,0.08677974404590272
C007059,0.04103256726823449,0.03755311140520064
C007060,0.04859803207069562,0.05694823497752709
C007061,0.03505886970614921,0.03455810529670765
C007062,0.037525228437756616,0.03680284143257745
C007063,0.034554329447096035,0.04228976527738443
C007064,0.027100132275003196,0.027576743840397943
C007065,0.04699962246379137,0.047010476775776064
C007066,0.11270783102215332,0.08991176150813428
C007067,0.030860010495660506,0.030210155940729115
C007068,0.03975927904899238,0.045543734612483754
C007069,0.029254241252924855,0.03343324895180103
C007070,0.03200496335062003,0.03674002455030837
C007071,0.06695129292426913,0.07046988718513884
C007072,0.03455354687959042,0.03654559060652908
C007073,0.05683168454724552,0.05838414149043212
C007074,0.34322855461372664,0.36479372285568173
C007075,0.0745124193725143,0.0851096040004893
C007076,0.07489547881372056,0.07844522205525475
C007077,0.07005473299644051,0.05724549002470428
C007078,0.0824453455157081,0.03938080779635574
C007079,0.04856662627620588,0.05350189108905266
C007080,0.05257979741722733,0.06741162988849403
C007081,0.038601362693111915,0.037432933906150004
C007082,0.19462431714744716,0.2046799874179424
C007083,0.030861091225419322,0.037054415819159116
C007084,0.04752501203673286,0.04402354815403355
C007085,0.16551441246312099,0.18473482207610653
C007086,0.11869973004339492,0.13146087391393863
C007087,0.04885111119538751,0.04066251217614334
C007088,0.22195636842112743,0.25371576747250935
C007089,0.07894850007783945,0.08532931782859125
C007090,0.04266138541800925,0.042646474226432925
C007091,0.13423158080162403,0.17344622779378585
C007092,0.059295061588148026,0.0671664625896879
C007093,0.04526113614714673,0.03737288020158666
C007094,0.03796899540311081,0.04013542090603267
C007095,0.06564145298948897,0.0619764223861242
C007096,0.03519201678111784,0.028854855522667967
C007097,0.02313926783462688,0.027821043000432873
C007098,0.1512987477901821,0.22962754079203768
C007099,0.052050694721244926,0.05628643507882897
C007100,0.04706071199185176,0.056867122809165546
C007101,0.031527098801651394,0.034444448451737095
C007102,0.1822013113097052,0.20964726349161306
C007103,0.38967812897813536,0.26524089590255706
C007104,0.04094374867244983,0.04220429775853912
C007105,0.048236936477931494,0.06402538997652465
C007106,0.03769847041846991,0.0327105017347285
C007107,0.029720408169119812,0.02754067090511042
C007108,0.06106909539453229,0.05317608643874402
C007109,0.08340122987006202,0.0759415212470157
C007110,0.08776107868692325,0.07615125659557487
C007111,0.06981286494562246,0.0689160903260619
C007112,0.10181215668663965,0.06638225512783179
C007113,0.04665462515087586,0.0735921039407171
C007114,0.03384133155975811,0.031261489717517306
C007115,0.24911265602268076,0.24805064305083513
C007116,0.06627949457331185,0.047970502625581724
C007117,0.07257624245687713,0.08848669193790051
C007118,0.2088773042773809,0.1869365641033893
C007119,0.0374032749832122,0.045897966068461395
C007120,0.03530832882548756,0.0426424108099734
C007121,0.3320092497268817,0.4192056563583269
C007122,0.029115125505644178,0.02891814406682138
C007123,0.03468632489262738,0.03758749709057725
C007124,0.07184409946902279,0.10447901111120277
C007125,0.03886546668572343,0.03627785025823145
C007126,0.05963000409688687,0.04651423282807714
C007127,0.10077740624733393,0.08209491518974406
C007128,0.06575294163048288,0.06312897035094804
C007129,0.03099185973549687,0.03340595170116062
C007130,0.030967925738169495,0.02664070678198548
C007131,0.03749682810880293,0.034522144262166765
C007132,0.037766939658933144,0.03168520291646597
C007133,0.04777497032307491,0.03803109114126964
C007134,0.08932441379563119,0.0900616958515735
C007135,0.061273396684990655,0.06546330736733832
C007136,0.04045074802145139,0.041315517347713784
C007137,0.08946288939017152,0.09827776149356522
C007138,0.034568115923706066,0.029706696662012932
C007139,0.032716702156351495,0.03382007149070489
C007140,0.045733691557608404,0.04399686909327728
C007141,0.07156844341597039,0.03917179397096525
C007142,0.03258834092142296,0.03684537965002991
C007143,0.04591040209093884,0.048426870175635614
C007144,0.03435090496469949,0.03330216109095892
C007145,0.03294653586065735,0.028227513275047838
C007146,0.15854960309770494,0.147504139944793
C007147,0.053318549299753756,0.0396799568484873
C007148,0.06556708537765531,0.06278981207288878
C007149,0.05706941617599472,0.08082873054078388
C007150,0.03449338478045923,0.03222036225928557
C007151,0.02534898231166054,0.02996171147443316
C007152,0.07849158428637511,0.05439259571788333
C007153,0.07091379484109948,0.07872603441452732
C007154,0.10020715230329198,0.103210408321833
C007155,0.1846876140327764,0.15926832392792895
C007156,0.05554785431197642,0.05293801845655666
C007157,0.03749663448633423,0.02965026838866125
C007158,0.044034026869146745,0.045951206103454635
C007159,0.046798266175291814,0.04586024500954052
C007160,0.08405234745856077,0.06599730583155462
C007161,0.04008575272122976,0.03975133651983527
C007162,0.03713302685370694,0.03476914562317078
C007163,0.0381949800519482,0.04683630582066674
C007164,0.019379647408854762,0.02246293324080336
C007165,0.14414114271231124,0.1470076139283253
C007166,0.04223227223830131,0.04499236549091677
C007167,0.03006328001792824,0.03684987715655315
C007168,0.13391667196154605,0.10767270390810238
C007169,0.02330144164390907,0.026688537924376244
C007170,0.059709563669742595,0.07150365275797171
C007171,0.13216875167661124,0.11413717984604832
C007172,0.1975791607793313,0.21856629831826585
C007173,0.04051855493227581,0.03657516597850474
C007174,0.2598685910041779,0.2967976670738768
C007175,0.023153814072650568,0.022968062089747717
C007176,0.2535499727389731,0.2164573262067282
C007177,0.1175325159182626,0.13774150908173668
C007178,0.08112698187403483,0.07651419727245298
C007179,0.0478003270515126,0.05089988918670689
C007180,0.03583656868263762,0.0371354994187686
C007181,0.03853855193232793,0.03013269644785107
C007182,0.09778697750680228,0.08750003963574332
C007183,0.030543285224295745,0.03117896940115119
C007184,0.02857313735215563,0.02482761534264469
C007185,0.11275405800509564,0.11708157400614523
C007186,0.036186297506573144,0.031022682540071806
C007187,0.11453437076658313,0.11404244937536805
C007188,0.05912084320973822,0.055446363722476355
C007189,0.02507622021156523,0.03762234016037988
C007190,0.23904066499146448,0.22743118433806736
C007191,0.11821122788574827,0.0906180067268852
C007192,0.05298462450919437,0.049484107314594454
C007193,0.04442910476523373,0.09664801193135868
C007194,0.03869397525924757,0.035025428390878285
C007195,0.13877685815995247,0.17128827587041692
C007196,0.03664383213836406,0.037441676932559884
C007197,0.045950182574469686,0.04432655729416206
C007198,0.032859238933849406,0.0414841316196675
C007199,0.047028592456987504,0.043606551378473225
C007200,0.04347773320106602,0.04332710063501484
C007201,0.056354411857325905,0.06460618575167883
C007202,0.03898910859533232,0.034168699992940366
C007203,0.04951994623099398,0.05173463209682703
C007204,0.04650972855938067,0.04701387732566402
C007205,0.03349621297045606,0.025781400318559772
C007206,0.0682395016387389,0.06630479705676387
C007207,0.08744053190251375,0.15057980956852263
C007208,0.06811236960244046,0.08051124429538321
C007209,0.04510989664943531,0.04973978476847701
C007210,0.07845188497045992,0.07776330481447571
C007211,0.10570678817506632,0.10187218487337064
C007212,0.036898350963875136,0.03826443969484458
C007213,0.050339927455575986,0.05550231467956247
C007214,0.12012657272891145,0.13657123382009945
C007215,0.07446906377358917,0.11613499055963997
C007216,0.15021884915317646,0.12536831199542758
C007217,0.10014001308211957,0.08636834467129977
C007218,0.050018830695446034,0.043979021738436166
C007219,0.06490269732766601,0.08362933793995417
C007220,0.05368331262452904,0.059821265478292474
C007221,0.05964027729258063,0.07924903785104846
C007222,0.12992663250294606,0.1296310657227726
C007223,0.07692131624344205,0.08089941586461415
C007224,0.14426373513708463,0.14804037437124135
C007225,0.0312035387018681,0.029281580028171033
C007226,0.0760524063179762,0.09077695761874444
C007227,0.09309443593793679,0.07335426491536852
C007228,0.033095037670976615,0.03198147209117587
C007229,0.3088399145931883,0.33681033027141716
C007230,0.08150031483761197,0.08867455162872154
C007231,0.10465204024889294,0.1048726482034388
C007232,0.043307179406125725,0.04546107531263898
C007233,0.16619563304113666,0.1913774886361893
C007234,0.18069961220079658,0.1809438116337484
C007235,0.05374344874722523,0.039635781910415946
C007236,0.0659182308122105,0.06609818860126726
C007237,0.08560630167471589,0.07052770203077756
C007238,0.0654462281317515,0.06477346509941102
C007239,0.030111426108771454,0.03277559336183446
C007240,0.03371365738298821,0.03714754128087002
C007241,0.08678368003614188,0.07885064078888157
C007242,0.03675570257534924,0.03488070880620575
C007243,0.2454236743255936,0.2600186491975849
C007244,0.04459206849959542,0.046341724587334626
C007245,0.11215770175166366,0.07270012443402298
C007246,0.05102188032323983,0.04642098957701592
C007247,0.04307489699279695,0.04346232878245777
C007248,0.0900749847238403,0.07738552408648891
C007249,0.04482135895164807,0.029809861685499782
C007250,0.08854940230307078,0.08326004153133391
C007251,0.09605064240353414,0.08891657534727238
C007252,0.07968732937116296,0.06532910788494165
C007253,0.3970419922268332,0.382566160048454
C007254,0.057527600758987885,0.04927726284187314
C007255,0.09647950429396394,0.06821981589917776
C007256,0.0700388842001711,0.037767292765899026
C007257,0.04413122772986362,0.04136316780628421
C007258,0.041110587339611794,0.04659360301443609
C007259,0.05765187963096145,0.05721344408275362
C007260,0.06620342232934899,0.06679893806006308
C007261,0.03724146457330211,0.03762193706565391
C007262,0.044965140666735695,0.039473147353526215
C007263,0.06943710624216085,0.06230254516070982
C007264,0.10499824509534553,0.11065698992790944
C007265,0.05152516960347886,0.047400261164777906
C007266,0.1919709882074673,0.18104947865966498
C007267,0.041151786297171464,0.044870979019099436
C007268,0.04289050065067507,0.03869316243879157
C007269,0.053911119824426014,0.05895673694654817
C007270,0.03087684490556634,0.033040922287391
C007271,0.2910977156841438,0.24688480376043262
C007272,0.14879394532631812,0.16984884388475543
C007273,0.02875579827596787,0.027957171062589787
C007274,0.15403785734539283,0.19423500561797732
C007275,0.07474609136156589,0.0835625941832889
C007276,0.04023756098233792,0.04376898066142852
C007277,0.07813083964273096,0.04504372167215688
C007278,0.043495044190487914,0.03313108984911643
C007279,0.04219948154786777,0.04640411172271545
C007280,0.1640848328956303,0.16481439465773579
C007281,0.08782591800184018,0.09460228454209729
C007282,0.054884865050495044,0.052050711210929246
C007283,0.5334308528048208,0.6846860794205377
C007284,0.09795444038307818,0.10812015983158456
C007285,0.10001523367712602,0.07373281479140528
C007286,0.05248931602564708,0.05406782686144092
C007287,0.08486235834881847,0.07562458475479235
C007288,0.04701340847617963,0.042344428686033234
C007289,0.043632416915541324,0.04765127129335115
C007290,0.047313357081890196,0.0399153550591933
C007291,0.05878052399375362,0.06309302655135016
C007292,0.02045221187239399,0.017334144006519454
C007293,0.03600290619277287,0.033146122329079805
C007294,0.05773878851066525,0.05154788347661739
C007295,0.0587335312323334,0.04197607861823139
C007296,0.05464082807129299,0.05853885835625986
C007297,0.05644428272003075,0.04776266619682302
C007298,0.24503337353385657,0.3080854010413794
C007299,0.04619212800381804,0.07217318134340375
C007300,0.11416862865966851,0.12618784133693023
C007301,0.04258499516013514,0.05261445050830812
C007302,0.04802611836265952,0.050138839329406146
C007303,0.2848977445731928,0.2609273378121991
C007304,0.03512264755189072,0.03180231455922052
C007305,0.07105225952814961,0.07171464328187796
C007306,0.06215336165856702,0.06339264073449824
C007307,0.03214199041901829,0.03419495266843505
C007308,0.04481637902917899,0.03795042191099256
C007309,0.052422531042312856,0.04462353538366249
C007310,0.14004881206837433,0.11325656181801122
C007311,0.04355318215610272,0.04014911449719687
C007312,0.036893877828246255,0.04380166675091046
C007313,0.04666152726861757,0.049356611752275306
C007314,0.0381532916329483,0.06455244028107454
C007315,0.14499540750014073,0.13274327726334392
C007316,0.027724925640482657,0.030729174663237813
C007317,0.07270973962063251,0.09723781825332108
C007318,0.04505972780899633,0.04231668921242841
C007319,0.6852164893015377,0.7572369944887974
C007320,0.022236577257787354,0.024195867227050222
C007321,0.0430569704231277,0.04843915706549423
C007322,0.02634356769031112,0.026113428037989994
C007323,0.21008811308856634,0.2676790857900916
C007324,0.035118446602629576,0.03677896278978072
C007325,0.031012915843800448,0.029763872835113947
C007326,0.0701175558799487,0.06589287536442165
C007327,0.06273584971613892,0.06566223395646646
C007328,0.027691427923734923,0.03159386097732515
C007329,0.0899592902661009,0.1056574735245853
C007330,0.027555651529926208,0.026150878222126472
C007331,0.12097370448798035,0.08989118758730155
C007332,0.031208882986973364,0.03058345896351865
C007333,0.1687217054835556,0.16538346565687326
C007334,0.09665268401781908,0.10308343732673964
C007335,0.16926075999137263,0.230824740541847
C007336,0.12567122563320227,0.14563708680129356
C007337,0.10486613068419257,0.07960995439798865
C007338,0.0612470552211636,0.06800572804194925
C007339,0.16908158161763773,0.19296728932851473
C007340,0.056868150357480475,0.046545830632483194
C007341,0.1314169749754302,0.17517804643526108
C007342,0.071145549532571,0.056077082881993943
C007343,0.031150738039378834,0.03490253853623494
C007344,0.07539909865769286,0.04412852391541043
C007345,0.040395410029931945,0.035532797541506345
C007346,0.0480453219714664,0.042120502162468244
C007347,0.04507385481849851,0.04009898866104334
C007348,0.019414277865475966,0.027902628441953452
C007349,0.1434617989929697,0.13762051767503075
C007350,0.053596891950148794,0.0484656800509855
C007351,0.02877580491056092,0.03330255932744732
C007352,0.04045858379552216,0.053239344722603096
C007353,0.05081968134219794,0.04553084404955455
C007354,0.13984166636245998,0.2519263760493558
C007355,0.028690854336268518,0.033071240962216295
C007356,0.05294529746329927,0.03777013107712994
C007357,0.04527047559743377,0.04069382460994782
C007358,0.03933705265386099,0.04331614407607627
C007359,0.041145811705979016,0.04400363568869054
C007360,0.10931352028044587,0.12548783469143318
C007361,0.03520829084785413,0.03051083505571317
C007362,0.30736078486142426,0.4224898575124145
C007363,0.03850507396930711,0.03958235573117067
C007364,0.04602057681778867,0.05519849026302128
C007365,0.043868447925586154,0.04308748467578827
C007366,0.08640582975482107,0.11777779044433534
C007367,0.034151503031715255,0.034029756736883146
C007368,0.04065225729060187,0.030629883352609716
C007369,0.03819298246195802,0.03164612863539852
C007370,0.06359459246469083,0.06669656112886682
C007371,0.041131366745697215,0.0410575988121545
C007372,0.04665357431078405,0.0385595623192
C007373,0.034534578008669534,0.03296912208556094
C007374,0.04211097815705391,0.04251077145498927
C007375,0.03248494703819216,0.03577418207885921
C007376,0.09522796389882893,0.08241526537613662
C007377,0.04101347763793399,0.04114355471150059
C007378,0.17514418401337856,0.2028498505365517
C007379,0.09026015550562054,0.07390861416898623
C007380,0.0716907933995813,0.089854787541096
C007381,0.08813290838815072,0.10673908408261883
C007382,0.029430033837824655,0.027240848161820187
C007383,0.08863915964950368,0.07575055751260669
C007384,0.07888035525597933,0.08075744963254285
C007385,0.03943100326076156,0.033272449635039184
C007386,0.12270598003236469,0.09587618845600536
C007387,0.09253097088037268,0.08522066262145951
C007388,0.10048934771227369,0.08972125159521238
C007389,0.07978033019770918,0.06712289611692053
C007390,0.04206729109847875,0.04020459892582493
C007391,0.032515846519253044,0.031738533560883984
C007392,0.05098908428344482,0.04010191808053963
C007393,0.05837093779076369,0.05198790624188674
C007394,0.2076686688749564,0.24028576040817629
C007395,0.031017784911719935,0.028040563582131195
C007396,0.057629594928627195,0.06484283636415243
C007397,0.04674897500899218,0.03901612179525217
C007398,0.0543220758332678,0.06509830428728586
C007399,0.11786413448266897,0.11757443980427762
C007400,0.03787703976323169,0.04971693377021961
C007401,0.05696866917169752,0.055068102100683934
C007402,0.04952121465655085,0.04852111312997751
C007403,0.10942325399722566,0.12287441385001101
C007404,0.04493860924184656,0.040559341272308494
C007405,0.13200713157765365,0.1544656903575176
C007406,0.04230197192699825,0.045767941577107805
C007407,0.030288821286764623,0.03143750993827558
C007408,0.04950593570434588,0.05066532485148565
C007409,0.02803837746860057,0.02375020403018222
C007410,0.035006431284466635,0.03137956620420408
C007411,0.04230291669748804,0.04801164115074844
C007412,0.054688206334837744,0.0645268196926305
C007413,0.034642693942377914,0.04042066681982544
C007414,0.2533787232592264,0.24217479501566275
C007415,0.14283464418709527,0.225104393133814
C007416,0.025650239988461648,0.03568448435703574
C007417,0.041725901027183515,0.044752182719851166
C007418,0.2277412268439493,0.4038870028792908
C007419,0.0554136892587679,0.06440717060297677
C007420,0.0663094058020727,0.079004353719966
C007421,0.06865507415704189,0.09759294398638313
C007422,0.04863511036481997,0.03368182051064199
C007423,0.030310828374048963,0.028807091580660325
C007424,0.04549370465050134,0.027417783876447797
C007425,0.0963570250667974,0.09172254203149086
C007426,0.10393960636975133,0.1165974213409792
C007427,0.27895139128156093,0.2962180539202666
C007428,0.05333042485554116,0.042431320116954975
C007429,0.06875850665105734,0.06554202039032402
C007430,0.06451605425885651,0.06509261478328734
C007431,0.06170470197101381,0.05020802585848364
C007432,0.08778195308968591,0.09318510181021382
C007433,0.08571971655146149,0.08121996248911659
C007434,0.24242212736248425,0.20430922073357455
C007435,0.06903188811136325,0.07359104686358268
C007436,0.03267482324660556,0.03845697128619937
C007437,0.06414697397159494,0.06279378952485279
C007438,0.43998818848219995,0.45737816810952847
C007439,0.03924586435407587,0.030526088920772583
C007440,0.05113299820054806,0.03742266499599466
C007441,0.024315175119801566,0.026274150275689984
C007442,0.02985087568214722,0.03248079436432062
C007443,0.030920417664976645,0.029309974048205602
C007444,0.05087576588098316,0.03398646215314219
C007445,0.03743745556803694,0.0355000050952328
C007446,0.035474856089740305,0.04683596123395071
C007447,0.04023493804121792,0.033407267902697775
C007448,0.06872837818078159,0.0669030370767261
C007449,0.0579784711000222,0.05368124612447308
C007450,0.04023329328444687,0.03012156495189508
C007451,0.030673584336969494,0.03564142945313228
C007452,0.039153294073918994,0.041752029503697885
C007453,0.041483040927131766,0.038755449403022876
C007454,0.044529983248802016,0.046308376075185474
C007455,0.07832485775461537,0.07537929902382076
C007456,0.09144798910137905,0.10062719132830147
C007457,0.025386666336377484,0.03202757952789474
C007458,0.03619276200331649,0.0380965420469095
C007459,0.10105889713040253,0.07934308277091315
C007460,0.05328640488895313,0.05972349610242633
C007461,0.07655880149329852,0.057526918661288916
C007462,0.09641603147405776,0.07752109452273281
C007463,0.04709205451650273,0.043796069860842154
C007464,0.0413839917940217,0.03512303789050198
C007465,0.10592363882234565,0.09878772689890522
C007466,0.20598632727685756,0.1959873339691926
C007467,0.039447360691752816,0.04623654576294697
C007468,0.04346945200088803,0.0345837478281021
C007469,0.03536529380380432,0.04694518892142304
C007470,0.04283289953609025,0.0452276939481482
C007471,0.04050223345994978,0.04424758278011078
C007472,0.04392437365664461,0.04471107281481742
C007473,0.032304715741613095,0.03396316234866308
C007474,0.09023444624676116,0.0698947044112644
C007475,0.033750311009865974,0.03858967049671315
C007476,0.03492557465896995,0.03952799191496655
C007477,0.1273628807053487,0.1396568666756532
C007478,0.022259224029051467,0.02552610205584857
C007479,0.04322370814986072,0.04369408965821429
C007480,0.03133698485052041,0.028064206142079252
C007481,0.060471690350242836,0.05399800295379718
C007482,0.045877232881526564,0.040482139508136526
C007483,0.05672521167243545,0.06553464670528533
C007484,0.05104177059510575,0.04077489280773918
C007485,0.07615452250019805,0.06236784297320576
C007486,0.05569578400085583,0.052822250875148136
C007487,0.02809933582688482,0.024907811463837436
C007488,0.04324236176806849,0.03750228482972835
C007489,0.042146614074834686,0.03835864144643429
C007490,0.23742907635460903,0.22911882354323282
C007491,0.05032387304609216,0.050103387829630565
C007492,0.04447775396098254,0.053384908691627556
C007493,0.032829083849593,0.03430281077220386
C007494,0.18348140566610663,0.19557324641715879
C007495,0.06325343337350103,0.05505190435196235
C007496,0.05945851561883338,0.07150551596716867
C007497,0.058409253114016936,0.05446809730622922
C007498,0.09949594209460362,0.07426600863473902
C007499,0.1365939688955165,0.17090429640156413
C007500,0.042041141142515275,0.034764091365286645
C007501,0.06733903957982083,0.09465196358861623
C007502,0.08138737187468825,0.06841259149976088
C007503,0.04144762103133008,0.047683606279504756
C007504,0.034193917367060775,0.0341004288655533
C007505,0.09701383704926148,0.10174365283957572
C007506,0.04294620845710147,0.04141384615586701
C007507,0.25733098695739515,0.32543224386456104
C007508,0.03492026947907924,0.031914438931232844
C007509,0.0504908469050553,0.052193419733697025
C007510,0.050969274194690814,0.05436339265661862
C007511,0.039501595446446755,0.03965638315679481
C007512,0.14209144559850678,0.1817730250935658
C007513,0.05629887400769666,0.04689731737910767
C007514,0.033814781622998044,0.033446717815270255
C007515,0.05510033898358106,0.060435687636600156
C007516,0.05105820802814518,0.05666098921998512
C007517,0.11239055636349145,0.1066881743392393
C007518,0.03667237136933427,0.04122677707992976
C007519,0.021792587525036117,0.024602283153750907
C007520,0.04031498856032083,0.0338967906244854
C007521,0.09239261636875003,0.09202754606235669
C007522,0.29020596908515506,0.34313250691236
C007523,0.060935338480907916,0.06201004433301477
C007524,0.09031912024529967,0.13746580202940165
C007525,0.0976980917345994,0.09594932824634972
C007526,0.09612806072267602,0.09349754980274015
C007527,0.07561165098423603,0.07381771356259911
C007528,0.10703011601403897,0.10581892199042812
C007529,0.04322727915523296,0.04496066413184895
C007530,0.0344228364895285,0.03192274668225205
C007531,0.1352499580220035,0.2009504898810434
C007532,0.13191401075183906,0.1554928943464802
C007533,0.04081613244566752,0.04057622315932677
C007534,0.45234127584680134,0.4195010895013628
C007535,0.030948126646853202,0.026359910265886077
C007536,0.03193603128184267,0.03843224869432112
C007537,0.12561076162850576,0.12085624176556813
C007538,0.048126794573725505,0.037110556254185
C007539,0.04888328222612841,0.057512710131802335
C007540,0.04207430211747118,0.03660360764702344
C007541,0.04323585348161861,0.040310312932659687
C007542,0.04616725884533572,0.03744229737074379
C007543,0.08185078557486303,0.06130502422365136
C007544,0.04213911458532028,0.04707050702851669
C007545,0.07040376987503993,0.06711006900413652
C007546,0.2872239735261366,0.33402363740013286
C007547,0.0626348135055711,0.05429832184950438
C007548,0.03676410417121961,0.03759772435148585
C007549,0.07334203607697641,0.05874898205985128
C007550,0.04601363563564819,0.04723571518145376
C007551,0.03876695938966588,0.03390244844335087
C007552,0.0427620792857734,0.03498399932403131
C007553,0.032170181253103225,0.039218594322261977
C007554,0.29485907466367534,0.2002882580159094
C007555,0.0692880910481182,0.0786987862202022
C007556,0.07908181217005752,0.0943137348682375
C007557,0.034187404175240146,0.04211971902593502
C007558,0.06581698176131086,0.0669988942130448
C007559,0.024893234753733888,0.030552809558620726
C007560,0.08011132607301656,0.07382544011290174
C007561,0.22671328843553162,0.18364738019832955
C007562,0.0956526881313581,0.08667419683731918
C007563,0.18354428296677489,0.2066611700690258
C007564,0.05828274450998176,0.07180978316072838
C007565,0.10894406346730119,0.07268197513799926
C007566,0.3084339678510987,0.37682278236165556
C007567,0.20527735824363078,0.16981303386450367
C007568,0.0457722129166279,0.043132319892333446
C007569,0.04504158822007899,0.035841803682882
C007570,0.029487462769933737,0.0369890100698787
C007571,0.04897541531251336,0.03760877593168042
C007572,0.028592988380802563,0.03210854450436616
C007573,0.22194303930666845,0.31170139165038135
C007574,0.06240776079363157,0.06273205922702711
C007575,0.14199825650182868,0.11127894622891521
C007576,0.03306596512681918,0.05011917217924213
C007577,0.056699110428542386,0.05297039128918825
C007578,0.08808966976300685,0.07513576685982226
C007579,0.04393304799819982,0.0440057769048835
C007580,0.08772102431206352,0.09120979262639242
C007581,0.3263058093786898,0.2973504149814045
C007582,0.03468358427004557,0.030889834824639927
C007583,0.05361733422795378,0.056717830996312536
C007584,0.06567818478567404,0.058703775634914857
C007585,0.03485366631775499,0.03146718167960744
C007586,0.07780669280990511,0.10283423956616285
C007587,0.035441355817739856,0.03157231224844097
C007588,0.040942130720443906,0.04480832958699481
C007589,0.07507777546569931,0.09499925379952992
C007590,0.0329993128766055,0.03660782797561
C007591,0.03978394880769241,0.036237036653942234
C007592,0.07789305467239678,0.07298477001599843
C007593,0.048500225151083966,0.04483017191710074
C007594,0.05496537217624584,0.05317388135469762
C007595,0.057889557961567153,0.05461885676273713
C007596,0.17575972744954446,0.065021930333038
C007597,0.03710337957049869,0.034349736950186074
C007598,0.019436177738571696,0.026231941093734924
C007599,0.04653839026549807,0.048435149948003076
C007600,0.05773085528111923,0.061978813328177174
C007601,0.02498326738635302,0.027218171504975252
C007602,0.060085536178692514,0.0488397883751033
C007603,0.03575365454840175,0.03824044998612914
C007604,0.1216022826267277,0.12461718003650461
C007605,0.1047124238620661,0.12263237501275048
C007606,0.08705288931999053,0.06559613475870274
C007607,0.02974240453479412,0.02838203506810011
C007608,0.02749736456496558,0.02721302012029151
C007609,0.09254124539128028,0.09522996150179892
C007610,0.08300271468685765,0.07485958859638589
C007611,0.02783479505805509,0.029056617528130053
C007612,0.04366649225432437,0.03681853910108186
C007613,0.08932109896449578,0.0772680346364902
C007614,0.13883474740314364,0.13067543646353788
C007615,0.06280448392305094,0.055926060657322606
C007616,0.027896307799814345,0.026396090262376277
C007617,0.036431353036219916,0.03978637384342334
C007618,0.24700719102108165,0.22526075921166483
C007619,0.04657008370550131,0.04954879379294626
C007620,0.05202344787587663,0.0477642956561148
C007621,0.015072375680435434,0.035816018565197914
C007622,0.07379656632723477,0.1184098511948363
C007623,0.08308979429699413,0.0923082502307174
C007624,0.03941758867884837,0.03543529885296397
C007625,0.041706537894311294,0.03294635773775514
C007626,0.05064830822111819,0.044071260753239486
C007627,0.048158071649034274,0.03662045325074201
C007628,0.027759319599415522,0.028740371567669027
C007629,0.011373279215230412,0.019283973493574285
C007630,0.0569268731052643,0.0572553480767252
C007631,0.03366942393922344,0.0347569970762023
C007632,0.04673631471964196,0.05515533662297948
C007633,0.03564711707676693,0.031654809534353144
C007634,0.12472858545207746,0.1258188782061073
C007635,0.04757230298003205,0.047129179297780786
C007636,0.11219836544396349,0.10284082142059418
C007637,0.03166186780344056,0.04432939467673448
C007638,0.04204107074544855,0.03860576523339496
C007639,0.047887787553081505,0.04278013962142949
C007640,0.028958153160494614,0.02737306417601832
C007641,0.05414033894665828,0.05137893167281297
C007642,0.0928333339233021,0.08747353240799774
C007643,0.09316755927025958,0.06866899498186527
C007644,0.050210650997769446,0.04867592095442038
C007645,0.1676484450105789,0.1261399985868593
C007646,0.07449978310098544,0.051901501342975664
C007647,0.12704819152261898,0.10210897431036754
C007648,0.03905064753764596,0.040065774191457085
C007649,0.04396696755879412,0.07873458688185037
C007650,0.029077696818419208,0.03220120152446391
C007651,0.06365580333214998,0.056825920244932784
C007652,0.031740129526695936,0.031944822260824
C007653,0.03202353596546957,0.030206446711507
C007654,0.07587049230295581,0.1007780127539023
C007655,0.055614119827800755,0.05609016453457168
C007656,0.3766164070651973,0.4657554156283477
C007657,0.06129112382750489,0.058594961849707396
C007658,0.06329835457896782,0.061477881717210484
C007659,0.05270473039814868,0.05146877846011262
C007660,0.05595074236787397,0.056621579412179913
C007661,0.04651636021235154,0.040154906746513175
C007662,0.03176343885855139,0.027216456785116534
C007663,0.3405173775249451,0.283469089650923
C007664,0.07106849369413133,0.08914708505272881
C007665,0.044180020355297854,0.03740996731330604
C007666,0.03729290596235881,0.0325957586085935
C007667,0.10579350089606235,0.12357542001746864
C007668,0.04607844773622895,0.04814451355586867
C007669,0.042778810212026994,0.050603017703666306
C007670,0.08796193675073657,0.08322536505903523
C007671,0.6451662484592312,0.6591291640373075
C007672,0.03769102922231033,0.032631199158872734
C007673,0.33028193010761875,0.3535369624729421
C007674,0.14336536483608778,0.15200319249131947
C007675,0.05165941598000996,0.04740486769960015
C007676,0.0419206938174776,0.029978961192867092
C007677,0.11192829725611883,0.14964109795214425
C007678,0.11431277305401939,0.09954532893190524
C007679,0.02249131025765272,0.030710865329811116
C007680,0.030098830610374105,0.027471206007602
C007681,0.0926922389662644,0.09113602502599152
C007682,0.1397276581094522,0.16680447034102974
C007683,0.06558515849417461,0.06488783823836772
C007684,0.059400136094158826,0.06006392800293352
C007685,0.04640483899279011,0.0388559812853978
C007686,0.04413150417926463,0.03934446070548632
C007687,0.0457014032023901,0.03725195403157335
C007688,0.05326671375370633,0.06361843732381352
C007689,0.06260196727188341,0.04516911519534056
C007690,0.078521067606146,0.060745087878637805
C007691,0.10250440164247092,0.12920929789922728
C007692,0.08425462020632145,0.07675774072568711
C007693,0.06945224287419553,0.0673835285001091
C007694,0.17490857308134733,0.17379989819361366
C007695,0.18517820783580505,0.17168492055522455
C007696,0.06474523215344122,0.05825335998089352
C007697,0.1690471141996218,0.17980149331594825
C007698,0.08629175249054603,0.09886682035781233
C007699,0.044052678365872275,0.038014679643358716
C007700,0.033308058564302426,0.029734151932410257
C007701,0.04108090691986087,0.040496417389857424
C007702,0.02486164478916103,0.02854823600705645
C007703,0.07520202301457857,0.06504646622587519
C007704,0.05488664580527695,0.054722624749462455
C007705,0.05321503240653406,0.057701840108224524
C007706,0.03953908499811761,0.038874222341675826
C007707,0.08864856278583597,0.08887040065314991
C007708,0.03618539442329242,0.03581649782633199
C007709,0.1805349769310569,0.21452783318381816
C007710,0.11291715043985531,0.0994691401208707
C007711,0.06769794986387616,0.06028744122108733
C007712,0.039345151949599866,0.0701105137230005
C007713,0.052786695181756625,0.05781553794068802
C007714,0.036643669656350186,0.03144909655552658
C007715,0.038034408046680956,0.03386760841390548
C007716,0.05758243152696696,0.05387783668798033
C007717,0.05428647701982697,0.056777554780798434
C007718,0.08696425690582366,0.10734428073305995
C007719,0.1830461794010485,0.15290726578528607
C007720,0.03894792209707183,0.03545884070876372
C007721,0.051590847903835925,0.06269761739585233
C007722,0.054858515315561004,0.05390500754355867
C007723,0.04246792832669416,0.039265093549765914
C007724,0.043664017455604665,0.04630208309325999
C007725,0.04266444120395767,0.03513506707800491
C007726,0.14514734909743154,0.1895893527201395
C007727,0.23347322730697956,0.24317418320128298
C007728,0.09189348012090363,0.0869029710139985
C007729,0.06365879896484648,0.06510389536923614
C007730,0.1044928860485925,0.0702611126741233
C007731,0.044578135042971964,0.04542408160943333
C007732,0.06352448981638885,0.05848118206952191
C007733,0.09309155107633688,0.0769267057662083
C007734,0.4663007333723324,0.5133321384991747
C007735,0.05106880816890168,0.04680939672617308
C007736,0.017703786043582304,0.01848844538275166
C007737,0.02650394879038597,0.04503634107612007
C007738,0.04403074736630511,0.04031577598634543
C007739,0.16513915113948713,0.2045811791839717
C007740,0.21805889207052026,0.19336241487569683
C007741,0.05375759447063476,0.05198399893379443
C007742,0.09167141679168511,0.12938343612801498
C007743,0.1370180529758368,0.10122979128343075
C007744,0.04828004158398528,0.05119540089042649
C007745,0.08851127582551085,0.08890534116313473
C007746,0.07500034357899778,0.0704638258755543
C007747,0.041355755789453254,0.03454920627305742
C007748,0.052320223083952434,0.05046617467151708
C007749,0.04336597796748614,0.035185698654518247
C007750,0.04336118742358402,0.0534049008526087
C007751,0.02389083263716575,0.03361751360053193
C007752,0.0541942878670834,0.058569535022471954
C007753,0.10613240004166324,0.08175620789501845
C007754,0.4806052365587682,0.38452827160966335
C007755,0.045636048030273935,0.04103766703005822
C007756,0.029875805976568047,0.02745684953410214
C007757,0.029358623445235554,0.0381901344324916
C007758,0.04399639500754681,0.039267669555844084
C007759,0.14068822549000207,0.18745405883000035
C007760,0.040756469248700286,0.04083915375827172
C007761,0.05212777528147352,0.050398812022369274
C007762,0.08587957190510268,0.0945739666468018
C007763,0.05862157294528462,0.06004629643895517
C007764,0.05436754519088586,0.04784713338451822
C007765,0.02808744933145031,0.030582547687496565
C007766,0.05244669221675646,0.05007434302501803
C007767,0.1376990595011954,0.15782381686413016
C007768,0.031336397857847455,0.0405124371601507
C007769,0.06018629418295118,0.06303551177754521
C007770,0.04236601851799382,0.03883389099027323
C007771,0.04668406405705032,0.04807287930706553
C007772,0.07967684613378267,0.07138873898265127
C007773,0.08605264116807188,0.11303499984879628
C007774,0.032727482771785645,0.033456619950776714
C007775,0.031811779603930924,0.030063373578491592
C007776,0.053800260403521205,0.04544413076480149
C007777,0.19138927900344044,0.20612422578085904
C007778,0.20141624023134758,0.23858323528452346
C007779,0.03279556420489301,0.033506101479507985
C007780,0.08038201714973724,0.08579950893259632
C007781,0.10529934231712328,0.10888347418562797
C007782,0.057299842777724576,0.05797560834104053
C007783,0.07414527890537351,0.05770780886252399
C007784,0.028029821369075465,0.031003464013021932
C007785,0.04022051482786282,0.03635223444959329
C007786,0.07746936780394209,0.059291940032009716
C007787,0.17111938616735073,0.20301574392388097
C007788,0.08385200224633774,0.06675368706711036
C007789,0.08291844146901635,0.08442815403462416
C007790,0.08929628260648273,0.08680780542474117
C007791,0.05255550516768631,0.046145363047369714
C007792,0.03821635392044045,0.03844849707581995
C007793,0.030987378297748846,0.030413227423949384
C007794,0.06288922310479016,0.05480977316059395
C007795,0.41041992411015943,0.42002848082219124
C007796,0.06271859160267239,0.051288613864524976
C007797,0.042691634000874105,0.032323642550579804
C007798,0.040254903249635945,0.03748598694736309
C007799,0.22255100964855754,0.20704798365068128
C007800,0.04145339103315116,0.04400708954743816
C007801,0.03571550209548241,0.03290660089515278
C007802,0.08344567842083377,0.07513972522473292
C007803,0.05245008184786444,0.05095168695649639
C007804,0.03905905174403205,0.03321805449137734
C007805,0.023323326782276145,0.03542421737377564
C007806,0.043222324470558474,0.053519808293481394
C007807,0.06449381049874367,0.06417161490955212
C007808,0.031470520033909835,0.03064489205959033
C007809,0.042367128508391305,0.037450521010044174
C007810,0.043527679257464834,0.029525128661268208
C007811,0.06612164583249794,0.05989886571411902
C007812,0.028943343218601297,0.03670622355582407
C007813,0.26610051552675057,0.2580607579094548
C007814,0.1338474580921985,0.12202098649436084
C007815,0.05472493419397408,0.06953286442169763
C007816,0.05245323637344218,0.044252647475899805
C007817,0.028211718633776483,0.025356559303045322
C007818,0.06799074707356015,0.07348963624618114
C007819,0.063971463466827,0.058469991824654975
C007820,0.11513993907089382,0.0904800441797079
C007821,0.054681649988882766,0.04783167426817465
C007822,0.1636767260068622,0.2673546172412636
C007823,0.08703494719437406,0.12412170572181198
C007824,0.04670442414886431,0.03870410501103679
C007825,0.03515952752293987,0.039052135272210714
C007826,0.036267096727265975,0.03602018739181658
C007827,0.046442893597753165,0.04534129186915537
C007828,0.04184821878037664,0.03465436179235519
C007829,0.11806704315739602,0.11195637508764526
C007830,0.056408210070627594,0.06700273536148045
C007831,0.08850976311688061,0.0839760234895506
C007832,0.04664596552019601,0.03609855221793499
C007833,0.027965737073029646,0.025645571905136118
C007834,0.05137069912263816,0.04720160573146365
C007835,0.10346890341037865,0.09478123736468466
C007836,0.03387697360609539,0.04463700575546187
C007837,0.02816413029211126,0.022299228709961476
C007838,0.03578240675031054,0.033524478771930766
C007839,0.040257888059422944,0.0460894664795601
C007840,0.03954278036970205,0.035807670386808606
C007841,0.049677655234928654,0.04562081704976419
C007842,0.3099462436332635,0.279275703936801
C007843,0.07367819601815878,0.056370558207336066
C007844,0.09919480397225754,0.08137006231704669
C007845,0.0822477737770812,0.08708381182653076
C007846,0.049875989874955506,0.04260480715874317
C007847,0.037893847564957686,0.039962185375929375
C007848,0.32353488083118115,0.33705841820694
C007849,0.11181596499618214,0.15788072179808493
C007850,0.07582816642558529,0.05545727067284434
C007851,0.08852104554091914,0.09200183612359154
C007852,0.0656893590353876,0.05835305022132693
C007853,0.07547979809053498,0.07874209152324127
C007854,0.05286919204682996,0.05570762633181366
C007855,0.10446242042509109,0.13017688891660503
C007856,0.1311865513377373,0.09349525523478035
C007857,0.07341021486192723,0.07641102760434398
C007858,0.044123084285545254,0.04487190610149531
C007859,0.03130244704645831,0.025948975559403075
C007860,0.04136089539064301,0.0350931416322495
C007861,0.0623032542343925,0.05998687020757448
C007862,0.05097236248725362,0.048580424059717166
C007863,0.06464133662829046,0.04849760194892258
C007864,0.039727747118184234,0.044960123441781255
C007865,0.03829762346552054,0.03226745614191533
C007866,0.02973715112978518,0.028716554084248336
C007867,0.0612648435746293,0.06054202563297937
C007868,0.033640382791424964,0.045755964787154116
C007869,0.10740856345721098,0.11503042674050981
C007870,0.04323383348158556,0.04645529440004329
C007871,0.045063938682499805,0.04306957499950796
C007872,0.035131424702696354,0.03327800799552507
C007873,0.06023997059168347,0.07776676407227323
C007874,0.03920331822575705,0.03256212886705903
C007875,0.06066685852721476,0.06465876122615047
C007876,0.051375985326743444,0.05035575887702998
C007877,0.06261921809156774,0.05891454973189932
C007878,0.03219197488546974,0.029347031352576537
C007879,0.07034730398075295,0.07111724798056415
C007880,0.037276398511907644,0.03149333348115529
C007881,0.038494611387192554,0.040241580676839715
C007882,0.028904057417098165,0.03226600555755772
C007883,0.04235808138398155,0.0357244329802504
C007884,0.09068906096454613,0.0836843747385578
C007885,0.3399314535938713,0.24030886976010307
C007886,0.08774348955848961,0.07750663590007388
C007887,0.02830394598940042,0.02525800370450352
C007888,0.3902465823093138,0.3987519071371898
C007889,0.04102305813824515,0.036238229055758776
C007890,0.08969489708003431,0.09169017016428459
C007891,0.03136477410512338,0.02411888255598176
C007892,0.059685190331232915,0.046755995238039805
C007893,0.07517813894080135,0.08129865909297235
C007894,0.06881238930697776,0.07472967030432329
C007895,0.03488491779474081,0.04101602718464334
C007896,0.04792231878841983,0.042281764667063224
C007897,0.028076996271626013,0.031307298245767334
C007898,0.021874757115364664,0.030590108888142724
C007899,0.03281567183360465,0.032915984230362565
C007900,0.03939580384037444,0.04400492291633651
C007901,0.0295214697348453,0.03714868194388263
C007902,0.0628237464306671,0.05566480955116595
C007903,0.0706815214176215,0.11249159287706881
C007904,0.12219622710911456,0.11919759115325894
C007905,0.04215418712902487,0.05059683707613523
C007906,0.30911689287695376,0.4660266550253061
C007907,0.03550343219781291,0.04209867991444763
C007908,0.11731020510810683,0.13204513885053232
C007909,0.2126644896293466,0.192360099793565
C007910,0.04712850743559439,0.05824053143217824
C007911,0.1024231666392712,0.1137407585048877
C007912,0.037267912684620944,0.03345921246899201
C007913,0.11712016622904756,0.115734029998948
C007914,0.1132324406411637,0.10701164272579125
C007915,0.06806532725399464,0.08462951762627983
C007916,0.04509005830230011,0.040038466451013596
C007917,0.03832515688423539,0.0360616181219494
C007918,0.03096862343852295,0.030298030374311863
C007919,0.03709338625099309,0.03304312269205528
C007920,0.030588558099896322,0.029579296291052114
C007921,0.057962918763907564,0.04914586414898941
C007922,0.06313208374496074,0.06688343449905784
C007923,0.07257323247937084,0.09218170986594762
C007924,0.06687809514505054,0.0629476934410718
C007925,0.08224107270593208,0.08211439406052083
C007926,0.03727715167409155,0.05252015943568398
C007927,0.03143245947954231,0.03677149890586155
C007928,0.04951011359255937,0.04395222647292152
C007929,0.03382801060755789,0.030937149486151904
C007930,0.04079129199365718,0.03762880058907185
C007931,0.03376200734684011,0.035499023076325846
C007932,0.031977432509954794,0.030254601377798444
C007933,0.03663057483082104,0.031567163947491345
C007934,0.03586540671428177,0.03580792939059545
C007935,0.09997373339188756,0.09708022466823787
C007936,0.03971246656188916,0.06090165096380769
C007937,0.0835653367618435,0.07921144935877962
C007938,0.02263222013979282,0.023928719747134137
C007939,0.02859799366472643,0.031540024925614064
C007940,0.08226858415529245,0.05504350826766895
C007941,0.051300171924565804,0.03750800390104516
C007942,0.03560210272327953,0.04434430149320078
C007943,0.07916291880920565,0.06461562693861708
C007944,0.12730452536472664,0.11297935252546802
C007945,0.03097708888721341,0.028194516792190392
C007946,0.04583588131337204,0.03433717317229717
C007947,0.17090904282768155,0.17210498532648644
C007948,0.08507105922065775,0.07924448329516746
C007949,0.029708753953610122,0.025603904093410013
C007950,0.05004972653508564,0.044902015223123065
C007951,0.04089185725185408,0.0381313618121748
C007952,0.02713763397239294,0.02410386246530307
C007953,0.032882454528822894,0.032504187004013974
C007954,0.02392814206385186,0.020661260428301704
C007955,0.3016940469818117,0.3600635203280934
C007956,0.019005620919658496,0.028235295011824812
C007957,0.039544016177895915,0.038800618426578684
C007958,0.057631889105047907,0.05939151773069695
C007959,0.03293589048057138,0.03855624332650142
C007960,0.11516489703885532,0.10128508155533958
C007961,0.09077298387511991,0.09410691120436239
C007962,0.34182608836828077,0.35455848046030114
C007963,0.0638106985244244,0.05100087664718043
C007964,0.09516926659069078,0.0827875423345216
C007965,0.05923870215259559,0.057460400463660424
C007966,0.029800876593463126,0.03249714602689953
C007967,0.04080879795013749,0.03154179963550696
C007968,0.06797320060813189,0.06397854966242833
C007969,0.038339162767050045,0.034944457442030744
C007970,0.03486042751428266,0.03625519748352056
C007971,0.046750860849453194,0.04647653885852073
C007972,0.03996609638533255,0.03857092271803299
C007973,0.06315523174612706,0.059203187846350855
C007974,0.11090852583107647,0.15074491701252105
C007975,0.14828484355486266,0.1895684994130944
C007976,0.04234588947857174,0.04734995209956661
C007977,0.39092834652141834,0.30720042445024737
C007978,0.053495607410269395,0.059370375664344624
C007979,0.04344594389065878,0.04080279487954226
C007980,0.48546031268592105,0.6478852289157434
C007981,0.03600458548568307,0.043586312476155256
C007982,0.04266886898382953,0.05467791149721622
C007983,0.028555593286144394,0.031949105821137955
C007984,0.03906846978905012,0.0408334317885158
C007985,0.04786672403029763,0.048513699644984296
C007986,0.043303266859147184,0.030571212254108415
C007987,0.04484825062880759,0.04419407754625966
C007988,0.05310281540867009,0.044303611827447936
C007989,0.056516162077582664,0.07419623454506177
C007990,0.04598987281170385,0.03996780520552514
C007991,0.04213475542572557,0.033189227785027066
C007992,0.035048232141400404,0.03326351504997262
C007993,0.13572669807468757,0.11651886869113101
C007994,0.09330104096598266,0.08797714212156041
C007995,0.05663541517480376,0.050382201241637684
C007996,0.08065611680538134,0.07486763807104055
C007997,0.033633153298625554,0.036735626320872745
C007998,0.0383317919672783,0.034075987959381424
C007999,0.2428040125486762,0.26836526857325765
C008000,0.0626673560746099,0.05449071002621425
C008001,0.028510059544396293,0.027936146480785302
C008002,0.0404693729720542,0.03310449704025435
C008003,0.0442908637408925,0.04217270285132043
C008004,0.08301300025734283,0.08753352353683139
C008005,0.1750976756985147,0.2321500550175918
C008006,0.061869062419837514,0.08363665751765967
C008007,0.025875417715238092,0.028452066706850215
C008008,0.04146297229804584,0.03391167690602341
C008009,0.10995315844920706,0.10517152238891263
C008010,0.0813218704664084,0.08742944447700582
C008011,0.028865066398690676,0.036045581843080605
C008012,0.1730357976711369,0.1837943655053414
C008013,0.04972159569964614,0.04568178139313066
C008014,0.03278477471700095,0.035114366480451464
C008015,0.06858279478918794,0.055923595710321315
C008016,0.2641980058252065,0.2451365909107326
C008017,0.046638797697872554,0.04494631214665275
C008018,0.05522963220285728,0.04757259839010296
C008019,0.03472941015147517,0.0410769592700429
C008020,0.07171778765976024,0.07510782911885959
C008021,0.053156192121786384,0.0466616855435239
C008022,0.042965550959384445,0.03677369792200526
C008023,0.043694894843158916,0.04296156406104478
C008024,0.09935457988063386,0.12040744853691185
C008025,0.03353037756679407,0.03822213368133733
C008026,0.05724067097646144,0.05851172730841185
C008027,0.13930208122884005,0.18792329392818208
C008028,0.02471824112867423,0.02639191223219467
C008029,0.04803493554818454,0.05035912142154848
C008030,0.030258215606385315,0.0322685317246287
C008031,0.3078535332697101,0.31392847290771975
C008032,0.02429812700229813,0.02806646395347646
C008033,0.06970919153659201,0.06995953235192309
C008034,0.14182818335898045,0.10597212548661931
C008035,0.0285305407120493,0.03529835134777547
C008036,0.07291428432655088,0.06544226375358507
C008037,0.03789015710630632,0.06436071516597067
C008038,0.10357050063100728,0.11613144953189547
C008039,0.050162263317980946,0.04926018345667985
C008040,0.06132920266832066,0.04679897559517357
C008041,0.13822314340588507,0.10753796041515376
C008042,0.06770955678710236,0.06998820234174279
C008043,0.07833008163833921,0.07199237006865163
C008044,0.15943292887189028,0.1289933989783814
C008045,0.032104818904839925,0.037046840153410164
C008046,0.17009070493050454,0.1405979033938985
C008047,0.06146534362450055,0.05312237228630048
C008048,0.048515035200024,0.045189415657695256
C008049,0.06350433033038594,0.06285553221445082
C008050,0.04903126711853854,0.04652880185781954
C008051,0.10566778228386171,0.10207127775339035
C008052,0.03208146318000061,0.03257504144383537
C008053,0.03290488288706222,0.055687504372834165
C008054,0.06063454721761261,0.05133842300918142
C008055,0.042831886007174524,0.03814724645946155
C008056,0.027257993427986026,0.029188950812343906
C008057,0.08188089728195311,0.08458573843499026
C008058,0.03331660861411238,0.03496153387361427
C008059,0.0807373455697348,0.08835669450936531
C008060,0.04430267043557609,0.046711435771469446
C008061,0.37787719066301195,0.34340045306970757
C008062,0.06647933897711386,0.06579255159403792
C008063,0.16184023999465544,0.1739417657053754
C008064,0.04919183388264627,0.042536046991812945
C008065,0.06175211616491536,0.06961386224382138
C008066,0.02823040098410511,0.04402464686583719
C008067,0.06438216032884213,0.07136113412750575
C008068,0.03093981620482909,0.03176701826095753
C008069,0.059787062721909943,0.05603233673959892
C008070,0.0347335439116358,0.032515406730682324
C008071,0.026817665571011173,0.029998369972799532
C008072,0.042318016544063565,0.04224605579464148
C008073,0.07798797775951308,0.06860852701666302
C008074,0.06495327703621276,0.07588958889770583
C008075,0.031566604873055286,0.026321759779562016
C008076,0.08409211577261909,0.07383363832323528
C008077,0.09505426032645242,0.08419785340267602
C008078,0.06510262302796117,0.05774442954660901
C008079,0.03539368987118581,0.026020608748246316
C008080,0.029926751367580374,0.03430417405576986
C008081,0.035775643520272904,0.03040037474350814
C008082,0.12356405496796441,0.11646374820661791
C008083,0.10824701157829224,0.09019373060483935
C008084,0.06886103619176724,0.07906167362438711
C008085,0.1950533170908803,0.2059423597108822
C008086,0.07969819503856623,0.08676294615745585
C008087,0.06005173711061229,0.06074601497778016
C008088,0.05217091915999037,0.06049695090514512
C008089,0.04859756081818789,0.042914715572347086
C008090,0.052431189468431796,0.06675006666145725
C008091,0.07279219974298104,0.06792593400598354
C008092,0.06579798898684831,0.058834758631841774
C008093,0.07069254686887254,0.06496751155158151
C008094,0.042845830638786664,0.04566026411640912
C008095,0.17344742915225153,0.17254916669301443
C008096,0.07838223191184626,0.07389667721814454
C008097,0.08908886992275553,0.07792101532900834
C008098,0.03781358404185052,0.04253437556069042
C008099,0.04133002515880831,0.04011098345481655
C008100,0.056886828892091866,0.06493322623482631
C008101,0.0404762308421264,0.034182593888073695
C008102,0.15686190139252726,0.19599039581078545
C008103,0.04624979097562692,0.04992464731636583
C008104,0.07462301065789576,0.06331591707147317
C008105,0.1919703737854582,0.2116030143739228
C008106,0.06078999256173033,0.061303260550973945
C008107,0.0863525158441623,0.09315869279876386
C008108,0.2178228820658433,0.2521048305487867
C008109,0.03379209661440755,0.022583462562356257
C008110,0.07869391265130869,0.06973797800782862
C008111,0.06871492269006285,0.09951218818460432
C008112,0.041715186528094216,0.04608076828274678
C008113,0.04241713194515447,0.035895813610403705
C008114,0.055451536713522064,0.04092611626565706
C008115,0.22935248691747173,0.15352428885863068
C008116,0.11796214859034651,0.09752668037940466
C008117,0.0810470766913298,0.07911883469109134
C008118,0.1297734020024735,0.1312583802224897
C008119,0.04153055678825969,0.03995009107002606
C008120,0.03275809843422675,0.031396914260497094
C008121,0.10199703919935325,0.09211685379360204
C008122,0.11686427312466126,0.1594168880436175
C008123,0.036705743807115165,0.04299666358988659
C008124,0.16330680666224517,0.16698716413159587
C008125,0.27635637535800156,0.2957978867026577
C008126,0.050170601798723825,0.04763229773920262
C008127,0.012955026656030155,0.02550994043985949
C008128,0.029201781058701637,0.025759219752490153
C008129,0.05351331391473868,0.05418476305070583
C008130,0.031704062185665696,0.028413855325602456
C008131,0.054611023721636134,0.0455534812011979
C008132,0.04351546319322473,0.047873243717319124
C008133,0.08360463512560563,0.07144863689247226
C008134,0.05147637868406363,0.05384179899053819
C008135,0.2686932985935654,0.1985949513508551
C008136,0.13467158064490986,0.14692615153441096
C008137,0.03142280626921816,0.03632155673945433
C008138,0.10035235239064115,0.21115814521689744
C008139,0.05917431095055907,0.05959105142953299
C008140,0.057165408789715766,0.04348314034231186
C008141,0.03740312364765226,0.027211792020572105
C008142,0.029714316819584148,0.02654292883472013
C008143,0.07442329940106737,0.07385487835835171
C008144,0.06260675387918643,0.05594008128114879
C008145,0.07276371258157795,0.06756291706623886
C008146,0.19265497958894418,0.188513351153834
C008147,0.04155720112747148,0.04621150645799548
C008148,0.18364927819142862,0.1822976880608324
C008149,0.03098822801362446,0.031436901727150385
C008150,0.042010016496425585,0.04883598243328882
C008151,0.16087325291628046,0.2464618548818489
C008152,0.045762064703884116,0.043396163761655525
C008153,0.1156974800491583,0.08959920108622302
C008154,0.08710356874572671,0.10267479399276627
C008155,0.028049154024754726,0.02533164240581609
C008156,0.02394997228885281,0.030822799376037407
C008157,0.10948453893870864,0.0933680383406664
C008158,0.03988604556649022,0.0391253241714989
C008159,0.031633823725667365,0.03254187294385118
C008160,0.06978734414660046,0.05679523310140342
C008161,0.09274303503722792,0.08534932158445116
C008162,0.031538387993267594,0.031985164515785966
C008163,0.05803132953390393,0.05050088055244052
C008164,0.06749028863077827,0.07664489490697679
C008165,0.10009505701162424,0.10953503845881193
C008166,0.06779205188860528,0.05892284936195676
C008167,0.04159658026320426,0.04573217946066237
C008168,0.04653241349016368,0.0419819325054333
C008169,0.041186359894520484,0.04387736708691185
C008170,0.07596431196338782,0.0727743503444529
C008171,0.02946282836015133,0.035103888978566554
C008172,0.03663386562278394,0.031240346199957487
C008173,0.052821264219187404,0.037383976718125315
C008174,0.1395598470019746,0.10667509347536822
C008175,0.04273282962526761,0.03936427984791704
C008176,0.039645059060129766,0.03582355622568032
C008177,0.03576344429885159,0.03506631433722685
C008178,0.04359527690921268,0.049106822650018714
C008179,0.3243334199008546,0.3191984162313209
C008180,0.04523887878153898,0.03871942841765906
C008181,0.05520534250054476,0.06337528394976497
C008182,0.08526173303860876,0.0744693570083514
C008183,0.29561162271846403,0.2551107668805618
C008184,0.059471783603342224,0.0514133664834285
C008185,0.02717329305347176,0.033419476060808175
C008186,0.053978448617726105,0.0495098425761083
C008187,0.08785010378009585,0.10306283231105526
C008188,0.048968226494435906,0.05623307441981421
C008189,0.15444285543953545,0.2317860716312515
C008190,0.06808346692239695,0.06741777751968403
C008191,0.10166060627013196,0.08811053856135995
C008192,0.06981377115833254,0.07050138318539262
C008193,0.047161718949541666,0.05308484362477154
C008194,0.06411801475244276,0.05903078485337948
C008195,0.230383486920269,0.251971594223159
C008196,0.21417244315917677,0.24517881149405948
C008197,0.0490284500572552,0.04584696389301886
C008198,0.30057924611553744,0.2714970304158203
C008199,0.05623931176282697,0.049346007489758884
C008200,0.395047783571363,0.33101173905364645
C008201,0.0472399952554539,0.05467997391361336
C008202,0.030859487453939044,0.03500635995149245
C008203,0.048881026581260215,0.053583364710685255
C008204,0.01754064929142829,0.029877815955593474
C008205,0.05246486228649364,0.05707695859864796
C008206,0.12888181671779148,0.11080517853560864
C008207,0.05417119023439376,0.045547541691339385
C008208,0.03587466229653991,0.03555798929020495
C008209,0.022416507358442746,0.02173070915639561
C008210,0.14628718711492775,0.16563898847857514
C008211,0.0743592277130729,0.06439064121509665
C008212,0.04754329020835949,0.045555420006261255
C008213,0.03075077999601163,0.031041273515661726
C008214,0.2801000092137776,0.30454984994480155
C008215,0.09814891967859257,0.08034270634027034
C008216,0.12457730466484698,0.09655014472053262
C008217,0.09810057431038499,0.09038227613853092
C008218,0.05811335101081504,0.05279928465802665
C008219,0.057031617753066255,0.04524320229480262
C008220,0.05473462849430928,0.04406921617611733
C008221,0.08869617089515394,0.08720526296812678
C008222,0.23016334329850435,0.22586756259095897
C008223,0.05637391375568175,0.04622813221926114
C008224,0.038476881676559646,0.03736228486405649
C008225,0.04056168875185899,0.03894801712012664
C008226,0.08952499840171582,0.09629344691260036
C008227,0.04908777524378073,0.03250206887336533
C008228,0.14335530058312518,0.16076200468953053
C008229,0.030544111753951397,0.038243493463020764
C008230,0.31711566705515654,0.2608115174448382
C008231,0.07296519296652952,0.07964767952520395
C008232,0.03139937512516159,0.03359555874648153
C008233,0.05602948768315881,0.05302149425430427
C008234,0.07152272871798344,0.07937373488788355
C008235,0.04079843004637203,0.03912938868676253
C008236,0.14587239874933472,0.1592732877478915
C008237,0.040268445173221715,0.04476558798908393
C008238,0.06502464238105096,0.06134427884957202
C008239,0.029027213832847787,0.041400817787756845
C008240,0.054671624595615934,0.0546583064115447
C008241,0.12110839551227422,0.07605072678898823
C008242,0.22257581265365026,0.2273945060952844
C008243,0.06871553066456222,0.06990917730938837
C008244,0.15178882927573129,0.1391232632787828
C008245,0.02972371677312114,0.028693443660616703
C008246,0.15668093298511973,0.1882756537191095
C008247,0.2292885292122587,0.21333546105805143
C008248,0.10688769244307188,0.09881172298446184
C008249,0.022330253549177642,0.023227105709138808
C008250,0.033707554141669226,0.03803455682980331
C008251,0.037464643224924744,0.03987607224673135
C008252,0.043130838816502634,0.03398000649693159
C008253,0.04121992035082307,0.039923110397980965
C008254,0.048859048910788586,0.04861475967555644
C008255,0.04776946418751678,0.04849587075162787
C008256,0.03458930006072132,0.035114556776377516
C008257,0.034901902228013426,0.03667887063093837
C008258,0.33206688570778464,0.3418296745285424
C008259,0.07048638434748575,0.059827363173693124
C008260,0.04576918697655922,0.046470426716073446
C008261,0.11003103621650326,0.13269712473476347
C008262,0.027715751059945327,0.027051332308855636
C008263,0.03587371359097632,0.039473163970116125
C008264,0.3416705265827653,0.30576566467825794
C008265,0.049201668209359596,0.045081755258245246
C008266,0.06347877798322664,0.057956898117866085
C008267,0.05747026494158307,0.06295212342490888
C008268,0.04148728137031467,0.04310637484473842
C008269,0.10462445862165641,0.09985838453748166
C008270,0.0414456624678355,0.05098481838320414
C008271,0.03709733848426077,0.044456559456398405
C008272,0.05507040363714975,0.04983241927296639
C008273,0.24633324219891617,0.1768130508847274
C008274,0.03810322607221055,0.035678318964386585
C008275,0.05856316434210547,0.05820793597259945
C008276,0.05225529715141715,0.050019331446955695
C008277,0.19621925608013768,0.1438800545377132
C008278,0.1302239484966596,0.1499293223099357
C008279,0.024992934374361266,0.02278339426314383
C008280,0.11294382338607087,0.11671987230201561
C008281,0.03200029247792833,0.034109679970126046
C008282,0.04092112781152848,0.0426493770901868
C008283,0.0356457922839712,0.038991918155241466
C008284,0.03462730821937447,0.04061798032011667
C008285,0.06092281698108587,0.05106587268409165
C008286,0.04811250842256594,0.05162119402630568
C008287,0.04481947385914388,0.03824038147563728
C008288,0.03886889192491515,0.041976333197651455
C008289,0.060681690071853846,0.05906035884390659
C008290,0.0319292120087384,0.02751712969720519
C008291,0.03284232390018538,0.03262222365218992
C008292,0.09807798633360158,0.10789204364474789
C008293,0.056603831793034666,0.05315238409434218
C008294,0.04060772524382609,0.03771020494000572
C008295,0.021916367138950323,0.02182038203587506
C008296,0.14795635266093884,0.13483054383865584
C008297,0.048437597499261964,0.04203907280017706
C008298,0.05432498753321134,0.06183009573877367
C008299,0.06898052851689578,0.06393147201124065
C008300,0.045905861419304715,0.09297867553065374
C008301,0.037465276039207754,0.046921232310446176
C008302,0.07250763596747599,0.066962380217544
C008303,0.0711287831545713,0.06806871464655735
C008304,0.14435874967002899,0.10435823092195509
C008305,0.2016014277762333,0.2744986499110172
C008306,0.06538290845415713,0.061909972895595036
C008307,0.07701926223872305,0.08118610133207735
C008308,0.08415462684169686,0.16562589872217953
C008309,0.04010034671760466,0.03980180806724164
C008310,0.043765256628204054,0.04275226020471167
C008311,0.11687912817445098,0.10917821726658979
C008312,0.04498636762600692,0.04072722959263187
C008313,0.0325688360493408,0.0330080750670146
C008314,0.12580879240723594,0.10854882649766388
C008315,0.08909499326746069,0.07101481672994774
C008316,0.11657257205051527,0.12226672011298434
C008317,0.028356915751434418,0.03047468529093677
C008318,0.0433415814771483,0.054193898142656995
C008319,0.08277850346462848,0.06597199166326442
C008320,0.07527616410441544,0.09052725659807637
C008321,0.035043914335554954,0.03775111177412848
C008322,0.04461587039222421,0.04678195723981193
C008323,0.05517277239149763,0.04860749055994739
C008324,0.031605509763239385,0.02378908363906318
C008325,0.0753922383899556,0.08138240105477189
C008326,0.06389224244049194,0.05792922687118181
C008327,0.04520905551491439,0.043150261416807806
C008328,0.5510384355156045,0.48665420608874754
C008329,0.03978477535849871,0.03490680824669574
C008330,0.07900681031638447,0.060675807594742136
C008331,0.027100653629836276,0.03657470817443696
C008332,0.03921261273196813,0.03840880413186461
C008333,0.05462765721072258,0.0520456368740729
C008334,0.0853273672412602,0.08481169435888294
C008335,0.03387968938564611,0.026009063448671228
C008336,0.2864671354304559,0.24488779169600067
C008337,0.04977810104033039,0.04708166137784735
C008338,0.05508335553597184,0.0566046440502876
C008339,0.048184602884232416,0.03985270769845322
C008340,0.03390119286214482,0.0343518486347444
C008341,0.5085894388632772,0.4175072019803666
C008342,0.19104543590332973,0.21897506483738244
C008343,0.06864263443501803,0.09197829038712586
C008344,0.041491401388717195,0.04031560503654187
C008345,0.0314425157955541,0.03382553135948087
C008346,0.0274113551686076,0.025923951332041034
C008347,0.12442803923798587,0.10885734843758707
C008348,0.03125619888252958,0.03895437802849682
C008349,0.038662920527756564,0.04241467727528486
C008350,0.21722890168315384,0.16014364116062277
C008351,0.04176085104774411,0.036743035335343906
C008352,0.106174215631796,0.10312012901387232
C008353,0.02753924391244883,0.027375593369431295
C008354,0.052540220226283865,0.05635541205460657
C008355,0.045177987208839074,0.045956890409404275
C008356,0.024432928922406276,0.024315184560377557
C008357,0.05940158547044522,0.08333201430522638
C008358,0.106829240377516,0.0868021303165348
C008359,0.04679985293998499,0.052673711993894756
C008360,0.07215944014913825,0.05777840252670248
C008361,0.11740929235699696,0.1135053088674346
C008362,0.08971287566824948,0.07575829195744002
C008363,0.21728202469256802,0.224172152161153
C008364,0.08442820192675407,0.09331062333374064
C008365,0.0389470593614728,0.02651433526413204
C008366,0.025150625220437824,0.03694984338557801
C008367,0.2641366947627254,0.39967193204526347
C008368,0.07071065538258275,0.0550840129178863
C008369,0.08071771299891498,0.12108235102431728
C008370,0.0902770849645935,0.08278329375948071
C008371,0.06840659800772578,0.06266587786460931
C008372,0.06491329002571126,0.054999715432955155
C008373,0.030057148881584495,0.028571721866821203
C008374,0.028084838905931858,0.031109069044503827
C008375,0.05468964834314144,0.054342195217825795
C008376,0.053951521471453025,0.06742016016451483
C008377,0.05100386343946495,0.03944436540223127
C008378,0.1101417504709504,0.124788072216331
C008379,0.16502032167130515,0.16100210627171568
C008380,0.23383482627039393,0.3215287338593213
C008381,0.03882697887317262,0.02479181329922588
C008382,0.05148316775418456,0.04105722528301208
C008383,0.04218742668408007,0.04328071575419577
C008384,0.04245777334385159,0.03875939631386031
C008385,0.031244570259499026,0.039509901605243716
C008386,0.051624452540424894,0.046220959261623354
C008387,0.023756188059839357,0.029847945971697175
C008388,0.09640832734551996,0.11423705375030883
C008389,0.03352972652830204,0.030212221030571786
C008390,0.033641532465746256,0.03374110560172225
C008391,0.07142663290082811,0.0654647978622083
C008392,0.3091478847194416,0.33618021409539817
C008393,0.07332008768350162,0.07823164059539608
C008394,0.03832499080446389,0.036154106962349754
C008395,0.039075223722684904,0.049494857322396016
C008396,0.053625340998860085,0.04064970847007984
C008397,0.08018696277952095,0.13911493808549688
C008398,0.026534042721461648,0.023872403142088144
C008399,0.08899985329148061,0.12776335130291455
C008400,0.04706559167171296,0.045001275960732695
C008401,0.05145636097549622,0.0476042519855717
C008402,0.04360199002920281,0.044405894452214316
C008403,0.0729300272950123,0.0942268174794041
C008404,0.07768503352399991,0.0586044055357682
C008405,0.044634650685330395,0.03730386145458561
C008406,0.11102242173595966,0.10751961024597034
C008407,0.038057396465293755,0.03327076307928599
C008408,0.04962348675217999,0.041299523377049056
C008409,0.17783655197648768,0.14425058039827685
C008410,0.031322189374313456,0.03595863988877422
C008411,0.026622012206617234,0.027509461306860432
C008412,0.05110804608070032,0.047776569019052126
C008413,0.045550247333304164,0.04388744342666259
C008414,0.03351135221456187,0.030593741964905618
C008415,0.07418301522055466,0.08604291014731584
C008416,0.47322418867230776,0.5295652458999407
C008417,0.07383837775387656,0.05530386798320501
C008418,0.03896621006827606,0.04225075027868671
C008419,0.21798962886762255,0.17365435763412496
C008420,0.020636159349050245,0.022029646947209228
C008421,0.11860197817999137,0.11174650531780413
C008422,0.041445954455326596,0.03692426613728465
C008423,0.0454677265155556,0.04821932891287215
C008424,0.14287463953462914,0.1924825965432747
C008425,0.03261953955092592,0.035881637792225855
C008426,0.03991489118102621,0.030715756928483405
C008427,0.09725841443931776,0.07366284669736796
C008428,0.03277112405496663,0.027295054527272905
C008429,0.03154344748910096,0.03049030681715518
C008430,0.034140413781724846,0.036293062187797244
C008431,0.21789940828257298,0.21719607360480384
C008432,0.03827352756161461,0.04371994222059025
C008433,0.042151216784717636,0.028324447649878633
C008434,0.08924966523968833,0.10164352594200213
C008435,0.08823820178476542,0.07949567990967495
C008436,0.035184335325617856,0.03649770563079891
C008437,0.05427219680798603,0.050750078899947204
C008438,0.059059101818754914,0.03141853953621411
C008439,0.0550193146603809,0.05403498562805244
C008440,0.09847346273096612,0.12488357450748813
C008441,0.04391044584120592,0.03887395505768817
C008442,0.03937150027471077,0.033676512850328834
C008443,0.045248299870031934,0.03784699105504456
C008444,0.08813193355558682,0.08165419218687409
C008445,0.022707703864291537,0.02330830944975404
C008446,0.05065132203815133,0.04147175394043743
C008447,0.05139943137067997,0.05486308078094591
C008448,0.6139015355990468,0.7443852163184932
C008449,0.1751982360311576,0.17359446736425288
C008450,0.05199992250618315,0.051595402046934725
C008451,0.06143323174412559,0.06862964434236507
C008452,0.3062885530234812,0.2902187165707072
C008453,0.0601264025925242,0.059122912999385546
C008454,0.14390778408671823,0.14244747504504707
C008455,0.044376171792707385,0.03181065842422454
C008456,0.057088373579234644,0.054777534703341256
C008457,0.03313982026522103,0.03402802356457817
C008458,0.025685305381393363,0.029850012313065954
C008459,0.05579369411883396,0.06224038860138463
C008460,0.055053565352481404,0.049910650962408376
C008461,0.08808306638004848,0.07747566161889805
C008462,0.03753259884457803,0.041006812993314296
C008463,0.22098745581653106,0.19676111404733307
C008464,0.03738707885376959,0.044476662897564904
C008465,0.024356832940729368,0.0267850875265718
C008466,0.0889975629144382,0.09604868306213923
C008467,0.05868458855619305,0.052202566178060184
C008468,0.041548437200884594,0.03532954790327289
C008469,0.03666322247977853,0.03478302321545075
C008470,0.05110044699893489,0.0511522258750283
C008471,0.03160673312947481,0.03632607098656444
C008472,0.11484170427441054,0.09061330329218885
C008473,0.12966000754097454,0.10925686502421834
C008474,0.05577251418398401,0.05083435790198615
C008475,0.035623789783845665,0.03226400188020011
C008476,0.24831220263412393,0.2400781387030421
C008477,0.03666991734319873,0.03391955535743974
C008478,0.02477704005793658,0.02297812391657898
C008479,0.044852785805027606,0.03569385174844864
C008480,0.39355665189921507,0.3765787663587455
C008481,0.2510584105802029,0.3648448922843711
C008482,0.051985136378124144,0.04679442569962017
C008483,0.2375024257763505,0.30622515407308026
C008484,0.05724418445783204,0.11916372935188839
C008485,0.027501458759029658,0.030618083633122774
C008486,0.05418500895840976,0.0478451749771974
C008487,0.12448094947836803,0.06992739520520172
C008488,0.05373973207186161,0.048744619399034836
C008489,0.03248848498652601,0.03455844272308454
C008490,0.12243351378946073,0.15097637919212928
C008491,0.05053442572070756,0.051429847410986884
C008492,0.029029421288795782,0.043085280090019024
C008493,0.15749043007005628,0.1255799601865915
C008494,0.05041071716664698,0.039399741232339434
C008495,0.054228599556990484,0.05376278315148605
C008496,0.2632818141663848,0.21233508306001192
C008497,0.04737693767551886,0.05067738485501355
C008498,0.27052019038090513,0.21097073653054427
C008499,0.0517686046363776,0.0472572624803491
C008500,0.08715915456913452,0.07676606404409266
C008501,0.36899126029818624,0.45765181088546986
C008502,0.05072721705489247,0.048789316934023386
C008503,0.06658260260782449,0.06329107361914414
C008504,0.04548875431240074,0.04026069512998252
C008505,0.04252103177730311,0.04004117065667599
C008506,0.029871020276098594,0.033552992674567725
C008507,0.06331801640977738,0.05371838650014545
C008508,0.0955282630902041,0.09184758298184656
C008509,0.15622232261542196,0.13032149600898063
C008510,0.03458974026901475,0.024847284572718488
C008511,0.044794466937766966,0.05087802282637429
C008512,0.16981870747051206,0.15927043393701862
C008513,0.07608260975116321,0.06796210273299799
C008514,0.06476680842408218,0.08012920539386421
C008515,0.04620454387902494,0.0566941699865378
C008516,0.08253145770078874,0.0958842311509664
C008517,0.13279267943921005,0.10729265417594377
C008518,0.035168972101735266,0.03582950111695008
C008519,0.12076372208463113,0.09844600229553711
C008520,0.03953675759881358,0.037726851694361484
C008521,0.09786452184934963,0.09514446719951507
C008522,0.01633224651833962,0.02210174770906308
C008523,0.1570692237213209,0.1435724692837029
C008524,0.22704650366667606,0.2268221438388045
C008525,0.12126416731722192,0.11896767128669605
C008526,0.05192793441908742,0.046595067040961016
C008527,0.04493827360782714,0.041711273518465555
C008528,0.05810791811985574,0.06270507471667978
C008529,0.10536884842909078,0.09031593996419379
C008530,0.05489671258820892,0.05343754305385871
C008531,0.060959786335933616,0.0537313486729097
C008532,0.09272757619635583,0.0918537477023895
C008533,0.0295738390194566,0.02424587997047458
C008534,0.04251875277831056,0.04495720780185235
C008535,0.08623976518138113,0.0584397080131967
C008536,0.28023496599483166,0.32308167197057996
C008537,0.11260809826994542,0.1335717724327457
C008538,0.027087217528115916,0.02971854818682338
C008539,0.05074642189738219,0.05210104003714414
C008540,0.05512827268023936,0.055102232196197275
C008541,0.04992950949872542,0.0437557633528315
C008542,0.20273849113720313,0.2523852661207017
C008543,0.08888198161090397,0.10277821258438662
C008544,0.16607258044132744,0.17032681947392336
C008545,0.03847651739272567,0.026861877725471734
C008546,0.24016818754879687,0.2036112176565536
C008547,0.030548963000413508,0.032092876814881446
C008548,0.04106161165169563,0.033787690782591626
C008549,0.1022959938297803,0.10687542068391731
C008550,0.06605249165827379,0.0536308203926185
C008551,0.10064782826627623,0.07302205308723372
C008552,0.07576045272770107,0.0781983574116262
C008553,0.14414798752454192,0.13827933947368432
C008554,0.0708772826776552,0.07898991582124784
C008555,0.12514661150162698,0.16618433602371468
C008556,0.018989486415059802,0.020447966234474275
C008557,0.027619536711432226,0.02899996418337241
C008558,0.1497716899542638,0.11823928819819984
C008559,0.12677113727285005,0.12654683933659944
C008560,0.06459927223866964,0.07393104977083162
C008561,0.03283692491492295,0.0664130205248957
C008562,0.05532251131972839,0.04069545464497895
C008563,0.04240383235153976,0.0402459672123938
C008564,0.033498505876416625,0.03144837418399822
C008565,0.03604242359268858,0.03709224124264465
C008566,0.11778611044533713,0.1031528106554861
C008567,0.05887582174311964,0.05878451002763333
C008568,0.03726790905254316,0.04121250864419668
C008569,0.08957348722906525,0.08132427892658531
C008570,0.21590469184154476,0.19203678366371163
C008571,0.03958990665612589,0.061510732086620626
C008572,0.1099249313094293,0.1161469126576272
C008573,0.05566020147028731,0.039331535845684586
C008574,0.0378832316829529,0.03566877234650226
C008575,0.04566494383024554,0.03573416599604057
C008576,0.28512685140207766,0.306784072198939
C008577,0.047421364414290956,0.05003413954567042
C008578,0.09328450007576501,0.09575449761017377
C008579,0.03583534117133864,0.04454817930022813
C008580,0.3225607858043904,0.29447621307233407
C008581,0.03357026727442347,0.02871933419317994
C008582,0.034486378972377774,0.03590019577883444
C008583,0.03978204767428063,0.03847591383170725
C008584,0.08148162349873872,0.0634696517031843
C008585,0.0507073429030492,0.0476016479744508
C008586,0.16173543821371575,0.19255306590984617
C008587,0.11034922605551814,0.08088979734437111
C008588,0.032963189323264294,0.044192107844322995
C008589,0.1121667097072399,0.16711028436201636
C008590,0.04635355564167003,0.07268024069576229
C008591,0.04876807700988377,0.04918503084923991
C008592,0.037282917341620994,0.03646602249957201
C008593,0.04594338588492582,0.0452139248161211
C008594,0.1394640305713325,0.13697681379814375
C008595,0.03246694490616632,0.030202849404089405
C008596,0.04441818656773879,0.04416868525101197
C008597,0.3987827336058051,0.2997559435272937
C008598,0.04108436827596591,0.03985678817025826
C008599,0.06520069421485289,0.05762370497186731
C008600,0.03875621668326066,0.03522834079191406
C008601,0.06621243150949889,0.06610334298559438
C008602,0.04865752137549153,0.049862985504085175
C008603,0.04469070186077383,0.04105179820801837
C008604,0.04252779895988344,0.04258678059546252
C008605,0.04004273115888135,0.02945037966249414
C008606,0.0433707642434834,0.039383076516361026
C008607,0.050495232621756925,0.04133469999715649
C008608,0.03948625981239449,0.03264805913048029
C008609,0.03831846045437343,0.05074603239027653
C008610,0.06372229006219379,0.06361431503309595
C008611,0.055418107461388734,0.06003149664286371
C008612,0.09724823771343355,0.1148878956843445
C008613,0.0435995346344655,0.038115556834768596
C008614,0.20912574016657656,0.22531267786779946
C008615,0.043899260261689624,0.045368441098185976
C008616,0.06833155548756287,0.07403654089708366
C008617,0.03751360373627042,0.05603292517261134
C008618,0.05528145577371576,0.05718132742614862
C008619,0.11128621129387564,0.10716912779137408
C008620,0.12324983878027129,0.143749352153139
C008621,0.03058092703091476,0.03122001531114856
C008622,0.04014388337594247,0.04183862767261803
C008623,0.025234588149912085,0.02197165495845796
C008624,0.026585755437147095,0.027225928762838275
C008625,0.1945717884823389,0.2614698502388955
C008626,0.04555127863686874,0.03827884284795601
C008627,0.030531651645499973,0.029024701445805386
C008628,0.04969463926665776,0.05818506993025119
C008629,0.11822484155939987,0.11566096642237375
C008630,0.05684159203422288,0.04551193059424027
C008631,0.06111508115427724,0.09029854834505038
C008632,0.043852374936045484,0.03665014459956863
C008633,0.036080493576307424,0.02926615908670164
C008634,0.08265833634622491,0.09221926263829094
C008635,0.04071455119659405,0.03289162245906966
C008636,0.06822637860246121,0.05286335108289299
C008637,0.24366550536050813,0.22988973957969558
C008638,0.04822934383696474,0.03750312570096634
C008639,0.043061164360709975,0.02843575381106438
C008640,0.257175350858538,0.24181914184450098
C008641,0.06120116970177862,0.04811624680679888
C008642,0.038217029119607414,0.03570758815812926
C008643,0.03285386538072961,0.027649424384619127
C008644,0.06432355423036516,0.06059324830939121
C008645,0.03166125458231011,0.03731604743298568
C008646,0.03513383859009296,0.029000855088089084
C008647,0.03310789278977555,0.03280194437954259
C008648,0.04667189536061587,0.03937789089854834
C008649,0.037032375094018244,0.04022506852841843
C008650,0.030203394844353703,0.030111662929224188
C008651,0.0373150392035249,0.03400365180550709
C008652,0.07745867184585234,0.07612046411668524
C008653,0.14671352569111432,0.15863396460958157
C008654,0.056597994029759145,0.05530922874232495
C008655,0.022928218706849884,0.02913442369657679
C008656,0.053585398358229196,0.045410971079161665
C008657,0.07777534965242058,0.09220845131101182
C008658,0.1419088018634958,0.12087431352676732
C008659,0.05531459044822197,0.06793221264414694
C008660,0.05300526884266192,0.0435062610627285
C008661,0.05010087817860531,0.04570133797054203
C008662,0.0724099356827876,0.061727934793296746
C008663,0.22011947886128222,0.2141703176677578
C008664,0.05861187149504945,0.04974671056786451
C008665,0.19880936352832904,0.22117240520715792
C008666,0.039483668930401325,0.04535394049914443
C008667,0.045010732469953754,0.0500029726238335
C008668,0.043352882922206445,0.03718943456041658
C008669,0.11054137005116318,0.10259295718169988
C008670,0.08303234772052137,0.06910081743256194
C008671,0.028894793166995413,0.027866688099515056
C008672,0.0430324341651145,0.04143140354331548
C008673,0.05326985288161029,0.04491848795981584
C008674,0.06292580142870173,0.04770542325677822
C008675,0.04309641976136322,0.03157986852201958
C008676,0.08188112277796415,0.07341115138844585
C008677,0.06469941202509365,0.048935002259440655
C008678,0.13311600903812854,0.10684748551048788
C008679,0.03754603369460371,0.04058124240176124
C008680,0.059458307117100616,0.044594959438327364
C008681,0.03233969492891002,0.0304604884350251
C008682,0.10147968606592861,0.12209936461398388
C008683,0.05753057907756419,0.0526617355154777
C008684,0.04637126573025403,0.044928506941232016
C008685,0.04428176249628497,0.03855097123768453
C008686,0.02449336406711559,0.03648495579166265
C008687,0.04317893947982711,0.05124375601162099
C008688,0.0426275277724467,0.03868658008374058
C008689,0.03723806758050752,0.03927594275510833
C008690,0.1927644514103006,0.24449092660432598
C008691,0.05008994291251192,0.05315604214513307
C008692,0.05515920334633502,0.056868169661757784
C008693,0.059098821663076395,0.05626352866951223
C008694,0.15456685978814758,0.13822760883749094
C008695,0.038717579838959945,0.031042458017206474
C008696,0.0835943889538361,0.07354255206035991
C008697,0.31724033299934995,0.2968836194698719
C008698,0.03784189158601077,0.049754168411677555
C008699,0.09557619533027484,0.10874622888863857
C008700,0.10739191793086675,0.09095715938400493
C008701,0.039059564875599063,0.0519600772676013
C008702,0.05688982723625595,0.04688367733884175
C008703,0.38517297979235937,0.45626518158558393
C008704,0.0548257071253319,0.03534973394701109
C008705,0.0351644523705161,0.0328798154110755
C008706,0.18718540637129777,0.170540866710438
C008707,0.044481050317029744,0.04284777139715248
C008708,0.054563569490429266,0.051988043342172816
C008709,0.04675562995280093,0.034747571804519116
C008710,0.15722637467253414,0.12209872965959265
C008711,0.41604320329489386,0.49329059940866066
C008712,0.03886327375742079,0.030020285617652888
C008713,0.12354070894864759,0.14038976076365636
C008714,0.020259380657268844,0.026741796614544067
C008715,0.02498865627422194,0.023433439389818782
C008716,0.1934847346425931,0.13204817884699582
C008717,0.031100251934949773,0.030854951681774916
C008718,0.04000807371414079,0.03104457457697104
C008719,0.029233202850700052,0.041161670752349735
C008720,0.04711215465849748,0.04355314092322001
C008721,0.10834866940371116,0.11819958522562554
C008722,0.07516475293494361,0.07846150956917451
C008723,0.043922852520305,0.041497170798681496
C008724,0.040757276593335265,0.04418053164348902
C008725,0.04495440548872271,0.04896870994968765
C008726,0.04450926691946242,0.037448458153157026
C008727,0.21507216975788976,0.22675864133347862
C008728,0.14275904692245847,0.1378321833355744
C008729,0.03664774280591769,0.03893151419720618
C008730,0.09174679932331285,0.08935801829544786
C008731,0.06838780679945931,0.060514918778925696
C008732,0.03157063172999939,0.03280095826299194
C008733,0.03007068891049126,0.0280031550118812
C008734,0.08325413657983786,0.07882116505174605
C008735,0.03208654558650087,0.04303215168194036
C008736,0.09901158766820885,0.08191294384164331
C008737,0.08757091187726913,0.08680981340009923
C008738,0.04693071010758029,0.05399096596171839
C008739,0.05558536797338889,0.051825168747921965
C008740,0.041595546405424955,0.04384510124380546
C008741,0.038443715774741705,0.03909233849747091
C008742,0.041962336569255146,0.035145796544060186
C008743,0.05376328994966504,0.049805883304288964
C008744,0.04578316825448195,0.05804155714111273
C008745,0.05080793493965883,0.048904080373554815
C008746,0.05889530939238807,0.07275789867858928
C008747,0.10265058430321297,0.1268105265613102
C008748,0.05514670827921551,0.053333972589017044
C008749,0.05176050021128529,0.0426336263556432
C008750,0.04557160194467373,0.03809338759437834
C008751,0.06904565484300243,0.05065516874853108
C008752,0.06242129533930617,0.06259328483071672
C008753,0.06460452883444408,0.051282005932840324
C008754,0.08948312015431273,0.054434408107992535
C008755,0.0738031688165582,0.09647553542220175
C008756,0.04448115892090322,0.046087945860507254
C008757,0.06711571218703251,0.1072943055837123
C008758,0.06285402712166933,0.059601125174102744
C008759,0.049629900816565285,0.058737890548394664
C008760,0.05899495471465914,0.05445264505836789
C008761,0.09258545149709677,0.10735589493838098
C008762,0.057690907402590794,0.035899179141696526
C008763,0.05715567322484032,0.06371835875983696
C008764,0.03510709054931649,0.034501980518977696
C008765,0.09893235163756316,0.10978129931822982
C008766,0.03343596167238423,0.026321159273402804
C008767,0.04166003873657627,0.038990083067775475
C008768,0.23826455620565096,0.26001832543983594
C008769,0.10812166047885996,0.08441363371134733
C008770,0.05834593471091447,0.057195740465177766
C008771,0.02825005991256261,0.03194823524985754
C008772,0.06030010452176634,0.06044932740391713
C008773,0.10857492067441035,0.09459751417380305
C008774,0.045141929105632465,0.03733305821731185
C008775,0.04687504049002997,0.038754287552933336
C008776,0.049724045227531176,0.045303164947673294
C008777,0.029077593614666136,0.030079238805536153
C008778,0.02328962507808966,0.02394463037210844
C008779,0.10473928722179952,0.08563443246604083
C008780,0.38221042488278156,0.3647184315771152
C008781,0.030398316348476097,0.030343513048007975
C008782,0.03469256633801658,0.03052561257914547
C008783,0.022748348020339093,0.02559745188720302
C008784,0.06537116006756746,0.0533573413887518
C008785,0.04498292489405565,0.04225618607867299
C008786,0.03912096811171574,0.04398924895983991
C008787,0.3241772553641974,0.3445944087930501
C008788,0.07630079830986099,0.06237904678560217
C008789,0.05521596047526713,0.05809898605840673
C008790,0.03901410458285263,0.03233353160580419
C008791,0.053824195753255935,0.04679022324715064
C008792,0.08207713495366244,0.07179139094389712
C008793,0.04875457726335973,0.04438428385162287
C008794,0.028124338419302286,0.028159626356825795
C008795,0.03422219216541138,0.03771099076441914
C008796,0.048042512030901714,0.04969904948724343
C008797,0.03639434966573204,0.03487263259737111
C008798,0.04139633551538494,0.047876204018765404
C008799,0.03813434666930794,0.036824942992476045
C008800,0.13167899688212065,0.13323429652803848
C008801,0.10675566180118456,0.09513423048177481
C008802,0.12785900081163012,0.1111262213796779
C008803,0.03372242043931269,0.033005649258149146
C008804,0.08718415518698702,0.10149303732105393
C008805,0.07852634685404952,0.057078950200168455
C008806,0.13865587623973424,0.12320376044555761
C008807,0.07992851506486673,0.08245591879748412
C008808,0.10467256510699965,0.11863642341269236
C008809,0.050290921154709824,0.03169794580080394
C008810,0.09048420893555413,0.07646933009796379
C008811,0.038626309500537595,0.052260678834697136
C008812,0.21534794984388023,0.22727356526172246
C008813,0.180111603923477,0.1836804430795042
C008814,0.07563453023582908,0.08251921666475556
C008815,0.031061171674653963,0.036475675824642305
C008816,0.0498359346152916,0.03782083163041872
C008817,0.21371428824015964,0.2610565637923158
C008818,0.14523623623918513,0.10726501462533614
C008819,0.04738927266614399,0.03891107122325378
C008820,0.047353541136622324,0.05142312783757943
C008821,0.040461886642113226,0.05010871400201071
C008822,0.02678240071898132,0.02469199966440917
C008823,0.2181451052846181,0.22659852140671305
C008824,0.03956862745915386,0.04059246765331244
C008825,0.02828479303642185,0.03336762817728385
C008826,0.08939789278749574,0.09458875742404874
C008827,0.061537885128012185,0.05628499907827063
C008828,0.03515689590532248,0.02901161247683177
C008829,0.03983352548063994,0.0485686700621636
C008830,0.02970887876251522,0.02897026398628058
C008831,0.020472822849663147,0.025709370978895623
C008832,0.03605669721467304,0.032399246072500255
C008833,0.035109941058682315,0.032773147899304564
C008834,0.23112624515140728,0.26353683586911036
C008835,0.1858993446552667,0.17409455042575436
C008836,0.22039040632808748,0.2636678907880642
C008837,0.16465334459137596,0.1555141535006769
C008838,0.021820931488469444,0.027813399482366958
C008839,0.046460243558676825,0.03678793797473014
C008840,0.12116047530785705,0.10242630315249188
C008841,0.04899296212443927,0.041944322113597866
C008842,0.04939328144192381,0.044331986970235264
C008843,0.043838138350152475,0.042700663941306165
C008844,0.03459949672413228,0.030135775999302134
C008845,0.036589574108100195,0.038669250557776015
C008846,0.04302012321298686,0.04908208706361393
C008847,0.03099301731008865,0.03196246322193263
C008848,0.09864666355619903,0.08445608566340683
C008849,0.030509873453808133,0.028435779421108937
C008850,0.03832328103774861,0.041510961979916106
C008851,0.13959178053148022,0.11123654980512745
C008852,0.02789914846662338,0.03177922509532832
C008853,0.04435080671227018,0.053346795911548006
C008854,0.1709375935956429,0.18738814493716255
C008855,0.02839852269426086,0.033625787591422
C008856,0.06773788371934518,0.06872106995117402
C008857,0.043920207948149104,0.04047656329898577
C008858,0.21759105287795055,0.1941611002293578
C008859,0.05802255658602158,0.06413866130559229
C008860,0.03607198931661186,0.04055588222655024
C008861,0.05996886723772684,0.06929117077857602
C008862,0.04809403823717966,0.05058423636477775
C008863,0.0647700770797585,0.05471689189897814
C008864,0.05029524226633515,0.04179522493930098
C008865,0.20183805305088415,0.13742581038523827
C008866,0.04058580063528144,0.041738010417031804
C008867,0.035323840308618716,0.0394781702109729
C008868,0.09095496965647051,0.06494169096295377
C008869,0.0292806125963794,0.032076545513063846
C008870,0.25601741566963965,0.18639640565156215
C008871,0.043027002179492686,0.03765553134612157
C008872,0.13668381314045544,0.17144994666410956
C008873,0.10740183049995722,0.1303736081540712
C008874,0.04928491584929513,0.054289398748166164
C008875,0.034115680482114503,0.03423102093218185
C008876,0.06663425426174605,0.05018081271478305
C008877,0.4234171062180424,0.40801416727868106
C008878,0.07943233238504911,0.08296689635594207
C008879,0.032214853707253376,0.03555833727626358
C008880,0.04264199680768059,0.03965735080507678
C008881,0.04204091568458021,0.03795982008324696
C008882,0.06918360320076515,0.06946893515431599
C008883,0.19442224543113268,0.1788250139946149
C008884,0.1832783870225772,0.1523412601483878
C008885,0.04652599753301191,0.048841105645706415
C008886,0.04554410087168179,0.03827916864391324
C008887,0.3998252509401371,0.38537489690729326
C008888,0.06271545842250842,0.08070598569588801
C008889,0.05054116360322497,0.06330671068988714
C008890,0.04002190899708189,0.04255240763450751
C008891,0.1353554629749739,0.10951112032078639
C008892,0.06491731509768336,0.06451270773904756
C008893,0.07993938190433111,0.07406939999750602
C008894,0.07002097384915956,0.06484808628985035
C008895,0.08769472578180368,0.06155583258328987
C008896,0.18534748314679036,0.19514547163345358
C008897,0.11552864465488248,0.09544638965532673
C008898,0.04001701436463413,0.04562849206341999
C008899,0.0401974826710532,0.036289433926832114
C008900,0.11395537269708374,0.10393025284221422
C008901,0.06012301448871874,0.05638457307633664
C008902,0.0852223147660083,0.061138611011143526
C008903,0.034039914022601314,0.028649298407865502
C008904,0.21214280531595348,0.23336653492693538
C008905,0.04689697108827738,0.04261169292398459
C008906,0.03536657241370768,0.03675511953330988
C008907,0.03945224639875273,0.04328655757620691
C008908,0.035262990023308405,0.029411755200484845
C008909,0.22498512251179642,0.25016153055993334
C008910,0.07984776546622643,0.08645321232464212
C008911,0.05111905197454597,0.053480578088774544
C008912,0.044632096113842716,0.04084511250357673
C008913,0.06429555407516084,0.05336631111618765
C008914,0.051215111326954964,0.04161784706743736
C008915,0.03975626363366655,0.035913148136286675
C008916,0.0630147560054817,0.059460947190262126
C008917,0.06758256042688013,0.06262382742408956
C008918,0.058479706925705935,0.04537249132858785
C008919,0.11048814163071388,0.15098768777976854
C008920,0.05616589779273649,0.07879834517393161
C008921,0.06148173731803912,0.06997874762281155
C008922,0.04544777514973837,0.03472913442618547
C008923,0.037282677586172076,0.034792966410627346
C008924,0.07060655646825817,0.07661071116609755
C008925,0.03025382555311688,0.029250350807352977
C008926,0.04329045204458472,0.04414812440347845
C008927,0.02162829243318938,0.0365059798635701
C008928,0.050155874394125055,0.05129177757354943
C008929,0.10042085695366379,0.12544497445905786
C008930,0.0557331768339861,0.0539866162597105
C008931,0.02149589954792134,0.024956323666079045
C008932,0.047931466271566046,0.03340427163650929
C008933,0.5578864256341438,0.48186701032153156
C008934,0.060284983967615516,0.05899937255667235
C008935,0.05481027864843811,0.06051380955610273
C008936,0.12290180858984182,0.1794658059966287
C008937,0.041807005844488834,0.038417445128705346
C008938,0.05594586753567612,0.04806867820643888
C008939,0.04162782695947857,0.03658843968615403
C008940,0.03668184977922125,0.03450888478538274
C008941,0.13180753823452646,0.12041243555480034
C008942,0.0439223704264342,0.060875999038409276
C008943,0.1665839193230718,0.17889589174622364
C008944,0.029681723869926208,0.03385805586328779
C008945,0.14827918054098782,0.20865551621256911
C008946,0.14258265123838915,0.1071626879548631
C008947,0.030039917975617135,0.03299652470799633
C008948,0.0790727310446701,0.09414192451952072
C008949,0.07514558180047037,0.1000184666218534
C008950,0.04470338244266863,0.051668615203174964
C008951,0.04305695647977174,0.0452919604450699
C008952,0.042472421025743334,0.04639407104124939
C008953,0.04589309705805578,0.042857511388792485
C008954,0.05474084810316828,0.04450491455389697
C008955,0.0828884873293623,0.05605940505145658
C008956,0.13416676722811355,0.12571890824477722
C008957,0.0324020177574096,0.035054480596570625
C008958,0.114281761277262,0.1143958641900494
C008959,0.048320810094246845,0.03301338147942619
C008960,0.035055359340981605,0.042140162998169785
C008961,0.04160732835457959,0.04155162997760818
C008962,0.03469973224325182,0.023950583687443593
C008963,0.03835809213282683,0.03628503294159732
C008964,0.030365676705003543,0.03671396309537686
C008965,0.03963143080030268,0.05229661912297353
C008966,0.0425026548353473,0.04622968734736271
C008967,0.07665975856597766,0.059578050577010364
C008968,0.1292013766632267,0.13528941182863843
C008969,0.06170425858786962,0.06557445096286539
C008970,0.12859263711860708,0.12635128027267434
C008971,0.04254131946902191,0.040445282398423044
C008972,0.08145338888902443,0.09521264077328799
C008973,0.1334734549553091,0.1608211908571046
C008974,0.18748995560716736,0.2085827280847686
C008975,0.2691552279797268,0.26638136411680874
C008976,0.048691332324938684,0.037827563087265106
C008977,0.09626683283918729,0.08960438284185941
C008978,0.052844142399110824,0.050601959018595745
C008979,0.11304226731244751,0.09590976101770524
C008980,0.1262044588983958,0.1096683168862925
C008981,0.052415972153527265,0.05497976513873111
C008982,0.5489448710130631,0.5493332508728677
C008983,0.0649782302256928,0.0831398368598854
C008984,0.10461301704219898,0.09779494525090295
C008985,0.03549047636572919,0.037948649082193336
C008986,0.033813350651973176,0.036805428045213896
C008987,0.06263588178292567,0.07234341279028078
C008988,0.14359709720475378,0.13785049074707012
C008989,0.041410479537605155,0.041154508457146265
C008990,0.029489551951035732,0.03270848092227811
C008991,0.044054811272522414,0.042638341302351924
C008992,0.03306883733823192,0.033786336980440555
C008993,0.029772758512305385,0.02285986716545025
C008994,0.16880189390116637,0.11054996967337798
C008995,0.20256267805357098,0.15240405299507068
C008996,0.3293154068552232,0.30807592202439105
C008997,0.07001382133519873,0.06491286867468152
C008998,0.05485185945306662,0.07061420332785863
C008999,0.25005091274294144,0.19626364664536206
C009000,0.03691818350552041,0.03616179852655306
C009001,0.06194792081937363,0.12209396461045838
C009002,0.03467686373796058,0.03751860528026628
C009003,0.22885417276491227,0.26473791199716656
C009004,0.04262101235026773,0.04695496813285434
C009005,0.04516427415297627,0.04576858855143551
C009006,0.03245179346081262,0.03345613086013593
C009007,0.044845599986384176,0.0411464322100777
C009008,0.09199165554360429,0.11172802048775739
C009009,0.08022634369746011,0.07279446138030157
C009010,0.04503495425268453,0.04120989530384553
C009011,0.04008948941988856,0.03956179772945938
C009012,0.04682765431668429,0.05181313108203197
C009013,0.03069142907425846,0.029795438891682957
C009014,0.06094757372307593,0.052459033143230395
C009015,0.03746000598537812,0.04667151529301176
C009016,0.15574055012303328,0.16256968187622617
C009017,0.033825740504576464,0.03306696995453985
C009018,0.0877888323431065,0.08934859778305432
C009019,0.0606886500109992,0.05770542313842283
C009020,0.02368335892221054,0.023198969192401355
C009021,0.047027318947811605,0.054684168013017544
C009022,0.029037758232035242,0.027654503676322273
C009023,0.038272259214966846,0.03371183503607932
C009024,0.08991035405853431,0.08820697598304492
C009025,0.09478652923939301,0.09122826462256836
C009026,0.04541336116035573,0.03511701756141407
C009027,0.06428584587163058,0.06976767402112077
C009028,0.04029955404419439,0.04554185132132932
C009029,0.10040473538683166,0.08205060866947911
C009030,0.03677487664375269,0.03435176744476699
C009031,0.03463960187785857,0.03205112214439189
C009032,0.023823510566547135,0.022017903626787107
C009033,0.13142899862516652,0.11108694410561251
C009034,0.04565304818282173,0.06510814237736756
C009035,0.04506675533329375,0.05557994794342265
C009036,0.026303505425154527,0.03186499991193703
C009037,0.1414895639031777,0.11975707522178378
C009038,0.04649057606205491,0.05121084338236572
C009039,0.02804645319361935,0.03704450139194059
C009040,0.2655060450396981,0.28688336409612714
C009041,0.2504081194513314,0.31170550673445485
C009042,0.053149352310728384,0.03824399155213338
C009043,0.08530889284035592,0.07105786723132024
C009044,0.13240515672266995,0.10585174178986559
C009045,0.033406458042898005,0.03760982899456344
C009046,0.02800440787591756,0.03022107071167842
C009047,0.02466612388444401,0.024033285772364733
C009048,0.019285790927941797,0.023830043147199827
C009049,0.03964824463262127,0.0379103609566294
C009050,0.05324661525240541,0.04467686339181635
C009051,0.3823224023653101,0.44514530064687463
C009052,0.049983850876233034,0.046112171708548214
C009053,0.05132960499960561,0.052869734986893915
C009054,0.07476930947443208,0.1601351499635424
C009055,0.07410296373815367,0.06779198592344163
C009056,0.09793675240211606,0.079903541759717
C009057,0.030447940948576356,0.028325874254990484
C009058,0.030394743341720026,0.05237154808474601
C009059,0.04621760897899766,0.043997685680503544
C009060,0.02735506392215179,0.0249972250999411
C009061,0.0293749195403962,0.036850696769442325
C009062,0.024405968404821638,0.026955970781226146
C009063,0.03126129191597248,0.034206797131303625
C009064,0.02778913807819388,0.02595524424983826
C009065,0.04727438516771624,0.04174964625621051
C009066,0.04051240959852508,0.05623234380706482
C009067,0.04110451283077047,0.039762113653238756
C009068,0.16099037981607794,0.15652256288201
C009069,0.056684053637454525,0.053373272682280024
C009070,0.028759526464173197,0.024387806139894087
C009071,0.06599000984388115,0.07107236963056571
C009072,0.0206609662396498,0.021729484029985015
C009073,0.021609988712488086,0.021426921373869413
C009074,0.06488721611420097,0.05267094702961063
C009075,0.0633597679858388,0.06766523290458111
C009076,0.08147475622816551,0.16714018255381619
C009077,0.035009881643923844,0.027785495306098352
C009078,0.029028461117360516,0.03902681809370026
C009079,0.48833010533804283,0.4251108062364214
C009080,0.043718202110923955,0.03910506360056978
C009081,0.03857132708383507,0.03771100756165058
C009082,0.04492982710081796,0.0444105574844573
C009083,0.037852806967674284,0.03588926563528987
C009084,0.0479952180713184,0.04909687758757385
C009085,0.04676643389888045,0.048240406952924496
C009086,0.02938836778951045,0.02675265867708429
C009087,0.0470952646529604,0.0644816325820255
C009088,0.055237797716144274,0.0537926055775889
C009089,0.027509824865009014,0.031243669590885377
C009090,0.025359056999216745,0.02607963121792311
C009091,0.17494851573022088,0.1486853598870681
C009092,0.05022511630554453,0.0412834443026807
C009093,0.032724978299606154,0.03169066883580231
C009094,0.05319313055960305,0.04936152449084802
C009095,0.03602689710493805,0.03050571210467278
C009096,0.0400637720882734,0.0421913888333712
C009097,0.048617891089942925,0.124373046081493
C009098,0.06643253190052963,0.07332061262376274
C009099,0.17309406180297865,0.1538849087070288
C009100,0.08275355037816765,0.11146157525278817
C009101,0.06975092949474178,0.05484248370350264
C009102,0.0753536121105462,0.06951582478866633
C009103,0.04877074374583821,0.04108249529251053
C009104,0.19421541036184278,0.1427097475323592
C009105,0.10414666279921422,0.08063901421919994
C009106,0.032730900781263395,0.026778788090204463
C009107,0.03633243094755545,0.029785237777613632
C009108,0.03232021158677585,0.0334131340102731
C009109,0.07576448806625843,0.060491199061496026
C009110,0.06661948690625595,0.06765135320043761
C009111,0.02577768257781838,0.04142802630431408
C009112,0.03371264753889207,0.029635856801673015
C009113,0.18745759579385649,0.19789298876584005
C009114,0.15250256331719808,0.1499042572870648
C009115,0.08632107300960941,0.10066472357767756
C009116,0.038653765268715334,0.03284764964716571
C009117,0.03495436302404127,0.03449210000732058
C009118,0.10359016917792081,0.12403996238200798
C009119,0.07118427786004564,0.059490861160598985
C009120,0.04359675980585681,0.04300921010243884
C009121,0.20946785776226434,0.2102568706254137
C009122,0.08434917334565026,0.05766676930047678
C009123,0.025347085030002638,0.03437154968260707
C009124,0.05235020813709833,0.05751738879636189
C009125,0.045207333395630614,0.031539083020670315
C009126,0.10810728504647946,0.13971209730760006
C009127,0.029101283065662648,0.03372040032841863
C009128,0.04805256883596755,0.0462743333445876
C009129,0.11482347320012298,0.11086406730585141
C009130,0.03821708060175228,0.03274544840008588
C009131,0.074530210764297,0.05785721241115793
C009132,0.0404799613213404,0.056505889024184866
C009133,0.13676222842167346,0.15414989216839933
C009134,0.31214576771736285,0.3456656805419625
C009135,0.02915436779165042,0.04101612553526587
C009136,0.08805227110431016,0.09796307030609977
C009137,0.07512321138927122,0.0643224682378788
C009138,0.42916379087136003,0.46519362030751277
C009139,0.03184651444208053,0.024002287689179655
C009140,0.0304573402555778,0.03696054434395783
C009141,0.027156777219245903,0.028527156892164184
C009142,0.025880720695190634,0.025518123294139106
C009143,0.04658875089204786,0.05400938648427671
C009144,0.03359778474903581,0.03102618503066191
C009145,0.040854767412275256,0.05035268263806342
C009146,0.06999025694076678,0.06698229168015277
C009147,0.05728859935614765,0.055403221452100804
C009148,0.037650557933089274,0.03993643061461512
C009149,0.18990782306332155,0.20878340812822094
C009150,0.031034663443921768,0.02926413049912293
C009151,0.1648467528042446,0.13130241757723535
C009152,0.06669135717033603,0.09999756370089123
C009153,0.10684252905789822,0.1487647739892895
C009154,0.03842553122827067,0.025139231319370896
C009155,0.08559062592574043,0.0755341282468388
C009156,0.08418376317027115,0.07516397431958141
C009157,0.05506331734089025,0.054362232369344746
C009158,0.12057776683447448,0.09369495378946816
C009159,0.032378658578048856,0.0300797485047627
C009160,0.05231253979930965,0.035506638381276844
C009161,0.1425578451541229,0.12051284785884178
C009162,0.12305740347146348,0.16567036701394738
C009163,0.04481701286785137,0.04090390431229423
C009164,0.039168249965486845,0.03999350587488344
C009165,0.05995596155809707,0.05667464071077941
C009166,0.04293555272005751,0.0460659349403916
C009167,0.03171578209584458,0.03657726665321907
C009168,0.07474194579306419,0.06658034023466633
C009169,0.047823133272744504,0.04498977449940717
C009170,0.07365814816238249,0.08381632567806477
C009171,0.22635818645177425,0.19454906022600085
C009172,0.04384364738451059,0.04306315682315161
C009173,0.04254813543353553,0.04574009195466675
C009174,0.05094663675025437,0.04054699856897167
C009175,0.044070439496359255,0.042735816919725785
C009176,0.03834488612079352,0.03553188288626391
C009177,0.03307157248398725,0.0403639505129012
C009178,0.06561460517624271,0.05629189293244617
C009179,0.09467688141087213,0.08247702810771838
C009180,0.030453312760273864,0.030675260527254018
C009181,0.17896826761819346,0.11554821483987152
C009182,0.026350246414877404,0.027284587660858083
C009183,0.026285719465641483,0.022678891062359034
C009184,0.037632646135070905,0.03869473037674034
C009185,0.033907563352399625,0.03312825844907989
C009186,0.05579705336406436,0.05457814126063153
C009187,0.151279304406501,0.14487449603268104
C009188,0.03398652950976401,0.05576797677563296
C009189,0.04654032389085423,0.040482873822880544
C009190,0.04298574694940551,0.05253952689905528
C009191,0.05501421775561991,0.045602891583839934
C009192,0.06910578848276402,0.062345547068527754
C009193,0.08827811674929903,0.09406954655525743
C009194,0.058105505928375954,0.06211404272887361
C009195,0.023933670625701165,0.02334247544855409
C009196,0.05056455834732189,0.049517274883792206
C009197,0.2806266377634996,0.2533978244804481
C009198,0.025108245769379617,0.02677082469517646
C009199,0.02757306038676765,0.034142444670897956
C009200,0.05555747772131636,0.06519888381633906
C009201,0.03747444966309742,0.03418955155262241
C009202,0.05995833649101125,0.06505518078581844
C009203,0.09074562950494469,0.08961401416737297
C009204,0.05365328406606893,0.051725639211766115
C009205,0.0574104075377912,0.057605791528571745
C009206,0.04379977288032588,0.03954545449999042
C009207,0.04878699615727187,0.051700407991914964
C009208,0.027304662174727184,0.04042716965074426
C009209,0.04138691318964533,0.04663095206809077
C009210,0.044807601402976203,0.03600241247156076
C009211,0.055663401765402354,0.051691996153844025
C009212,0.04207360585661736,0.0428978862912668
C009213,0.061714624337153745,0.056421255367091805
C009214,0.14642545974402213,0.12877119642835055
C009215,0.044728585646341655,0.038279218143732606
C009216,0.03819924556318502,0.037863104359378154
C009217,0.038323994835553106,0.03964474508581482
C009218,0.03860684971848386,0.03957823500704045
C009219,0.04003556908936131,0.03583409634452005
C009220,0.1367039285015431,0.14488023611222595
C009221,0.03494809826134325,0.027790350049762352
C009222,0.028664000676404632,0.03713340852617626
C009223,0.03831216164285091,0.036097375875218406
C009224,0.07371052731188962,0.07356907374424734
C009225,0.2942125717430382,0.42571084870227
C009226,0.034309526517639875,0.02771259692184882
C009227,0.05294276658802238,0.06005908430169423
C009228,0.08415453924913989,0.09618139192877147
C009229,0.08862376193035565,0.1058507547108584
C009230,0.031587254935944456,0.03329240568280608
C009231,0.033381012633648066,0.03536301644320826
C009232,0.0395668534710607,0.04120291579151427
C009233,0.0793274431780334,0.06999536358798689
C009234,0.029214679803805814,0.0282909386241132
C009235,0.06726644016108932,0.07008086127515997
C009236,0.03407070153882351,0.031024332917930116
C009237,0.039520356551584826,0.03912494990820793
C009238,0.041099583621159286,0.041505929596086136
C009239,0.2487567005825016,0.33122766765814216
C009240,0.033535785449571656,0.03602462538750104
C009241,0.0595536941694376,0.060435982438334236
C009242,0.047455024671956905,0.035251515020031224
C009243,0.24858963342396648,0.2068113591584951
C009244,0.06223904850389067,0.06105672270194197
C009245,0.020860158800946667,0.02593784680628316
C009246,0.07470841273835184,0.08590375527732072
C009247,0.0365032913816274,0.0267579114416089
C009248,0.026031299333415837,0.025118431333928392
C009249,0.3290540625296944,0.29175031309335037
C009250,0.05642555737058021,0.056682226506805364
C009251,0.03493010192490494,0.05356799796821134
C009252,0.11417347823515425,0.08621485106149601
C009253,0.04351873773762373,0.04728985262806686
C009254,0.02582159207479188,0.03451277248021631
C009255,0.047642231088561623,0.03872753310203775
C009256,0.04408511940091793,0.05429197615665031
C009257,0.07704747121007713,0.05859816398466896
C009258,0.11990529461603347,0.10435359966837163
C009259,0.03660806675909247,0.04314702498876012
C009260,0.24294029800006273,0.23903702923980652
C009261,0.10326180020806053,0.11950509502220938
C009262,0.03713975202380492,0.03975156491285701
C009263,0.17860921284708614,0.15154865182784968
C009264,0.38201484286212795,0.3468228865751236
C009265,0.17832535058541893,0.18581930798335553
C009266,0.06635373218273287,0.06235164947600293
C009267,0.15314681311301545,0.18628791112018334
C009268,0.0845975936629684,0.07113344209510561
C009269,0.0359796573676577,0.034865385934687014
C009270,0.07740262271447973,0.08512739696589135
C009271,0.07560341783064202,0.056329149310591166
C009272,0.06450073755846553,0.07097147341859175
C009273,0.03708768971236485,0.03964202153442831
C009274,0.04409787511976737,0.04206392925308573
C009275,0.046840204036766545,0.03857207018127824
C009276,0.10856126752904423,0.11980340592770337
C009277,0.03729162665428076,0.03577604835343913
C009278,0.07113923783077697,0.06665498927179438
C009279,0.1142105920434147,0.10704825161885881
C009280,0.05312597906677554,0.04815442897034784
C009281,0.03563106707186595,0.03442155781625301
C009282,0.054919025038789225,0.04265216748639229
C009283,0.028913693909669552,0.034740509336365036
C009284,0.05869312810279549,0.04454535444001047
C009285,0.031328131037360894,0.03951941948757754
C009286,0.08867552727060452,0.1022460495854669
C009287,0.039871111745607916,0.036590401867217
C009288,0.45038237524599867,0.43200048639051286
C009289,0.03939086741489592,0.08048378134435538
C009290,0.4750751809896441,0.5579920731995356
C009291,0.06149918073999565,0.07026781473704327
C009292,0.052113581250755846,0.04501015453156203
C009293,0.03276120029641427,0.04107060765326199
C009294,0.025398915187568878,0.019728304832672287
C009295,0.08008775972368484,0.08303590004981595
C009296,0.06290221857858858,0.06716197343754901
C009297,0.01960435395583056,0.018457206815259884
C009298,0.049834376216042746,0.05181486080442686
C009299,0.09613346962920634,0.08095666815884196
C009300,0.04073952439685412,0.04614828600002803
C009301,0.03559078245668647,0.03368932470682911
C009302,0.04179914571290933,0.03939969532198912
C009303,0.047013779086425386,0.04792313593554472
C009304,0.12216642639477544,0.08511114134093378
C009305,0.056884998958887954,0.05997236404548104
C009306,0.022248448044359093,0.03609977418011756
C009307,0.04099115293881293,0.03918688785329279
C009308,0.11770824568448672,0.09714140521014146
C009309,0.24874906522396328,0.2318833474001229
C009310,0.05585578666873318,0.048543649282421455
C009311,0.019623710806100723,0.026821692038099892
C009312,0.05064149974801209,0.04912186758714991
C009313,0.03534023401871447,0.024108614606338518
C009314,0.030598237067630225,0.02668761040777972
C009315,0.043990317918173996,0.06421664647602138
C009316,0.041676493127690915,0.05063110085597221
C009317,0.07263275290250004,0.06525207848126496
C009318,0.07137647254008472,0.07464753883421363
C009319,0.3921827567916203,0.3890716327562514
C009320,0.04180839576495414,0.042995599761039616
C009321,0.0353953976899946,0.0406727883094591
C009322,0.030248076307835253,0.03080828473701963
C009323,0.21533682662792475,0.19318207222999045
C009324,0.11095121346472099,0.11156227759174313
C009325,0.04133450017086333,0.035419876137501395
C009326,0.1396790699492149,0.10552637190142104
C009327,0.02744513693921497,0.02443277949829164
C009328,0.10626942159698065,0.10979107583743741
C009329,0.035887716076082335,0.03321698365953382
C009330,0.03906107155098451,0.06550094176772109
C009331,0.053347086410006204,0.045761078682587844
C009332,0.03480311805214233,0.03266970722607103
C009333,0.09384072546374486,0.11082958639151941
C009334,0.04020622227562766,0.03918143012740701
C009335,0.0502495343704315,0.03392564465580247
C009336,0.053614729208763465,0.05078218832940022
C009337,0.051759234990469714,0.05345618060783578
C009338,0.029536433683983582,0.03796032629133334
C009339,0.06120417321948217,0.07155580993712626
C009340,0.05619527264701748,0.049636883497601605
C009341,0.04232767791956524,0.053701162786667075
C009342,0.025146542864883464,0.03674055037502895
C009343,0.04984294836424459,0.054552509526269846
C009344,0.047218613972338876,0.03883851070831839
C009345,0.1886428342581803,0.23395188899872066
C009346,0.043733061640304625,0.0437226099711822
C009347,0.0437460844557938,0.04121506500277692
C009348,0.036009931618122916,0.027496616511896423
C009349,0.04187005928290998,0.041625832489469536
C009350,0.12562584714250818,0.12385092033293885
C009351,0.029815553621984164,0.02708742715453346
C009352,0.20824503234165243,0.1964568146555703
C009353,0.06983954757902636,0.06358972904069651
C009354,0.04896972112565641,0.04279970608599519
C009355,0.07715545825838836,0.0632885924043686
C009356,0.11936550369786643,0.12126042171390386
C009357,0.08077996978357693,0.08618662658150182
C009358,0.13070524016481389,0.12455231075473483
C009359,0.0275256176944498,0.030972553200251173
C009360,0.0656991081444723,0.05847330270294058
C009361,0.058899401288705036,0.06914632885532454
C009362,0.05050746537807761,0.045012665291601854
C009363,0.09761161325990453,0.09809127810888937
C009364,0.05292049215032476,0.05081729818443422
C009365,0.08274921551488482,0.08034862686176036
C009366,0.03578380094029408,0.03957763241504845
C009367,0.08942593130892953,0.0661320123544382
C009368,0.06113098784714871,0.05982338859637667
C009369,0.27963650092826314,0.2517599207898308
C009370,0.03779276747162619,0.035147807869924316
C009371,0.0217375419665425,0.025831660490353653
C009372,0.12746808951977287,0.11244328477678886
C009373,0.041575679930817185,0.03838310297127579
C009374,0.0340492159258074,0.03164858679881245
C009375,0.04121583042010397,0.04277442008741882
C009376,0.06533830030663075,0.07858169403237161
C009377,0.0334015058111614,0.028901107221980187
C009378,0.08360062365615813,0.06874093970691106
C009379,0.028118465623355383,0.029370729906119903
C009380,0.03236608355832086,0.03205105346279495
C009381,0.07605923027966738,0.0728966351780583
C009382,0.11399982260568627,0.09244419859951028
C009383,0.03188544608180642,0.03812227613914035
C009384,0.021767328118329127,0.0239408971322764
C009385,0.04747316950671267,0.04888333159083923
C009386,0.03261761219012744,0.043034964825983534
C009387,0.060900956791273365,0.08808078640481751
C009388,0.09360027977037153,0.10657773618269528
C009389,0.12664087412267616,0.15298236757015693
C009390,0.03822117553473571,0.026578001941658075
C009391,0.11591888659104721,0.09424094567900237
C009392,0.06543530909882728,0.0807542760267359
C009393,0.03748948071931855,0.02946045844068554
C009394,0.055192721512535195,0.05986456327193436
C009395,0.09511943085641186,0.08646588214038653
C009396,0.10491433613491177,0.12033032281275316
C009397,0.14562078565095007,0.11045472984465014
C009398,0.12871169827715198,0.13464277417852713
C009399,0.03565764552978657,0.035761209957078335
C009400,0.045457166281355335,0.04266289031228324
C009401,0.16810351544986962,0.10807420902287501
C009402,0.04598087703697688,0.04433831520104053
C009403,0.04823175149414848,0.043145517542137045
C009404,0.032682136846128654,0.029002485406955353
C009405,0.034925971273244996,0.029906551817483473
C009406,0.032740787202978815,0.0277397025435168
C009407,0.08519866226384706,0.10212974142941947
C009408,0.053525038076023365,0.05310416563137558
C009409,0.2913691471704018,0.30616258135788516
C009410,0.058123967368564414,0.06633150264580448
C009411,0.07846089711899062,0.08860905965879526
C009412,0.24945888054921578,0.2051453066579345
C009413,0.032147255831990275,0.022991675495009134
C009414,0.050525082430849376,0.04275487336179216
C009415,0.03139715569794366,0.029425327456900064
C009416,0.03505956046835429,0.03441249418361324
C009417,0.15936862662425008,0.17406776552073627
C009418,0.0744895632491506,0.07490410254646801
C009419,0.09806826435604113,0.08154993631947774
C009420,0.052552845951632066,0.04580537126499492
C009421,0.04083937345045281,0.046537082958663455
C009422,0.05344292985741942,0.057958844664352895
C009423,0.054081779198350166,0.05432438389106653
C009424,0.04932569070425021,0.045894165746514344
C009425,0.08296567111994273,0.09092897435757122
C009426,0.08009291300304515,0.07714702685398331
C009427,0.12974833375675293,0.1411761917686154
C009428,0.04218958680038067,0.04557789795005762
C009429,0.021599999048916158,0.028012879367041332
C009430,0.04268814533979074,0.042600152154063195
C009431,0.052080701680143796,0.05388233357127666
C009432,0.031248647232671047,0.0359843904817793
C009433,0.07430966147776313,0.07351121154842359
C009434,0.07244128457012149,0.06297233040194947
C009435,0.14249806601580545,0.11326055001236038
C009436,0.12029487708931948,0.13801308208583557
C009437,0.08134488679992907,0.11752542406582397
C009438,0.026096791062845452,0.02917311358265854
C009439,0.15957697213429306,0.1437103804898759
C009440,0.05092946767972102,0.04585384665287022
C009441,0.0351490859231453,0.029893330569562233
C009442,0.048907813223288674,0.04192594615104704
C009443,0.09138061006734965,0.08877518159041677
C009444,0.24551694763608783,0.27610381406231377
C009445,0.05398115352055312,0.05241874598863564
C009446,0.02993239735654867,0.02777216541901829
C009447,0.08139007342061758,0.05593179689097577
C009448,0.058169419851320715,0.07698888083724185
C009449,0.3523957033129285,0.392267118399641
C009450,0.08569675490233204,0.09692406088431138
C009451,0.02795416009789341,0.030817285534070215
C009452,0.04077461956030537,0.03909095773825103
C009453,0.04397515697259639,0.047104748960070456
C009454,0.18198250240963007,0.16411390414747035
C009455,0.062031975321519495,0.07829307699704567
C009456,0.0724116700988989,0.10982389654564464
C009457,0.04725060988593797,0.03848740251036214
C009458,0.22008926401476164,0.25774284826033406
C009459,0.08101499519193746,0.07640961225660606
C009460,0.045143162668366425,0.04412647863923337
C009461,0.03679014454306582,0.03141442960711339
C009462,0.05319624879880813,0.049629112503819336
C009463,0.07374524939350785,0.07403299497704428
C009464,0.09242072468272879,0.10276574785358081
C009465,0.06253988067146668,0.061894937771757766
C009466,0.06391714614493635,0.06852149528283669
C009467,0.14471668576696955,0.11687296661430586
C009468,0.06047632741435205,0.05696075647250838
C009469,0.5838024484756763,0.5821668475825345
C009470,0.04466766409600725,0.04937800588980738
C009471,0.03061026074164296,0.032603000482866885
C009472,0.10762729704835843,0.07245349492062411
C009473,0.4859286113275564,0.48399509511820915
C009474,0.03430297221779436,0.03033108089670309
C009475,0.0454620618246274,0.03882043941103809
C009476,0.041132984229889334,0.03468670475490911
C009477,0.044413994284673755,0.051545574439057495
C009478,0.03790117455739859,0.03930523919464695
C009479,0.10851743958633349,0.1453329824206756
C009480,0.044222869587668384,0.03873381321769513
C009481,0.10555094983910654,0.11597397609106326
C009482,0.047197402423435134,0.04061365371549079
C009483,0.09727750755312463,0.11680700835682951
C009484,0.2767771388693742,0.31286168543027276
C009485,0.04185784005636125,0.04474425557796929
C009486,0.05457440867405712,0.03875519823456569
C009487,0.056605071568053764,0.07515231177963241
C009488,0.032113854719140994,0.030595982788536646
C009489,0.0272969978968004,0.03240460666280152
C009490,0.06932733686515133,0.11189839169699652
C009491,0.0434244439539225,0.047065717426386385
C009492,0.20660826318880288,0.20951993674162955
C009493,0.02833788818034693,0.03451493696218452
C009494,0.15201741858128295,0.1745166706612521
C009495,0.051111858422144295,0.048822693862944556
C009496,0.05416603807466612,0.06724779774069582
C009497,0.03958509068285463,0.039604905841586276
C009498,0.06565848971639643,0.06463684245093251
C009499,0.03208258543522164,0.03721137300731283
C009500,0.12577260549064825,0.06667187383541939
C009501,0.11506604608569342,0.12908229105424146
C009502,0.15263282740223644,0.18524046598696323
C009503,0.044479086632411215,0.04521026332202794
C009504,0.04265158545685612,0.04324244457831807
C009505,0.0348586803647834,0.032594335737137506
C009506,0.037338333209660256,0.03991297790761196
C009507,0.09422843467002691,0.08189044070412996
C009508,0.03864893656419023,0.03735602368281085
C009509,0.043211740955832065,0.05251016193805467
C009510,0.2458860541819677,0.16848333460421022
C009511,0.047597516268982246,0.060522224911581476
C009512,0.0435262694544516,0.03140268309412518
C009513,0.20007426934116906,0.16675595559850082
C009514,0.1636120315709943,0.17245260819489838
C009515,0.0786053459078083,0.06546180072853021
C009516,0.1688769959096993,0.19846805692270844
C009517,0.029541302319309765,0.039363484820839414
C009518,0.03585222985537885,0.04067227027896274
C009519,0.04679468085753611,0.042483124788197914
C009520,0.06992273249753547,0.05529659620847188
C009521,0.1159857855797179,0.15188477321741126
C009522,0.09452341655009934,0.11411168990044315
C009523,0.16269730965609616,0.24335881123966713
C009524,0.02376924521287384,0.034820327317775776
C009525,0.031251630410352414,0.0385067284753505
C009526,0.15787115911061717,0.21877782701417736
C009527,0.07546249182517882,0.062002093348976606
C009528,0.15160362335699157,0.143030985794857
C009529,0.046470775597842046,0.02830837271885926
C009530,0.04232489341913696,0.042883030723618376
C009531,0.04050451705758477,0.03826888292305649
C009532,0.06034623170479392,0.05057826467282563
C009533,0.05906875869814383,0.059543123865360516
C009534,0.04262943922419972,0.040481151098759584
C009535,0.06225164012057301,0.0635540733456589
C009536,0.03902901310328892,0.04359250213413639
C009537,0.0349957149712608,0.03522942081305495
C009538,0.14882506814056334,0.12852886235247873
C009539,0.04774188036684342,0.04092572602072893
C009540,0.0750689625394467,0.060052255769965014
C009541,0.0333439815091368,0.031056221258113782
C009542,0.09465943077873488,0.09921897223996863
C009543,0.040670862465556165,0.047908994761365106
C009544,0.02955286692223985,0.03179773377900078
C009545,0.02629019352110688,0.03482823741773169
C009546,0.15136085964569768,0.18117347453273017
C009547,0.032291834746452856,0.027950172650445616
C009548,0.03555417817376778,0.035463510671172094
C009549,0.0652987597676952,0.05875452096167658
C009550,0.05770707194242216,0.05523648532366028
C009551,0.034053106146053294,0.03475466622094153
C009552,0.14439598502185366,0.15539793673180968
C009553,0.028256607067869748,0.03755564016933299
C009554,0.027667845430488003,0.026760291050152225
C009555,0.24956425082367306,0.22861448369313564
C009556,0.1726622410449865,0.1761472554683094
C009557,0.026527315573164224,0.03453356244643137
C009558,0.11061221915706136,0.11065588799555101
C009559,0.08101448746334745,0.0785671953152734
C009560,0.060590318810780974,0.05588503669543802
C009561,0.02561710761543634,0.026113340690821663
C009562,0.030539861827298443,0.04092833185873386
C009563,0.0584589517246872,0.06376782524748406
C009564,0.07017468032712174,0.06843632732480427
C009565,0.03322938544449029,0.03071872305349397
C009566,0.04841274690030206,0.04631675682967672
C009567,0.10490595866892276,0.12388061082355706
C009568,0.04708108838672526,0.04620092716963932
C009569,0.03954298463504442,0.042630143372678835
C009570,0.06798725453057636,0.06994243899430656
C009571,0.08043140417317438,0.07361066848674416
C009572,0.23400551203052594,0.3410116213669285
C009573,0.24317775468216168,0.21351038827291205
C009574,0.0549189488159024,0.06327167672374898
C009575,0.03831762462072759,0.03873505978067757
C009576,0.03659730335109131,0.03466475638759009
C009577,0.047143929251251215,0.03668467585812781
C009578,0.10232765928821297,0.11355162265398921
C009579,0.024349087191312253,0.026728135326766524
C009580,0.05372030888557326,0.05317415923520361
C009581,0.047605916080921705,0.03714541175571213
C009582,0.03373133454104743,0.03337625079875931
C009583,0.21005680269712895,0.24870311901785183
C009584,0.03543571067739373,0.0319079111026547
C009585,0.08944607602173925,0.09341346854568068
C009586,0.06373598528080578,0.057005579836433375
C009587,0.0758484105438541,0.053462815248113006
C009588,0.09292649135532312,0.10337981686004609
C009589,0.04432415209367142,0.03908831604292336
C009590,0.09932616203402642,0.11860081318018789
C009591,0.03713999170333131,0.03752913849223003
C009592,0.07735720210456302,0.0587091264581837
C009593,0.05975908573737036,0.0501833289571779
C009594,0.06847014010730654,0.06721867991725346
C009595,0.06144170731315178,0.04947332625477386
C009596,0.0556137181796744,0.06204831242273503
C009597,0.05010174285952573,0.058531119354505244
C009598,0.047800083905354215,0.04648414738607291
C009599,0.08281441552644946,0.07141297952749091
C009600,0.0974173924686305,0.09013647499710013
C009601,0.03704947957328598,0.033384700152601095
C009602,0.03152594341731164,0.03231119823634131
C009603,0.18251963295925316,0.28001221160555734
C009604,0.031026645271414733,0.03128902080433638
C009605,0.07773563849104144,0.09882070839509526
C009606,0.041039117768269844,0.039222523190736554
C009607,0.03878592819936322,0.041625226840536184
C009608,0.09075602268423466,0.08034439117331613
C009609,0.07371548131213854,0.07548625867185318
C009610,0.02844126945529694,0.03741159214619159
C009611,0.2521658660941629,0.2527867068694752
C009612,0.03183220551968176,0.034685556855354606
C009613,0.05279833150537788,0.059309618391863474
C009614,0.03902087811146411,0.03699280673106351
C009615,0.07063159622993624,0.08358729636280582
C009616,0.026795892365230445,0.029280422146753044
C009617,0.04226243371744644,0.05380382662356873
C009618,0.039399329160933035,0.03470189725238103
C009619,0.054399053599822965,0.05073604558104603
C009620,0.05398907536359602,0.04595949226386838
C009621,0.06394069706658248,0.07173491959429067
C009622,0.03334334259501785,0.03175601327898843
C009623,0.04586641110529348,0.04533176599127771
C009624,0.05107035533158967,0.04648795354955361
C009625,0.04033330862089003,0.03322768027714986
C009626,0.19967388593346205,0.30594774149341863
C009627,0.10911504484773624,0.12162698422067994
C009628,0.09074968631996766,0.08906957743954644
C009629,0.028471832680728826,0.048285864152966075
C009630,0.17224797467953415,0.121850437288705
C009631,0.07143666431900093,0.06699701100951996
C009632,0.025884916968401894,0.02974048516300983
C009633,0.08952341184575459,0.09920446593864538
C009634,0.034565955418014806,0.0335516587257156
C009635,0.04939461435578256,0.04981563798615111
C009636,0.04666790879691538,0.04140557730352489
C009637,0.09294654367460896,0.08851623844096221
C009638,0.08270722740624084,0.0766846194924242
C009639,0.06546324526388214,0.054540702141014905
C009640,0.027259977246775934,0.026861197156337297
C009641,0.11472861619517596,0.11131983628298367
C009642,0.06971833493801576,0.07151225485930171
C009643,0.033937291158165184,0.028778863809996513
C009644,0.02675363509774003,0.02649849594631627
C009645,0.03555803917116905,0.037832546724092225
C009646,0.0481086640977367,0.04356160169631522
C009647,0.027856292676508874,0.02520952580196565
C009648,0.04196007515833765,0.045166675583668346
C009649,0.29594654508005946,0.3413607540420809
C009650,0.04643234368378843,0.051394678794327096
C009651,0.23315073368446174,0.24314193833058778
C009652,0.08990761975914627,0.1237506407737258
C009653,0.4461364124145294,0.41122427632437725
C009654,0.0909565670573163,0.08520752921856642
C009655,0.03733713894643453,0.04222439178040912
C009656,0.03863880813100262,0.030624832421601765
C009657,0.027536691969755778,0.029952006188085738
C009658,0.25432783536530956,0.2934517643146895
C009659,0.12999757647726123,0.12002156912974038
C009660,0.14814851607115515,0.19571655576267874
C009661,0.03350071581301841,0.033798103300009145
C009662,0.03311140079008945,0.03593945889882862
C009663,0.03690251918068972,0.03593361679497688
C009664,0.047298733467347004,0.04520479610017673
C009665,0.031092592461194824,0.031036187567950745
C009666,0.32831142351626014,0.4365454683520261
C009667,0.02206202112633742,0.025859375879395668
C009668,0.04541099862411786,0.04735792406241787
C009669,0.039747220559882404,0.04382966082603749
C009670,0.06652153523517033,0.05332035772228625
C009671,0.030895094403597733,0.023896529194955912
C009672,0.18904798843323908,0.2258755083661758
C009673,0.05996616225949423,0.10732259207754066
C009674,0.019953021110701387,0.022019332461651588
C009675,0.03491475522101747,0.03814051317115904
C009676,0.07607867733763791,0.08211633322927989
C009677,0.24597391024837933,0.23815601002812423
C009678,0.03759337537065007,0.040893377086941074
C009679,0.04836936135727883,0.05046526268427124
C009680,0.1294353186545187,0.12242515317113858
C009681,0.04107983575188227,0.04651374698425944
C009682,0.05843356048359185,0.06868379620584128
C009683,0.049368527576884653,0.04090095213733843
C009684,0.03944234583234057,0.037312160782175516
C009685,0.032519134633291695,0.03136391572261018
C009686,0.043548834373548326,0.03843005143441586
C009687,0.302609696758038,0.25728580097130305
C009688,0.07209805081381337,0.0697970006697308
C009689,0.13551451891789607,0.12567189153437952
C009690,0.046934701374724434,0.05238556373317736
C009691,0.059672417622727215,0.053224386161583294
C009692,0.04172921282313145,0.044859235197774
C009693,0.04303437548577338,0.04081705032576237
C009694,0.07349303854075968,0.0986364828888923
C009695,0.06583086805610275,0.07766724804348106
C009696,0.10165041565365349,0.08330496882863828
C009697,0.05183776822256323,0.04164801701034824
C009698,0.04377230749079003,0.04847636352035667
C009699,0.04401713408233947,0.04480998513475393
C009700,0.030603906414455873,0.028546503414623958
C009701,0.1063830830989507,0.08541754897560874
C009702,0.029841292616371435,0.03646363732910695
C009703,0.045547719195257116,0.041137519414570466
C009704,0.02987633181017315,0.028726853366970072
C009705,0.033243763717711254,0.03610972774906514
C009706,0.07067179083345035,0.06937571249523893
C009707,0.04435556403207882,0.04227235520729748
C009708,0.04540208576340661,0.05332648914890316
C009709,0.04598123098423222,0.05296617344130046
C009710,0.029251391529193493,0.029037070972535155
C009711,0.05201966346529894,0.046907038028974904
C009712,0.2517446221571234,0.2091718455351451
C009713,0.03076131759239372,0.029325936106038453
C009714,0.038876345521739485,0.03218997905393556
C009715,0.020830138003727648,0.039348773717209545
C009716,0.049613509093907555,0.0447398804538084
C009717,0.03188495129881289,0.027076993184850195
C009718,0.04500644903248755,0.0420053172183977
C009719,0.2349184695134619,0.2574988021193322
C009720,0.06592206595837458,0.058756771093203874
C009721,0.03794407920753405,0.03398240591698027
C009722,0.03417560664623864,0.025105235668558122
C009723,0.08265823433602942,0.08469758624021224
C009724,0.04458000842053605,0.031936309580250045
C009725,0.07196418431290266,0.06303585683795057
C009726,0.06603109307385792,0.06363173793495211
C009727,0.028431647003507605,0.03153087395003844
C009728,0.06091201661175104,0.048425714722284866
C009729,0.05898201026600257,0.04756045198235173
C009730,0.07265516083369558,0.0657903873247283
C009731,0.02921869846152722,0.026826494519199422
C009732,0.06905423853485042,0.09645818840402624
C009733,0.032784208214148985,0.03133001763572235
C009734,0.03899012596345468,0.03140953972278396
C009735,0.05662838029466111,0.046737774852092163
C009736,0.02708306917048329,0.031924524208133055
C009737,0.055843704559294195,0.05179121399898049
C009738,0.040301720701562176,0.037176191650949986
C009739,0.27285553532876394,0.29871022192649005
C009740,0.03703538654025001,0.0367463089702698
C009741,0.030462380528743283,0.04237953099153573
C009742,0.20800222060243478,0.157082914043887
C009743,0.058162008099046814,0.07363770215560227
C009744,0.06859650969372258,0.06279948841464729
C009745,0.08141840859620801,0.0741551388913632
C009746,0.03281427149952207,0.0279558372856095
C009747,0.024920209638503693,0.03214384357791482
C009748,0.061439618803504924,0.07319631145374368
C009749,0.054966385123343585,0.05780681660042837
C009750,0.20773247506138773,0.1854056353546437
C009751,0.03173077765798416,0.033127274152260806
C009752,0.02602952659786977,0.026731342765800043
C009753,0.10645865562651517,0.1190306402121275
C009754,0.043915047288687704,0.047007525283818255
C009755,0.08584606059361019,0.06207460883497427
C009756,0.03996714755432523,0.04066642989302206
C009757,0.029747083583394663,0.027315594342365544
C009758,0.033145551924103685,0.03785168533903184
C009759,0.028942463913420747,0.025255106611856835
C009760,0.11681675007747264,0.12925533561533892
C009761,0.12127627831681129,0.11639817547321359
C009762,0.06818454345039165,0.05798307263211524
C009763,0.10636835404286067,0.09911255487643104
C009764,0.0550420591139318,0.05153173883957766
C009765,0.0187343471010487,0.02067927676727616
C009766,0.42338455917328083,0.36753596682439554
C009767,0.12450925397678136,0.12449644721504824
C009768,0.1472351536560634,0.16280571400878066
C009769,0.36194353996183887,0.2900235051915649
C009770,0.03264218018764455,0.031269839807041726
C009771,0.1110882845762822,0.10507141119134888
C009772,0.035635125964933644,0.05433430109501103
C009773,0.0573579720078808,0.13387308422315292
C009774,0.10518981422325906,0.17354441799836975
C009775,0.03987240791944149,0.041941446691731055
C009776,0.03861925528696174,0.036206178844823626
C009777,0.028510765943503123,0.03792610363213041
C009778,0.06239617579477883,0.04063438183142774
C009779,0.035367381534450834,0.030473839409811583
C009780,0.029975836215017315,0.03149613809422021
C009781,0.04143141700480671,0.0317294637930552
C009782,0.03038186849873951,0.034210780462329615
C009783,0.11567332170866011,0.10423282395948257
C009784,0.04769845006996954,0.051019830027606114
C009785,0.02798462918505592,0.03425945710888474
C009786,0.07312285870967387,0.06718388409713637
C009787,0.09236790289090069,0.057409592826180314
C009788,0.12946414727361982,0.1163722771860674
C009789,0.04825700096198566,0.043119082300710695
C009790,0.0381593758281905,0.03550382064281897
C009791,0.05606818115738845,0.05523882643598936
C009792,0.031941128719935,0.03463702580288014
C009793,0.09379903544719674,0.07011172582850858
C009794,0.029777901424853703,0.03353634486204937
C009795,0.04799880285801382,0.044172666802709946
C009796,0.1942126110066188,0.20668219342298183
C009797,0.04498255491969537,0.03743472312746878
C009798,0.025453510050023588,0.027725394238891633
C009799,0.5295985774572416,0.577949276498873
C009800,0.16710106713488784,0.14452552567283578
C009801,0.05670388613569285,0.05380012104139721
C009802,0.04040255227285221,0.03842348026058068
C009803,0.031210053846749075,0.03696941121621998
C009804,0.05794522089925459,0.051544206466027975
C009805,0.04619436141043588,0.04618631843269355
C009806,0.20660208577875644,0.16781560211821725
C009807,0.04940742250783943,0.05320527290054504
C009808,0.10807706467301595,0.09802450895705046
C009809,0.1621233665763287,0.11684991519364904
C009810,0.2762116884279819,0.226677697701879
C009811,0.09680426589886645,0.06503662255448803
C009812,0.04874473708294629,0.04080478682763465
C009813,0.051819196909062046,0.046745778868093696
C009814,0.06348641258666869,0.045222348871892526
C009815,0.024569194959805845,0.027341267203191917
C009816,0.03035796134748515,0.033136599680734895
C009817,0.06043545845267691,0.05269448853041925
C009818,0.0686700059957267,0.06433897327856486
C009819,0.11204897213211899,0.07161634120076635
C009820,0.11537091557645825,0.09850033986815165
C009821,0.0648693421487373,0.07730152918379515
C009822,0.2394540511399784,0.25020183052906103
C009823,0.036656992370361144,0.041451130636831826
C009824,0.06151828784812659,0.04887946162458626
C009825,0.13536327088728983,0.19336839201571404
C009826,0.03418393055219534,0.053897632539227004
C009827,0.05267182726824658,0.05288117833017564
C009828,0.026416043664277834,0.04017071601701287
C009829,0.07223275952305622,0.10198726971163259
C009830,0.038802590261302165,0.03921711696770054
C009831,0.03913340060622856,0.029181186452295838
C009832,0.027039718118932222,0.026155494228187977
C009833,0.07669334250042047,0.07419236662100767
C009834,0.08576277323231982,0.07078620179073492
C009835,0.061195657286158146,0.06165396765186334
C009836,0.29654373589481064,0.35447916611609015
C009837,0.05262556259254035,0.05050893919866113
C009838,0.03995911217828247,0.03749840606016048
C009839,0.0347848227640681,0.05018398528602439
C009840,0.03205120238917229,0.03224908426753678
C009841,0.07253731190706876,0.09756809523443144
C009842,0.03781324608527566,0.03216490480370772
C009843,0.19358230555266198,0.20311110073834587
C009844,0.11016310286650428,0.09034192413773814
C009845,0.028003243425316838,0.02297755763731011
C009846,0.07273977142297909,0.07566605896087861
C009847,0.2571493144591189,0.3412847516836351
C009848,0.5764516751578594,0.4495208680824339
C009849,0.04131801629340073,0.03483077361150219
C009850,0.03401071911098079,0.03903683501836276
C009851,0.07107803745889016,0.13350450868529223
C009852,0.06203551601712024,0.05234652860761361
C009853,0.13223111746532373,0.16254191849365104
C009854,0.08827625890850142,0.1033789928639065
C009855,0.05318414225686935,0.06925305542943976
C009856,0.03456098073883426,0.03357924379828252
C009857,0.13295181957630173,0.1604703386279274
C009858,0.1908403562002209,0.18679166989020338
C009859,0.3220234909508111,0.30714002697440346
C009860,0.033579231261872976,0.033436114408467874
C009861,0.2759659686467634,0.24440379045115757
C009862,0.40454298945465555,0.4489729388387357
C009863,0.03860088764390722,0.04482741947753287
C009864,0.07161105564817341,0.09748383765271078
C009865,0.029291001918507642,0.031133998053520733
C009866,0.06097387092126337,0.04993143985977848
C009867,0.03769335766734016,0.034912513727931735
C009868,0.0341295629308617,0.02813085196555918
C009869,0.07966530944983827,0.08109447097613035
C009870,0.048469639327248994,0.0468043637832042
C009871,0.21849162678380551,0.2607104622244566
C009872,0.03848977289460627,0.034708436784508384
C009873,0.05857582519995665,0.06485538741637668
C009874,0.1137079886078282,0.11551942652201941
C009875,0.11830837769304167,0.10953720112009127
C009876,0.051500732133687596,0.0464839062249902
C009877,0.05418721585541227,0.049670473500307545
C009878,0.04921429956612747,0.048497646365431996
C009879,0.11926751355422263,0.11098105722948089
C009880,0.10224306634092215,0.11467137061099959
C009881,0.0289069128280325,0.027741077526182545
C009882,0.019261676709838662,0.021557411359244286
C009883,0.035658625890360965,0.03461021561882782
C009884,0.10360985115157129,0.09163097521793319
C009885,0.07601259719587308,0.055919197613507464
C009886,0.034783774399877315,0.03284595367469038
C009887,0.04168866910200769,0.03901219801599083
C009888,0.03804471237625915,0.033782151521812
C009889,0.04207093543648429,0.03797936988651425
C009890,0.04860883294092043,0.04144781490727291
C009891,0.03145269842246173,0.03238705367281071
C009892,0.03424343400030884,0.03542427635585135
C009893,0.03985585175880795,0.044300498493681284
C009894,0.04556827558736547,0.03800886800039214
C009895,0.04560604870130769,0.043102286741383375
C009896,0.07574751519332307,0.10384810839047265
C009897,0.06324536598714652,0.06692017162794035
C009898,0.028976676591097327,0.0339379360751418
C009899,0.07894623992000654,0.15308668058354918
C009900,0.045271881854242094,0.04277892115155487
C009901,0.061686548206096925,0.055265210198963396
C009902,0.08336189569748295,0.09195241456465661
C009903,0.23696835432894442,0.2271866011848087
C009904,0.11869316974368624,0.12662455839879821
C009905,0.04467518335461122,0.03953096185529901
C009906,0.07190694931698674,0.055679285674976486
C009907,0.054903742119918476,0.04802342631238428
C009908,0.12927107955579603,0.14038410861222422
C009909,0.04165182191597547,0.04077410221006051
C009910,0.08777767466070337,0.0763141005644429
C009911,0.1329897136466524,0.14768760612197376
C009912,0.039470462997443514,0.037493666579245605
C009913,0.04048746291096542,0.035081376307745514
C009914,0.07727011754556687,0.06891997094429966
C009915,0.04709838123044799,0.04887870837953836
C009916,0.2396472349069881,0.20389877562791864
C009917,0.026920709021955768,0.03266985253734149
C009918,0.19837444456675474,0.2092652536242759
C009919,0.09350708013975688,0.07680443140294953
C009920,0.061513777073683384,0.06481913597320149
C009921,0.05201947697303635,0.05250392940094125
C009922,0.08475711108720028,0.07256168608594224
C009923,0.09880285904974082,0.10656393860388143
C009924,0.08488015427173752,0.07810075044246914
C009925,0.030229387535070575,0.043252927733294186
C009926,0.3447157258170216,0.29019888683184153
C009927,0.06432498007735475,0.07731570216683178
C009928,0.041753914001733075,0.028874727349545565
C009929,0.06363572217191929,0.055628257668778325
C009930,0.07242592044887888,0.061604245438673634
C009931,0.06351017409844154,0.06806433042815045
C009932,0.032498055974949404,0.03554611203918374
C009933,0.03434506855959229,0.03303365615390306
C009934,0.050174951203711626,0.041137006711502694
C009935,0.03430343829545589,0.03136470012435283
C009936,0.02201775354171968,0.02870519930817132
C009937,0.10844330477232988,0.11412408728638399
C009938,0.028973728029318024,0.03295865129580704
C009939,0.0605930645131584,0.0661866668886614
C009940,0.02703811329065404,0.03937688948628828
C009941,0.05891126801764721,0.05814944235603488
C009942,0.042448263386720725,0.04107610798386964
C009943,0.06951507336928742,0.09621719947456663
C009944,0.11682674435150753,0.12670128792561686
C009945,0.03730810148155521,0.029805482497406156
C009946,0.0461923020944648,0.04965866331095407
C009947,0.04585985066785133,0.04307280147106929
C009948,0.31085468395630483,0.27566606947688255
C009949,0.059951899494518235,0.05981932363414629
C009950,0.02517991070857526,0.01922606743381593
C009951,0.0950826286666641,0.06122200184340335
C009952,0.02958204966410764,0.030750868757196938
C009953,0.1345277965693657,0.11122810705674671
C009954,0.08191768807127917,0.09012914749488746
C009955,0.03587893824785545,0.027208288901831534
C009956,0.06520398360383466,0.057085130968479614
C009957,0.13334253360079695,0.10768876787343204
C009958,0.03775154164820772,0.03615143641288001
C009959,0.05387106181670709,0.035196563450016274
C009960,0.3013837988822884,0.1860138875148636
C009961,0.040764645143681395,0.04204753089844869
C009962,0.05053296789345936,0.04520882340503775
C009963,0.04218884477099525,0.034619934462247405
C009964,0.07639610042196532,0.07706192267551273
C009965,0.07511458191987938,0.06457715961685975
C009966,0.02559592897925017,0.03331352806929437
C009967,0.04723459584601072,0.034778996019471355
C009968,0.05073682149016436,0.04523626706706592
C009969,0.15867559458849875,0.12284467054010226
C009970,0.06116332433649546,0.06407724844777428
C009971,0.03287373297234576,0.0368381887394976
C009972,0.052093261862087806,0.04408613524258705
C009973,0.08077604504566635,0.07138554106202957
C009974,0.06709563245752456,0.06810795799814091
C009975,0.06418542009265785,0.06340878506546468
C009976,0.03856505608715287,0.03537314950540784
C009977,0.023628774409933346,0.0281329033570623
C009978,0.04481243193697208,0.04088181094122113
C009979,0.05383972221963647,0.0517781547211887
C009980,0.027500134410127768,0.02577429665908168
C009981,0.12314159524928403,0.10024258200358394
C009982,0.029563719776025982,0.032333875731414
C009983,0.05018820872109046,0.05552962558196439
C009984,0.047407002670418266,0.04150712751079742
C009985,0.035932027924767705,0.028801125667265993
C009986,0.03362091001733416,0.03123529733322079
C009987,0.057250672475708766,0.048249016326017746
C009988,0.060344854214268065,0.05964229119590617
C009989,0.04806340755068268,0.05244582457485804
C009990,0.10940944787701604,0.10252023764764126
C009991,0.03311382318683317,0.03743538973151511
C009992,0.0400756031301409,0.031702951806909865
C009993,0.07731593340373552,0.07456477475075621
C009994,0.03248803500689452,0.03357212066631502
C009995,0.03261301200960397,0.038441232290904306
C009996,0.04495699273382572,0.04814721793439264
C009997,0.09632426433718252,0.1470781305683348
C009998,0.051250694487888285,0.04861620131961459
C009999,0.0347996106251149,0.03007069964777164
C010000,0.11792944172139053,0.15789862701090077
