id_proposta,faixa,valor_financiado,pd,fator_ead,ead,lgd,perda_esperada,perda_pct
P000001,3,21120.0,0.166005,1.042,22007.04,0.841587,3074.554431,0.145575
P000002,7,40610.41,0.057487,1.038,42153.60558,0.751587,1821.315311,0.044848
P000003,10,16566.0,0.024353,0.995,16483.17,0.915587,367.52954,0.022186
P000004,4,33379.2,0.132882,1.027,34280.4384,0.844587,3847.304965,0.115261
P000005,1,68301.42,0.487968,1.042,71170.07964,0.679587,23601.174858,0.345544
P000006,6,52626.87,0.074052,1.027,54047.79549,0.751587,3008.102927,0.057159
P000007,10,49593.6,0.032782,1.04,51577.344,0.763587,1291.063734,0.026033
P000008,9,30789.85,0.043522,1.037,31929.07445,0.753587,1047.200829,0.034011
P000009,7,31307.5,0.065354,1.015,31777.1125,0.588587,1222.346229,0.039043
P000010,9,36494.07,0.041898,1.04,37953.8328,0.763587,1214.244683,0.033272
P000011,1,28417.42,0.559009,1.015,28843.6813,0.667587,10764.078479,0.378785
P000012,2,41177.19,0.269297,1.04,42824.2776,0.667587,7698.904512,0.18697
P000013,7,33432.63,0.061689,1.02,34101.2826,0.719587,1513.786098,0.045279
P000014,2,37318.14,0.212147,1.04,38810.8656,0.667587,5496.652806,0.147292
P000015,10,27446.97,0.028884,1.04,28544.8488,0.588587,485.275609,0.01768
P000016,9,22953.4,0.044221,1.032,23687.9088,0.719587,753.765409,0.032839
P000017,2,89572.0,0.235306,1.002,89751.144,0.844587,17836.778798,0.199133
P000018,8,29688.8,0.052458,1.04,30876.352,0.763587,1236.783232,0.041658
P000019,6,8826.4,0.076898,1.024,9038.2336,0.643587,447.304553,0.050678
P000020,1,19129.0,0.344703,1.04,19894.16,0.901587,6182.692387,0.32321
P000021,9,62487.76,0.038495,1.038,64862.29488,0.679587,1696.855999,0.027155
P000022,9,50399.2,0.041887,1.04,52415.168,0.520587,1142.95319,0.022678
P000023,10,57832.2,0.034934,1.013,58584.0186,0.763587,1562.722417,0.027022
P000024,1,29408.46,0.317758,1.042,30643.61532,0.751587,7318.398552,0.248854
P000025,1,14372.93,0.531471,1.04,14947.8472,0.427587,3396.896146,0.23634
P000026,1,24044.04,0.316493,1.02,24524.9208,0.719587,5585.406428,0.232299
P000027,2,29940.0,0.224476,0.995,29790.3,0.719587,4812.022009,0.160722
P000028,1,49005.52,0.406728,1.04,50965.7408,0.763587,15828.540903,0.322995
P000029,10,30946.92,0.029275,1.037,32091.95604,0.637587,599.010851,0.019356
P000030,6,16175.04,0.076053,1.037,16773.51648,0.558587,712.57128,0.044054
P000031,9,33015.0,0.043466,1.032,34071.48,0.611587,905.739818,0.027434
P000032,2,22764.94,0.287642,1.015,23106.4141,0.753587,5008.625069,0.220015
P000033,2,21619.92,0.229849,1.027,22203.65784,0.751587,3835.718019,0.177416
P000034,8,20087.94,0.045369,1.021,20509.78674,0.427587,397.870224,0.019806
P000035,10,56920.86,0.034127,1.002,57034.70172,0.751587,1462.916572,0.025701
P000036,8,15501.2,0.045491,0.995,15423.694,0.719587,504.888591,0.032571
P000037,3,30209.6,0.174368,1.038,31357.5648,0.672587,3677.54561,0.121734
P000038,9,38388.35,0.043188,1.027,39424.83545,0.751587,1279.72138,0.033336
P000039,8,18920.0,0.045196,1.013,19165.96,0.763587,661.44274,0.03496
P000040,5,56911.05,0.10144,1.042,59301.3141,0.751587,4521.198418,0.079443
P000041,2,17083.0,0.228209,1.02,17424.66,0.611587,2431.956199,0.142361
P000042,1,17205.75,0.538578,1.032,17756.334,0.640587,6126.038291,0.356046
P000043,2,29879.28,0.266884,1.04,31074.4512,0.588587,4881.305957,0.163368
P000044,9,31028.4,0.041196,1.021,31679.9964,0.599587,782.506223,0.025219
P000045,6,11792.0,0.083866,0.98,11556.16,0.643587,623.744588,0.052896
P000046,2,24870.06,0.234726,1.04,25864.8624,0.667587,4053.015526,0.162968
P000047,6,20234.76,0.068395,1.021,20659.68996,0.599587,847.223505,0.04187
P000048,3,23234.81,0.18014,1.038,24117.73278,0.751587,3265.326237,0.140536
P000049,3,27342.0,0.187455,1.042,28490.364,0.679587,3629.441332,0.132742
P000050,8,32133.34,0.052299,1.015,32615.3401,0.558587,952.808654,0.029652
P000051,2,18587.8,0.291556,1.04,19331.312,0.822587,4636.224584,0.249423
P000052,7,30364.68,0.058717,1.032,31336.34976,0.611587,1125.305922,0.03706
P000053,2,21560.0,0.283418,1.038,22379.28,0.844587,5356.961573,0.248468
P000054,2,16869.6,0.216861,1.041,17561.2536,0.611587,2329.134351,0.138067
P000055,5,30051.75,0.096822,1.041,31283.87175,0.611587,1852.481372,0.061643
P000056,2,21982.08,0.211374,1.015,22311.8112,0.753587,3554.02133,0.161678
P000057,2,37244.55,0.238434,1.042,38808.8211,0.841587,7787.478499,0.20909
P000058,1,21340.0,0.353477,1.042,22236.28,0.672587,5286.534205,0.247729
P000059,2,11805.2,0.215312,1.024,12088.5248,0.778587,2026.509158,0.171662
P000060,10,30943.64,0.031549,1.04,32181.3856,0.667587,677.799479,0.021904
P000061,3,19452.4,0.147094,1.015,19744.186,0.684587,1988.205355,0.102209
P000062,3,17560.4,0.160493,1.032,18122.3328,0.915587,2662.996992,0.151648
P000063,1,27545.76,0.378096,1.042,28702.68192,0.679587,7375.132261,0.267741
P000064,3,44210.0,0.148192,1.013,44784.73,0.667587,4430.604678,0.100217
P000065,8,27071.28,0.046951,1.015,27477.3492,0.901587,1163.135466,0.042966
P000066,3,19128.55,0.17736,1.003,19185.93565,0.637587,2169.594569,0.113422
P000067,2,20939.6,0.269378,1.038,21735.3048,0.923587,5407.613796,0.258248
P000068,3,19335.43,0.193931,1.04,20108.8472,0.763587,2977.783806,0.154007
P000069,7,17725.12,0.059586,1.041,18451.84992,0.915587,1006.66445,0.056793
P000070,4,15901.76,0.142371,0.995,15822.2512,0.832587,1875.503479,0.117943
P000071,2,28629.48,0.21004,1.037,29688.77076,0.637587,3975.880518,0.138874
P000072,10,75317.12,0.023281,1.015,76446.8768,0.637587,1134.738593,0.015066
P000073,1,26689.95,0.439816,1.04,27757.548,0.901587,11006.759835,0.412393
P000074,4,45365.76,0.140503,1.032,46817.46432,0.611587,4023.026162,0.08868
P000075,7,63845.38,0.05576,1.04,66399.1952,0.832587,3082.567269,0.048282
P000076,5,40669.44,0.088682,1.032,41970.86208,0.753587,2804.886228,0.068968
P000077,3,44059.31,0.150532,1.02,44940.4962,0.915587,6193.945072,0.140582
P000078,2,15728.84,0.272153,1.021,16059.14564,0.348587,1523.511838,0.096861
P000079,6,34331.04,0.07838,1.02,35017.6608,0.832587,2285.188105,0.066563
P000080,4,16601.2,0.134258,1.041,17281.8492,0.915587,2124.363559,0.127964
P000081,8,17971.8,0.045865,1.04,18690.672,0.763587,654.583528,0.036423
P000082,3,15466.5,0.208552,1.015,15698.4975,0.753587,2467.208135,0.159519
P000083,2,25536.84,0.237982,1.04,26558.3136,0.667587,4219.416014,0.165229
P000084,1,22365.18,0.345161,1.04,23259.7872,0.667587,5359.630193,0.239642
P000085,10,69798.8,0.030156,1.015,70845.782,0.763587,1631.326015,0.023372
P000086,1,15576.0,0.345774,1.02,15887.52,0.832587,4573.804447,0.293644
P000087,4,35624.16,0.107406,1.04,37049.1264,0.427587,1701.499023,0.047763
P000088,3,26379.54,0.208252,1.015,26775.2331,0.822587,4586.747815,0.173875
P000089,7,16654.26,0.056018,1.003,16704.22278,0.637587,596.613758,0.035823
P000090,10,60403.32,0.032774,1.003,60584.52996,0.637587,1265.972034,0.020959
P000091,5,30586.3,0.103827,1.032,31565.0616,0.719587,2358.311713,0.077104
P000092,9,36883.26,0.038319,1.04,38358.5904,0.684587,1006.256024,0.027282
P000093,3,18604.72,0.178534,1.04,19348.9088,0.857587,2962.479371,0.159233
P000094,2,19735.8,0.237883,1.04,20525.232,0.778587,3801.536955,0.192621
P000095,2,16099.6,0.244996,0.995,16019.102,0.611587,2400.239891,0.149087
P000096,3,17820.36,0.203863,1.041,18550.99476,0.836587,3163.84919,0.177541
P000097,6,24194.7,0.072711,1.015,24557.6205,0.763587,1363.458286,0.056354
P000098,4,70975.44,0.134084,1.027,72891.77688,0.923587,9026.79719,0.127182
P000099,7,18465.2,0.062621,1.003,18520.5956,0.637587,739.455807,0.040046
P000100,3,19093.8,0.184663,1.04,19857.552,0.901587,3306.070172,0.173149
P000101,2,17261.2,0.22562,1.032,17813.5584,0.532587,2140.513191,0.124007
P000102,8,39015.0,0.049585,1.04,40575.6,0.763587,1536.276162,0.039377
P000103,4,34803.51,0.118942,1.002,34873.11702,0.600587,2491.158611,0.071578
P000104,5,40982.55,0.098552,1.013,41515.32315,0.588587,2408.159993,0.058761
P000105,10,30183.89,0.02933,1.027,30998.85503,0.672587,611.514912,0.02026
P000106,3,17754.0,0.155766,1.015,18020.31,0.588587,1652.137299,0.093057
P000107,10,17142.4,0.035873,0.995,17056.688,0.611587,374.214491,0.02183
P000108,9,46265.67,0.038308,1.015,46959.65505,0.667587,1200.951127,0.025958
P000109,6,26427.34,0.072542,1.021,26982.31414,0.778587,1523.974198,0.057667
P000110,5,54997.47,0.097702,1.037,57032.37639,0.586587,3268.560709,0.059431
P000111,2,18884.26,0.239474,1.037,19582.97762,0.558587,2619.561163,0.138717
P000112,3,16733.2,0.181248,0.995,16649.534,0.836587,2524.56655,0.150872
P000113,7,37528.8,0.054213,1.003,37641.3864,0.637587,1301.088251,0.034669
P000114,1,18952.92,0.305302,0.995,18858.1554,0.640587,3688.137402,0.194595
P000115,2,36202.28,0.234752,1.042,37722.77576,0.844587,7479.246146,0.206596
P000116,8,38788.2,0.046105,1.041,40378.5162,0.719587,1339.60658,0.034536
P000117,1,38982.1,0.484981,1.04,40541.384,0.763587,15013.494886,0.385138
P000118,10,26525.36,0.033883,1.04,27586.3744,0.667587,623.99487,0.023524
P000119,6,17590.56,0.081578,1.04,18294.1824,0.427587,638.128131,0.036277
P000120,2,28255.5,0.241276,1.04,29385.72,0.684587,4853.76015,0.171781
P000121,2,32425.59,0.233019,1.042,33787.46478,0.844587,6649.527267,0.20507
P000122,2,20790.0,0.214946,1.038,21580.02,0.841587,3903.736961,0.18777
P000123,4,8868.2,0.13731,1.04,9222.928,0.599587,759.317035,0.085622
P000124,2,37047.68,0.209805,1.04,38529.5872,0.667587,5396.58329,0.145666
P000125,8,30650.4,0.048787,1.003,30742.3512,0.637587,956.261404,0.031199
P000126,7,23513.49,0.066222,1.027,24148.35423,0.637587,1019.603147,0.043362
P000127,5,29515.9,0.092392,1.027,30312.8293,0.600587,1682.039745,0.056988
P000128,3,34183.52,0.204363,1.038,35482.49376,0.679587,4927.896354,0.14416
P000129,1,13667.6,0.731792,1.04,14214.304,0.599587,6236.849879,0.456324
P000130,10,12000.0,0.032388,1.021,12252.0,0.599587,237.929147,0.019827
P000131,3,21872.14,0.173154,1.04,22747.0256,0.822587,3239.950173,0.148131
P000132,10,50400.32,0.034934,0.995,50148.3184,0.611587,1071.441746,0.021259
P000133,2,38728.77,0.26994,1.027,39774.44679,0.558587,5997.394693,0.154856
P000134,2,16319.6,0.231701,1.02,16645.992,0.719587,2775.37186,0.170064
P000135,7,8626.8,0.058542,1.04,8971.872,0.857587,450.429403,0.052213
P000136,2,20666.88,0.235437,1.041,21514.22208,0.832587,4217.247709,0.204058
P000137,2,21560.0,0.231857,1.002,21603.12,0.600587,3008.235519,0.139529
P000138,1,24644.7,0.463088,1.04,25630.488,0.667587,7923.700996,0.321517
P000139,3,46787.75,0.148171,1.027,48051.01925,0.679587,4838.514059,0.103414
P000140,3,44039.25,0.207751,1.02,44920.035,0.640587,5978.063842,0.135744
P000141,2,32551.68,0.262038,1.04,33853.7472,0.832587,7385.845977,0.226896
P000142,4,38942.26,0.11684,1.02,39721.1052,0.915587,4249.244012,0.109117
P000143,5,7570.17,0.096825,1.04,7872.9768,0.427587,325.948101,0.043057
P000144,1,21560.0,0.540656,1.042,22465.52,0.844587,10258.446206,0.475809
P000145,6,20644.28,0.073371,1.02,21057.1656,0.832587,1286.335909,0.06231
P000146,3,14284.6,0.14289,1.027,14670.2842,0.845587,1772.550338,0.124088
P000147,7,19439.28,0.055815,1.041,20236.29048,0.611587,690.779744,0.035535
P000148,1,27306.45,0.510834,1.04,28398.708,0.857587,12441.04143,0.455608
P000149,4,25522.37,0.137211,0.995,25394.75815,0.611587,2131.039055,0.083497
P000150,10,13290.2,0.025353,1.027,13649.0354,0.845587,292.611958,0.022017
P000151,5,30585.24,0.085046,1.015,31044.0186,0.763587,2015.99446,0.065914
P000152,10,22336.28,0.030096,1.04,23229.7312,0.599587,419.182543,0.018767
P000153,5,18477.8,0.102985,1.04,19216.912,0.667587,1321.189285,0.071501
P000154,2,42413.84,0.248957,1.015,43050.0476,0.558587,5986.706441,0.14115
P000155,2,24907.32,0.274329,1.042,25953.42744,0.841587,5991.913324,0.240568
P000156,8,27952.8,0.053444,1.02,28511.856,0.719587,1096.506803,0.039227
P000157,9,69020.2,0.040877,0.995,68675.099,0.611587,1716.854788,0.024875
P000158,10,34834.18,0.036211,1.015,35356.6927,0.753587,964.806462,0.027697
P000159,2,21785.55,0.239683,1.032,22482.6876,0.640587,3451.938263,0.158451
P000160,10,15787.52,0.033781,1.037,16371.65824,0.507587,280.721049,0.017781
P000161,8,27643.7,0.048608,1.013,28003.0681,0.684587,931.844926,0.033709
P000162,10,28179.0,0.025472,1.027,28939.833,0.844587,622.590159,0.022094
P000163,9,26212.41,0.037761,0.98,25688.1618,0.599587,581.599813,0.022188
P000164,2,15307.6,0.294721,1.027,15720.9052,0.507587,2351.791913,0.153636
P000165,10,38018.43,0.036211,0.995,37828.33785,0.611587,837.744594,0.022035
P000166,10,52457.12,0.031623,1.04,54555.4048,0.753587,1300.074968,0.024784
P000167,7,33080.05,0.058487,0.995,32914.64975,0.719587,1385.253424,0.041876
P000168,10,20689.51,0.035016,0.995,20586.06245,0.719587,518.714627,0.025071
P000169,2,26970.84,0.215272,1.032,27833.90688,0.611587,3664.534294,0.13587
P000170,10,28782.6,0.031103,1.015,29214.339,0.558587,507.563723,0.017634
P000171,10,102773.38,0.026988,1.02,104828.8476,0.611587,1730.280484,0.016836
P000172,3,45691.83,0.188041,1.042,47610.88686,0.751587,6728.814958,0.147265
P000173,1,57912.78,0.456662,1.042,60345.11676,0.751587,20711.703572,0.357636
P000174,10,15815.2,0.032242,0.98,15498.896,0.643587,321.608351,0.020335
P000175,10,61168.63,0.033901,1.02,62392.0026,0.719587,1522.040165,0.024883
P000176,10,85737.34,0.030695,1.02,87452.0868,0.719587,1931.589521,0.022529
P000177,10,22309.08,0.032274,1.027,22911.42516,0.586587,433.748599,0.019443
P000178,1,17941.0,0.445004,1.04,18658.64,0.588587,4887.130083,0.2724
P000179,6,30749.28,0.078595,1.015,31210.5192,0.822587,2017.792322,0.065621
P000180,5,40137.24,0.088667,1.032,41421.63168,0.832587,3057.854691,0.076185
P000181,3,23207.98,0.15936,1.027,23834.59546,0.751587,2854.729833,0.123006
P000182,9,15283.2,0.039838,1.021,15604.1472,0.427587,265.807356,0.017392
P000183,1,23983.32,0.302647,1.024,24558.91968,0.348587,2590.931167,0.108031
P000184,4,74590.8,0.112162,1.013,75560.4804,0.667587,5657.782096,0.075851
P000185,1,27631.22,0.320032,1.041,28764.10002,0.719587,6624.104612,0.239733
P000186,1,14192.73,0.467894,0.98,13908.8754,0.599587,3902.039177,0.274932
P000187,10,37206.0,0.036795,1.02,37950.12,0.719587,1004.802873,0.027006
P000188,3,53818.24,0.145322,1.042,56078.60608,0.844587,6882.921997,0.127892
P000189,9,40725.3,0.038477,1.032,42028.5096,0.611587,989.022409,0.024285
P000190,8,44893.75,0.046998,1.037,46554.81875,0.586587,1283.439331,0.028588
P000191,3,25646.29,0.159867,1.04,26672.1416,0.588587,2509.730245,0.097859
P000192,6,30029.44,0.070499,1.037,31140.52928,0.558587,1226.312979,0.040837
P000193,6,22645.64,0.077989,1.027,23257.07228,0.672587,1219.927436,0.05387
P000194,10,66432.6,0.028973,1.013,67296.2238,0.667587,1301.658116,0.019594
P000195,2,47739.33,0.246545,1.042,49744.38186,0.679587,8334.618478,0.174586
P000196,7,107400.0,0.065396,1.015,109011.0,0.763587,5443.51127,0.050684
P000197,3,28489.4,0.175729,1.032,29401.0608,0.640587,3309.668854,0.116172
P000198,4,24599.34,0.133146,1.04,25583.3136,0.901587,3071.095709,0.124845
P000199,10,31723.68,0.033697,1.02,32358.1536,0.640587,698.486855,0.022018
P000200,5,40400.64,0.098107,1.04,42016.6656,0.667587,2751.868603,0.068114
P000201,7,30583.84,0.063605,1.038,31746.02592,0.679587,1372.235464,0.044868
P000202,3,28430.46,0.205676,1.04,29567.6784,0.763587,4643.642644,0.163333
P000203,2,64123.2,0.233547,1.002,64251.4464,0.841587,12628.630433,0.196943
P000204,2,57147.79,0.283235,1.038,59319.40602,0.762587,12812.479873,0.224199
P000205,2,95111.6,0.268258,1.002,95301.8232,0.751587,19214.660117,0.202022
P000206,3,23532.0,0.207055,1.04,24473.28,0.901587,4568.613087,0.194145
P000207,7,36356.39,0.05874,1.04,37810.6456,0.684587,1520.453218,0.041821
P000208,1,30930.9,0.500253,1.042,32229.9978,0.844587,13617.394588,0.440252
P000209,5,29079.88,0.096545,1.013,29457.91844,0.901587,2564.121988,0.088175
P000210,4,22208.34,0.11139,1.021,22674.71514,0.520587,1314.86159,0.059206
P000211,1,32242.0,0.302692,1.027,33112.534,0.600587,6019.625882,0.186701
P000212,6,63079.48,0.079586,1.038,65476.50024,0.923587,4812.818621,0.076298
P000213,1,7573.26,0.433025,1.04,7876.1904,0.857587,2924.876125,0.386211
P000214,4,82868.74,0.142626,1.032,85520.53968,0.915587,11167.794418,0.134765
P000215,6,20395.76,0.07634,1.04,21211.5904,0.832587,1348.198797,0.066102
P000216,9,15941.46,0.044671,1.04,16579.1184,0.857587,635.139167,0.039842
P000217,5,15187.5,0.10215,1.015,15415.3125,0.766587,1207.123327,0.079481
P000218,1,21530.88,0.47948,1.015,21853.8432,0.901587,9447.266778,0.438778
P000219,3,22708.26,0.168248,1.038,23571.17388,0.600587,2381.810805,0.104887
P000220,2,15679.12,0.239252,0.98,15365.5376,0.857587,3152.696346,0.201076
P000221,3,32667.02,0.200022,1.041,34006.36782,0.832587,5663.278101,0.173364
P000222,6,69591.9,0.081634,1.003,69800.6757,0.586587,3342.448873,0.048029
P000223,3,24487.21,0.146818,1.032,25270.80072,0.836587,3103.916141,0.126757
P000224,1,25206.92,0.327503,0.995,25080.8854,0.719587,5910.727774,0.234488
P000225,2,26719.7,0.235996,1.038,27735.0486,0.751587,4919.406395,0.184112
P000226,1,36362.2,0.302502,1.038,37743.9636,0.751587,8581.342553,0.235996
P000227,2,36230.74,0.261693,1.015,36774.2011,0.588587,5664.293067,0.156339
P000228,5,76466.27,0.088696,1.02,77995.5954,0.719587,4978.030249,0.065101
P000229,10,35471.6,0.034955,1.015,36003.674,0.637587,802.401818,0.022621
P000230,9,26865.23,0.042159,1.04,27939.8392,0.599587,706.262933,0.026289
P000231,10,41975.18,0.035788,0.995,41765.3041,0.915587,1368.535185,0.032603
P000232,1,20108.0,0.359487,1.038,20872.104,0.841587,6314.639274,0.314036
P000233,9,24253.5,0.043451,1.04,25223.64,0.427587,468.628989,0.019322
P000234,10,78070.68,0.016393,1.015,79241.7402,0.588587,764.56524,0.009793
P000235,3,18744.0,0.173487,1.015,19025.16,0.753587,2487.298777,0.132698
P000236,1,15657.4,0.585962,1.02,15970.548,0.915587,8568.177365,0.547229
P000237,1,17032.4,0.404916,0.995,16947.238,0.640587,4395.83753,0.258087
P000238,1,20785.6,0.336451,1.042,21658.5952,0.672587,4901.17014,0.235796
P000239,2,26103.45,0.279033,1.013,26442.79485,0.684587,5051.161834,0.193506
P000240,7,48780.1,0.06443,1.02,49755.702,0.719587,2306.838776,0.047291
P000241,8,29334.86,0.050475,1.042,30566.92412,0.844587,1303.086973,0.044421
P000242,3,36057.49,0.187411,1.042,37571.90458,0.841587,5925.935432,0.164347
P000243,6,16891.6,0.078497,1.032,17432.1312,0.915587,1252.866904,0.074171
P000244,10,39659.84,0.036741,0.98,38866.6432,0.427587,610.59111,0.015396
P000245,2,29410.71,0.22519,1.038,30528.31698,0.672587,4623.819621,0.157216
P000246,8,44918.32,0.053751,1.013,45502.25816,0.832587,2036.347157,0.045334
P000247,7,21035.38,0.05917,1.041,21897.83058,0.719587,932.360871,0.044323
P000248,10,29741.37,0.036475,1.04,30931.0248,0.763587,861.485684,0.028966
P000249,6,25676.0,0.077211,1.027,26369.252,0.841587,1713.470045,0.066734
P000250,1,24772.1,0.336677,1.042,25812.5282,0.679587,5905.946,0.238411
P000251,4,10364.2,0.137918,1.024,10612.9408,0.778587,1139.628493,0.109958
P000252,4,29067.15,0.122285,0.995,28921.81425,0.719587,2544.95896,0.087554
P000253,9,74423.37,0.037751,1.02,75911.8374,0.719587,2062.145052,0.027708
P000254,5,29541.78,0.084576,1.003,29630.40534,0.845587,2119.063668,0.071731
P000255,4,26462.94,0.119599,1.027,27177.43938,0.751587,2442.96317,0.092316
P000256,2,57024.24,0.285357,1.042,59419.25808,0.751587,12743.687944,0.223478
P000257,8,42544.32,0.047261,0.995,42331.5984,0.611587,1223.567739,0.02876
P000258,7,20010.48,0.058914,1.041,20830.90968,0.753587,924.833709,0.046217
P000259,3,76757.24,0.202476,1.04,79827.5296,0.763587,12341.963691,0.160792
P000260,4,61377.6,0.110469,1.042,63955.4592,0.600587,4243.204563,0.069133
P000261,6,9875.0,0.066884,1.021,10082.375,0.427587,288.343602,0.029199
P000262,6,26978.1,0.082402,1.042,28111.1802,0.679587,1574.206205,0.058351
P000263,2,39068.75,0.239837,1.04,40631.5,0.753587,7343.668538,0.187968
P000264,8,30571.2,0.053079,1.04,31794.048,0.427587,721.591823,0.023604
P000265,2,22969.44,0.21808,1.021,23451.79824,0.427587,2186.838132,0.095206
P000266,10,23803.2,0.036303,1.021,24303.0672,0.348587,307.551325,0.012921
P000267,10,32930.73,0.03303,1.027,33819.85971,0.637587,712.237835,0.021628
P000268,10,13583.7,0.030166,1.04,14127.048,0.857587,365.460761,0.026904
P000269,6,44512.5,0.080904,0.995,44289.9375,0.611587,2191.470558,0.049233
P000270,7,42814.72,0.060825,1.04,44527.3088,0.667587,1808.064667,0.04223
P000271,10,33047.1,0.029364,1.02,33708.042,0.915587,906.240634,0.027423
P000272,2,17190.8,0.261709,0.995,17104.846,0.719587,3221.223015,0.187381
P000273,6,11982.52,0.081358,1.021,12234.15292,0.599587,596.794224,0.049805
P000274,1,17688.36,0.479482,1.032,18254.38752,0.832587,7287.341697,0.411985
P000275,2,40581.0,0.212462,1.038,42123.078,0.679587,6082.004705,0.149873
P000276,8,26873.43,0.044838,1.015,27276.53145,0.586587,717.407247,0.026696
P000277,10,38072.65,0.034591,1.021,38872.17565,0.599587,806.229904,0.021176
P000278,6,46310.67,0.073543,1.027,47561.05809,0.586587,2051.762749,0.044304
P000279,9,21036.89,0.042782,1.015,21352.44335,0.763587,697.539204,0.033158
P000280,1,33701.61,0.337249,1.042,35117.07762,0.600587,7112.86947,0.211054
P000281,1,19956.2,0.329262,1.038,20714.5356,0.844587,5760.507691,0.288658
P000282,2,24440.27,0.220584,1.041,25442.32107,0.611587,3432.335497,0.140438
P000283,10,20762.28,0.032913,1.015,21073.7142,0.753587,522.679675,0.025174
P000284,8,20914.75,0.045062,1.003,20977.49425,0.637587,602.703642,0.028817
P000285,4,11299.2,0.127609,0.98,11073.216,0.599587,847.241222,0.074982
P000286,5,51124.65,0.085679,1.04,53169.636,0.832587,3792.886688,0.074189
P000287,1,21311.4,0.494147,1.042,22206.4788,0.844587,9267.881673,0.434879
P000288,1,20759.2,0.332827,1.038,21548.0496,0.672587,4823.64333,0.232362
P000289,10,25663.95,0.0368,1.021,26202.89295,0.427587,412.302477,0.016065
P000290,9,58547.19,0.04079,1.032,60420.70008,0.532587,1312.605548,0.02242
P000291,3,32996.49,0.199085,1.015,33491.43735,0.637587,4251.193146,0.128838
P000292,6,19644.58,0.078244,1.04,20430.3632,0.684587,1094.344023,0.055707
P000293,7,80972.1,0.062788,1.015,82186.6815,0.763587,3940.3528,0.048663
P000294,9,18710.16,0.040136,1.04,19458.5664,0.667587,521.382898,0.027866
P000295,10,44041.79,0.027825,1.015,44702.41685,0.901587,1121.450922,0.025463
P000296,5,36652.0,0.100514,1.042,38191.384,0.841587,3230.647038,0.088144
P000297,3,64822.68,0.150076,1.038,67285.94184,0.679587,6862.462416,0.105865
P000298,1,39793.6,0.419885,1.042,41464.9312,0.751587,13085.490599,0.328834
P000299,3,26248.0,0.189733,1.037,27219.176,0.558587,2884.750022,0.109904
P000300,1,29546.44,0.387003,1.041,30757.84404,0.832587,9910.593214,0.335424
P000301,10,25916.0,0.035565,1.015,26304.74,0.586587,548.766984,0.021175
P000302,7,17691.52,0.058296,1.021,18063.04192,0.599587,631.367107,0.035688
P000303,2,20451.6,0.233485,1.04,21269.664,0.763587,3792.080977,0.185417
P000304,9,43953.0,0.038271,1.032,45359.496,0.611587,1061.692723,0.024155
P000305,2,21729.58,0.293402,1.042,22642.22236,0.672587,4468.176921,0.205626
P000306,10,43707.51,0.033135,1.027,44887.61277,0.841587,1251.739762,0.028639
P000307,6,23149.98,0.074537,1.027,23775.02946,0.753587,1335.446891,0.057687
P000308,6,19950.84,0.074536,1.021,20369.80764,0.599587,910.337281,0.045629
P000309,3,30022.37,0.201694,1.032,30983.08584,0.611587,3821.868796,0.127301
P000310,6,33990.81,0.071294,1.04,35350.4424,0.763587,1924.438058,0.056616
P000311,5,87887.7,0.099537,1.032,90700.1064,0.611587,5521.436554,0.062824
P000312,9,67831.8,0.040587,1.04,70545.072,0.832587,2383.880471,0.035144
P000313,6,27700.36,0.070649,1.024,28365.16864,0.599587,1201.550169,0.043377
P000314,1,18260.0,0.396502,1.04,18990.4,0.753587,5674.304211,0.310751
P000315,5,56373.52,0.090643,1.038,58515.71376,0.679587,3604.548872,0.06394
P000316,1,8434.83,0.551065,1.04,8772.2232,0.643587,3111.141192,0.368845
P000317,4,69656.25,0.110071,1.027,71536.96875,0.751587,5918.105482,0.084962
P000318,4,34774.56,0.135358,1.027,35713.47312,0.679587,3285.203223,0.094471
P000319,9,60147.2,0.043386,1.027,61771.1744,0.679587,1821.289549,0.030281
P000320,6,57556.77,0.072498,1.038,59743.92726,0.841587,3645.154777,0.063331
P000321,3,17223.8,0.188943,1.02,17568.276,0.719587,2388.602419,0.13868
P000322,1,15532.0,0.448617,1.02,15842.64,0.915587,6507.334022,0.418963
P000323,2,19496.4,0.231762,1.013,19749.8532,0.901587,4126.808594,0.21167
P000324,10,52220.35,0.034741,1.037,54152.50295,0.637587,1199.505478,0.02297
P000325,2,56518.0,0.28121,1.04,58778.72,0.684587,11315.654943,0.200213
P000326,7,41554.26,0.056101,1.032,42883.99632,0.915587,2202.762217,0.053009
P000327,1,22078.98,0.340008,1.038,22917.98124,0.923587,7196.85501,0.32596
P000328,1,22435.01,0.387769,1.038,23287.54038,0.751587,6786.972617,0.302517
P000329,2,25756.02,0.233603,1.032,26580.21264,0.719587,4468.068709,0.173477
P000330,5,27083.84,0.090406,0.98,26542.1632,0.643587,1544.33184,0.05702
P000331,1,23488.92,0.471183,1.027,24123.12084,0.751587,8542.847125,0.363697
P000332,5,28696.78,0.097733,1.021,29299.41238,0.427587,1224.404534,0.042667
P000333,6,20855.82,0.0703,1.032,21523.20624,0.719587,1088.799895,0.052206
P000334,8,8325.0,0.050841,0.98,8158.5,0.427587,177.358837,0.021304
P000335,1,30030.5,0.310022,1.041,31261.7505,0.611587,5927.399728,0.197379
P000336,2,28495.4,0.266252,1.015,28922.831,0.763587,5880.195649,0.206356
P000337,5,22251.12,0.095661,0.98,21806.0976,0.857587,1788.918904,0.080397
P000338,9,21965.88,0.044015,1.037,22778.61756,0.586587,588.108513,0.026774
P000339,10,89766.12,0.031273,1.015,91112.6118,0.667587,1902.2234,0.021191
P000340,6,19748.92,0.072116,1.02,20143.8984,0.832587,1209.49507,0.061244
P000341,3,28323.08,0.197394,1.015,28747.9262,0.667587,3788.324666,0.133754
P000342,6,109678.14,0.076986,1.04,114065.2656,0.763587,6705.408556,0.061137
P000343,7,21928.62,0.063207,1.027,22520.69274,0.845587,1203.663901,0.05489
P000344,9,30036.77,0.041127,1.04,31238.2408,0.763587,981.002823,0.03266
P000345,10,18979.92,0.024819,1.04,19739.1168,0.599587,293.7401,0.015476
P000346,4,53105.76,0.119467,1.041,55283.09616,0.719587,4752.50692,0.089491
P000347,9,71439.5,0.04294,1.002,71582.379,0.600587,1846.071527,0.025841
P000348,7,21001.46,0.058951,1.027,21568.49942,0.637587,810.684508,0.038601
P000349,8,45542.56,0.047622,1.032,46999.92192,0.719587,1610.58648,0.035364
P000350,10,23318.1,0.034685,1.04,24250.824,0.643587,541.3485,0.023216
P000351,2,47903.25,0.226873,1.04,49819.38,0.901587,10190.35964,0.212728
P000352,1,10929.6,0.60475,1.04,11366.784,0.857587,5895.108763,0.539371
P000353,2,22104.96,0.264247,1.038,22944.94848,0.762587,4623.667967,0.209169
P000354,1,16529.02,0.396334,1.032,17057.94864,0.532587,3600.627001,0.217837
P000355,8,53325.74,0.053713,1.04,55458.7696,0.763587,2274.616257,0.042655
P000356,1,11741.4,0.330137,1.021,11987.9694,0.520587,2060.309213,0.175474
P000357,8,42295.59,0.053796,1.04,43987.4136,0.832587,1970.201078,0.046582
P000358,8,22014.62,0.054108,1.04,22895.2048,0.763587,945.944953,0.042969
P000359,7,71089.85,0.062316,1.04,73933.444,0.763587,3518.010753,0.049487
P000360,8,61763.12,0.052037,0.995,61454.3044,0.611587,1955.800143,0.031666
P000361,10,43092.66,0.029143,1.041,44859.45906,0.719587,940.73722,0.021831
P000362,5,28260.77,0.089162,1.002,28317.29154,0.923587,2331.902719,0.082514
P000363,2,27488.25,0.285202,1.042,28642.7565,0.672587,5494.334153,0.199879
P000364,3,38652.04,0.207674,1.042,40275.42568,0.679587,5684.184676,0.14706
P000365,9,41605.76,0.040714,1.038,43186.77888,0.751587,1321.528243,0.031763
P000366,6,22287.68,0.066624,1.032,23000.88576,0.611587,937.197346,0.04205
P000367,3,40524.47,0.201318,1.042,42226.49774,0.751587,6389.190149,0.157663
P000368,8,42666.32,0.045027,1.015,43306.3148,0.753587,1469.466281,0.034441
P000369,9,10048.52,0.043712,0.98,9847.5496,0.643587,277.033839,0.02757
P000370,2,56651.7,0.257552,1.041,58974.4197,0.832587,12646.149561,0.223226
P000371,1,20400.6,0.556037,1.038,21175.8228,0.844587,9944.627287,0.487467
P000372,6,42017.44,0.078975,1.013,42563.66672,0.588587,1978.525105,0.047088
P000373,2,32377.38,0.234511,1.013,32798.28594,0.832587,6403.876512,0.197789
P000374,8,37790.72,0.051039,1.032,39000.02304,0.753587,1500.031019,0.039693
P000375,3,19465.6,0.189054,1.04,20244.224,0.753587,2884.163034,0.148167
P000376,6,112457.52,0.079448,1.04,116955.8208,0.901587,8377.479057,0.074495
P000377,10,37060.98,0.035123,1.032,38246.93136,0.611587,821.573902,0.022168
P000378,3,31823.22,0.192347,0.995,31664.1039,0.640587,3901.481841,0.122599
P000379,8,25198.74,0.053284,1.013,25526.32362,0.667587,908.017073,0.036034
P000380,2,11437.8,0.271037,1.024,11712.3072,0.520587,1652.58459,0.144484
P000381,3,25749.09,0.164528,1.037,26701.80633,0.753587,3310.650371,0.128573
P000382,10,37228.23,0.035492,1.04,38717.3592,0.763587,1049.2904,0.028185
P000383,2,27651.69,0.296584,1.04,28757.7576,0.588587,5020.103741,0.181548
P000384,5,72548.5,0.088971,1.038,75305.343,0.679587,4553.238731,0.062761
P000385,9,51112.88,0.039198,1.027,52492.92776,0.586587,1206.963532,0.023614
P000386,5,19957.7,0.103452,1.04,20756.008,0.763587,1639.61822,0.082155
P000387,3,49368.0,0.190887,1.042,51441.456,0.923587,9069.164151,0.183705
P000388,1,31447.5,0.3026,1.013,31856.3175,0.667587,6435.346115,0.204638
P000389,1,25062.18,0.380158,1.04,26064.6672,0.763587,7566.150909,0.301895
P000390,10,158952.0,0.028121,1.04,165310.08,0.667587,3103.417302,0.019524
P000391,8,34048.11,0.047744,1.024,34865.26464,0.427587,711.758269,0.020904
P000392,5,21756.0,0.101269,1.041,22647.996,0.611587,1402.70299,0.064474
P000393,6,35138.05,0.071422,1.04,36543.572,0.822587,2146.953834,0.061101
P000394,3,16271.2,0.148633,0.995,16189.844,0.611587,1471.685031,0.090447
P000395,3,36286.12,0.153208,1.042,37810.13704,0.751587,4353.79452,0.119985
P000396,1,15820.2,0.425998,1.032,16326.4464,0.832587,5790.669625,0.36603
P000397,6,20449.8,0.074997,1.027,21001.9446,0.586587,923.921352,0.04518
P000398,9,17177.4,0.042188,1.027,17641.1898,0.586587,436.561544,0.025415
P000399,3,21560.0,0.207082,1.042,22465.52,0.679587,3161.576869,0.146641
P000400,2,25439.68,0.263333,1.04,26457.2672,0.684587,4769.556284,0.187485
P000401,7,39702.6,0.061671,1.037,41171.5962,0.637587,1618.89356,0.040776
P000402,9,29775.6,0.037613,1.013,30162.6828,0.667587,757.391915,0.025437
P000403,8,18926.6,0.048785,1.04,19683.664,0.684587,657.38637,0.034733
P000404,1,36877.2,0.364116,1.042,38426.0424,0.672587,9410.518194,0.255185
P000405,5,58847.04,0.096915,1.04,61200.9216,0.822587,4878.995283,0.08291
P000406,5,23446.9,0.090553,1.027,24079.9663,0.586587,1279.06418,0.054552
P000407,2,16876.2,0.225287,1.041,17568.1242,0.915587,3623.771893,0.214727
P000408,7,39752.02,0.05619,1.015,40348.3003,0.558587,1266.404438,0.031858
P000409,10,32187.89,0.036449,1.037,33378.84193,0.753587,916.821998,0.028483
P000410,10,74654.58,0.028537,1.032,77043.52656,0.611587,1344.64797,0.018012
P000411,9,239174.0,0.037823,1.042,249219.308,0.679587,6405.962721,0.026784
P000412,2,20418.32,0.274324,1.013,20683.75816,0.667587,3787.927314,0.185516
P000413,2,21150.88,0.240618,1.037,21933.46256,0.637587,3364.913061,0.159091
P000414,6,35363.97,0.080598,1.04,36778.5288,0.427587,1267.49071,0.035841
P000415,6,34202.64,0.079284,1.013,34647.27432,0.832587,2287.085444,0.066869
P000416,4,21368.81,0.116676,1.037,22159.45597,0.753587,1948.386439,0.091179
P000417,10,27125.28,0.028699,1.041,28237.41648,0.832587,674.721795,0.024874
P000418,2,29690.54,0.216164,1.032,30640.63728,0.640587,4242.859869,0.142903
P000419,2,15585.92,0.288897,1.024,15959.98208,0.564587,2603.188025,0.167022
P000420,9,21378.14,0.039767,1.027,21955.34978,0.753587,657.955225,0.030777
P000421,7,16997.2,0.055132,1.02,17337.144,0.611587,584.569181,0.034392
P000422,7,19060.8,0.065864,1.013,19308.5904,0.667587,849.000469,0.044542
P000423,2,24834.48,0.220346,1.027,25505.01096,0.762587,4285.690951,0.17257
P000424,2,61874.28,0.262295,1.038,64225.50264,0.844587,14227.921781,0.229949
P000425,1,15913.4,0.316653,1.027,16343.0618,0.753587,3899.872332,0.245068
P000426,10,41149.11,0.022184,0.98,40326.1278,0.427587,382.52517,0.009296
P000427,1,19950.84,0.620258,1.032,20589.26688,0.719587,9189.592224,0.460612
P000428,1,22286.95,0.319262,1.04,23178.428,0.667587,4940.133217,0.22166
P000429,5,53827.19,0.085558,1.038,55872.62322,0.679587,3248.648151,0.060353
P000430,1,20418.2,0.402894,1.042,21275.7644,0.923587,7916.880094,0.387736
P000431,3,29172.91,0.202814,1.013,29552.15783,0.763587,4576.632739,0.15688
P000432,5,21353.96,0.087951,1.032,22037.28672,0.640587,1241.589057,0.058143
P000433,5,21344.4,0.085559,1.038,22155.4872,0.751587,1424.707731,0.066749
P000434,5,21304.64,0.084294,1.038,22114.21632,0.762587,1421.528445,0.066724
P000435,3,32947.8,0.184313,1.038,34199.8164,0.841587,5304.914193,0.16101
P000436,3,41123.66,0.205044,1.015,41740.5149,0.667587,5713.643678,0.138938
P000437,1,20684.4,0.580404,1.038,21470.4072,0.672587,8381.449576,0.405206
P000438,10,42381.92,0.025044,1.027,43526.23184,0.586587,639.41324,0.015087
P000439,9,40425.92,0.037054,1.002,40506.77184,0.600587,901.431788,0.022298
P000440,8,19731.6,0.048995,1.04,20520.864,0.832587,837.093235,0.042424
P000441,1,19470.32,0.321812,1.032,20093.37024,0.836587,5409.611753,0.277839
P000442,3,45589.22,0.180214,1.015,46273.0583,0.763587,6367.580696,0.139673
P000443,5,30710.13,0.096265,1.027,31539.30351,0.679587,2063.315504,0.067187
P000444,1,20506.2,0.36888,1.042,21367.4604,0.844587,6657.063545,0.324637
P000445,4,75528.43,0.127109,1.038,78398.51034,0.751587,7489.651934,0.099163
P000446,5,49950.94,0.105465,1.013,50600.30222,0.684587,3653.331107,0.073138
P000447,1,31854.78,0.847901,1.042,33192.68076,0.751587,21152.737098,0.664037
P000448,2,25725.47,0.238918,1.013,26059.90111,0.763587,4754.223916,0.184806
P000449,3,30437.71,0.182393,1.015,30894.27565,0.586587,3305.34907,0.108594
P000450,9,30826.4,0.037779,1.02,31442.928,0.611587,726.48678,0.023567
P000451,2,12292.85,0.244448,1.024,12587.8784,0.427587,1315.719496,0.107031
P000452,2,20669.0,0.272059,1.038,21454.422,0.841587,4912.222817,0.237661
P000453,1,30309.98,0.469965,1.04,31522.3792,0.753587,11163.956095,0.368326
P000454,4,21377.4,0.109032,1.038,22189.7412,0.679587,1644.191839,0.076913
P000455,7,112772.83,0.058882,1.038,117058.19754,0.679587,4684.127753,0.041536
P000456,1,19804.32,0.568901,0.995,19705.2984,0.836587,9378.449632,0.473556
P000457,2,77487.68,0.278278,1.04,80587.1872,0.588587,13199.42299,0.170342
P000458,2,14933.6,0.25851,1.027,15336.8072,0.558587,2214.636078,0.148299
P000459,9,61067.1,0.040209,1.013,61860.9723,0.667587,1660.531045,0.027192
P000460,5,21741.0,0.085138,1.02,22175.82,0.832587,1571.929461,0.072303
P000461,6,78843.0,0.068577,1.027,80971.761,0.672587,3734.733229,0.047369
P000462,10,18844.65,0.035784,1.015,19127.31975,0.667587,456.927559,0.024247
P000463,10,39483.0,0.036724,1.003,39601.449,0.586587,853.08883,0.021606
P000464,6,50842.58,0.067183,0.995,50588.3671,0.611587,2078.577993,0.040883
P000465,1,24910.65,0.529577,1.015,25284.30975,0.588587,7881.167494,0.316377
P000466,3,34217.1,0.151869,1.013,34661.9223,0.763587,4019.569945,0.117473
P000467,3,24410.88,0.149655,1.032,25192.02816,0.719587,2712.918042,0.111136
P000468,10,58942.1,0.034549,1.032,60828.2472,0.611587,1285.301707,0.021806
P000469,5,15870.8,0.090242,1.032,16378.6656,0.611587,903.954422,0.056957
P000470,1,40496.58,0.494419,1.04,42116.4432,0.667587,13901.278918,0.34327
P000471,7,36753.6,0.06323,1.032,37929.7152,0.832587,1996.779182,0.054329
P000472,8,19905.6,0.05047,1.037,20642.1072,0.558587,581.937769,0.029235
P000473,4,11235.4,0.138111,1.024,11505.0496,0.599587,952.728731,0.084797
P000474,8,23797.98,0.049072,1.013,24107.35374,0.667587,789.746726,0.033185
P000475,3,13015.2,0.190985,1.021,13288.5192,0.348587,884.680029,0.067973
P000476,10,60632.04,0.024216,1.015,61541.5206,0.586587,874.190921,0.014418
P000477,4,46601.56,0.120332,1.013,47207.38028,0.832587,4729.539561,0.101489
P000478,1,35558.22,0.371837,1.04,36980.5488,0.763587,10499.872547,0.295287
P000479,3,16694.79,0.196886,1.04,17362.5816,0.348587,1191.628519,0.071377
P000480,7,27319.36,0.061705,0.98,26772.9728,0.599587,990.539303,0.036258
P000481,2,28461.51,0.233961,1.015,28888.43265,0.588587,3978.11591,0.139772
P000482,5,19514.0,0.084225,1.04,20294.56,0.763587,1305.202077,0.066885
P000483,7,21202.34,0.057887,1.024,21711.19616,0.857587,1077.807727,0.050834
P000484,9,37615.64,0.038445,1.04,39120.2656,0.763587,1148.406406,0.03053
P000485,2,95981.04,0.239825,1.027,98572.52808,0.672587,15900.054283,0.165658
P000486,3,54840.21,0.172372,1.015,55662.81315,0.832587,7988.444796,0.145668
P000487,4,19828.6,0.128513,1.042,20661.4012,0.923587,2452.361237,0.123678
P000488,2,44593.68,0.215245,1.02,45485.5536,0.832587,8151.45768,0.182794
P000489,3,47825.85,0.149918,1.038,49643.2323,0.679587,5057.772864,0.105754
P000490,2,48763.0,0.25614,1.04,50713.52,0.667587,8671.803985,0.177836
P000491,6,21783.8,0.070407,1.024,22306.6112,0.643587,1010.77273,0.0464
P000492,3,33154.81,0.155516,1.032,34215.76392,0.832587,4430.286927,0.133624
P000493,3,47370.04,0.187916,1.041,49312.21164,0.640587,5936.02063,0.125312
P000494,1,16260.4,0.451558,1.037,16862.0348,0.558587,4253.179832,0.261567
P000495,6,61386.72,0.082827,1.027,63044.16144,0.637587,3329.334776,0.054235
P000496,1,40213.08,0.504162,1.042,41902.02936,0.844587,17842.243276,0.443693
P000497,9,49489.87,0.043564,1.027,50826.09649,0.586587,1298.817881,0.026244
P000498,5,16157.96,0.098366,0.98,15834.8008,0.427587,666.014011,0.041219
P000499,3,19764.8,0.156523,1.04,20555.392,0.901587,2900.74904,0.146763
P000500,3,27297.12,0.144621,1.027,28034.14224,0.751587,3047.172161,0.11163
P000501,4,35738.96,0.121053,1.04,37168.5184,0.667587,3003.707758,0.084046
P000502,7,34117.45,0.062657,1.002,34185.6849,0.679587,1455.65548,0.042666
P000503,10,17790.5,0.034175,1.04,18502.12,0.599587,379.122318,0.02131
P000504,2,38176.0,0.237893,1.027,39206.752,0.600587,5601.678814,0.146733
P000505,3,33880.99,0.198394,1.04,35236.2296,0.901587,6302.668582,0.186024
P000506,5,28697.24,0.104375,1.015,29127.6986,0.763587,2321.455716,0.080895
P000507,9,42892.08,0.040906,1.015,43535.4612,0.667587,1188.886852,0.027718
P000508,3,20567.8,0.195548,1.002,20608.9356,0.762587,3073.254944,0.149421
P000509,1,17080.8,0.359716,1.041,17781.1128,0.640587,4097.293971,0.239877
P000510,2,12870.0,0.221917,1.024,13178.88,0.564587,1651.203391,0.128299
P000511,4,30349.92,0.121709,1.038,31503.21696,0.841587,3226.842963,0.106321
P000512,2,18532.8,0.278406,1.04,19274.112,0.684587,3673.513694,0.198217
P000513,10,24519.44,0.032202,1.037,25426.65928,0.507587,415.606583,0.01695
P000514,9,21270.6,0.042242,1.003,21334.4118,0.637587,574.603163,0.027014
P000515,8,50839.2,0.050068,1.027,52211.8584,0.586587,1533.431972,0.030162
P000516,8,28699.78,0.052703,0.995,28556.2811,0.915587,1377.948133,0.048012
P000517,3,50508.0,0.167258,1.027,51871.716,0.762587,6616.17686,0.130993
P000518,7,40478.7,0.060648,1.041,42138.3267,0.640587,1637.099997,0.040443
P000519,2,18095.0,0.243653,1.04,18818.8,0.667587,3061.056534,0.169166
P000520,3,29699.0,0.176451,1.027,30500.873,0.586587,3156.948804,0.106298
P000521,4,32536.0,0.109937,1.002,32601.072,0.841587,3016.297,0.092706
P000522,4,29332.6,0.136594,1.041,30535.2366,0.719587,3001.352977,0.102321
P000523,2,33406.56,0.230484,1.032,34475.56992,0.719587,5717.876997,0.17116
P000524,2,46975.2,0.237258,1.015,47679.828,0.753587,8524.897785,0.181477
P000525,9,57991.2,0.040807,1.02,59151.024,0.611587,1476.238807,0.025456
P000526,6,45696.8,0.076951,1.038,47433.2784,0.841587,3071.840195,0.067222
P000527,2,27464.76,0.249664,1.037,28480.95612,0.637587,4533.6613,0.165072
P000528,10,26456.08,0.03339,1.003,26535.44824,0.637587,564.906975,0.021353
P000529,4,62294.58,0.118754,1.015,63228.9987,0.667587,5012.713423,0.080468
P000530,3,49065.12,0.177828,0.995,48819.7944,0.719587,6247.10601,0.127323
P000531,8,17201.08,0.048438,1.027,17665.50916,0.586587,501.926889,0.02918
P000532,5,40243.42,0.095302,1.015,40847.0713,0.832587,3241.100322,0.080537
P000533,6,47785.38,0.066783,1.038,49601.22444,0.751587,2489.631196,0.0521
P000534,8,47338.65,0.049296,1.04,49232.196,0.901587,2188.099575,0.046222
P000535,4,27074.46,0.114884,1.038,28103.28948,0.751587,2426.583402,0.089626
P000536,9,24081.31,0.039853,0.995,23960.90345,0.719587,687.142673,0.028534
P000537,4,50216.45,0.117959,1.003,50367.09935,0.845587,5023.824924,0.100043
P000538,1,37797.72,0.661883,1.04,39309.6288,0.763587,19867.292325,0.525621
P000539,4,58179.68,0.13298,1.04,60506.8672,0.588587,4735.883104,0.081401
P000540,9,43256.62,0.044504,1.02,44121.7524,0.611587,1200.9004,0.027762
P000541,2,18689.0,0.300806,1.04,19436.56,0.684587,4002.522175,0.214165
P000542,1,16429.14,0.682627,1.037,17037.01818,0.637587,7415.085899,0.451337
P000543,1,28395.58,0.657776,1.041,29559.79878,0.719587,13991.450923,0.492733
P000544,2,17947.96,0.228812,1.027,18432.55492,0.558587,2355.890555,0.131262
P000545,6,37098.54,0.077901,1.015,37655.0181,0.763587,2239.865193,0.060376
P000546,2,25685.03,0.254137,0.995,25556.60485,0.611587,3972.186925,0.15465
P000547,3,62839.76,0.15236,1.042,65479.02992,0.751587,7498.112796,0.119321
P000548,1,21712.92,0.318106,1.032,22407.73344,0.640587,4566.118295,0.210295
P000549,10,53315.35,0.030277,1.042,55554.5947,0.679587,1143.088995,0.02144
P000550,2,57043.48,0.24912,1.04,59325.2192,0.667587,9866.322753,0.172961
P000551,2,58007.55,0.278439,0.995,57717.51225,0.719587,11564.321074,0.199359
P000552,5,29683.71,0.090707,1.027,30485.17017,0.674587,1865.389015,0.062842
P000553,5,56048.01,0.104822,1.013,56776.63413,0.763587,4544.42577,0.081081
P000554,2,23391.66,0.288295,1.04,24327.3264,0.599587,4205.169425,0.179772
P000555,2,20647.0,0.270909,1.038,21431.586,0.672587,3905.046316,0.189134
P000556,7,41483.4,0.06539,1.015,42105.651,0.763587,2102.370281,0.05068
P000557,9,35474.89,0.038022,1.024,36326.28736,0.427587,590.574716,0.016648
P000558,10,47629.5,0.027072,1.013,48248.6835,0.763587,997.373405,0.02094
P000559,1,21432.4,0.367519,1.038,22246.8312,0.841587,6880.921567,0.321052
P000560,9,40303.42,0.04233,1.037,41794.64654,0.586587,1037.75806,0.025749
P000561,7,40048.17,0.060607,1.042,41730.19314,0.751587,1900.869675,0.047465
P000562,2,16350.81,0.248726,1.021,16694.17701,0.564587,2344.322426,0.143377
P000563,6,32054.4,0.069824,1.04,33336.576,0.667587,1553.932771,0.048478
P000564,3,20302.65,0.146399,1.04,21114.756,0.667587,2063.624717,0.101643
P000565,10,20753.92,0.03574,1.021,21189.75232,0.599587,454.082777,0.021879
P000566,1,18682.4,0.383787,1.015,18962.636,0.763587,5557.093921,0.297451
P000567,7,32706.24,0.055977,1.04,34014.4896,0.763587,1453.901037,0.044453
P000568,8,52091.04,0.046606,1.002,52195.22208,0.672587,1636.137863,0.031409
P000569,3,21920.14,0.171384,0.98,21481.7372,0.520587,1916.607293,0.087436
P000570,10,14664.96,0.033815,1.04,15251.5584,0.427587,220.517728,0.015037
P000571,10,25885.16,0.034223,1.015,26273.4374,0.586587,527.43943,0.020376
P000572,2,28307.02,0.277334,1.042,29495.91484,0.751587,6148.14123,0.217195
P000573,6,24409.44,0.079741,1.015,24775.5816,0.586587,1158.876461,0.047477
P000574,6,50612.25,0.069876,1.024,51826.944,0.599587,2171.372522,0.042902
P000575,1,16361.4,0.417756,0.995,16279.593,0.753587,5125.071153,0.313242
P000576,6,14962.2,0.077873,1.037,15515.8014,0.637587,770.368215,0.051488
P000577,2,25206.79,0.238602,1.04,26215.0616,0.822587,5145.254234,0.204122
P000578,1,28908.0,0.391467,1.04,30064.32,0.763587,8986.803279,0.310876
P000579,6,28956.39,0.073424,1.038,30056.73282,0.751587,1658.661304,0.057281
P000580,10,15074.2,0.032629,1.027,15481.2034,0.637587,322.072903,0.021366
P000581,5,21142.17,0.09979,1.04,21987.8568,0.901587,1978.240944,0.093568
P000582,10,9429.2,0.030088,1.021,9627.2132,0.427587,123.856361,0.013135
P000583,1,71683.85,0.354605,1.038,74407.8363,0.751587,19830.912257,0.276644
P000584,1,19388.6,0.318763,1.04,20164.144,0.763587,4908.014107,0.253139
P000585,1,31526.22,0.325144,1.041,32818.79502,0.836587,8927.068618,0.283163
P000586,5,71425.44,0.100004,1.038,74139.60672,0.679587,5038.639843,0.070544
P000587,10,30650.8,0.025458,1.04,31876.832,0.427587,346.999208,0.011321
P000588,8,30959.04,0.047028,1.02,31578.2208,0.719587,1068.628399,0.034517
P000589,9,38362.5,0.041236,1.04,39897.0,0.901587,1483.278013,0.038665
P000590,2,18304.0,0.222391,1.04,19036.16,0.832587,3524.728184,0.192566
P000591,5,12740.49,0.100114,1.021,13008.04029,0.857587,1116.821613,0.087659
P000592,3,10743.1,0.208772,1.024,11000.9344,0.427587,982.032047,0.09141
P000593,5,47949.16,0.101981,1.042,49963.02472,0.841587,4288.12864,0.089431
P000594,1,23759.12,0.302787,1.04,24709.4848,0.684587,5121.880843,0.215575
P000595,7,35003.94,0.057559,1.041,36439.10154,0.719587,1509.257244,0.043117
P000596,10,29453.76,0.020717,1.015,29895.5664,0.901587,558.39984,0.018959
P000597,1,20214.35,0.588452,1.04,21022.924,0.753587,9322.599593,0.461187
P000598,2,24741.12,0.261022,1.038,25681.28256,0.844587,5661.585421,0.228833
P000599,7,16453.84,0.066295,1.024,16848.73216,0.857587,957.913182,0.058218
P000600,9,20375.18,0.042195,1.015,20680.8077,0.763587,666.323331,0.032703
P000601,8,17888.2,0.053219,1.015,18156.523,0.832587,804.500729,0.044974
P000602,3,25166.12,0.179006,1.04,26172.7648,0.684587,3207.342021,0.127447
P000603,4,28845.72,0.128013,1.04,29999.5488,0.763587,2932.416645,0.101659
P000604,10,45402.24,0.035519,1.04,47218.3296,0.588587,987.139581,0.021742
P000605,1,18011.4,0.49476,1.04,18731.856,0.667587,6187.04658,0.343507
P000606,1,12194.6,0.362206,1.04,12682.384,0.599587,2754.286574,0.225861
P000607,5,58279.89,0.087032,0.995,57988.49055,0.753587,3803.261323,0.065259
P000608,2,21558.32,0.211349,1.041,22442.21112,0.532587,2526.131504,0.117177
P000609,1,37534.0,0.574612,1.038,38960.292,0.751587,16825.803074,0.448282
P000610,9,46572.96,0.044291,1.027,47830.42992,0.674587,1429.098553,0.030685
P000611,2,33834.24,0.227317,1.038,35119.94112,0.600587,4794.706173,0.141712
P000612,10,49043.58,0.03612,1.04,51005.3232,0.667587,1229.895322,0.025078
P000613,7,41085.0,0.056362,1.015,41701.275,0.763587,1794.713114,0.043683
P000614,1,21218.6,0.479767,1.013,21494.4418,0.822587,8482.776763,0.39978
P000615,10,56918.4,0.033413,1.013,57658.3392,0.832587,1604.003824,0.028181
P000616,6,17901.4,0.066539,1.015,18169.921,0.684587,827.670606,0.046235
P000617,6,24880.35,0.078444,1.002,24930.1107,0.679587,1329.015409,0.053416
P000618,6,41479.62,0.073831,1.003,41604.05886,0.637587,1958.464219,0.047215
P000619,3,25842.6,0.194859,1.015,26230.239,0.753587,3851.735817,0.149046
P000620,5,33889.05,0.104893,1.021,34600.72005,0.857587,3112.510261,0.091844
P000621,5,133446.85,0.087541,1.042,139051.6177,0.751587,9148.833994,0.068558
P000622,2,16275.6,0.258203,1.041,16942.8996,0.836587,3659.817755,0.224865
P000623,6,31476.0,0.067978,1.032,32483.232,0.836587,1847.29546,0.058689
P000624,7,29719.86,0.054804,1.032,30670.89552,0.719587,1209.53756,0.040698
P000625,2,45632.98,0.231158,1.04,47458.2992,0.684587,7510.180163,0.164578
P000626,6,28132.5,0.077209,1.027,28892.0775,0.637587,1422.291262,0.050557
P000627,1,23030.0,0.41516,1.027,23651.81,0.841587,8263.773537,0.358826
P000628,8,32724.12,0.044911,1.032,33771.29184,0.640587,971.570511,0.02969
P000629,9,28691.2,0.044087,1.015,29121.568,0.588587,755.668557,0.026338
P000630,7,32387.16,0.056951,1.027,33261.61332,0.637587,1207.769341,0.037292
P000631,10,30856.78,0.033173,1.021,31504.77238,0.427587,446.872827,0.014482
P000632,10,62056.83,0.035218,1.024,63546.19392,0.427587,956.938677,0.01542
P000633,7,77073.14,0.055978,1.015,78229.2371,0.763587,3343.818605,0.043385
P000634,2,30186.24,0.272256,1.041,31423.87584,0.832587,7123.071219,0.235971
P000635,4,21384.92,0.114941,1.027,21962.31284,0.753587,1902.325479,0.088956
P000636,5,28920.4,0.086265,1.04,30077.216,0.684587,1776.228999,0.061418
P000637,3,11445.76,0.190865,1.04,11903.5904,0.427587,971.467874,0.084876
P000638,7,20107.44,0.055203,1.027,20650.34088,0.586587,668.679915,0.033255
P000639,1,23860.2,0.303223,1.002,23907.9204,0.841587,6101.030595,0.255699
P000640,7,22955.42,0.062812,1.041,23896.59222,0.611587,917.986476,0.03999
P000641,1,16854.2,0.406863,1.032,17393.5344,0.832587,5892.031448,0.349588
P000642,1,19830.8,0.45681,1.042,20663.6936,0.751587,7094.513646,0.357752
P000643,6,53192.84,0.08306,1.041,55373.74644,0.611587,2812.8929,0.052881
P000644,9,56242.0,0.043917,1.038,58379.196,0.751587,1926.945941,0.034262
P000645,7,51244.14,0.060056,1.027,52627.73178,0.923587,2919.075828,0.056964
P000646,9,24811.76,0.042559,1.041,25829.04216,0.611587,672.295418,0.027096
P000647,4,34803.92,0.136539,1.02,35499.9984,0.640587,3105.009886,0.089214
P000648,10,33903.84,0.033739,1.038,35192.18592,0.679587,806.917482,0.0238
P000649,1,21366.4,0.327134,1.038,22178.3232,0.762587,5532.790542,0.258948
P000650,10,26996.25,0.028136,1.041,28103.09625,0.719587,568.989555,0.021077
P000651,8,24676.92,0.053412,0.995,24553.5354,0.532587,698.468563,0.028305
P000652,4,86285.14,0.117746,1.038,89563.97532,0.679587,7166.807889,0.08306
P000653,3,24602.4,0.156991,1.038,25537.2912,0.841587,3374.028729,0.137142
P000654,3,31571.54,0.158939,1.037,32739.68698,0.558587,2906.664853,0.092066
P000655,4,31290.8,0.115591,1.024,32041.7792,0.564587,2091.079838,0.066827
P000656,4,49092.63,0.118835,1.027,50418.13101,0.844587,5060.302969,0.103077
P000657,8,44772.26,0.048677,1.041,46607.92266,0.640587,1453.333633,0.032461
P000658,2,28131.3,0.271471,1.027,28890.8451,0.586587,4600.609067,0.163541
P000659,2,30526.45,0.263149,1.04,31747.508,0.901587,7532.160142,0.246742
P000660,4,54299.35,0.140109,1.042,56579.9227,0.600587,4761.080629,0.087682
P000661,1,50205.45,0.45157,1.04,52213.668,0.832587,19630.830664,0.39101
P000662,2,14531.0,0.29857,1.003,14574.593,0.558587,2430.709555,0.167278
P000663,3,30791.4,0.192551,1.013,31191.6882,0.763587,4586.09835,0.148941
P000664,6,36482.8,0.071861,1.04,37942.112,0.832587,2270.084844,0.062223
P000665,7,21954.24,0.065765,1.041,22854.36384,0.719587,1081.544184,0.049264
P000666,1,32829.0,0.460054,1.015,33321.435,0.832587,12763.274691,0.38878
P000667,8,45152.36,0.049633,1.038,46868.14968,0.751587,1748.355226,0.038721
P000668,1,25746.5,0.527538,1.041,26802.1065,0.719587,10174.326905,0.395173
P000669,2,40474.0,0.262326,1.027,41566.798,0.679587,7410.256782,0.183087
P000670,9,42608.16,0.038212,1.04,44312.4864,0.763587,1292.968118,0.030346
P000671,3,45708.52,0.170089,1.015,46394.1478,0.588587,4644.609612,0.101614
P000672,6,20046.4,0.066776,1.042,20888.3488,0.841587,1173.881426,0.058558
P000673,9,29265.92,0.036982,1.021,29880.50432,0.599587,662.572037,0.02264
P000674,7,88396.0,0.054974,1.042,92108.632,0.600587,3041.104264,0.034403
P000675,3,42120.0,0.207481,1.027,43257.24,0.751587,6745.524984,0.16015
P000676,1,19003.6,0.456534,1.04,19763.744,0.832587,7512.286354,0.395309
P000677,10,43356.6,0.032207,1.027,44527.2282,0.507587,727.919812,0.016789
P000678,3,16940.0,0.1981,1.032,17482.08,0.719587,2492.068187,0.147111
P000679,10,45997.2,0.026173,1.04,47837.088,0.763587,956.031541,0.020785
P000680,10,10012.84,0.029263,1.024,10253.14816,0.599587,179.900792,0.017967
P000681,9,17932.2,0.040599,1.032,18506.0304,0.832587,625.541965,0.034884
P000682,1,16152.4,0.312391,0.995,16071.638,0.532587,2673.923412,0.165543
P000683,9,19958.5,0.037586,1.021,20377.6285,0.857587,656.834499,0.03291
P000684,1,21042.09,0.304364,1.032,21715.43688,0.832587,5502.891564,0.261518
P000685,6,71109.12,0.08347,1.038,73811.26656,0.672587,4143.817736,0.058274
P000686,7,27143.55,0.058854,1.037,28147.86135,0.753587,1248.411057,0.045993
P000687,9,30583.05,0.040662,1.003,30674.79915,0.507587,633.108623,0.020701
P000688,9,15349.41,0.041355,1.021,15671.74761,0.599587,388.592018,0.025316
P000689,9,40290.26,0.042002,1.04,41901.8704,0.763587,1343.868431,0.033355
P000690,7,27468.84,0.066063,1.04,28567.5936,0.832587,1571.319487,0.057204
P000691,6,16788.59,0.081065,1.027,17241.88193,0.586587,819.878437,0.048835
P000692,10,14392.4,0.021843,1.027,14780.9948,0.845587,273.004217,0.018969
P000693,8,29137.92,0.046851,1.021,29749.81632,0.599587,835.708068,0.028681
P000694,2,29515.64,0.265665,1.038,30637.23432,0.679587,5531.310798,0.187403
P000695,10,38159.52,0.033411,1.024,39075.34848,0.427587,558.22879,0.014629
P000696,4,11191.4,0.127657,1.024,11459.9936,0.778587,1139.029644,0.101777
P000697,10,23611.62,0.030116,1.024,24178.29888,0.599587,436.585745,0.01849
P000698,3,39242.28,0.186789,1.027,40301.82156,0.751587,5657.90955,0.144179
P000699,3,23613.15,0.164515,1.027,24250.70505,0.586587,2340.250614,0.099108
P000700,1,19305.0,0.307229,1.04,20077.2,0.588587,3630.581287,0.188064
P000701,8,30568.86,0.047984,1.04,31791.6144,0.763587,1164.837797,0.038105
P000702,8,49226.94,0.046877,1.015,49965.3441,0.667587,1563.649552,0.031764
P000703,2,32434.8,0.210757,1.042,33797.0616,0.672587,4790.805082,0.147706
P000704,2,15267.69,0.268604,1.027,15679.91763,0.753587,3173.877273,0.207882
P000705,10,23778.24,0.033129,1.024,24348.91776,0.599587,483.65578,0.02034
P000706,7,46761.0,0.063474,0.995,46527.195,0.719587,2125.148004,0.045447
P000707,1,31474.88,0.332889,1.027,32324.70176,0.751587,8087.472419,0.25695
P000708,1,17380.0,0.83218,1.041,18092.58,0.832587,12535.653917,0.721269
P000709,2,20037.6,0.287246,1.042,20879.1792,0.679587,4075.799192,0.203408
P000710,4,36959.72,0.132591,1.04,38438.1088,0.667587,3402.381248,0.092056
P000711,1,20108.0,0.41771,1.042,20952.536,0.844587,7391.89568,0.36761
P000712,4,14324.2,0.132573,1.003,14367.1726,0.674587,1284.888244,0.089701
P000713,3,38169.6,0.173821,1.041,39734.5536,0.532587,3678.407984,0.09637
P000714,2,19962.54,0.290541,1.04,20761.0416,0.588587,3550.313067,0.177849
P000715,10,42620.85,0.029085,1.027,43771.61295,0.586587,746.779494,0.017521
P000716,3,79928.44,0.179216,1.027,82086.50788,0.679587,9997.564599,0.125081
P000717,8,18167.6,0.046872,1.04,18894.304,0.763587,676.239335,0.037222
P000718,3,54238.96,0.169088,1.041,56462.75736,0.611587,5838.936675,0.107652
P000719,7,43750.56,0.054392,1.032,45150.57792,0.719587,1767.193428,0.040392
P000720,3,19996.9,0.17328,0.995,19896.9155,0.719587,2480.951724,0.124067
P000721,9,24063.84,0.040225,1.04,25026.3936,0.667587,672.043753,0.027928
P000722,7,24466.67,0.057167,1.04,25445.3368,0.763587,1110.744237,0.045398
P000723,3,33174.62,0.179665,1.013,33605.89006,0.753587,4550.016189,0.137154
P000724,3,77859.6,0.18948,1.04,80973.984,0.763587,11715.686714,0.150472
P000725,10,27881.54,0.030598,1.015,28299.7631,0.753587,652.533042,0.023404
P000726,9,45987.26,0.04043,1.032,47458.85232,0.532587,1021.918606,0.022222
P000727,6,25573.81,0.075267,1.024,26187.58144,0.427587,842.796798,0.032955
P000728,1,20570.0,0.370072,1.038,21351.66,0.923587,7297.854654,0.354781
P000729,10,63440.5,0.03618,1.032,65470.596,0.640587,1517.382177,0.023918
P000730,4,25038.03,0.136454,1.027,25714.05681,0.679587,2384.524509,0.095236
P000731,10,32463.36,0.030934,0.98,31814.0928,0.599587,590.06703,0.018176
P000732,3,45062.22,0.197929,1.027,46278.89994,0.753587,6902.792158,0.153184
P000733,1,22087.78,0.302867,1.032,22794.58896,0.719587,4967.831682,0.224913
P000734,7,18949.08,0.059365,1.013,19195.41804,0.667587,760.733257,0.040146
P000735,2,35010.0,0.217481,1.042,36480.42,0.841587,6676.976309,0.190716
P000736,1,28183.68,0.774541,1.04,29311.0272,0.684587,15541.886052,0.55145
P000737,2,22388.73,0.25396,1.015,22724.56095,0.588587,3396.814579,0.15172
P000738,10,52916.85,0.034022,1.02,53975.187,0.611587,1123.07389,0.021223
P000739,9,40119.98,0.038454,1.013,40641.53974,0.763587,1193.371284,0.029745
P000740,1,27730.67,0.638818,1.04,28839.8968,0.763587,14067.887949,0.507304
P000741,7,16213.6,0.063682,1.027,16651.3672,0.753587,799.093532,0.049285
P000742,4,37253.34,0.121795,1.038,38668.96692,0.672587,3167.6735,0.085031
P000743,3,50352.86,0.195663,1.013,51007.44718,0.763587,7620.801364,0.151348
P000744,8,22968.0,0.04665,1.024,23519.232,0.599587,657.85485,0.028642
P000745,8,52409.7,0.05262,1.032,54086.8104,0.611587,1740.60328,0.033211
P000746,8,20727.72,0.053534,1.015,21038.6358,0.667587,751.890894,0.036275
P000747,5,27019.53,0.085402,1.013,27370.78389,0.667587,1560.498675,0.057754
P000748,2,14681.0,0.212838,1.04,15268.24,0.427587,1389.511161,0.094647
P000749,1,21560.0,0.405625,1.042,22465.52,0.762587,6949.125282,0.322316
P000750,3,23311.77,0.173824,1.04,24244.2408,0.753587,3175.795407,0.136231
P000751,8,13516.8,0.04982,1.027,13881.7536,0.637587,440.94569,0.032622
P000752,3,42920.56,0.165886,1.024,43950.65344,0.427587,3117.444183,0.072633
P000753,10,18077.4,0.030266,1.015,18348.561,0.901587,500.679167,0.027696
P000754,1,32734.88,0.455147,1.032,33782.39616,0.719587,11064.330911,0.337998
P000755,10,43380.48,0.030619,1.015,44031.1872,0.763587,1029.461523,0.023731
P000756,6,38115.9,0.06831,0.995,37925.3205,0.719587,1864.206395,0.048909
P000757,4,26219.25,0.131486,1.027,26927.16975,0.751587,2661.023219,0.101491
P000758,4,24080.8,0.141645,1.032,24851.3856,0.753587,2652.676346,0.110157
P000759,1,24915.33,0.312658,1.015,25289.05995,0.901587,7128.684158,0.286116
P000760,3,18880.4,0.180216,1.04,19635.616,0.822587,2910.844828,0.154173
P000761,10,36592.7,0.022831,1.024,37470.9248,0.643587,550.583354,0.015046
P000762,9,24106.0,0.038671,1.021,24612.226,0.427587,406.965766,0.016882
P000763,6,28499.95,0.07205,1.027,29269.44865,0.600587,1266.549161,0.04444
P000764,3,36654.84,0.168075,0.995,36471.5658,0.611587,3748.999109,0.102278
P000765,10,19911.36,0.025789,1.013,20170.20768,0.763587,397.200201,0.019948
P000766,10,74702.25,0.032291,1.041,77765.04225,0.611587,1535.765409,0.020558
P000767,3,46987.08,0.146436,1.04,48866.5632,0.588587,4211.827372,0.089638
P000768,3,20406.1,0.163748,1.032,21059.0952,0.719587,2481.410212,0.121601
P000769,10,9376.4,0.032902,1.04,9751.456,0.599587,192.374284,0.020517
P000770,2,60076.16,0.222264,1.04,62479.2064,0.763587,10603.859028,0.176507
P000771,9,43450.0,0.041984,1.027,44623.15,0.586587,1098.938651,0.025292
P000772,10,54609.0,0.032457,1.04,56793.36,0.667587,1230.60856,0.022535
P000773,1,12752.86,0.316349,1.024,13058.92864,0.599587,2477.00379,0.194231
P000774,10,25120.6,0.031768,1.021,25648.1326,0.427587,348.396064,0.013869
P000775,1,19796.0,0.393788,1.041,20607.636,0.532587,4321.963175,0.218325
P000776,9,19251.56,0.038137,1.027,19771.35212,0.753587,568.2262,0.029516
P000777,10,41447.2,0.027906,1.015,42068.908,0.832587,977.435046,0.023583
P000778,6,24459.26,0.067296,1.04,25437.6304,0.763587,1307.148844,0.053442
P000779,7,74613.0,0.063615,1.02,76105.26,0.719587,3483.83378,0.046692
P000780,7,31597.56,0.061986,1.037,32766.66972,0.637587,1294.978033,0.040983
P000781,6,21597.12,0.083845,1.041,22482.60192,0.915587,1725.935499,0.079915
P000782,1,15189.33,0.30697,1.027,15599.44191,0.845587,4049.13823,0.266578
P000783,2,79207.76,0.300078,1.042,82534.48592,0.679587,16831.163813,0.212494
P000784,3,30725.16,0.207512,1.04,31954.1664,0.599587,3975.776511,0.129398
P000785,4,34194.0,0.126107,1.021,34912.074,0.599587,2639.770872,0.0772
P000786,6,19371.05,0.069021,1.013,19622.87365,0.763587,1034.187836,0.053388
P000787,9,25135.11,0.042832,1.027,25813.75797,0.679587,751.384351,0.029894
P000788,2,21486.2,0.295149,1.04,22345.648,0.832587,5491.162638,0.255567
P000789,9,22965.81,0.042274,1.037,23815.54497,0.586587,590.56341,0.025715
P000790,5,26376.84,0.084412,1.015,26772.4926,0.684587,1547.1031,0.058654
P000791,1,24794.0,0.627055,1.027,25463.438,0.762587,12176.205379,0.491095
P000792,6,24099.6,0.069849,1.04,25063.584,0.901587,1578.37608,0.065494
P000793,8,46871.8,0.048894,1.015,47574.877,0.667587,1552.887601,0.033131
P000794,2,23227.65,0.214163,1.037,24087.07305,0.845587,4362.008454,0.187794
P000795,2,19910.0,0.274114,1.038,20666.58,0.672587,3810.207316,0.191372
P000796,1,40252.07,0.378935,1.027,41338.87589,0.672587,10535.899563,0.261748
P000797,9,33634.13,0.043636,1.037,34878.59281,0.586587,892.760148,0.026543
P000798,4,18256.11,0.108683,1.032,18840.30552,0.719587,1473.441624,0.08071
P000799,8,31878.0,0.052096,1.021,32547.438,0.520587,882.70141,0.02769
P000800,9,26632.7,0.042881,0.98,26100.046,0.643587,720.29264,0.027045
P000801,8,34464.92,0.053311,1.021,35188.68332,0.427587,802.129223,0.023274
P000802,3,35129.9,0.150588,0.995,34954.2505,0.611587,3219.208082,0.091637
P000803,8,51010.32,0.046596,1.002,51112.34064,0.679587,1618.520395,0.031729
P000804,7,34088.35,0.057794,1.041,35485.97235,0.832587,1707.536842,0.050092
P000805,10,43684.05,0.029894,1.037,45300.35985,0.637587,863.425659,0.019765
P000806,2,21670.0,0.280835,1.041,22558.47,0.915587,5800.422671,0.267671
P000807,8,32401.27,0.045023,1.041,33729.72207,0.611587,928.760128,0.028664
P000808,2,18599.2,0.278473,1.015,18878.188,0.845587,4445.296874,0.239005
P000809,10,20065.43,0.036872,1.041,20888.11263,0.611587,471.038051,0.023475
P000810,5,15160.5,0.09132,1.015,15387.9075,0.637587,895.949888,0.059098
P000811,1,22575.0,0.318626,1.04,23478.0,0.753587,5637.352176,0.249717
P000812,9,40865.11,0.041037,1.027,41968.46797,0.679587,1170.425087,0.028641
P000813,4,25687.21,0.120427,1.038,26663.32398,0.672587,2159.659083,0.084075
P000814,2,17570.95,0.288531,1.02,17922.369,0.640587,3312.571928,0.188525
P000815,10,35422.75,0.03238,1.021,36166.62775,0.520587,609.651527,0.017211
P000816,1,24667.16,0.33273,1.027,25333.17332,0.841587,7093.829999,0.287582
P000817,4,27736.59,0.127396,1.024,28402.26816,0.599587,2169.502311,0.078218
P000818,1,33121.95,0.324211,1.032,34181.8524,0.915587,10146.641086,0.306342
P000819,6,18803.58,0.071356,0.995,18709.5621,0.719587,960.675478,0.05109
P000820,7,68240.85,0.060875,1.04,70970.484,0.832587,3597.057152,0.052711
P000821,8,32700.16,0.05103,0.995,32536.6592,0.611587,1015.45462,0.031054
P000822,10,28201.41,0.027164,1.015,28624.43115,0.763587,593.727357,0.021053
P000823,5,33692.75,0.102608,1.02,34366.605,0.719587,2537.476732,0.075312
P000824,3,64695.72,0.198932,1.02,65989.6344,0.719587,9446.350037,0.146012
P000825,9,47442.4,0.038512,1.02,48391.248,0.532587,992.540306,0.020921
P000826,1,25432.0,0.464584,1.04,26449.28,0.901587,11078.614626,0.435617
P000827,9,53622.38,0.040883,1.015,54426.7157,0.763587,1699.091528,0.031686
P000828,3,40180.46,0.185369,1.02,40984.0692,0.640587,4866.641953,0.12112
P000829,2,37792.71,0.26509,1.038,39228.83298,0.672587,6994.353314,0.185071
P000830,2,40207.32,0.299,1.041,41855.82012,0.611587,7653.940756,0.190362
P000831,6,77440.72,0.080616,1.027,79531.61944,0.679587,4357.174092,0.056265
P000832,9,17168.8,0.041454,1.02,17512.176,0.915587,664.672822,0.038714
P000833,6,34365.73,0.071279,1.002,34434.46146,0.679587,1668.01389,0.048537
P000834,3,44901.57,0.154472,1.04,46697.6328,0.763587,5508.122584,0.122671
P000835,8,70165.38,0.045555,0.995,69814.5531,0.640587,2037.334902,0.029036
P000836,8,21135.66,0.054017,1.013,21410.42358,0.588587,680.718293,0.032207
P000837,3,49712.22,0.184691,1.013,50358.47886,0.667587,6209.046231,0.1249
P000838,6,21818.16,0.079412,1.015,22145.4324,0.763587,1342.860178,0.061548
P000839,1,17512.0,0.385209,1.041,18229.992,0.719587,5053.194616,0.288556
P000840,6,19876.22,0.066557,1.027,20412.87794,0.753587,1023.839067,0.051511
P000841,9,23434.32,0.042987,1.032,24184.21824,0.719587,748.08603,0.031923
P000842,8,38301.42,0.047284,1.015,38875.9413,0.637587,1172.020833,0.0306
P000843,5,23558.86,0.106198,1.002,23605.97772,0.844587,2117.302623,0.089873
P000844,7,16786.0,0.066274,1.032,17323.152,0.640587,735.439698,0.043813
P000845,6,21095.0,0.072874,1.04,21938.8,0.667587,1067.310647,0.050595
P000846,1,20057.4,0.484753,1.002,20097.5148,0.762587,7429.369303,0.370405
P000847,7,23942.8,0.061514,1.015,24301.942,0.667587,997.977209,0.041682
P000848,7,47261.14,0.06337,1.015,47970.0571,0.901587,2740.718279,0.057991
P000849,4,43269.12,0.107054,1.04,44999.8848,0.667587,3216.042019,0.074326
P000850,10,53694.3,0.026996,1.015,54499.7145,0.637587,938.081496,0.017471
P000851,2,14187.8,0.290558,1.015,14400.617,0.753587,3153.170953,0.222245
P000852,6,41407.84,0.075586,1.013,41946.14192,0.763587,2420.979702,0.058467
P000853,5,88432.36,0.098147,1.027,90820.03372,0.586587,5228.646498,0.059126
P000854,4,31298.43,0.132138,1.015,31767.90645,0.763587,3205.333796,0.102412
P000855,5,69648.33,0.098228,1.002,69787.62666,0.751587,5152.185118,0.073974
P000856,10,49216.61,0.034332,0.995,48970.52695,0.832587,1399.806826,0.028442
P000857,9,35993.63,0.043242,1.002,36065.61726,0.672587,1048.930429,0.029142
P000858,7,40518.24,0.063056,1.04,42138.9696,0.667587,1773.85352,0.043779
P000859,6,31053.22,0.070911,1.038,32233.24236,0.679587,1553.32793,0.050021
P000860,6,68464.5,0.077541,1.032,70655.364,0.832587,4561.497208,0.066626
P000861,8,20370.32,0.047428,1.021,20798.09672,0.427587,421.775508,0.020705
P000862,6,41671.83,0.08333,1.04,43338.7032,0.901587,3256.02131,0.078135
P000863,4,16046.8,0.109828,1.02,16367.736,0.832587,1496.694006,0.093271
P000864,7,21525.92,0.064341,1.027,22107.11984,0.845587,1202.753632,0.055875
P000865,4,54684.15,0.129922,1.015,55504.41225,0.586587,4230.016648,0.077354
P000866,3,27345.18,0.15814,1.015,27755.3577,0.832587,3654.408809,0.13364
P000867,6,50970.8,0.071773,1.013,51633.4204,0.667587,2474.002271,0.048538
P000868,10,30074.04,0.023196,1.041,31307.07564,0.719587,522.555406,0.017376
P000869,6,21745.8,0.079959,1.04,22615.632,0.588587,1064.354156,0.048945
P000870,2,15600.2,0.213199,0.995,15522.199,0.532587,1762.496842,0.112979
P000871,2,33244.09,0.297718,1.002,33310.57818,0.762587,7562.694409,0.22749
P000872,6,34178.04,0.067878,1.013,34622.35452,0.667587,1568.900795,0.045904
P000873,2,26153.12,0.292563,1.04,27199.2448,0.832587,6625.312053,0.253328
P000874,4,56953.68,0.125742,1.015,57807.9852,0.832587,6051.980143,0.106261
P000875,1,21197.0,0.317213,1.002,21239.394,0.923587,6222.582887,0.29356
P000876,4,20165.2,0.109389,1.038,20931.4776,0.672587,1540.002035,0.076369
P000877,3,40533.12,0.175405,0.995,40330.4544,0.915587,6477.003851,0.159795
P000878,1,21186.0,0.394599,1.042,22075.812,0.844587,7357.267151,0.34727
P000879,2,19131.2,0.265032,1.013,19379.9056,0.763587,3922.000119,0.205005
P000880,10,18121.7,0.035404,1.02,18484.134,0.611587,400.234955,0.022086
P000881,5,19082.8,0.084257,1.04,19846.112,0.667587,1116.317343,0.058499
P000882,4,21342.0,0.113952,1.032,22024.944,0.532587,1336.676472,0.062631
P000883,3,31062.57,0.180243,0.98,30441.3186,0.599587,3289.828114,0.10591
P000884,4,45044.44,0.114339,1.015,45720.1066,0.763587,3991.735624,0.088618
P000885,6,47457.28,0.066641,1.021,48453.88288,0.599587,1936.065722,0.040796
P000886,8,44894.1,0.047023,1.015,45567.5115,0.763587,1636.168432,0.036445
P000887,8,54192.72,0.048642,1.04,56360.4288,0.763587,2093.341819,0.038628
P000888,5,46084.39,0.105699,1.002,46176.55878,0.751587,3668.366805,0.079601
P000889,7,20277.39,0.058265,1.002,20317.94478,0.600587,710.98448,0.035063
P000890,2,33067.6,0.232418,1.04,34390.304,0.643587,5144.141111,0.155564
P000891,6,29437.2,0.076789,1.027,30232.0044,0.679587,1577.657671,0.053594
P000892,6,30198.42,0.07898,1.032,31164.76944,0.719587,1771.194095,0.058652
P000893,9,28362.6,0.039472,1.038,29440.3788,0.751587,873.406504,0.030794
P000894,4,51710.67,0.127679,1.037,53623.96479,0.753587,5159.541781,0.099777
P000895,4,20697.6,0.114661,1.042,21566.8992,0.923587,2283.911449,0.110347
P000896,7,53889.75,0.061668,1.04,56045.34,0.667587,2307.30218,0.042815
P000897,1,18455.8,0.428609,1.04,19194.032,0.763587,6281.824044,0.340371
P000898,9,43010.44,0.037099,1.013,43569.57572,0.667587,1079.080342,0.025089
P000899,2,26053.72,0.266724,1.024,26679.00928,0.520587,3704.454681,0.142185
P000900,1,24047.49,0.325854,1.042,25057.48458,0.751587,6136.773874,0.255194
P000901,6,30943.25,0.068156,1.027,31778.71775,0.923587,2000.405346,0.064648
P000902,9,25896.0,0.040082,1.027,26595.192,0.674587,719.108059,0.027769
P000903,8,62036.52,0.045523,1.04,64517.9808,0.588587,1728.722891,0.027866
P000904,3,44120.0,0.184724,1.04,45884.8,0.763587,6472.181506,0.146695
P000905,4,19498.6,0.126382,1.015,19791.079,0.667587,1669.791397,0.085636
P000906,3,17914.9,0.174616,0.98,17556.602,0.778587,2386.881746,0.133234
P000907,1,17932.2,0.426269,1.04,18649.488,0.753587,5990.780903,0.33408
P000908,7,29090.96,0.06395,1.027,29876.41592,0.751587,1435.98409,0.049362
P000909,1,53900.0,0.38828,1.027,55355.3,0.841587,18088.537703,0.335594
P000910,6,45345.96,0.06773,1.02,46252.8792,0.611587,1915.909021,0.042251
P000911,2,18475.6,0.251469,1.04,19214.624,0.763587,3689.566052,0.199699
P000912,1,19467.18,0.39959,1.04,20245.8672,0.763587,6177.457437,0.317327
P000913,7,18742.59,0.054448,1.032,19342.35288,0.719587,757.828591,0.040434
P000914,8,22918.61,0.050673,1.027,23537.41247,0.637587,760.456744,0.033181
P000915,6,31163.85,0.073695,1.038,32348.0763,0.923587,2201.729219,0.07065
P000916,6,23108.58,0.07211,1.015,23455.2087,0.753587,1274.585277,0.055156
P000917,2,31446.52,0.219751,1.041,32735.82732,0.915587,6586.483505,0.20945
P000918,6,43121.65,0.077908,1.013,43682.23145,0.832587,2833.464125,0.065709
P000919,7,92452.85,0.064987,1.04,96150.964,0.667587,4171.447249,0.04512
P000920,3,24347.24,0.161419,1.04,25321.1296,0.763587,3121.015031,0.128188
P000921,5,14509.32,0.105612,1.04,15089.6928,0.427587,681.422555,0.046964
P000922,1,35682.2,0.316919,1.02,36395.844,0.719587,8300.094182,0.232612
P000923,6,95507.32,0.076278,1.013,96748.91516,0.684587,5052.124485,0.052898
P000924,4,28857.9,0.131264,1.015,29290.7685,0.763587,2935.866455,0.101735
P000925,10,42727.88,0.033185,1.013,43283.34244,0.901587,1295.003739,0.030308
P000926,7,31273.99,0.060617,1.02,31899.4698,0.611587,1182.594849,0.037814
P000927,2,31990.56,0.287185,1.038,33206.20128,0.751587,7167.384905,0.224047
P000928,7,21547.15,0.055728,1.04,22409.036,0.763587,953.577683,0.044255
P000929,2,89040.7,0.230764,1.042,92780.4094,0.762587,16327.27123,0.183369
P000930,10,23542.4,0.02291,1.021,24036.7904,0.427587,235.462306,0.010002
P000931,8,71366.82,0.049911,0.995,71009.9859,0.832587,2950.825538,0.041347
P000932,1,48804.44,0.536642,1.038,50659.00872,0.762587,20731.487537,0.424787
P000933,3,15441.8,0.152837,1.032,15935.9376,0.640587,1560.212198,0.101038
P000934,8,60513.8,0.047393,1.04,62934.352,0.901587,2689.103021,0.044438
P000935,5,19956.2,0.103675,1.002,19996.1124,0.751587,1558.11391,0.078077
P000936,10,43819.58,0.030869,1.04,45572.3632,0.763587,1074.198537,0.024514
P000937,1,20226.8,0.321448,1.042,21076.3256,0.672587,4556.72979,0.225282
P000938,8,48695.6,0.050869,1.027,50010.3812,0.751587,1912.031861,0.039265
P000939,7,35284.91,0.063482,1.021,36025.89311,0.427587,977.881822,0.027714
P000940,6,20652.28,0.068109,1.04,21478.3712,0.901587,1318.896436,0.063862
P000941,3,31297.14,0.143775,1.02,31923.0828,0.611587,2807.02183,0.089689
P000942,5,121200.31,0.102556,1.013,122775.91403,0.832587,10483.478348,0.086497
P000943,7,18504.2,0.059456,1.04,19244.368,0.667587,763.852743,0.04128
P000944,10,26051.4,0.031583,1.021,26598.4794,0.599587,503.68626,0.019334
P000945,8,32490.81,0.048816,1.041,33822.93321,0.611587,1009.799586,0.03108
P000946,4,17389.26,0.138605,1.027,17858.77002,0.674587,1669.817963,0.096026
P000947,1,38276.4,0.362281,1.041,39845.7324,0.611587,8828.4638,0.23065
P000948,1,21054.6,0.498881,0.995,20949.327,0.640587,6694.913182,0.317979
P000949,5,20485.2,0.094153,1.032,21140.7264,0.719587,1432.31234,0.069919
P000950,4,43307.25,0.107406,1.041,45082.84725,0.611587,2961.400766,0.068381
P000951,8,17026.13,0.051217,1.024,17434.75712,0.599587,535.408418,0.031446
P000952,8,51630.9,0.051012,1.015,52405.3635,0.667587,1784.678052,0.034566
P000953,7,21227.85,0.056636,1.027,21801.00195,0.637587,787.240219,0.037085
P000954,10,84461.3,0.032336,1.032,87164.0616,0.611587,1723.79011,0.020409
P000955,8,30070.84,0.052489,1.027,30882.75268,0.586587,950.854821,0.03162
P000956,2,21016.6,0.262849,1.038,21815.2308,0.672587,3856.689986,0.183507
P000957,10,36681.15,0.028743,1.024,37561.4976,0.427587,461.638339,0.012585
P000958,2,16060.0,0.23677,1.041,16718.46,0.832587,3295.733027,0.205214
P000959,7,34485.64,0.065818,0.995,34313.2118,0.719587,1625.131838,0.047125
P000960,8,22837.7,0.054165,0.995,22723.5115,0.719587,885.682629,0.038782
P000961,1,24937.0,0.496284,1.042,25984.354,0.600587,7744.944739,0.31058
P000962,10,39213.24,0.035118,1.04,40781.7696,0.832587,1192.424625,0.030409
P000963,9,15207.83,0.038066,1.037,15770.51971,0.753587,452.390215,0.029747
P000964,3,26179.32,0.181103,1.015,26572.0098,0.763587,3674.583529,0.140362
P000965,10,44399.15,0.036299,1.003,44532.34745,0.637587,1030.632789,0.023213
P000966,4,24400.22,0.115595,0.995,24278.2189,0.532587,1494.668064,0.061256
P000967,3,29206.8,0.166021,1.038,30316.6584,0.600587,3022.880394,0.103499
P000968,1,50766.3,0.388662,1.015,51527.7945,0.667587,13369.677924,0.263357
P000969,10,65092.43,0.025077,0.995,64766.96785,0.611587,993.297287,0.01526
P000970,10,32101.84,0.027717,1.024,32872.28416,0.427587,389.584322,0.012136
P000971,1,17140.2,0.44445,1.041,17842.9482,0.640587,5080.039142,0.296382
P000972,2,19005.8,0.266287,1.04,19766.032,0.588587,3097.985209,0.163002
P000973,8,24375.6,0.047733,1.037,25277.4972,0.586587,707.762788,0.029036
P000974,10,45990.86,0.029982,0.98,45071.0428,0.427587,577.801028,0.012563
P000975,1,25801.3,0.433814,1.015,26188.3195,0.763587,8675.002536,0.336223
P000976,8,43596.65,0.050958,1.013,44163.40645,0.763587,1718.424512,0.039416
P000977,10,33551.58,0.026865,1.032,34625.23056,0.611587,568.903659,0.016956
P000978,6,64359.49,0.083042,1.027,66097.19623,0.751587,4125.360482,0.064099
P000979,7,40602.84,0.054565,1.015,41211.8826,0.684587,1539.443316,0.037915
P000980,4,21429.66,0.112666,1.04,22286.8464,0.588587,1477.91815,0.068966
P000981,7,18004.17,0.064247,1.015,18274.23255,0.558587,655.813507,0.036426
P000982,6,19263.75,0.080263,1.021,19668.28875,0.348587,550.291146,0.028566
P000983,10,53767.42,0.029498,1.024,55057.83808,0.599587,973.784128,0.018111
P000984,8,41679.6,0.048151,0.98,40846.008,0.599587,1179.248358,0.028293
P000985,5,24409.44,0.085328,1.013,24726.76272,0.684587,1444.405692,0.059174
P000986,6,87828.66,0.074488,1.041,91429.63506,0.532587,3627.128491,0.041298
P000987,8,55261.44,0.046128,1.015,56090.3616,0.667587,1727.282962,0.031257
P000988,5,16118.16,0.095178,1.04,16762.8864,0.599587,956.616764,0.05935
P000989,10,61965.54,0.030411,1.032,63948.43728,0.611587,1189.358965,0.019194
P000990,3,21324.6,0.156072,1.002,21367.2492,0.841587,2806.543668,0.131611
P000991,6,17520.8,0.081769,1.032,18081.4656,0.640587,947.112962,0.054056
P000992,9,10069.4,0.042442,1.021,10280.8574,0.857587,374.200233,0.037162
P000993,6,63728.4,0.071257,1.027,65449.0668,0.679587,3169.369281,0.049732
P000994,8,35168.29,0.045416,1.015,35695.81435,0.763587,1237.906249,0.0352
P000995,10,28269.4,0.031635,1.04,29400.176,0.599587,557.656092,0.019726
P000996,10,23270.52,0.032683,1.027,23898.82404,0.637587,498.006491,0.021401
P000997,3,32206.92,0.193198,1.038,33430.78296,0.600587,3879.040506,0.120441
P000998,2,29148.62,0.213804,1.002,29206.91724,0.751587,4693.321767,0.161014
P000999,7,27881.45,0.061573,1.04,28996.708,0.763587,1363.324647,0.048897
P001000,2,14751.84,0.245294,1.024,15105.88416,0.520587,1928.975905,0.130762
P001001,5,31465.0,0.103995,1.013,31874.045,0.763587,2531.084983,0.080441
P001002,2,20889.18,0.297736,1.042,21766.52556,0.672587,4358.819113,0.208664
P001003,7,32395.42,0.057641,1.027,33270.09634,0.600587,1151.750903,0.035553
P001004,2,19263.72,0.297337,1.015,19552.6758,0.822587,4782.29303,0.248254
P001005,10,43257.6,0.031777,1.041,45031.1616,0.719587,1029.68049,0.023803
P001006,6,18924.99,0.076707,1.04,19681.9896,0.599587,905.224454,0.047832
P001007,3,21163.2,0.200444,1.015,21480.648,0.684587,2947.604364,0.13928
P001008,3,20020.0,0.185216,1.038,20780.76,0.762587,2935.146334,0.146611
P001009,7,33014.4,0.061833,1.003,33113.4432,0.637587,1305.456069,0.039542
P001010,9,16177.53,0.04161,1.003,16226.06259,0.558587,377.143219,0.023313
P001011,2,47938.25,0.218016,1.04,49855.78,0.901587,9799.673763,0.204423
P001012,10,44827.92,0.035409,1.04,46621.0368,0.763587,1260.546531,0.02812
P001013,10,24406.76,0.029778,1.042,25431.84392,0.679587,514.657348,0.021087
P001014,2,19509.6,0.280582,1.032,20133.9072,0.832587,4703.453847,0.241084
P001015,8,26761.65,0.047784,1.02,27296.883,0.719587,938.593183,0.035072
P001016,7,116805.0,0.058072,1.038,121243.59,0.679587,4784.894555,0.040965
P001017,1,20779.0,0.366761,1.038,21568.602,0.672587,5320.510941,0.256052
P001018,5,20820.8,0.101575,1.038,21611.9904,0.762587,1674.056419,0.080403
P001019,1,15270.2,0.321886,1.037,15835.1974,0.586587,2989.907902,0.1958
P001020,10,67796.63,0.027933,1.027,69627.13901,0.679587,1321.716549,0.019495
P001021,4,18485.1,0.122771,1.024,18928.7424,0.427587,993.66909,0.053755
P001022,3,92101.78,0.167507,1.042,95970.05476,0.751587,12082.271016,0.131184
P001023,3,26467.94,0.171411,1.04,27526.6576,0.901587,4254.011031,0.160723
P001024,5,29653.36,0.096003,1.04,30839.4944,0.763587,2260.736683,0.076239
P001025,3,42730.2,0.190526,1.015,43371.153,0.832587,6879.940151,0.161009
P001026,3,24928.26,0.201666,1.021,25451.75346,0.778587,3996.28736,0.160312
P001027,1,45236.88,0.725563,1.038,46955.88144,0.600587,20461.652829,0.452322
P001028,10,21456.7,0.024715,0.98,21027.566,0.643587,334.465893,0.015588
P001029,2,19357.12,0.225391,1.04,20131.4048,0.684587,3106.275965,0.160472
P001030,4,27435.78,0.133532,1.002,27490.65156,0.762587,2799.368461,0.102033
P001031,1,23155.76,0.34647,1.042,24128.30192,0.844587,7060.513109,0.304914
P001032,10,44472.75,0.032152,0.995,44250.38625,0.719587,1023.775661,0.02302
P001033,2,63041.16,0.218014,1.027,64743.27132,0.600587,8477.246323,0.134472
P001034,4,38008.08,0.13923,1.027,39034.29816,0.672587,3655.325812,0.096172
P001035,2,32319.78,0.265495,1.015,32804.5767,0.684587,5962.378494,0.184481
P001036,1,20270.8,0.383427,1.042,21122.1736,0.672587,5447.149399,0.268719
P001037,6,32769.12,0.070913,1.02,33424.5024,0.719587,1705.594661,0.052049
P001038,8,38152.85,0.050487,1.032,39373.7412,0.640587,1273.410247,0.033377
P001039,2,14306.6,0.273733,1.037,14835.9442,0.507587,2061.352738,0.144084
P001040,3,28091.88,0.175691,1.015,28513.2582,0.763587,3825.198547,0.136167
P001041,10,49384.68,0.024689,1.02,50372.3736,0.611587,760.609804,0.015402
P001042,2,29721.25,0.217896,1.002,29780.6925,0.600587,3897.26335,0.131127
P001043,5,20757.0,0.090404,1.042,21628.794,0.679587,1328.811688,0.064018
P001044,8,13523.81,0.05137,0.98,13253.3338,0.427587,291.113276,0.021526
P001045,6,24137.28,0.067176,1.015,24499.3392,0.832587,1370.246755,0.056769
P001046,2,20478.92,0.249894,1.015,20786.1038,0.901587,4683.13114,0.228681
P001047,10,43724.04,0.033365,1.015,44379.9006,0.901587,1334.999462,0.030532
P001048,3,29923.74,0.169754,0.995,29774.1213,0.832587,4208.122574,0.140628
P001049,10,90585.93,0.023325,1.037,93937.60941,0.637587,1397.024043,0.015422
P001050,8,24205.5,0.052578,1.032,24980.076,0.719587,945.109692,0.039045
P001051,3,25021.59,0.148768,1.02,25522.0218,0.611587,2322.109712,0.092804
P001052,10,30240.45,0.028553,1.021,30875.49945,0.427587,376.951045,0.012465
P001053,7,43216.64,0.06234,1.02,44080.9728,0.753587,2070.863009,0.047918
P001054,2,20200.4,0.265122,1.027,20745.8108,0.844587,4645.376051,0.229965
P001055,1,16779.84,0.51126,1.041,17467.81344,0.915587,8176.733344,0.487295
P001056,8,23368.84,0.049707,1.032,24116.64288,0.611587,733.154321,0.031373
P001057,8,18957.4,0.051073,1.015,19241.761,0.763587,750.401091,0.039584
P001058,3,19624.86,0.190922,1.032,20252.85552,0.832587,3219.371426,0.164046
P001059,6,42849.75,0.066906,1.038,44478.0405,0.841587,2504.451177,0.058447
P001060,4,29202.54,0.141352,1.015,29640.5781,0.763587,3199.234985,0.109553
P001061,2,55949.85,0.25059,1.04,58187.844,0.427587,6234.769073,0.111435
P001062,3,52822.0,0.143416,1.002,52927.644,0.751587,5705.049258,0.108005
P001063,6,35471.52,0.078122,1.04,36890.3808,0.901587,2598.320152,0.073251
P001064,10,19508.34,0.034761,1.024,19976.54016,0.857587,595.508681,0.030526
P001065,2,15254.72,0.284169,1.037,15819.14464,0.637587,2866.151125,0.187886
P001066,1,45293.8,0.30346,1.04,47105.552,0.901587,12887.874123,0.284539
P001067,5,24567.36,0.094101,1.041,25574.62176,0.719587,1731.760247,0.07049
P001068,2,21230.0,0.277107,1.027,21803.21,0.672587,4063.647857,0.191411
P001069,10,21799.8,0.034981,0.98,21363.804,0.643587,480.970018,0.022063
P001070,1,17170.56,0.349192,1.037,17805.87072,0.637587,3964.301108,0.230878
P001071,4,23893.38,0.115079,1.003,23965.06014,0.637587,1758.378904,0.073593
P001072,1,16841.0,0.430403,1.041,17531.481,0.640587,4833.61639,0.287015
P001073,9,54721.05,0.04317,1.027,56198.51835,0.679587,1648.752731,0.03013
P001074,8,34088.85,0.050065,1.015,34600.18275,0.684587,1185.882055,0.034788
P001075,6,21775.56,0.082506,1.027,22363.50012,0.600587,1108.158547,0.05089
P001076,5,41892.84,0.091178,1.027,43023.94668,0.637587,2501.138601,0.059703
P001077,9,9722.25,0.037691,1.021,9926.41725,0.643587,240.78871,0.024767
P001078,3,34612.62,0.201609,1.04,35997.1248,0.832587,6042.370377,0.174571
P001079,2,21176.1,0.277521,1.003,21239.6283,0.753587,4441.978251,0.209764
P001080,4,39457.32,0.122874,1.015,40049.1798,0.667587,3285.200083,0.08326
P001081,1,18952.58,0.567684,1.027,19464.29966,0.753587,8326.810193,0.43935
P001082,4,31654.7,0.131332,1.04,32920.888,0.763587,3301.421837,0.104295
P001083,3,32016.24,0.151141,1.037,33200.84088,0.637587,3199.410364,0.099931
P001084,3,18436.0,0.200288,1.04,19173.44,0.763587,2932.336201,0.159055
P001085,2,20425.59,0.272646,0.995,20323.46205,0.915587,5073.369906,0.248383
P001086,9,10758.42,0.043962,0.98,10543.2516,0.599587,277.907418,0.025832
P001087,6,54037.2,0.067071,1.038,56090.6136,0.751587,2827.528814,0.052326
P001088,4,16195.92,0.114649,1.04,16843.7568,0.643587,1242.846287,0.076738
P001089,5,29402.72,0.100214,1.042,30637.63424,0.679587,2086.542985,0.070964
P001090,9,29800.59,0.044085,1.04,30992.6136,0.763587,1043.286831,0.035009
P001091,2,15193.2,0.247358,1.037,15755.3484,0.586587,2286.055986,0.150466
P001092,10,36590.4,0.019883,1.024,37468.5696,0.427587,318.553596,0.008706
P001093,9,38701.0,0.039506,1.015,39281.515,0.832587,1292.048099,0.033385
P001094,2,24108.0,0.217185,1.038,25024.104,0.679587,3693.464269,0.153205
P001095,8,40421.65,0.053087,1.04,42038.516,0.684587,1527.803115,0.037797
P001096,2,39154.68,0.214485,1.041,40760.02188,0.640587,5600.285216,0.14303
P001097,3,43517.3,0.184908,1.042,45345.0266,0.762587,6394.018511,0.14693
P001098,8,16079.8,0.051833,1.032,16594.3536,0.719587,618.9404,0.038492
P001099,2,20072.8,0.240278,1.042,20915.8576,0.923587,4641.601079,0.231238
P001100,10,33542.1,0.031433,1.038,34816.6998,0.600587,657.276697,0.019596
P001101,1,19727.4,0.382049,1.04,20516.496,0.588587,4613.525317,0.233864
P001102,2,29223.17,0.291208,1.041,30421.31997,0.719587,6374.762192,0.218141
P001103,9,17267.77,0.040081,1.027,17733.99979,0.637587,453.192629,0.026245
P001104,2,36859.76,0.255361,1.038,38260.43088,0.600587,5867.866609,0.159194
P001105,1,17486.96,0.430211,1.032,18046.54272,0.832587,6464.055707,0.36965
P001106,4,33416.22,0.108343,1.027,34318.45794,0.600587,2233.071563,0.066826
P001107,7,17870.6,0.061993,1.04,18585.424,0.684587,788.753725,0.044137
P001108,1,21289.4,0.328349,1.042,22183.5548,0.751587,5474.518763,0.257148
P001109,5,50674.26,0.090849,1.038,52599.88188,0.923587,4413.502212,0.087096
P001110,4,64790.62,0.137293,1.027,66539.96674,0.845587,7724.858314,0.119228
P001111,1,18203.2,0.311092,1.032,18785.7024,0.753587,4404.022633,0.241937
P001112,7,23643.46,0.061079,1.04,24589.1984,0.763587,1146.821732,0.048505
P001113,3,46320.16,0.163758,0.995,46088.5592,0.719587,5430.987613,0.117249
P001114,3,17006.0,0.170991,0.995,16920.97,0.640587,1853.430141,0.108987
P001115,6,28449.46,0.072738,1.003,28534.80838,0.637587,1323.358962,0.046516
P001116,9,22649.6,0.038415,0.995,22536.352,0.832587,720.798152,0.031824
P001117,4,27319.93,0.109222,1.015,27729.72895,0.684587,2073.406421,0.075894
P001118,4,52126.5,0.123459,1.04,54211.56,0.832587,5572.443025,0.106902
P001119,2,71894.48,0.226935,1.04,74770.2592,0.588587,9987.13196,0.138914
P001120,4,17533.2,0.107574,1.021,17901.3972,0.427587,823.415838,0.046963
P001121,9,51268.63,0.041607,1.038,53216.83794,0.600587,1329.819714,0.025938
P001122,2,76678.52,0.279745,1.041,79822.33932,0.611587,13656.656744,0.178103
P001123,3,26672.36,0.157029,1.027,27392.51372,0.923587,3972.729695,0.148946
P001124,6,27233.64,0.082796,1.04,28322.9856,0.684587,1605.369897,0.058948
P001125,10,45550.92,0.033359,1.027,46780.79484,0.766587,1196.301002,0.026263
P001126,10,46918.9,0.02942,1.015,47622.6835,0.637587,893.300753,0.019039
P001127,9,18719.7,0.037628,1.04,19468.488,0.763587,559.377438,0.029882
P001128,5,32311.16,0.097311,1.027,33183.56132,0.762587,2462.475651,0.076211
P001129,1,16178.8,0.536032,1.032,16696.5216,0.832587,7451.536504,0.460574
P001130,10,11947.32,0.035195,1.024,12234.05568,0.643587,277.117462,0.023195
P001131,1,93967.25,0.305712,1.027,96504.36575,0.751587,22173.722441,0.235973
P001132,2,35661.88,0.294324,1.015,36196.8082,0.832587,8870.046339,0.248726
P001133,1,22296.96,0.333734,1.042,23233.43232,0.600587,4656.81541,0.208854
P001134,2,18095.0,0.264085,1.04,18818.8,0.763587,3794.840891,0.209718
P001135,8,40970.65,0.045074,1.04,42609.476,0.753587,1447.319006,0.035326
P001136,1,39240.45,0.310605,1.002,39318.9309,0.844587,10314.637218,0.262857
P001137,10,30708.59,0.027628,1.04,31936.9336,0.857587,756.683378,0.024641
P001138,10,38432.42,0.025423,1.04,39969.7168,0.599587,609.266009,0.015853
P001139,6,51892.14,0.081657,1.032,53552.68848,0.719587,3146.720978,0.06064
P001140,6,30762.6,0.068666,1.032,31747.0032,0.719587,1568.665604,0.050993
P001141,8,25713.15,0.049986,0.995,25584.58425,0.719587,920.266589,0.03579
P001142,6,41155.8,0.07507,1.04,42802.032,0.832587,2675.230367,0.065003
P001143,8,45201.36,0.053934,0.995,44975.3532,0.915587,2220.944538,0.049134
P001144,1,20724.0,0.579989,1.042,21594.408,0.762587,9551.034108,0.460868
P001145,7,34887.02,0.056846,1.038,36212.72676,0.679587,1398.956329,0.0401
P001146,5,20666.97,0.086332,1.041,21514.31577,0.832587,1546.416117,0.074825
P001147,4,19084.04,0.133967,1.021,19484.80484,0.599587,1565.108331,0.082011
P001148,3,18231.4,0.160695,1.013,18468.4082,0.832587,2470.940611,0.135532
P001149,9,43870.4,0.03712,1.041,45669.0864,0.611587,1036.77085,0.023633
P001150,10,47277.17,0.032807,1.015,47986.32755,0.763587,1202.123137,0.025427
P001151,3,28398.48,0.199449,1.015,28824.4572,0.667587,3837.953889,0.135146
P001152,3,19353.4,0.197515,1.015,19643.701,0.763587,2962.655064,0.153082
P001153,6,48192.8,0.082335,1.04,50120.512,0.832587,3435.832419,0.071293
P001154,4,20183.76,0.11614,1.015,20486.5164,0.766587,1823.945241,0.090367
P001155,4,53968.2,0.129663,1.002,54076.1364,0.923587,6475.871714,0.119994
P001156,5,27074.2,0.09222,1.041,28184.2422,0.611587,1589.609518,0.058713
P001157,1,15501.2,0.34032,1.032,15997.2384,0.836587,4554.533837,0.293818
P001158,6,62136.72,0.075578,1.038,64497.91536,0.679587,3312.734149,0.053314
P001159,6,72716.0,0.077186,1.027,74679.332,0.751587,4332.292756,0.059578
P001160,3,13077.75,0.202877,1.024,13391.616,0.520587,1414.357153,0.10815
P001161,2,18708.8,0.24883,1.04,19457.152,0.667587,3232.138577,0.17276
P001162,9,20922.36,0.037086,1.015,21236.1954,0.753587,593.505556,0.028367
P001163,3,25653.8,0.175934,1.015,26038.607,0.558587,2558.925544,0.099748
P001164,2,41385.24,0.237557,1.038,42957.87912,0.841587,8588.358281,0.207522
P001165,4,36339.8,0.142458,1.013,36812.2174,0.832587,4366.246588,0.120151
P001166,8,46849.74,0.045083,1.003,46990.28922,0.845587,1791.345575,0.038236
P001167,2,23267.09,0.232001,1.015,23616.09635,0.684587,3750.827565,0.161207
P001168,8,21215.4,0.050592,1.032,21894.2928,0.719587,797.072067,0.03757
P001169,1,25988.9,0.693981,1.042,27080.4338,0.600587,11287.016801,0.434301
P001170,9,22559.92,0.037387,1.041,23484.87672,0.532587,467.628926,0.020728
P001171,7,50302.98,0.057787,1.037,52164.19026,0.558587,1683.813857,0.033473
P001172,3,21711.2,0.206377,1.032,22405.9584,0.719587,3327.428743,0.153259
P001173,10,58403.1,0.025335,1.037,60564.0147,0.637587,978.308614,0.016751
P001174,8,26890.49,0.054137,1.003,26971.16147,0.637587,930.963772,0.034621
P001175,5,29681.96,0.100931,1.027,30483.37292,0.923587,2841.628604,0.095736
P001176,2,68276.52,0.228078,1.038,70871.02776,0.751587,12148.71995,0.177934
P001177,6,25531.0,0.071557,1.042,26603.302,0.751587,1430.75204,0.05604
P001178,6,77561.82,0.075572,1.013,78570.12366,0.763587,4533.953641,0.058456
P001179,5,17668.2,0.103051,1.015,17933.223,0.901587,1666.165225,0.094303
P001180,3,20040.0,0.171265,1.04,20841.6,0.822587,2936.174009,0.146516
P001181,7,39536.34,0.06398,1.002,39615.41268,0.679587,1722.47714,0.043567
P001182,9,48902.85,0.037706,0.98,47924.793,0.427587,772.666947,0.0158
P001183,10,21009.96,0.035683,1.015,21325.1094,0.586587,446.356533,0.021245
P001184,3,47558.94,0.1588,1.015,48272.3241,0.753587,5776.71795,0.121464
P001185,5,28194.96,0.105408,1.013,28561.49448,0.667587,2009.840878,0.071284
P001186,6,19445.55,0.077882,1.027,19970.57985,0.637587,991.668628,0.050997
P001187,1,20279.6,0.403229,1.042,21131.3432,0.841587,7170.96122,0.353605
P001188,8,52597.32,0.04864,1.021,53701.86372,0.564587,1474.722112,0.028038
P001189,1,20719.6,0.417703,1.038,21506.9448,0.600587,5395.383009,0.2604
P001190,4,29001.84,0.116018,1.027,29784.88968,0.753587,2604.072907,0.08979
P001191,3,21579.53,0.142882,1.02,22011.1206,0.719587,2263.089347,0.104872
P001192,4,37446.3,0.118146,1.038,38869.2594,0.679587,3120.826998,0.083341
P001193,1,13835.8,0.367146,1.027,14209.3666,0.558587,2914.10091,0.21062
P001194,5,27386.45,0.09831,0.98,26838.721,0.778587,2054.309909,0.075012
P001195,8,14350.6,0.053038,1.003,14393.6518,0.845587,645.529676,0.044983
P001196,9,32260.95,0.043058,1.042,33615.9099,0.841587,1218.150487,0.037759
P001197,8,30529.2,0.052405,1.041,31780.8972,0.719587,1198.461635,0.039256
P001198,3,21775.68,0.167106,1.032,22472.50176,0.719587,2702.25045,0.124095
P001199,6,18816.6,0.069061,1.015,19098.849,0.901587,1189.176265,0.063198
P001200,9,41268.5,0.041964,1.002,41351.037,0.751587,1304.197026,0.031603
P001201,3,30000.16,0.200557,1.032,30960.16512,0.719587,4468.112984,0.148936
P001202,8,14599.36,0.046106,1.04,15183.3344,0.643587,450.540794,0.03086
P001203,3,13470.6,0.205446,1.027,13834.3062,0.507587,1442.661756,0.107097
P001204,9,71750.4,0.038192,1.04,74620.416,0.684587,1950.982127,0.027191
P001205,2,31289.16,0.2646,1.04,32540.7264,0.599587,5162.616716,0.164997
P001206,2,17736.05,0.29895,1.032,18303.6036,0.719587,3937.482614,0.222004
P001207,5,19085.0,0.090028,1.015,19371.275,0.763587,1331.666073,0.069776
P001208,1,19841.51,0.659817,1.04,20635.1704,0.588587,8013.866877,0.403894
P001209,8,39613.86,0.051009,1.024,40564.59264,0.427587,884.736435,0.022334
P001210,1,49339.5,0.301945,1.027,50671.6665,0.679587,10397.72481,0.210738
P001211,10,22528.22,0.029206,1.02,22978.7844,0.640587,429.912785,0.019083
P001212,10,50578.8,0.034127,1.04,52601.952,0.667587,1198.403245,0.023694
P001213,4,16568.2,0.121509,1.02,16899.564,0.719587,1477.640524,0.089185
P001214,1,43314.75,0.437453,1.042,45133.9695,0.751587,14839.304964,0.342592
P001215,10,44602.88,0.035413,1.04,46386.9952,0.832587,1367.710806,0.030664
P001216,2,21901.94,0.297672,1.04,22778.0176,0.599587,4065.424336,0.185619
P001217,3,20948.4,0.207091,1.038,21744.4392,0.600587,2704.492256,0.129103
P001218,1,23637.12,0.439522,1.041,24606.24192,0.915587,9902.062062,0.41892
P001219,8,23687.64,0.05297,0.995,23569.2018,0.719587,898.369333,0.037926
P001220,6,37838.88,0.083157,1.04,39352.4352,0.667587,2184.628335,0.057735
P001221,2,19320.4,0.233647,1.015,19610.206,0.832587,3814.79383,0.197449
P001222,5,22050.68,0.088521,1.027,22646.04836,0.674587,1352.312101,0.061327
P001223,1,50878.5,0.416766,1.027,52252.2195,0.672587,14646.882031,0.28788
P001224,1,13578.4,0.397962,1.027,13945.0168,0.674587,3743.676332,0.275708
P001225,9,21793.76,0.04113,1.032,22491.16032,0.611587,565.759498,0.02596
P001226,6,38906.0,0.070302,1.002,38983.812,0.672587,1843.322025,0.047379
P001227,6,18923.8,0.078245,1.02,19302.276,0.640587,967.481846,0.051125
P001228,2,69680.98,0.220925,1.015,70726.1947,0.667587,10431.156455,0.149699
P001229,4,15204.2,0.118717,1.003,15249.8126,0.586587,1061.966851,0.069847
P001230,2,62622.0,0.300351,1.002,62747.244,0.679587,12807.620935,0.204523
P001231,10,29291.25,0.028315,1.032,30228.57,0.719587,615.906227,0.021027
P001232,2,21959.96,0.210152,1.037,22772.47852,0.674587,3228.356033,0.147011
P001233,6,25725.88,0.067006,1.02,26240.3976,0.719587,1265.221063,0.049181
P001234,6,68883.78,0.075109,1.013,69779.26914,0.684587,3587.94011,0.052087
P001235,2,19721.82,0.236065,1.015,20017.6473,0.763587,3608.30835,0.18296
P001236,8,15133.8,0.049242,1.015,15360.807,0.637587,482.269055,0.031867
P001237,9,57604.52,0.041271,1.042,60023.90984,0.600587,1487.801595,0.025828
P001238,1,23255.56,0.384321,1.04,24185.7824,0.763587,7097.615371,0.305201
P001239,8,34229.21,0.049485,1.013,34674.18973,0.832587,1428.600371,0.041736
P001240,3,31922.6,0.176365,1.032,32944.1232,0.719587,4180.946824,0.130971
P001241,7,27935.38,0.056223,1.024,28605.82912,0.427587,687.686279,0.024617
P001242,1,17656.65,0.323462,1.037,18309.94605,0.586587,3474.100697,0.196759
P001243,5,22259.16,0.105564,1.032,22971.45312,0.532587,1291.503188,0.058021
P001244,9,34132.96,0.038244,1.015,34644.9544,0.637587,844.779079,0.02475
P001245,3,49236.41,0.17961,1.038,51107.39358,0.600587,5513.029678,0.111971
P001246,1,32172.88,0.363668,1.013,32591.12744,0.822587,9749.58561,0.303037
P001247,8,29947.06,0.049501,1.027,30755.63062,0.558587,850.409901,0.028397
P001248,7,30482.48,0.05667,0.995,30330.0676,0.915587,1573.713897,0.051627
P001249,8,27985.32,0.049555,1.015,28405.0998,0.832587,1171.969557,0.041878
P001250,6,28818.06,0.070285,1.04,29970.7824,0.427587,900.713768,0.031255
P001251,10,40530.73,0.031378,1.027,41625.05971,0.586587,766.15736,0.018903
P001252,9,71626.73,0.037565,1.04,74491.7992,0.667587,1868.087029,0.026081
P001253,2,38181.15,0.241922,1.042,39784.7583,0.751587,7233.876551,0.189462
P001254,3,27129.34,0.163545,1.015,27536.2801,0.753587,3393.717775,0.125094
P001255,6,22543.83,0.077414,0.995,22431.11085,0.719587,1249.543594,0.055427
P001256,10,47685.84,0.018931,1.021,48687.24264,0.427587,394.096536,0.008264
P001257,10,60818.49,0.03612,1.042,63372.86658,0.751587,1720.398873,0.028287
P001258,3,41685.03,0.198454,1.04,43352.4312,0.763587,6569.490555,0.157598
P001259,1,21473.92,0.485836,1.002,21516.86784,0.672587,7030.999083,0.32742
P001260,8,89627.12,0.045808,1.013,90792.27256,0.832587,3462.760992,0.038635
P001261,8,33245.95,0.047688,0.995,33079.72025,0.915587,1444.347707,0.043444
P001262,5,28340.65,0.100409,1.002,28397.3313,0.751587,2143.044521,0.075617
P001263,7,20858.2,0.056811,1.002,20899.9164,0.679587,806.899661,0.038685
P001264,10,56944.9,0.030878,1.04,59222.696,0.588587,1076.331261,0.018901
P001265,2,37824.18,0.255451,1.038,39261.49884,0.679587,6815.846804,0.180198
P001266,2,25243.92,0.272752,1.02,25748.7984,0.915587,6430.188223,0.254722
P001267,2,35282.52,0.222962,1.041,36729.10332,0.611587,5008.41288,0.141952
P001268,2,20112.4,0.29365,1.042,20957.1208,0.923587,5683.810412,0.282602
P001269,7,39965.2,0.064708,1.002,40045.1304,0.672587,1742.843182,0.043609
P001270,3,17824.4,0.154367,1.04,18537.376,0.832587,2382.493638,0.133665
P001271,9,31740.45,0.040798,0.98,31105.641,0.427587,542.623277,0.017096
P001272,2,11990.0,0.212826,1.04,12469.6,0.599587,1591.219442,0.132712
P001273,6,64667.79,0.066306,1.015,65637.80685,0.763587,3323.267817,0.05139
P001274,3,27758.22,0.170558,1.027,28507.69194,0.600587,2920.189977,0.105201
P001275,6,23562.03,0.076871,1.021,24056.83263,0.427587,790.722084,0.033559
P001276,10,19030.96,0.032533,1.015,19316.4244,0.763587,479.855995,0.025214
P001277,3,29235.02,0.15303,1.013,29615.07526,0.667587,3025.505292,0.103489
P001278,2,62312.88,0.260555,1.015,63247.5732,0.667587,11001.491532,0.176552
P001279,7,49824.24,0.063557,1.041,51867.03384,0.832587,2744.633568,0.055086
P001280,1,30127.28,0.304741,1.015,30579.1892,0.667587,6221.052404,0.206492
P001281,1,22700.46,0.428116,1.024,23245.27104,0.348587,3469.017985,0.152817
P001282,10,37596.24,0.03605,1.013,38084.99112,0.667587,916.562149,0.024379
P001283,10,7291.44,0.030951,1.04,7583.0976,0.427587,100.355017,0.013763
P001284,2,38810.01,0.296844,1.027,39857.88027,0.679587,8040.575449,0.207178
P001285,9,27043.2,0.040074,1.015,27448.848,0.832587,915.837413,0.033866
P001286,8,14955.6,0.049009,1.003,15000.4668,0.637587,468.728227,0.031341
P001287,3,37920.96,0.153143,1.038,39361.95648,0.672587,4054.366938,0.106916
P001288,3,25718.64,0.201358,1.04,26747.3856,0.763587,4112.527269,0.159905
P001289,2,21829.36,0.278691,1.042,22746.19312,0.672587,4263.632975,0.195316
P001290,4,26761.12,0.108383,1.015,27162.5368,0.753587,2218.52909,0.082901
P001291,9,31864.95,0.042529,0.995,31705.62525,0.832587,1122.669396,0.035232
P001292,1,23846.64,0.310991,1.04,24800.5056,0.684587,5280.039706,0.221417
P001293,1,34162.1,0.329775,1.027,35084.4767,0.762587,8823.121002,0.258272
P001294,3,20548.66,0.149147,1.04,21370.6064,0.901587,2873.677819,0.139847
P001295,2,28758.39,0.228224,1.015,29189.76585,0.684587,4560.58456,0.158583
P001296,9,28629.8,0.041115,0.98,28057.204,0.427587,493.255848,0.017229
P001297,1,28196.28,0.495631,1.04,29324.1312,0.667587,9702.664227,0.344112
P001298,10,82848.48,0.026998,1.032,85499.63136,0.611587,1411.741601,0.01704
P001299,3,30723.0,0.20603,1.003,30815.169,0.637587,4047.951312,0.131756
P001300,1,23818.24,0.349603,1.038,24723.33312,0.844587,7300.062457,0.30649
P001301,2,19718.6,0.216111,1.015,20014.379,0.684587,2961.065026,0.150166
P001302,2,36869.3,0.226183,1.027,37864.7711,0.672587,5760.280255,0.156235
P001303,6,48758.6,0.068872,1.003,48904.8758,0.637587,2147.495635,0.044043
P001304,7,60914.5,0.064344,1.015,61828.2175,0.667587,2655.825459,0.043599
P001305,1,20629.4,0.345968,1.038,21413.3172,0.751587,5568.002526,0.269906
P001306,4,45184.14,0.129094,1.015,45861.9021,0.667587,3952.453899,0.087474
P001307,10,29023.82,0.02935,1.021,29633.32022,0.643587,559.759321,0.019286
P001308,6,33434.75,0.081231,1.02,34103.445,0.719587,1993.43901,0.059622
P001309,2,18939.8,0.256443,1.013,19186.0174,0.753587,3707.739455,0.195764
P001310,1,19678.5,0.339353,1.04,20465.64,0.901587,6261.597345,0.318195
P001311,1,34440.0,0.322024,1.037,35714.28,0.637587,7332.786603,0.212915
P001312,5,15859.02,0.095779,1.024,16239.63648,0.427587,665.072787,0.041937
P001313,3,31924.36,0.152702,1.015,32403.2254,0.667587,3303.250477,0.103471
P001314,8,51802.2,0.045782,1.042,53977.8924,0.679587,1679.412637,0.03242
P001315,3,23496.16,0.199672,1.04,24436.0064,0.588587,2871.823365,0.122225
P001316,10,21071.5,0.025941,1.04,21914.36,0.427587,243.075911,0.011536
P001317,1,19910.0,0.351051,1.038,20666.58,0.923587,6700.648619,0.336547
P001318,1,27718.32,0.412629,1.032,28605.30624,0.611587,7218.794797,0.260434
P001319,4,47319.8,0.129272,1.04,49212.592,0.763587,4857.810911,0.102659
P001320,4,37155.3,0.134972,1.013,37638.3189,0.763587,3879.116954,0.104403
P001321,5,50581.79,0.095149,1.015,51340.51685,0.763587,3730.123152,0.073744
P001322,3,19757.7,0.174482,1.032,20389.9464,0.719587,2560.057226,0.129573
P001323,10,23968.5,0.024249,1.021,24471.8385,0.599587,355.805944,0.014845
P001324,9,43417.44,0.037885,1.04,45154.1376,0.763587,1306.233878,0.030085
P001325,2,31773.12,0.249676,1.04,33044.0448,0.588587,4856.012733,0.152834
P001326,7,28156.68,0.062782,1.041,29311.10388,0.915587,1684.871411,0.059839
P001327,7,33857.46,0.061552,1.038,35144.04348,0.751587,1625.832625,0.04802
P001328,8,36001.95,0.046869,1.027,36974.00265,0.841587,1458.420896,0.040509
P001329,10,63966.24,0.027107,1.041,66588.85584,0.611587,1103.930769,0.017258
P001330,1,15985.2,0.30884,0.995,15905.274,0.915587,4497.529696,0.281356
P001331,6,35561.1,0.071178,1.037,36876.8607,0.586587,1539.693281,0.043297
P001332,8,33466.58,0.046045,1.04,34805.2432,0.684587,1097.111846,0.032782
P001333,1,15382.4,0.348175,1.037,15951.5488,0.558587,3102.347641,0.201682
P001334,6,13250.6,0.075418,1.037,13740.8722,0.637587,660.734486,0.049864
P001335,6,57049.23,0.081605,1.027,58589.55921,0.751587,3593.504474,0.06299
P001336,2,11230.56,0.24207,1.024,11500.09344,0.643587,1791.634008,0.159532
P001337,7,41539.81,0.056776,1.037,43076.78297,0.753587,1843.081268,0.044369
P001338,7,32181.6,0.058135,1.027,33050.5032,0.586587,1127.056311,0.035022
P001339,6,40469.88,0.079766,1.013,40995.98844,0.832587,2722.641648,0.067276
P001340,1,20809.8,0.367108,1.042,21683.8116,0.762587,6070.421535,0.29171
P001341,1,48056.64,0.375766,1.02,49017.7728,0.832587,15335.58931,0.319115
P001342,1,35750.88,0.304915,1.027,36716.15376,0.762587,8537.39162,0.238802
P001343,8,32438.79,0.046161,1.015,32925.37185,0.586587,891.531088,0.027483
P001344,4,28490.08,0.115849,1.015,28917.4312,0.684587,2293.403199,0.080498
P001345,10,48496.82,0.036553,1.04,50436.6928,0.588587,1085.112442,0.022375
P001346,8,26986.08,0.047143,0.98,26446.3584,0.599587,747.54901,0.027701
P001347,2,14425.4,0.266412,1.015,14641.781,0.637587,2487.059983,0.172408
P001348,2,36012.06,0.262403,1.015,36552.2409,0.588587,5645.376767,0.156764
P001349,10,102115.36,0.028152,1.02,104157.6672,0.719587,2109.996343,0.020663
P001350,3,37831.51,0.168046,1.002,37907.17302,0.679587,4329.072958,0.11443
P001351,6,66313.8,0.070481,1.032,68435.8416,0.611587,2949.951385,0.044485
P001352,4,30790.64,0.13946,1.013,31190.91832,0.763587,3321.519073,0.107874
P001353,9,22732.74,0.040122,1.037,23573.85138,0.586587,554.812863,0.024406
P001354,5,20203.04,0.087889,1.02,20607.1008,0.611587,1107.662503,0.054827
P001355,3,21525.66,0.206338,1.038,22343.63508,0.672587,3100.853469,0.144054
P001356,1,85456.0,0.644832,1.042,89045.152,0.844587,48495.44428,0.56749
P001357,1,69566.24,0.385632,1.003,69774.93872,0.674587,18151.420777,0.260923
P001358,1,18460.2,0.498438,1.04,19198.608,0.822587,7871.587374,0.426409
P001359,2,20499.99,0.298072,1.015,20807.48985,0.845587,5244.440731,0.255827
P001360,2,22143.38,0.244961,1.041,23051.25858,0.611587,3453.418732,0.155957
P001361,4,15923.6,0.114188,0.995,15843.982,0.611587,1106.479246,0.069487
P001362,2,47741.04,0.245006,1.042,49746.16368,0.679587,8282.865151,0.173496
P001363,10,49883.6,0.035347,1.032,51479.8752,0.915587,1666.047908,0.033399
P001364,9,50687.67,0.044429,1.015,51447.98505,0.637587,1457.391381,0.028752
P001365,9,21279.51,0.040572,1.024,21790.21824,0.857587,758.16862,0.035629
P001366,10,38780.88,0.027314,1.04,40332.1152,0.667587,735.437716,0.018964
P001367,9,38191.4,0.03821,1.032,39413.5248,0.832587,1253.869392,0.032831
P001368,5,19819.8,0.092794,1.038,20572.9524,0.679587,1297.359308,0.065458
P001369,1,43157.3,0.576602,1.04,44883.592,0.832587,21547.334023,0.499274
P001370,1,43065.41,0.643193,1.04,44788.0264,0.684587,19721.111231,0.457934
P001371,3,33995.36,0.176723,1.027,34913.23472,0.845587,5217.257861,0.15347
P001372,2,18410.7,0.232249,1.02,18778.914,0.832587,3631.226187,0.197235
P001373,2,49323.2,0.249697,1.013,49964.4016,0.753587,9401.707615,0.190614
P001374,2,30772.0,0.256236,1.038,31941.336,0.751587,6151.38693,0.199902
P001375,9,45604.0,0.040302,1.04,47428.16,0.832587,1591.447629,0.034897
P001376,1,32282.28,0.50743,1.02,32927.9256,0.611587,10218.75805,0.316544
P001377,7,16846.2,0.056723,1.024,17250.5088,0.564587,552.452539,0.032794
P001378,5,168368.69,0.093418,1.027,172914.64463,0.672587,10864.470227,0.064528
P001379,4,20645.68,0.115489,1.013,20914.07384,0.832587,2010.982024,0.097404
P001380,7,32860.62,0.056631,1.04,34175.0448,0.763587,1477.831596,0.044973
P001381,10,16766.2,0.036846,1.032,17302.7184,0.640587,408.402307,0.024359
P001382,3,44721.6,0.157122,1.027,45929.0832,0.672587,4853.698333,0.108531
P001383,2,9856.0,0.290778,1.024,10092.544,0.427587,1254.83403,0.127317
P001384,1,34667.13,0.318605,1.042,36123.14946,0.844587,9720.355005,0.280391
P001385,3,23648.28,0.150666,1.042,24641.50776,0.923587,3428.932255,0.144997
P001386,9,28037.1,0.039701,1.02,28597.842,0.719587,816.997835,0.02914
P001387,2,29694.0,0.225681,1.038,30822.372,0.751587,5228.059678,0.176065
P001388,6,104992.84,0.081906,1.027,107827.64668,0.751587,6637.833068,0.063222
P001389,3,37520.1,0.190785,1.013,38007.8613,0.763587,5537.015193,0.147575
P001390,5,41803.86,0.091712,1.024,42807.15264,0.427587,1678.681939,0.040156
P001391,3,11525.8,0.19748,1.021,11767.8418,0.427587,993.672501,0.086213
P001392,2,11800.8,0.215267,1.021,12048.6168,0.599587,1555.130523,0.131782
P001393,2,32107.5,0.230255,1.015,32589.1125,0.667587,5009.435758,0.156021
P001394,8,16539.6,0.050441,0.995,16456.902,0.753587,625.558652,0.037822
P001395,10,50728.76,0.031913,1.04,52757.9104,0.599587,1009.499224,0.0199
P001396,5,33827.84,0.093581,1.003,33929.32352,0.637587,2024.421588,0.059845
P001397,8,72035.7,0.050492,0.995,71675.5215,0.611587,2213.345991,0.030726
P001398,1,21523.74,0.333541,1.041,22406.21334,0.532587,3980.229907,0.184923
P001399,3,34981.28,0.194065,1.024,35820.83072,0.857587,5961.585952,0.170422
P001400,6,27030.3,0.074221,1.04,28111.512,0.667587,1392.887836,0.051531
P001401,8,46281.14,0.050274,1.04,48132.3856,0.832587,2014.696426,0.043532
P001402,3,30942.78,0.144605,1.021,31592.57838,0.427587,1953.41189,0.06313
P001403,9,48643.49,0.04272,1.013,49275.85537,0.763587,1607.415484,0.033045
P001404,6,27257.74,0.074524,1.04,28348.0496,0.684587,1446.258815,0.053059
P001405,1,22887.45,0.302363,1.04,23802.948,0.832587,5992.232698,0.261813
P001406,10,27094.26,0.02186,1.021,27663.23946,0.599587,362.588478,0.013382
P001407,1,33002.2,0.572298,1.04,34322.288,0.832587,16354.133895,0.495547
P001408,8,19581.36,0.048223,1.041,20384.19576,0.719587,707.349151,0.036124
P001409,3,17809.0,0.201749,1.04,18521.36,0.763587,2853.273984,0.160215
P001410,7,51226.5,0.062315,1.042,53378.013,0.679587,2260.489923,0.044127
P001411,7,15701.65,0.059568,0.98,15387.617,0.857587,786.076323,0.050063
P001412,10,36180.42,0.02579,1.015,36723.1263,0.763587,723.191235,0.019988
P001413,1,42871.41,0.322906,1.041,44629.13781,0.640587,9231.512886,0.21533
P001414,6,24638.76,0.066987,1.003,24712.67628,0.586587,971.048748,0.039411
P001415,9,14012.64,0.039637,1.015,14222.8296,0.753587,424.836682,0.030318
P001416,6,49294.0,0.068401,1.002,49392.588,0.600587,2029.094333,0.041163
P001417,2,16500.0,0.24109,1.02,16830.0,0.611587,2481.540026,0.150396
P001418,6,34100.08,0.07937,1.015,34611.5812,0.763587,2097.664808,0.061515
P001419,10,53986.22,0.035573,1.013,54688.04086,0.667587,1298.73625,0.024057
P001420,7,39040.89,0.065659,1.038,40524.44382,0.841587,2239.29162,0.057358
P001421,6,34888.0,0.069979,1.027,35829.976,0.841587,2110.136979,0.060483
P001422,4,22376.37,0.135139,0.995,22264.48815,0.719587,2165.09287,0.096758
P001423,2,34987.5,0.21492,1.038,36317.025,0.751587,5866.316253,0.167669
P001424,4,92043.0,0.132604,1.042,95908.806,0.679587,8642.920107,0.093901
P001425,10,76909.44,0.027754,1.032,79370.54208,0.611587,1347.21157,0.017517
P001426,7,34826.12,0.054406,1.013,35278.85956,0.763587,1465.617483,0.042084
P001427,3,47520.0,0.155421,1.042,49515.84,0.751587,5784.0756,0.121719
P001428,2,36026.68,0.248823,1.04,37467.7472,0.753587,7025.566856,0.19501
P001429,6,40315.5,0.075503,1.042,42008.751,0.751587,2383.860508,0.05913
P001430,4,40407.78,0.113868,1.015,41013.8967,0.667587,3117.74586,0.077157
P001431,6,17682.21,0.072104,1.021,18053.53641,0.520587,677.666913,0.038325
P001432,2,20211.4,0.274584,1.038,20979.4332,0.672587,3874.513589,0.191699
P001433,10,64191.36,0.027091,1.037,66566.44032,0.586587,1057.811802,0.016479
P001434,2,20963.61,0.282195,1.04,21802.1544,0.684587,4211.890233,0.200914
P001435,7,24167.44,0.055231,1.032,24940.79808,0.719587,991.236017,0.041015
P001436,10,47508.2,0.028902,1.024,48648.3968,0.643587,904.899613,0.019047
P001437,2,21584.7,0.209936,1.032,22275.4104,0.719587,3365.085158,0.155901
P001438,10,33652.8,0.034888,1.027,34561.4256,0.637587,768.780976,0.022844
P001439,10,33488.4,0.024399,1.041,34861.4244,0.719587,612.073026,0.018277
P001440,8,31850.35,0.053078,1.024,32614.7584,0.599587,1037.956645,0.032589
P001441,3,20001.51,0.144445,1.003,20061.51453,0.845587,2450.321885,0.122507
P001442,3,19861.6,0.182409,1.038,20616.3408,0.751587,2826.416584,0.142306
P001443,7,29146.0,0.059562,1.013,29524.898,0.684587,1203.894306,0.041306
P001444,8,18618.6,0.04974,0.98,18246.228,0.857587,778.313661,0.041803
P001445,6,28690.2,0.070241,1.042,29895.1884,0.672587,1412.352239,0.049228
P001446,3,34301.96,0.160446,1.037,35571.13252,0.766587,4375.089139,0.127546
P001447,1,19861.6,0.456133,1.042,20695.7872,0.762587,7198.848026,0.362451
P001448,3,19757.64,0.158409,0.995,19658.8518,0.719587,2240.899901,0.113419
P001449,1,22957.56,0.317939,1.015,23301.9234,0.822587,6094.205384,0.265455
P001450,8,60870.74,0.047823,1.015,61783.8011,0.832587,2460.027712,0.040414
P001451,3,22473.0,0.19547,1.037,23304.501,0.674587,3072.964719,0.13674
P001452,1,16636.4,0.354277,1.032,17168.7648,0.611587,3719.970558,0.223604
P001453,9,16503.48,0.043135,1.015,16751.0322,0.586587,423.841708,0.025682
P001454,9,31069.35,0.040145,0.98,30447.963,0.427587,522.654283,0.016822
P001455,9,31975.22,0.03922,1.032,32998.42704,0.611587,791.511621,0.024754
P001456,6,66977.28,0.07426,1.024,68584.73472,0.427587,2177.739855,0.032515
P001457,9,25944.48,0.038745,1.032,26774.70336,0.640587,664.527625,0.025613
P001458,2,44100.0,0.229545,1.038,45775.8,0.751587,7897.384872,0.179079
P001459,1,25930.04,0.356135,1.02,26448.6408,0.832587,7842.369634,0.302443
P001460,1,25304.43,0.321917,1.032,26114.17176,0.611587,5141.364019,0.20318
P001461,6,50405.85,0.067339,1.015,51161.93775,0.822587,2833.950866,0.056223
P001462,2,14117.4,0.243231,1.037,14639.7438,0.845587,3010.999509,0.213283
P001463,10,62706.8,0.036566,1.04,65215.072,0.763587,1820.8879,0.029038
P001464,1,16678.62,0.328658,1.04,17345.7648,0.599587,3418.137071,0.204941
P001465,3,24020.0,0.208761,1.003,24092.06,0.637587,3206.735318,0.133503
P001466,10,37438.64,0.033053,0.995,37251.4468,0.611587,753.020588,0.020113
P001467,8,29013.0,0.047059,1.037,30086.481,0.753587,1066.961736,0.036775
P001468,10,49721.76,0.028931,1.027,51064.24752,0.845587,1249.216467,0.025124
P001469,6,38446.07,0.083623,1.04,39983.9128,0.684587,2288.969938,0.059537
P001470,2,22428.0,0.229589,1.027,23033.556,0.637587,3371.722579,0.150335
P001471,1,49588.0,0.301868,1.038,51472.344,0.672587,10450.568185,0.210748
P001472,7,22184.4,0.058973,1.041,23093.9604,0.719587,980.020998,0.044176
P001473,9,24070.75,0.037904,1.015,24431.81125,0.667587,618.227027,0.025684
P001474,10,84070.64,0.030475,1.04,87433.4656,0.667587,1778.801554,0.021158
P001475,4,24495.22,0.114547,1.04,25475.0288,0.684587,1997.687517,0.081554
P001476,10,43110.21,0.033489,1.015,43756.86315,0.832587,1220.047995,0.028301
P001477,10,24493.56,0.033396,1.024,25081.40544,0.427587,358.159262,0.014623
P001478,1,24768.64,0.397702,1.032,25561.23648,0.719587,7315.13384,0.295339
P001479,5,35695.52,0.087229,1.04,37123.3408,0.667587,2161.798158,0.060562
P001480,2,43158.82,0.2657,1.038,44798.85516,0.751587,8946.163958,0.207285
P001481,3,16121.6,0.207504,1.041,16782.5856,0.753587,2624.324778,0.162783
P001482,9,50620.37,0.038152,1.027,51987.11999,0.751587,1490.692353,0.029448
P001483,7,45374.29,0.055435,1.04,47189.2616,0.763587,1997.479599,0.044022
P001484,3,16005.6,0.145103,1.02,16325.712,0.719587,1704.637975,0.106503
P001485,4,16592.73,0.123025,1.04,17256.4392,0.520587,1105.188432,0.066607
P001486,8,16953.2,0.049892,1.02,17292.264,0.719587,620.817876,0.03662
P001487,8,22807.04,0.050156,1.02,23263.1808,0.611587,713.591299,0.031288
P001488,5,25261.8,0.085561,1.02,25767.036,0.611587,1348.339459,0.053375
P001489,6,14194.83,0.074269,1.015,14407.75245,0.507587,543.142064,0.038263
P001490,6,26932.29,0.075636,1.015,27336.27435,0.507587,1049.488433,0.038968
P001491,10,47817.42,0.027735,0.98,46861.0716,0.599587,779.277464,0.016297
P001492,8,66947.19,0.046559,1.032,69089.50008,0.753587,2424.075075,0.036209
P001493,2,30563.66,0.236893,1.015,31022.1149,0.684587,5030.974131,0.164606
P001494,7,31687.77,0.060126,1.04,32955.2808,0.763587,1513.031172,0.047748
P001495,9,40719.43,0.038881,1.024,41696.69632,0.599587,972.045259,0.023872
P001496,8,61501.46,0.045987,1.027,63161.99942,0.586587,1703.804411,0.027703
P001497,8,19364.22,0.050817,1.021,19770.86862,0.427587,429.591417,0.022185
P001498,5,24920.99,0.095016,0.995,24796.38505,0.719587,1695.384074,0.06803
P001499,6,23864.39,0.077843,0.995,23745.06805,0.719587,1330.073057,0.055735
P001500,7,16881.51,0.061569,1.02,17219.1402,0.640587,679.131802,0.040229
P001501,10,28050.75,0.034194,1.021,28639.81575,0.427587,418.734279,0.014928
P001502,4,44865.0,0.130353,1.013,45448.245,0.901587,5341.263739,0.119052
P001503,8,47766.6,0.046964,0.995,47527.767,0.611587,1365.104507,0.028579
P001504,1,31751.55,0.32473,1.027,32608.84185,0.751587,7958.595595,0.250652
P001505,5,41336.24,0.101808,1.038,42907.01712,0.679587,2968.621462,0.071816
P001506,7,39516.16,0.057797,1.02,40306.4832,0.719587,1676.349889,0.042422
P001507,5,35732.73,0.10487,1.015,36268.72095,0.763587,2904.294322,0.081278
P001508,10,72114.4,0.025948,1.04,74998.976,0.667587,1299.180569,0.018016
P001509,4,28261.16,0.1169,1.042,29448.12872,0.751587,2587.328805,0.091551
P001510,1,34748.07,0.452717,1.041,36172.74087,0.719587,11783.967689,0.339126
P001511,4,27009.0,0.108546,1.038,28035.342,0.751587,2287.16619,0.084682
P001512,10,40496.8,0.033105,1.038,42035.6784,0.679587,945.704882,0.023353
P001513,2,10685.4,0.282668,1.021,10909.7934,0.520587,1605.413749,0.150244
P001514,3,28536.92,0.201589,1.021,29136.19532,0.599587,3521.690857,0.123408
P001515,4,20066.2,0.138166,1.038,20828.7156,0.844587,2430.565148,0.121127
P001516,2,21254.2,0.254232,1.042,22146.8764,0.600587,3381.567921,0.159101
P001517,8,21424.14,0.053579,1.04,22281.1056,0.901587,1076.310272,0.050238
P001518,1,38442.12,0.519371,1.04,39979.8048,0.763587,15855.371158,0.412448
P001519,5,14100.8,0.099806,1.015,14312.312,0.637587,910.768074,0.06459
P001520,3,14916.0,0.143874,1.003,14960.748,0.586587,1262.606001,0.084648
P001521,10,31339.91,0.030438,1.042,32656.18622,0.679587,675.494857,0.021554
P001522,3,8234.6,0.191496,1.021,8407.5266,0.599587,965.337094,0.117229
P001523,10,13067.0,0.031534,1.021,13341.407,0.599587,252.253725,0.019305
P001524,10,20521.14,0.033001,1.024,21013.64736,0.599587,415.791952,0.020262
P001525,4,37767.24,0.11944,1.027,38786.95548,0.586587,2717.487519,0.071954
P001526,2,37520.48,0.21019,1.027,38533.53296,0.845587,6848.720399,0.182533
P001527,1,16832.2,0.577423,1.041,17522.3202,0.832587,8423.944773,0.500466
P001528,3,41105.22,0.192378,1.027,42215.06094,0.751587,6103.835016,0.148493
P001529,10,26780.12,0.034395,1.015,27181.8218,0.637587,596.083928,0.022258
P001530,3,24193.67,0.160413,1.04,25161.4168,0.832587,3360.501134,0.1389
P001531,2,24483.68,0.275764,1.032,25267.15776,0.611587,4261.392619,0.17405
P001532,9,35934.8,0.043406,1.015,36473.822,0.763587,1208.905647,0.033642
P001533,2,18209.4,0.29575,1.04,18937.776,0.832587,4663.18718,0.256087
P001534,2,79868.8,0.292879,1.002,80028.5376,0.751587,17616.221337,0.220564
P001535,10,57996.8,0.036532,1.038,60200.6784,0.679587,1494.600047,0.02577
P001536,8,43391.36,0.047268,0.995,43174.4032,0.611587,1248.110036,0.028764
P001537,1,54530.0,0.429549,1.038,56602.14,0.751587,18273.603496,0.335111
P001538,6,15718.5,0.070778,1.037,16300.0845,0.637587,735.573194,0.046797
P001539,9,33875.4,0.044576,1.027,34790.0358,0.586587,909.688009,0.026854
P001540,10,58524.48,0.034167,1.013,59285.29824,0.667587,1352.274752,0.023106
P001541,9,26991.36,0.04306,1.037,27990.04032,0.586587,706.98586,0.026193
P001542,5,47099.16,0.085261,1.027,48370.83732,0.586587,2419.169485,0.051363
P001543,7,19486.72,0.062425,0.995,19389.2864,0.719587,870.976441,0.044696
P001544,1,36742.16,0.590323,1.042,38285.33072,0.841587,19020.443375,0.517674
P001545,10,47052.09,0.036098,0.995,46816.82955,0.719587,1216.11075,0.025846
P001546,9,22875.24,0.038931,1.027,23492.87148,0.753587,689.223866,0.03013
P001547,3,36575.28,0.15619,1.027,37562.81256,0.751587,4409.520123,0.12056
P001548,6,32123.52,0.080512,1.038,33344.21376,0.600587,1612.336052,0.050192
P001549,8,14435.28,0.053415,1.021,14738.42088,0.599587,472.030053,0.0327
P001550,1,26946.81,0.510028,1.038,27970.78878,0.600587,8567.895562,0.317956
P001551,10,37876.41,0.034055,1.013,38368.80333,0.832587,1087.900919,0.028722
P001552,8,76643.38,0.053613,1.027,78712.75126,0.586587,2475.422105,0.032298
P001553,8,23561.85,0.052756,1.015,23915.27775,0.832587,1050.449384,0.044583
P001554,8,20377.08,0.049555,1.041,21212.54028,0.719587,756.416366,0.037121
P001555,4,38528.3,0.119748,1.042,40146.4886,0.841587,4045.911259,0.105011
P001556,9,40487.76,0.043766,1.04,42107.2704,0.832587,1534.337425,0.037896
P001557,2,15004.68,0.227334,1.015,15229.7502,0.558587,1933.958663,0.12889
P001558,4,44134.86,0.141559,1.042,45988.52412,0.679587,4424.184773,0.100242
P001559,4,29526.09,0.122587,0.995,29378.45955,0.611587,2202.582768,0.074598
P001560,4,30904.0,0.108133,1.032,31892.928,0.753587,2598.871529,0.084095
P001561,9,20740.26,0.037059,1.04,21569.8704,0.901587,720.69354,0.034749
P001562,4,42228.68,0.122716,0.995,42017.5366,0.532587,2746.137778,0.06503
P001563,8,13670.8,0.046786,1.037,14176.6196,0.586587,389.065329,0.02846
P001564,1,29445.36,0.462138,1.04,30623.1744,0.832587,11782.880927,0.400161
P001565,2,26480.16,0.289666,1.04,27539.3664,0.684587,5461.094016,0.206233
P001566,8,30709.6,0.051769,1.04,31937.984,0.684587,1131.904183,0.036858
P001567,5,83998.14,0.09486,1.013,85090.11582,0.684587,5525.767241,0.065784
P001568,8,51088.29,0.044926,1.015,51854.61435,0.763587,1778.860276,0.034819
P001569,8,28337.4,0.045066,1.041,29499.2334,0.719587,956.627658,0.033758
P001570,10,19051.45,0.036641,1.013,19299.11885,0.763587,539.963578,0.028342
P001571,1,23105.55,0.313271,0.995,22990.02225,0.832587,5996.378968,0.259521
P001572,5,48505.32,0.089785,1.04,50445.5328,0.667587,3023.658117,0.062337
P001573,6,35946.84,0.075175,1.04,37384.7136,0.667587,1876.178298,0.052193
P001574,5,21472.86,0.089357,1.04,22331.7744,0.599587,1196.47924,0.055721
P001575,10,28715.4,0.036306,1.027,29490.7158,0.679587,727.633409,0.025339
P001576,10,19614.32,0.030052,1.032,20241.97824,0.611587,372.036538,0.018968
P001577,5,40574.4,0.102623,1.002,40655.5488,0.923587,3853.369504,0.09497
P001578,4,41904.0,0.130634,1.04,43580.16,0.667587,3800.611385,0.090698
P001579,10,42226.69,0.030609,1.02,43071.2238,0.719587,948.687356,0.022467
P001580,8,64165.92,0.051741,1.027,65898.39984,0.637587,2173.936041,0.03388
P001581,5,25037.73,0.094172,1.038,25989.16374,0.672587,1646.119131,0.065746
P001582,1,20375.52,0.324884,1.032,21027.53664,0.915587,6254.838123,0.306978
P001583,4,11834.07,0.138255,1.024,12118.08768,0.427587,716.370338,0.060535
P001584,9,60405.3,0.039443,1.013,61190.5689,0.667587,1611.256147,0.026674
P001585,9,44452.26,0.042548,1.015,45119.0439,0.588587,1129.924873,0.025419
P001586,2,22395.36,0.218001,1.02,22843.2672,0.832587,4146.16435,0.185135
P001587,8,50799.97,0.045317,0.995,50545.97015,0.611587,1400.896612,0.027577
P001588,2,18535.0,0.253897,1.04,19276.4,0.684587,3350.515787,0.180767
P001589,2,29763.5,0.213404,1.042,31013.567,0.672587,4451.450524,0.149561
P001590,3,22469.12,0.177032,1.04,23367.8848,0.822587,3402.931305,0.151449
P001591,2,28101.84,0.256499,1.027,28860.58968,0.841587,6230.035431,0.221695
P001592,8,32171.64,0.048945,1.015,32654.2146,0.763587,1220.417212,0.037935
P001593,9,31303.0,0.038195,1.037,32461.211,0.558587,692.562499,0.022124
P001594,8,34224.0,0.047184,1.038,35524.512,0.841587,1410.659897,0.041218
P001595,1,27979.95,0.347213,1.04,29099.148,0.564587,5704.359869,0.203873
P001596,10,59081.35,0.030352,1.032,60971.9532,0.611587,1131.816288,0.019157
P001597,3,115708.97,0.156148,1.038,120105.91086,0.841587,15783.341883,0.136406
P001598,9,36735.93,0.044607,0.995,36552.25035,0.832587,1357.523325,0.036954
P001599,7,59852.52,0.059655,1.032,61767.80064,0.611587,2253.55047,0.037652
P001600,10,24365.88,0.036858,1.04,25340.5152,0.763587,713.189724,0.02927
P001601,1,28312.84,0.479382,1.041,29473.66644,0.611587,8641.190442,0.305204
P001602,1,14308.8,0.389765,1.037,14838.2256,0.845587,4890.38259,0.341774
P001603,9,32433.15,0.037023,1.015,32919.64725,0.753587,918.461606,0.028319
P001604,1,21551.19,0.319935,1.002,21594.29238,0.600587,4149.320254,0.192533
P001605,10,21111.48,0.030883,1.038,21913.71624,0.751587,508.642571,0.024093
P001606,2,17677.0,0.296688,1.015,17942.155,0.832587,4432.03835,0.250723
P001607,6,28170.59,0.082427,1.04,29297.4136,0.763587,1843.981387,0.065458
P001608,6,41195.28,0.077489,1.037,42719.50536,0.586587,1941.784999,0.047136
P001609,10,62116.08,0.032278,1.015,63047.8212,0.586587,1193.74392,0.019218
P001610,6,40549.61,0.083181,1.04,42171.5944,0.667587,2341.809762,0.057752
P001611,9,17892.16,0.039808,1.024,18321.57184,0.427587,311.861173,0.01743
P001612,7,12790.8,0.062133,1.024,13097.7792,0.599587,487.949579,0.038148
P001613,9,53056.4,0.038743,1.04,55178.656,0.763587,1632.371212,0.030767
P001614,1,29120.16,0.378886,1.027,29906.40432,0.844587,9570.120779,0.328642
P001615,10,73186.0,0.025844,1.04,76113.44,0.667587,1313.177193,0.017943
P001616,2,34008.2,0.275149,1.032,35096.4624,0.719587,6948.878403,0.204329
P001617,2,33443.8,0.265949,1.04,34781.552,0.901587,8339.783289,0.249367
P001618,3,16983.27,0.154432,1.041,17679.58407,0.832587,2273.198986,0.133849
P001619,8,17974.0,0.053262,1.015,18243.61,0.822587,799.299143,0.04447
P001620,9,27990.1,0.043174,1.021,28577.8921,0.427587,527.567216,0.018848
P001621,2,45081.96,0.240865,1.027,46299.17292,0.751587,8381.567331,0.185918
P001622,2,24227.4,0.26171,1.04,25196.496,0.753587,4969.273233,0.20511
P001623,6,20957.2,0.077761,1.002,20999.1144,0.841587,1374.234178,0.065573
P001624,2,46871.26,0.265459,1.04,48746.1104,0.753587,9751.497445,0.208049
P001625,5,76852.6,0.096445,0.995,76468.337,0.640587,4724.343812,0.061473
P001626,9,30505.44,0.041725,1.042,31786.66848,0.672587,892.05883,0.029243
P001627,4,32818.83,0.120807,1.002,32884.46766,0.841587,3343.353132,0.101873
P001628,1,18202.8,0.67474,1.04,18930.912,0.832587,10634.995373,0.584251
P001629,7,17265.6,0.062738,1.041,17973.4896,0.611587,689.635729,0.039943
P001630,3,43637.44,0.192294,1.002,43724.71488,0.762587,6411.816961,0.146934
P001631,5,20517.22,0.09436,1.032,21173.77104,0.532587,1064.087991,0.051863
P001632,2,17992.53,0.300998,1.027,18478.32831,0.845587,4703.097445,0.261392
P001633,1,16893.8,0.47473,0.995,16809.331,0.611587,4880.391871,0.288887
P001634,7,55506.0,0.05853,1.027,57004.662,0.679587,2267.415387,0.04085
P001635,2,34664.4,0.295182,1.038,35981.6472,0.751587,7982.700691,0.230285
P001636,6,100061.0,0.066592,0.995,99560.695,0.832587,5519.972088,0.055166
P001637,5,28236.26,0.102094,1.003,28320.96878,0.674587,1950.496181,0.069078
P001638,6,37408.1,0.07092,1.042,38979.2402,0.672587,1859.293607,0.049703
P001639,9,20887.76,0.040003,1.021,21326.40296,0.643587,549.050505,0.026286
P001640,9,47612.89,0.042597,1.04,49517.4056,0.588587,1241.491332,0.026075
P001641,3,36885.66,0.143812,1.04,38361.0864,0.667587,3682.920722,0.099847
P001642,10,15865.2,0.033461,1.04,16499.808,0.857587,473.473509,0.029844
P001643,10,27327.55,0.034006,1.041,28447.97955,0.832587,805.441681,0.029474
P001644,10,25517.5,0.032167,1.04,26538.2,0.763587,651.835412,0.025545
P001645,3,19522.8,0.202844,1.04,20303.712,0.901587,3713.176796,0.190197
P001646,4,30113.06,0.119795,1.032,31076.67792,0.640587,2384.803422,0.079195
P001647,4,28731.57,0.109923,1.015,29162.54355,0.588587,1886.790791,0.06567
P001648,10,42416.43,0.032808,1.04,44113.0872,0.599587,867.762252,0.020458
P001649,9,13728.0,0.043149,1.015,13933.92,0.637587,383.342827,0.027924
P001650,3,14297.2,0.145796,0.98,14011.256,0.643587,1314.709902,0.091956
P001651,6,72688.49,0.070836,1.002,72833.86698,0.841587,4341.961802,0.059734
P001652,2,22510.26,0.21494,1.038,23365.64988,0.751587,3774.633536,0.167685
P001653,10,77283.96,0.035815,1.04,80375.3184,0.667587,1921.744933,0.024866
P001654,4,41811.84,0.141094,1.04,43484.3136,0.763587,4684.897654,0.112047
P001655,5,19237.35,0.096099,1.02,19622.097,0.611587,1153.248357,0.059948
P001656,10,15675.12,0.031574,1.024,16051.32288,0.599587,303.871089,0.019386
P001657,2,19956.2,0.240955,1.038,20714.5356,0.672587,3357.066278,0.168222
P001658,8,60832.1,0.048682,1.042,63387.0482,0.751587,2319.262025,0.038126
P001659,2,25167.52,0.213563,1.015,25545.0328,0.586587,3200.108576,0.127152
P001660,7,24234.22,0.056346,1.027,24888.54394,0.637587,894.127555,0.036895
P001661,1,11836.0,0.77385,1.04,12309.44,0.348587,3320.520424,0.280544
P001662,8,22059.54,0.048896,0.995,21949.2423,0.832587,893.551055,0.040506
P001663,5,44452.62,0.092052,1.02,45341.6724,0.611587,2552.638749,0.057424
P001664,8,23811.56,0.051161,1.015,24168.7334,0.753587,931.802908,0.039132
P001665,9,14373.46,0.041952,1.003,14416.58038,0.637587,385.614684,0.026828
P001666,3,26404.07,0.192891,1.02,26932.1514,0.719587,3738.229894,0.141578
P001667,1,31163.7,0.337179,1.04,32410.248,0.753587,8235.22824,0.264257
P001668,7,43468.8,0.061351,1.015,44120.832,0.684587,1853.08758,0.04263
P001669,1,23664.05,0.428028,1.02,24137.331,0.640587,6618.193023,0.279673
P001670,1,35449.28,0.383653,1.002,35520.17856,0.751587,10242.194648,0.288925
P001671,6,46741.52,0.067388,1.013,47349.15976,0.667587,2130.107663,0.045572
P001672,3,38591.46,0.174306,0.995,38398.5027,0.640587,4287.500913,0.1111
P001673,2,49101.16,0.210182,1.042,51163.40872,0.600587,6458.470604,0.131534
P001674,8,19687.8,0.053964,1.015,19983.117,0.667587,719.907416,0.036566
P001675,1,27342.0,0.419556,1.038,28380.996,0.762587,9080.438486,0.332106
P001676,2,32429.2,0.27007,1.038,33661.5096,0.600587,5459.907922,0.168364
P001677,3,42511.32,0.170852,1.013,43063.96716,0.667587,4911.809518,0.115541
P001678,3,36994.14,0.146772,1.027,37992.98178,0.507587,2830.455682,0.076511
P001679,1,20906.6,0.371603,1.038,21701.0508,0.762587,6149.625931,0.294148
P001680,7,17782.6,0.06431,1.04,18493.904,0.763587,908.163562,0.05107
P001681,9,26294.3,0.0433,1.042,27398.6606,0.679587,806.228319,0.030662
P001682,2,11310.16,0.292834,1.024,11581.60384,0.599587,2033.490286,0.179793
P001683,3,23721.74,0.203723,1.041,24694.33134,0.719587,3620.095571,0.152607
P001684,9,62624.51,0.038878,1.015,63563.87765,0.637587,1575.645764,0.02516
P001685,7,27515.82,0.061472,1.032,28396.32624,0.532587,929.670619,0.033787
P001686,1,17639.6,0.302644,1.04,18345.184,0.763587,4239.476267,0.240339
P001687,10,38416.38,0.035616,1.02,39184.7076,0.611587,853.528184,0.022218
P001688,3,25352.73,0.148948,1.002,25403.43546,0.841587,3184.396968,0.125604
P001689,6,54078.22,0.071504,1.027,55538.33194,0.753587,2992.639084,0.055339
P001690,2,24897.25,0.295153,1.04,25893.14,0.667587,5101.988609,0.204922
P001691,3,55564.02,0.155059,1.041,57842.14482,0.719587,6453.920132,0.116153
P001692,3,50764.22,0.17159,1.032,52388.67504,0.836587,7520.405715,0.148144
P001693,9,22229.46,0.038126,1.032,22940.80272,0.719587,629.380234,0.028313
P001694,6,8186.2,0.076362,0.98,8022.476,0.427587,261.943935,0.031998
P001695,6,9586.85,0.071151,1.021,9788.17385,0.599587,417.574727,0.043557
P001696,4,36267.2,0.136588,1.027,37246.4144,0.923587,4698.666133,0.129557
P001697,6,27176.98,0.081322,1.015,27584.6347,0.822587,1845.246922,0.067897
P001698,2,93402.82,0.266593,1.002,93589.62564,0.600587,14984.842237,0.160432
P001699,3,19317.98,0.190855,1.015,19607.7497,0.558587,2090.360254,0.108208
P001700,1,44172.6,0.392443,1.04,45939.504,0.753587,13586.145203,0.30757
P001701,9,28523.3,0.043406,1.024,29207.8592,0.427587,542.091023,0.019005
P001702,6,77840.64,0.073738,1.013,78852.56832,0.684587,3980.473801,0.051136
P001703,8,45245.2,0.044919,1.032,46693.0464,0.611587,1282.756497,0.028351
P001704,6,18981.33,0.069143,1.015,19266.04995,0.684587,911.940033,0.048044
P001705,1,25088.0,0.307183,1.038,26041.344,0.672587,5380.331941,0.214458
P001706,7,25099.73,0.063814,1.041,26128.81893,0.611587,1019.74556,0.040628
P001707,7,25704.35,0.063478,1.027,26398.36745,0.679587,1138.801192,0.044304
P001708,10,41854.2,0.023638,1.013,42398.3046,0.763587,765.273445,0.018284
P001709,1,41146.42,0.345377,1.032,42463.10544,0.640587,9394.693491,0.228323
P001710,10,37347.24,0.033743,0.995,37160.5038,0.719587,902.2854,0.024159
P001711,9,50161.91,0.044414,1.032,51767.09112,0.611587,1406.149242,0.028032
P001712,2,29221.56,0.297721,1.038,30331.97928,0.844587,7627.01003,0.261006
P001713,3,20187.2,0.147474,1.027,20732.2544,0.679587,2077.810165,0.102927
P001714,6,34693.76,0.082895,1.002,34763.14752,0.923587,2661.505802,0.076714
P001715,8,23475.2,0.053549,1.038,24367.2576,0.600587,783.67229,0.033383
P001716,2,15611.2,0.294969,1.032,16110.7584,0.532587,2530.94355,0.162124
P001717,8,23580.75,0.050473,1.027,24217.43025,0.507587,620.434054,0.026311
P001718,5,33271.38,0.101978,1.04,34602.2352,0.753587,2659.147813,0.079923
P001719,4,23221.11,0.123996,1.027,23848.07997,0.845587,2500.453919,0.10768
P001720,9,31082.48,0.038539,1.015,31548.7172,0.507587,617.146209,0.019855
P001721,6,28579.6,0.068965,1.027,29351.2492,0.637587,1290.605527,0.045158
P001722,5,17565.84,0.100458,1.021,17934.72264,0.427587,770.379303,0.043857
P001723,2,22021.8,0.255855,1.041,22924.6938,0.719587,4220.667113,0.191659
P001724,9,101900.66,0.042184,1.04,105976.6864,0.763587,3413.665946,0.0335
P001725,5,21008.13,0.088745,1.04,21848.4552,0.832587,1614.335604,0.076843
P001726,10,79726.24,0.028556,1.032,82277.47968,0.719587,1690.666731,0.021206
P001727,7,39887.45,0.064442,1.04,41482.948,0.832587,2225.695282,0.055799
P001728,8,14733.48,0.05011,0.98,14438.8104,0.348587,252.211908,0.017118
P001729,8,14139.4,0.052085,1.037,14662.5578,0.753587,575.516025,0.040703
P001730,6,22863.84,0.077232,1.04,23778.3936,0.901587,1655.722408,0.072417
P001731,1,36615.81,0.511315,1.027,37604.43687,0.923587,17758.45781,0.484994
P001732,10,41512.4,0.03535,1.04,43172.896,0.667587,1018.842501,0.024543
P001733,3,57779.75,0.150067,1.04,60090.94,0.832587,7507.993737,0.129942
P001734,5,19452.96,0.092338,1.037,20172.71952,0.753587,1403.71548,0.072159
P001735,10,42821.98,0.035868,1.04,44534.8592,0.667587,1066.378625,0.024903
P001736,9,31976.98,0.042502,1.027,32840.35846,0.586587,818.742425,0.025604
P001737,1,32128.2,0.480263,1.013,32545.8666,0.684587,10700.490729,0.333056
P001738,7,16983.34,0.058932,1.04,17662.6736,0.427587,445.07309,0.026206
P001739,9,33027.72,0.037864,1.04,34348.8288,0.667587,868.251853,0.026289
P001740,7,29662.74,0.060826,1.04,30849.2496,0.667587,1252.68152,0.042231
P001741,4,45222.21,0.110842,1.015,45900.54315,0.667587,3396.481829,0.075106
P001742,7,15322.95,0.063854,1.027,15736.66965,0.753587,757.242097,0.049419
P001743,2,35265.12,0.22242,1.027,36217.27824,0.637587,5136.050323,0.145641
P001744,6,20704.2,0.074572,1.038,21490.9596,0.923587,1480.162156,0.071491
P001745,2,50232.93,0.272755,1.038,52141.78134,0.841587,11968.985295,0.23827
P001746,3,31611.45,0.181191,1.02,32243.679,0.719587,4204.007026,0.13299
P001747,8,20224.6,0.050075,1.038,20993.1348,0.841587,884.696024,0.043744
P001748,8,21338.75,0.050721,1.021,21786.86375,0.427587,472.502657,0.022143
P001749,3,18390.06,0.188956,1.032,18978.54192,0.836587,3000.084793,0.163136
P001750,10,31485.76,0.034231,1.037,32650.73312,0.558587,624.323005,0.019829
P001751,6,23746.58,0.078801,1.013,24055.28554,0.763587,1447.443767,0.060954
P001752,3,33503.43,0.196278,1.002,33570.43686,0.844587,5565.085905,0.166105
P001753,7,19523.8,0.064866,1.021,19933.7998,0.857587,1108.880222,0.056796
P001754,1,44899.55,0.5087,1.04,46695.532,0.684587,16261.668531,0.362179
P001755,8,30866.04,0.047918,1.015,31329.0306,0.637587,957.16552,0.03101
P001756,1,36902.75,0.316844,1.04,38378.86,0.763587,9285.292648,0.251615
P001757,7,54944.1,0.058609,1.032,56702.3112,0.611587,2032.448095,0.036991
P001758,1,26051.92,0.377746,1.027,26755.32184,0.762587,7707.256677,0.295842
P001759,6,26662.5,0.069303,1.032,27515.7,0.719587,1372.193041,0.051465
P001760,5,41681.6,0.088956,1.04,43348.864,0.667587,2574.305562,0.061761
P001761,2,17826.27,0.274977,1.032,18396.71064,0.915587,4631.656519,0.259822
P001762,1,25902.56,0.592375,1.042,26990.46752,0.672587,10753.641862,0.415157
P001763,1,19140.0,0.325967,1.04,19905.6,0.763587,4954.585561,0.25886
P001764,10,42170.74,0.031623,1.015,42803.3011,0.586587,793.99318,0.018828
P001765,3,23623.05,0.188023,1.041,24591.59505,0.719587,3327.21664,0.140846
P001766,10,73753.73,0.032876,1.02,75228.8046,0.611587,1512.595437,0.020509
P001767,7,53574.97,0.060728,1.02,54646.4694,0.611587,2029.588298,0.037883
P001768,3,37347.0,0.182906,1.04,38840.88,0.684587,4863.457612,0.130224
P001769,9,33730.06,0.041539,1.021,34438.39126,0.427587,611.678225,0.018135
P001770,10,79243.25,0.032792,1.04,82412.98,0.763587,2063.588882,0.026041
P001771,8,32393.96,0.046026,1.032,33430.56672,0.611587,941.028859,0.02905
P001772,3,44193.2,0.190185,1.04,45960.928,0.753587,6587.158703,0.149054
P001773,10,66619.3,0.031034,1.04,69284.072,0.588587,1265.563023,0.018997
P001774,7,32961.6,0.062515,1.003,33060.4848,0.637587,1317.754836,0.039978
P001775,9,22255.2,0.038464,1.003,22321.9656,0.586587,503.632366,0.02263
P001776,1,15912.6,0.319107,1.02,16230.852,0.532587,2758.46913,0.173351
P001777,1,19280.8,0.334653,1.04,20052.032,0.667587,4479.820688,0.232346
P001778,6,24081.48,0.08006,1.021,24587.19108,0.427587,841.681271,0.034951
P001779,8,40816.15,0.049039,1.032,42122.2668,0.611587,1263.317501,0.030951
P001780,9,16757.92,0.041665,1.015,17009.2888,0.674587,478.073216,0.028528
P001781,9,41481.72,0.043527,1.041,43182.47052,0.611587,1149.536189,0.027712
P001782,3,20125.6,0.208161,1.038,20890.3728,0.600587,2611.691648,0.12977
P001783,6,20400.6,0.07412,1.038,21175.8228,0.923587,1449.613968,0.071057
P001784,2,21560.0,0.24875,1.038,22379.28,0.679587,3783.150802,0.175471
P001785,1,26665.21,0.698795,1.04,27731.8184,0.684587,13266.49837,0.497521
P001786,10,77441.07,0.033254,1.041,80616.15387,0.611587,1639.545472,0.021172
P001787,6,21181.06,0.06733,1.015,21498.7759,0.667587,966.341086,0.045623
P001788,9,25058.0,0.042219,1.027,25734.566,0.753587,818.75904,0.032675
P001789,10,36486.45,0.027596,1.015,37033.74675,0.667587,682.274577,0.018699
P001790,1,18543.8,0.38344,1.04,19285.552,0.684587,5062.413873,0.272998
P001791,7,25355.83,0.059728,1.04,26370.0632,0.763587,1202.662889,0.047431
P001792,10,21731.88,0.028898,1.02,22166.5176,0.753587,482.720324,0.022213
P001793,2,95853.38,0.226836,1.013,97099.47394,0.684587,15078.443862,0.157307
P001794,9,43150.59,0.040412,0.995,42934.83705,0.611587,1061.143739,0.024592
P001795,3,18719.8,0.18816,1.04,19468.592,0.763587,2797.178789,0.149424
P001796,7,22251.5,0.054934,1.042,23186.063,0.844587,1075.744544,0.048345
P001797,2,20460.0,0.216775,1.038,21237.48,0.672587,3096.42219,0.15134
P001798,2,71815.04,0.217077,1.013,72748.63552,0.763587,12058.600319,0.167912
P001799,10,25580.0,0.02934,1.037,26526.46,0.845587,658.098028,0.025727
P001800,6,31452.08,0.073208,1.042,32773.06736,0.600587,1440.961306,0.045814
P001801,1,27858.56,0.39742,1.002,27914.27712,0.762587,8459.901094,0.303673
P001802,2,21099.36,0.268304,1.027,21669.04272,0.637587,3706.853712,0.175686
P001803,10,61190.2,0.034679,1.032,63148.2864,0.611587,1339.341428,0.021888
P001804,10,20590.08,0.036101,1.013,20857.75104,0.667587,502.677,0.024414
P001805,6,25547.6,0.078695,1.04,26569.504,0.684587,1431.39556,0.056029
P001806,3,15208.6,0.151242,1.027,15619.2322,0.507587,1199.063305,0.078841
P001807,7,15212.5,0.060414,1.003,15258.1375,0.766587,706.646129,0.046452
P001808,4,24998.15,0.137967,1.038,25948.0797,0.672587,2407.838782,0.096321
P001809,2,34239.24,0.246919,1.032,35334.89568,0.611587,5336.003466,0.155845
P001810,6,16797.0,0.077065,1.032,17334.504,0.832587,1112.236274,0.066216
P001811,3,38219.19,0.200632,1.002,38295.62838,0.679587,5221.492501,0.13662
P001812,6,39982.14,0.069683,1.013,40501.90782,0.667587,1884.123897,0.047124
P001813,3,15224.86,0.175481,1.037,15788.17982,0.674587,1868.961463,0.122757
P001814,5,21258.6,0.094583,1.002,21301.1172,0.672587,1355.072239,0.063742
P001815,6,29966.3,0.079085,1.003,30056.1989,0.507587,1206.528627,0.040263
P001816,2,32533.2,0.22568,1.042,33899.5944,0.751587,5749.97432,0.176742
P001817,3,29275.2,0.149017,0.995,29128.824,0.611587,2654.703777,0.090681
P001818,5,14328.6,0.106036,1.027,14715.4722,0.845587,1319.431959,0.092084
P001819,2,35336.28,0.217876,1.032,36467.04096,0.719587,5717.332497,0.161798
P001820,1,20011.2,0.619251,1.027,20551.5024,0.679587,8648.781319,0.432197
P001821,2,18086.2,0.280801,1.04,18809.648,0.588587,3108.775355,0.171887
P001822,1,18064.18,0.374257,0.995,17973.8591,0.832587,5600.673221,0.310043
P001823,2,29532.06,0.258071,1.027,30329.42562,0.679587,5319.232553,0.180117
P001824,1,17739.96,0.398714,1.015,18006.0594,0.845587,6070.696937,0.342205
P001825,9,41031.0,0.043684,1.013,41564.403,0.684587,1243.014757,0.030295
P001826,3,26288.95,0.19942,1.04,27340.508,0.778587,4245.054491,0.161477
P001827,4,15707.12,0.1374,1.024,16084.09088,0.348587,770.359647,0.049045
P001828,4,19882.92,0.140181,1.02,20280.5784,0.611587,1738.708879,0.087447
P001829,4,20306.24,0.108346,0.98,19900.1152,0.348587,751.584577,0.037012
P001830,2,16196.4,0.299599,1.032,16714.6848,0.832587,4169.348084,0.257424
P001831,1,25971.06,0.76066,1.04,27009.9024,0.667587,13715.811561,0.528119
P001832,2,23647.0,0.252308,1.041,24616.527,0.640587,3978.651625,0.168252
P001833,8,27674.64,0.049473,1.027,28421.85528,0.751587,1056.811823,0.038187
P001834,10,50176.0,0.034955,1.032,51781.632,0.753587,1364.017658,0.027185
P001835,7,39933.59,0.0567,1.02,40732.2618,0.832587,1922.880172,0.048152
P001836,3,7660.4,0.169036,1.024,7844.2496,0.778587,1032.372744,0.134767
P001837,7,59410.17,0.061809,1.02,60598.3734,0.611587,2290.703777,0.038557
P001838,3,47184.06,0.173943,1.04,49071.4224,0.588587,5023.965955,0.106476
P001839,2,42408.0,0.253675,1.032,43765.056,0.611587,6789.89071,0.160109
P001840,2,47229.0,0.215926,1.04,49118.16,0.684587,7260.65258,0.153733
P001841,10,47226.96,0.035813,1.021,48218.72616,0.427587,738.385638,0.015635
P001842,1,20240.55,0.317338,1.041,21070.41255,0.719587,4811.476393,0.237715
P001843,6,47218.41,0.077934,1.015,47926.68615,0.667587,2493.510903,0.052808
P001844,2,15495.06,0.249437,1.027,15913.42662,0.586587,2328.393445,0.150267
P001845,7,23077.6,0.065644,1.04,24000.704,0.763587,1203.028561,0.05213
P001846,8,52383.68,0.047827,1.04,54479.0272,0.763587,1989.593115,0.037981
P001847,3,20444.6,0.169091,1.042,21303.2732,0.679587,2448.000344,0.119738
P001848,4,36812.04,0.109214,1.04,38284.5216,0.763587,3192.718656,0.08673
P001849,2,14174.6,0.275914,1.015,14387.219,0.753587,2991.465763,0.211044
P001850,5,27721.56,0.089076,1.04,28830.4224,0.667587,1714.419379,0.061844
P001851,7,47323.9,0.057668,1.003,47465.8717,0.586587,1605.638684,0.033929
P001852,4,24187.95,0.132648,1.015,24550.76925,0.845587,2753.748199,0.113848
P001853,9,46052.16,0.040945,1.04,47894.2464,0.667587,1309.150119,0.028428
P001854,5,23204.95,0.102441,1.027,23831.48365,0.672587,1642.004395,0.070761
P001855,6,173382.9,0.080774,1.04,180318.216,0.763587,11121.594842,0.064145
P001856,10,44882.53,0.026329,1.04,46677.8312,0.599587,736.8911,0.016418
P001857,9,11312.6,0.04187,1.024,11584.1024,0.427587,207.389078,0.018333
P001858,6,44103.42,0.081588,1.027,45294.21234,0.679587,2511.401741,0.056943
P001859,2,27734.0,0.266357,1.042,28898.828,0.679587,5231.055982,0.188615
P001860,7,10568.8,0.059137,1.021,10790.7448,0.427587,272.857895,0.025817
P001861,3,31943.59,0.197062,1.038,33157.44642,0.679587,4440.461175,0.139009
P001862,4,66917.5,0.141887,1.04,69594.2,0.588587,5811.995785,0.086853
P001863,3,20116.17,0.192359,1.015,20417.91255,0.586587,2303.864881,0.114528
P001864,10,29811.46,0.029844,1.027,30616.36942,0.637587,582.575674,0.019542
P001865,8,45211.04,0.04657,1.032,46657.79328,0.915587,1989.43068,0.044003
P001866,5,26124.24,0.094498,1.04,27169.2096,0.763587,1960.454181,0.075043
P001867,6,55566.0,0.070124,1.038,57677.508,0.600587,2429.120867,0.043716
P001868,3,20378.73,0.163706,1.02,20786.3046,0.532587,1812.306491,0.088931
P001869,2,8250.0,0.273982,1.021,8423.25,0.348587,804.474982,0.097512
P001870,1,20793.2,0.533547,1.038,21583.3416,0.672587,7745.328485,0.372493
P001871,1,21264.75,0.304782,1.003,21328.54425,0.586587,3813.135231,0.179317
P001872,1,15754.88,0.311402,1.015,15991.2032,0.586587,2921.025189,0.185404
P001873,10,31963.36,0.03633,1.003,32059.25008,0.753587,877.710282,0.02746
P001874,2,19069.6,0.262415,1.04,19832.384,0.832587,4333.041806,0.227222
P001875,9,21270.34,0.039636,1.027,21844.63918,0.586587,507.884414,0.023878
P001876,1,17228.2,0.36434,1.032,17779.5024,0.611587,3961.725726,0.229956
P001877,2,19335.68,0.294676,1.02,19722.3936,0.611587,3554.3683,0.183824
P001878,7,105262.5,0.066286,1.04,109473.0,0.763587,5540.98262,0.05264
P001879,6,39164.44,0.070783,1.027,40221.87988,0.762587,2171.097238,0.055435
P001880,1,19027.8,0.355928,1.015,19313.217,0.753587,5180.246792,0.272246
P001881,6,96567.66,0.070096,1.042,100623.50172,0.679587,4793.301833,0.049637
P001882,9,33516.14,0.041289,1.002,33583.17228,0.841587,1166.970583,0.034818
P001883,9,13216.64,0.039342,1.024,13533.83936,0.427587,227.669449,0.017226
P001884,4,14911.2,0.133094,1.027,15313.8024,0.586587,1195.563109,0.080179
P001885,10,19850.4,0.028716,1.02,20247.408,0.915587,532.347581,0.026818
P001886,8,35239.42,0.052158,1.038,36578.51796,0.751587,1433.936681,0.040691
P001887,9,48281.31,0.04446,1.027,49584.90537,0.637587,1405.587952,0.029112
P001888,1,21560.0,0.914869,1.042,22465.52,0.672587,13823.683751,0.641173
P001889,2,15372.28,0.291143,1.04,15987.1712,0.599587,2790.811309,0.181548
P001890,5,39143.39,0.098108,1.027,40200.26153,0.672587,2652.670825,0.067768
P001891,10,38902.52,0.027344,1.04,40458.6208,0.667587,738.555354,0.018985
P001892,6,19732.48,0.081417,1.027,20265.25696,0.586587,967.828689,0.049047
P001893,8,17670.84,0.049581,0.98,17317.4232,0.348587,299.304076,0.016938
P001894,10,23060.64,0.034577,1.041,24006.12624,0.832587,691.096458,0.029969
P001895,2,17224.83,0.213062,1.021,17586.55143,0.427587,1602.176479,0.093016
P001896,2,13906.2,0.262774,1.027,14281.6674,0.845587,3173.355838,0.228197
P001897,7,19805.28,0.056068,1.04,20597.4912,0.901587,1041.210809,0.052572
P001898,10,21423.36,0.034102,1.04,22280.2944,0.643587,488.997001,0.022825
P001899,3,20983.6,0.183017,1.042,21864.9112,0.751587,3007.589602,0.14333
P001900,4,26958.9,0.115208,1.041,28064.2149,0.836587,2704.874208,0.100333
P001901,2,28776.12,0.292491,1.013,29150.20956,0.753587,6425.213656,0.223283
P001902,2,26558.94,0.226468,1.027,27276.03138,0.586587,3623.426039,0.13643
P001903,8,11607.2,0.04849,1.04,12071.488,0.599587,350.967079,0.030237
P001904,7,52554.06,0.055454,1.04,54656.2224,0.667587,2023.375163,0.038501
P001905,7,30972.64,0.061865,1.027,31808.90128,0.637587,1254.68126,0.040509
P001906,5,52561.04,0.106285,1.02,53612.2608,0.611587,3484.917213,0.066302
P001907,5,84720.06,0.085393,1.015,85990.8609,0.667587,4902.109414,0.057862
P001908,3,28112.7,0.191657,1.013,28478.1651,0.667587,3643.722669,0.129611
P001909,2,25303.68,0.226183,1.042,26366.43456,0.672587,4011.063032,0.158517
P001910,8,24181.5,0.051363,1.041,25172.9415,0.611587,790.752105,0.032701
P001911,3,31601.2,0.165988,1.02,32233.224,0.719587,3850.016851,0.121831
P001912,2,50976.9,0.240359,1.015,51741.5535,0.901587,11212.625867,0.219955
P001913,5,18297.4,0.087034,1.015,18571.861,0.763587,1234.24511,0.067455
P001914,3,20728.4,0.188929,1.002,20769.8568,0.751587,2949.247222,0.142281
P001915,3,53273.26,0.196703,1.038,55297.64388,0.679587,7392.00775,0.138756
P001916,5,20957.2,0.096609,1.002,20999.1144,0.751587,1524.739836,0.072755
P001917,2,69970.4,0.248503,1.027,71859.6008,0.679587,12135.615665,0.173439
P001918,3,45348.68,0.171015,1.027,46573.09436,0.923587,7356.07384,0.162211
P001919,2,15358.2,0.236205,1.015,15588.573,0.674587,2483.891138,0.161731
P001920,6,45138.24,0.079534,1.04,46943.7696,0.763587,2850.94506,0.06316
P001921,2,47433.71,0.258388,1.038,49236.19098,0.841587,10706.693761,0.225719
P001922,4,24462.72,0.139918,1.013,24780.73536,0.588587,2040.786614,0.083424
P001923,10,20762.72,0.035443,1.04,21593.2288,0.667587,510.920453,0.024608
P001924,3,20462.2,0.148481,1.042,21321.6124,0.751587,2379.406933,0.116283
P001925,3,26194.74,0.170044,1.038,27190.14012,0.600587,2776.816659,0.106007
P001926,1,23484.84,0.429231,1.038,24377.26392,0.762587,7979.299955,0.339764
P001927,1,11899.8,0.401499,0.98,11661.804,0.520587,2437.489965,0.204835
P001928,10,46207.0,0.030494,1.013,46807.691,0.667587,952.874529,0.020622
P001929,9,22413.08,0.03812,1.04,23309.6032,0.763587,678.495485,0.030272
P001930,2,38782.59,0.299169,1.032,40023.63288,0.532587,6377.100948,0.164432
P001931,2,19399.6,0.212683,1.04,20175.584,0.667587,2864.61598,0.147664
P001932,7,15276.8,0.062986,1.003,15322.6304,0.586587,566.123375,0.037058
P001933,9,33779.34,0.039713,1.024,34590.04416,0.427587,587.363419,0.017388
P001934,2,21564.4,0.248134,1.038,22383.8472,0.679587,3774.555226,0.175036
P001935,2,18871.6,0.289474,1.04,19626.464,0.763587,4338.197105,0.22988
P001936,9,31657.5,0.039264,1.04,32923.8,0.763587,987.110533,0.031181
P001937,3,31367.64,0.196879,1.003,31461.74292,0.637587,3949.319399,0.125904
P001938,8,34371.09,0.050389,1.038,35677.19142,0.679587,1221.717154,0.035545
P001939,10,42108.0,0.031529,1.04,43792.32,0.763587,1054.319394,0.025038
P001940,2,15508.44,0.211767,1.024,15880.64256,0.643587,2164.379752,0.139561
P001941,9,64791.54,0.042093,1.013,65633.83002,0.667587,1844.370915,0.028466
P001942,1,45050.87,0.376767,1.013,45636.53131,0.822587,14143.832821,0.313952
P001943,7,25414.73,0.064466,1.02,25923.0246,0.832587,1391.380189,0.054747
P001944,1,23221.25,0.47206,1.041,24173.32125,0.753587,8599.363282,0.370323
P001945,8,67785.63,0.047036,1.042,70632.62646,0.751587,2496.9794,0.036836
P001946,2,21335.6,0.284505,1.038,22146.3528,0.751587,4735.553712,0.221955
P001947,8,56440.0,0.053321,1.015,57286.6,0.763587,2332.428652,0.041326
P001948,2,17118.2,0.230561,1.02,17460.564,0.915587,3685.89527,0.21532
P001949,1,16821.2,0.455167,1.041,17510.8692,0.753587,6006.363421,0.357071
P001950,1,31563.7,0.429191,1.027,32415.9199,0.844587,11750.417607,0.372276
P001951,10,40207.92,0.035844,1.002,40288.33584,0.679587,981.387334,0.024408
P001952,7,41045.12,0.065408,1.04,42686.9248,0.667587,1863.933425,0.045412
P001953,5,18885.0,0.084617,1.02,19262.7,0.532587,868.089342,0.045967
P001954,1,25581.83,0.447759,1.04,26605.1032,0.832587,9918.334632,0.38771
P001955,3,45973.16,0.156018,1.042,47904.03272,0.923587,6902.7827,0.150148
P001956,4,18395.1,0.123685,1.02,18763.002,0.719587,1669.940207,0.090782
P001957,8,28696.36,0.048352,1.027,29471.16172,0.679587,968.405874,0.033747
P001958,8,16359.2,0.053013,1.02,16686.384,0.640587,566.657141,0.034638
P001959,1,16431.8,0.319041,1.032,16957.6176,0.832587,4504.439043,0.274129
P001960,1,14502.4,0.32405,1.027,14893.9648,0.586587,2831.099638,0.195216
P001961,1,25772.04,0.479409,1.013,26107.07652,0.684587,8568.262223,0.332463
P001962,2,19969.4,0.224845,1.038,20728.2372,0.600587,2799.121418,0.140171
P001963,1,17993.8,0.33307,1.04,18713.552,0.763587,4759.37044,0.264501
P001964,3,23800.5,0.179869,1.04,24752.52,0.753587,3355.132175,0.140969
P001965,5,26210.25,0.0897,1.027,26917.92675,0.751587,1814.729508,0.069237
P001966,2,35965.8,0.282257,1.042,37476.3636,0.679587,7188.655926,0.199875
P001967,9,40313.07,0.043786,1.032,41603.08824,0.719587,1310.837626,0.032516
P001968,6,58045.68,0.080759,1.02,59206.5936,0.832587,3980.992824,0.068584
P001969,5,19853.6,0.102425,1.04,20647.744,0.667587,1411.848951,0.071113
P001970,1,23176.96,0.575062,1.032,23918.62272,0.832587,11451.968732,0.49411
P001971,3,19778.0,0.155196,1.015,20074.67,0.753587,2347.799016,0.118708
P001972,6,18859.06,0.066859,0.995,18764.7647,0.640587,803.679047,0.042615
P001973,2,19371.0,0.228336,1.04,20145.84,0.763587,3512.515706,0.181329
P001974,5,68703.81,0.094771,1.013,69596.95953,0.832587,5491.546562,0.079931
P001975,4,25877.28,0.113045,1.027,26575.96656,0.841587,2528.360511,0.097706
P001976,7,64468.8,0.058633,1.042,67176.4896,0.679587,2676.729216,0.04152
P001977,3,11888.8,0.155562,0.98,11651.024,0.643587,1166.471083,0.098115
P001978,4,16855.14,0.121019,1.024,17259.66336,0.857587,1791.280218,0.106275
P001979,9,32091.93,0.044416,1.013,32509.12509,0.832587,1202.194184,0.037461
P001980,6,25552.68,0.07132,1.003,25629.33804,0.586587,1072.21276,0.041961
P001981,10,52644.24,0.031343,1.027,54065.63448,0.586587,994.006665,0.018882
P001982,3,12822.64,0.187219,1.04,13335.5456,0.599587,1496.970554,0.116744
P001983,10,42042.0,0.029278,1.041,43765.722,0.611587,783.666227,0.01864
P001984,3,19393.0,0.203357,1.013,19645.109,0.753587,3010.554655,0.155239
P001985,10,25320.9,0.032469,1.041,26359.0569,0.719587,615.854551,0.024322
P001986,4,19074.0,0.109572,1.04,19836.96,0.667587,1451.056415,0.076075
P001987,3,21429.63,0.204669,1.024,21943.94112,0.520587,2338.080414,0.109105
P001988,5,27499.72,0.104086,1.027,28242.21244,0.753587,2215.254802,0.080556
P001989,10,30253.98,0.021275,1.04,31464.1392,0.778587,521.182401,0.017227
P001990,3,29972.5,0.143275,1.003,30062.4175,0.586587,2526.534155,0.084295
P001991,2,15803.71,0.274778,1.041,16451.66211,0.832587,3763.747487,0.238156
P001992,1,22050.45,0.708039,1.041,22954.51845,0.532587,8655.971383,0.392553
P001993,8,26856.78,0.05004,1.02,27393.9156,0.611587,838.362171,0.031216
P001994,2,19678.47,0.237906,1.041,20485.28727,0.832587,4057.668818,0.206198
P001995,1,28743.2,0.392397,1.038,29835.4416,0.672587,7874.20236,0.27395
P001996,1,19377.6,0.556858,1.041,20172.0816,0.719587,8083.106937,0.417137
P001997,10,39957.14,0.028918,1.013,40476.58282,0.832587,974.542235,0.02439
P001998,4,66390.69,0.123476,1.042,69179.09898,0.672587,5745.188036,0.086536
P001999,7,23567.04,0.064192,1.04,24509.7216,0.667587,1050.333927,0.044568
P002000,10,14318.57,0.027378,1.021,14619.25997,0.599587,239.979287,0.01676
P002001,3,27774.72,0.196685,1.027,28524.63744,0.841587,4721.601314,0.169996
P002002,7,54887.43,0.065066,1.027,56369.39061,0.674587,2474.191861,0.045078
P002003,3,56289.51,0.208864,1.013,57021.27363,0.763587,9094.061967,0.161559
P002004,8,18070.8,0.051677,1.013,18305.7204,0.901587,852.879785,0.047197
P002005,2,31062.42,0.267093,1.015,31528.3563,0.763587,6430.161927,0.207008
P002006,7,22977.63,0.059121,1.037,23827.80231,0.753587,1061.603972,0.046202
P002007,2,21415.0,0.276025,1.013,21693.395,0.763587,4572.293808,0.213509
P002008,7,24713.14,0.064838,1.04,25701.6656,0.763587,1272.47302,0.05149
P002009,9,46238.35,0.042384,1.037,47949.16895,0.586587,1192.104327,0.025782
P002010,1,7121.4,0.456024,1.024,7292.3136,0.599587,1993.908718,0.279988
P002011,5,45401.98,0.092655,1.04,47218.0592,0.667587,2920.673274,0.064329
P002012,6,40574.5,0.081835,1.015,41183.1175,0.667587,2249.923062,0.055452
P002013,5,31604.6,0.090305,1.04,32868.784,0.667587,1981.53862,0.062698
P002014,7,31723.62,0.05426,1.038,32929.11756,0.679587,1214.250096,0.038276
P002015,10,37337.28,0.032037,1.04,38830.7712,0.763587,949.92594,0.025442
P002016,4,20497.4,0.129983,1.042,21358.2908,0.762587,2117.103628,0.103286
P002017,10,85756.16,0.03186,1.038,89014.89408,0.679587,1927.330591,0.022475
P002018,7,43292.0,0.055276,1.037,44893.804,0.637587,1582.190123,0.036547
P002019,2,26387.2,0.231141,1.04,27442.688,0.822587,5217.781244,0.197739
P002020,5,24303.51,0.103944,1.04,25275.6504,0.901587,2368.686022,0.097463
P002021,4,17862.88,0.115808,1.027,18345.17776,0.637587,1354.568707,0.075831
P002022,2,17553.8,0.298826,1.04,18255.952,0.599587,3270.95881,0.186339
P002023,6,48664.38,0.067626,1.015,49394.3457,0.586587,1959.395084,0.040263
P002024,3,34784.75,0.165527,1.042,36245.7095,0.679587,4077.277947,0.117215
P002025,4,18884.8,0.112269,1.04,19640.192,0.667587,1472.020369,0.077947
P002026,4,14036.8,0.110487,1.024,14373.6832,0.427587,679.053713,0.048377
P002027,2,19771.16,0.256201,1.032,20403.83712,0.915587,4786.217108,0.242081
P002028,1,29096.13,0.349306,1.02,29678.0526,0.753587,7812.222892,0.268497
P002029,6,22867.0,0.071901,1.041,23804.547,0.640587,1096.413529,0.047947
P002030,8,25068.5,0.053384,1.015,25444.5275,0.753587,1023.610739,0.040833
P002031,10,24466.71,0.027371,1.024,25053.91104,0.599587,411.17425,0.016805
P002032,2,75899.83,0.260148,0.995,75520.33085,0.640587,12585.266597,0.165814
P002033,10,61645.3,0.028035,1.04,64111.112,0.667587,1199.883028,0.019464
P002034,7,30765.06,0.060021,1.041,32026.42746,0.719587,1383.231476,0.044961
P002035,4,36652.0,0.123656,1.038,38044.776,0.841587,3959.226213,0.108022
P002036,3,39958.6,0.198424,1.042,41636.8612,0.751587,6209.427589,0.155397
P002037,2,24658.2,0.232614,1.04,25644.528,0.832587,4966.600463,0.201418
P002038,4,41539.29,0.133944,0.995,41331.59355,0.611587,3385.816284,0.081509
P002039,9,52271.1,0.037575,1.013,52950.6243,0.763587,1519.24108,0.029065
P002040,9,49431.48,0.03767,1.04,51408.7392,0.763587,1478.756579,0.029915
P002041,2,13389.2,0.25677,1.037,13884.6004,0.637587,2273.090512,0.16977
P002042,3,20059.2,0.164593,1.032,20701.0944,0.915587,3119.631588,0.155521
P002043,4,18741.8,0.140284,1.013,18985.4434,0.901587,2401.243446,0.128122
P002044,8,18972.8,0.050862,1.04,19731.712,0.684587,687.052165,0.036212
P002045,9,14614.73,0.040663,1.015,14833.95095,0.637587,384.590177,0.026315
P002046,3,35079.68,0.192208,1.038,36412.70784,0.762587,5337.211712,0.152145
P002047,9,22266.71,0.041804,1.02,22712.0442,0.719587,683.218034,0.030683
P002048,1,19681.2,0.321526,1.04,20468.448,0.588587,3873.569708,0.196816
P002049,10,55567.87,0.032335,1.027,57068.20249,0.586587,1082.414179,0.019479
P002050,1,22576.8,0.652956,1.042,23525.0256,0.841587,12927.454835,0.572599
P002051,6,33607.2,0.068656,1.013,34044.0936,0.832587,1946.041856,0.057906
P002052,1,23532.36,0.304514,1.038,24426.58968,0.672587,5002.856439,0.212595
P002053,3,15780.6,0.143987,1.032,16285.5792,0.719587,1687.369814,0.106927
P002054,9,19768.5,0.041406,1.04,20559.24,0.753587,641.511404,0.032451
P002055,10,39276.3,0.027129,1.037,40729.5231,0.845587,934.347962,0.023789
P002056,8,55609.6,0.048001,1.04,57833.984,0.684587,1900.491679,0.034176
P002057,5,11538.8,0.0898,1.024,11815.7312,0.520587,552.369877,0.047871
P002058,2,35288.22,0.249939,1.04,36699.7488,0.684587,6279.505213,0.177949
P002059,5,35769.6,0.103867,1.032,36914.2272,0.753587,2889.381331,0.080778
P002060,9,25416.6,0.040568,1.032,26229.9312,0.611587,650.790041,0.025605
P002061,5,25010.33,0.08795,1.027,25685.60891,0.600587,1356.761184,0.054248
P002062,4,47506.8,0.107486,1.041,49454.5788,0.719587,3825.092073,0.080517
P002063,2,20471.0,0.227145,1.038,21248.898,0.672587,3246.292085,0.15858
P002064,2,17769.4,0.267757,1.04,18480.176,0.588587,2912.445455,0.163902
P002065,7,15072.48,0.055294,1.021,15389.00208,0.427587,363.838953,0.024139
P002066,2,20999.0,0.261434,1.002,21040.998,0.841587,4629.423262,0.220459
P002067,4,33941.31,0.122055,1.038,35231.07978,0.841587,3618.937758,0.106623
P002068,3,43701.48,0.143837,1.013,44269.59924,0.667587,4250.942547,0.097272
P002069,3,13551.9,0.159163,1.04,14093.976,0.599587,1345.017488,0.099249
P002070,3,26633.34,0.155641,1.015,27032.8401,0.674587,2838.276861,0.106569
P002071,2,20358.2,0.279698,1.041,21192.8862,0.611587,3625.240872,0.178073
P002072,10,64694.61,0.031565,1.04,67282.3944,0.763587,1621.659439,0.025066
P002073,7,30478.5,0.064079,1.027,31301.4195,0.841587,1688.012727,0.055384
P002074,1,19478.8,0.326295,1.04,20257.952,0.667587,4412.798472,0.226544
P002075,10,44460.0,0.032312,1.041,46282.86,0.611587,914.621527,0.020572
P002076,7,80717.7,0.064459,1.015,81928.4655,0.667587,3525.532651,0.043677
P002077,8,16546.05,0.051872,1.015,16794.24075,0.845587,736.629389,0.04452
P002078,2,21254.2,0.257765,1.002,21296.7084,0.600587,3296.942422,0.15512
P002079,1,21056.2,0.502913,1.042,21940.5604,0.672587,7421.451326,0.352459
P002080,3,45280.02,0.149845,1.038,47000.66076,0.751587,5293.279812,0.116901
P002081,8,12473.44,0.053638,1.024,12772.80256,0.427587,292.940688,0.023485
P002082,9,53012.82,0.044023,0.995,52747.7559,0.719587,1670.967331,0.03152
P002083,8,70718.44,0.053184,1.037,73335.02228,0.637587,2486.732901,0.035164
P002084,9,19224.69,0.039751,1.04,19993.6776,0.778587,618.79479,0.032188
P002085,3,23966.46,0.171752,1.032,24733.38672,0.640587,2721.219971,0.113543
P002086,4,22381.34,0.112718,1.037,23209.44958,0.753587,1971.468087,0.088085
P002087,2,33166.0,0.296719,1.04,34492.64,0.667587,6832.49363,0.206009
P002088,3,47898.72,0.146903,0.995,47659.2264,0.640587,4484.94307,0.093634
P002089,4,21009.0,0.134405,0.995,20903.955,0.719587,2021.75254,0.096233
P002090,9,50036.48,0.042477,1.015,50787.0272,0.637587,1375.448436,0.027489
P002091,3,26344.44,0.177906,1.038,27345.52872,0.762587,3709.937045,0.140824
P002092,1,17729.95,0.429445,1.037,18385.95815,0.637587,5034.235791,0.28394
P002093,3,25534.08,0.198303,1.04,26555.4432,0.763587,4021.074943,0.157479
P002094,2,58817.97,0.211565,1.04,61170.6888,0.667587,8639.633557,0.146888
P002095,2,44743.68,0.234921,1.04,46533.4272,0.832587,9101.559344,0.203416
P002096,10,45225.25,0.030367,1.032,46672.458,0.719587,1019.866837,0.022551
P002097,7,24504.31,0.056815,1.013,24822.86603,0.901587,1271.518897,0.05189
P002098,2,15376.32,0.249281,1.027,15791.48064,0.507587,1998.124573,0.129948
P002099,10,29479.45,0.024174,1.04,30658.628,0.520587,385.829014,0.013088
P002100,1,25274.3,0.332336,1.038,26234.7234,0.600587,5236.360431,0.207181
P002101,9,18227.4,0.038433,1.024,18664.8576,0.643587,461.679896,0.025329
P002102,10,43032.97,0.032106,1.02,43893.6294,0.836587,1178.976896,0.027397
P002103,10,31973.25,0.027579,1.015,32452.84875,0.586587,525.011453,0.01642
P002104,3,22878.37,0.155188,1.013,23175.78881,0.763587,2746.324142,0.12004
P002105,4,28067.04,0.113962,1.027,28824.85008,0.586587,1926.90125,0.068654
P002106,6,28734.04,0.068668,0.995,28590.3698,0.915587,1797.531578,0.062558
P002107,9,44769.26,0.044762,1.032,46201.87632,0.640587,1324.775508,0.029591
P002108,10,41674.62,0.029404,1.027,42799.83474,0.586587,738.201817,0.017713
P002109,2,19585.02,0.283157,1.024,20055.06048,0.520587,2956.26943,0.150945
P002110,9,106664.67,0.042584,1.015,108264.64005,0.763587,3520.37362,0.033004
P002111,3,20895.6,0.186507,1.042,21773.2152,0.751587,3052.08798,0.146064
P002112,7,57440.25,0.061144,1.032,59278.338,0.611587,2216.71296,0.038592
P002113,5,18244.6,0.092809,1.04,18974.384,0.763587,1344.664987,0.073702
P002114,6,21907.64,0.081251,1.013,22192.43932,0.753587,1358.840051,0.062026
P002115,3,17622.18,0.201317,1.015,17886.5127,0.674587,2429.08635,0.137843
P002116,5,74045.82,0.094948,1.013,75008.41566,0.667587,4754.465504,0.06421
P002117,3,47134.89,0.165056,1.002,47229.15978,0.762587,5944.696637,0.126121
P002118,9,21499.17,0.039792,1.038,22316.13846,0.679587,603.469141,0.028069
P002119,4,26513.2,0.116716,1.032,27361.6224,0.611587,1953.121902,0.073666
P002120,8,23184.0,0.045639,1.024,23740.416,0.427587,463.287498,0.019983
P002121,10,43093.75,0.033808,1.015,43740.15625,0.586587,867.428326,0.020129
P002122,5,10746.19,0.093087,1.024,11004.09856,0.857587,878.459276,0.081746
P002123,1,31747.95,0.392045,1.042,33081.3639,0.672587,8723.035788,0.274759
P002124,5,31205.43,0.092983,1.027,32047.97661,0.672587,2004.243233,0.064227
P002125,7,37978.08,0.054318,1.02,38737.6416,0.832587,1751.883421,0.046129
P002126,2,29334.36,0.254096,1.037,30419.73132,0.637587,4928.250721,0.168003
P002127,3,30997.12,0.208738,1.04,32237.0048,0.667587,4492.25738,0.144925
P002128,1,20390.48,0.344827,1.04,21206.0992,0.753587,5510.547399,0.270251
P002129,2,20805.15,0.284229,1.02,21221.253,0.719587,4340.330564,0.208618
P002130,3,20752.6,0.158135,1.027,21312.9202,0.923587,3112.781146,0.149995
P002131,7,28482.48,0.06618,1.003,28567.92744,0.637587,1205.445831,0.042322
P002132,3,19938.6,0.20053,1.027,20476.9422,0.766587,3147.790109,0.157874
P002133,4,48882.18,0.111729,1.015,49615.4127,0.684587,3795.009737,0.077636
P002134,3,38966.55,0.180809,1.038,40447.2789,0.672587,4918.770823,0.126231
P002135,6,28942.64,0.083447,1.04,30100.3456,0.832587,2091.286188,0.072256
P002136,8,52233.93,0.046841,1.015,53017.43895,0.637587,1583.365477,0.030313
P002137,7,18506.4,0.060334,1.04,19246.656,0.832587,966.829801,0.052243
P002138,10,32651.0,0.027131,1.021,33336.671,0.599587,542.30392,0.016609
P002139,1,21157.4,0.366759,1.042,22046.0108,0.672587,5438.245721,0.257038
P002140,10,31278.52,0.022852,1.027,32123.04004,0.600587,440.877349,0.014095
P002141,3,23547.93,0.169811,1.042,24536.94306,0.841587,3506.5847,0.148913
P002142,2,20211.4,0.226153,1.027,20757.1078,0.841587,3950.652966,0.195467
P002143,2,26495.52,0.24295,1.027,27210.89904,0.841587,5563.640696,0.209984
P002144,8,40055.4,0.044869,1.04,41657.616,0.901587,1685.190054,0.042071
P002145,10,60245.23,0.036387,1.02,61450.1346,0.611587,1367.498252,0.022699
P002146,10,40293.0,0.034475,1.04,41904.72,0.667587,964.432361,0.023935
P002147,10,43689.88,0.033812,1.032,45087.95616,0.719587,1097.027978,0.025109
P002148,4,33785.46,0.107163,1.027,34697.66742,0.762587,2835.536106,0.083928
P002149,1,17065.4,0.308841,1.032,17611.4928,0.753587,4098.87625,0.240186
P002150,7,44281.4,0.059683,1.015,44945.621,0.667587,1790.788183,0.040441
P002151,4,33617.92,0.123461,1.027,34525.60384,0.845587,3604.360099,0.107215
P002152,1,21304.44,0.527228,1.041,22177.92204,0.836587,9782.052774,0.459156
P002153,7,16709.0,0.054207,1.032,17243.688,0.915587,855.817767,0.051219
P002154,10,35151.21,0.0339,1.002,35221.51242,0.600587,717.104035,0.020401
P002155,4,56371.78,0.125388,1.015,57217.3567,0.763587,5478.26578,0.097181
P002156,6,27226.62,0.080735,1.02,27771.1524,0.915587,2052.8413,0.075398
P002157,8,55390.93,0.050155,1.015,56221.79395,0.763587,2153.160596,0.038872
P002158,8,25307.16,0.04628,1.015,25686.7674,0.637587,757.958601,0.02995
P002159,2,31756.52,0.21097,1.015,32232.8678,0.637587,4335.694674,0.136529
P002160,4,23256.2,0.112507,1.042,24232.9604,0.923587,2518.039649,0.108274
P002161,1,25096.68,0.584527,1.042,26150.74056,0.600587,9180.455226,0.365804
P002162,10,58562.1,0.035445,1.003,58737.7863,0.637587,1327.432308,0.022667
P002163,1,25672.26,0.541957,1.04,26699.1504,0.684587,9905.830845,0.385857
P002164,7,16065.0,0.058312,1.04,16707.6,0.427587,416.580507,0.025931
P002165,7,42994.2,0.058603,1.037,44584.9854,0.586587,1532.630962,0.035647
P002166,10,95774.04,0.033723,1.04,99605.0016,0.763587,2564.896219,0.026781
P002167,10,33743.5,0.026079,0.995,33574.7825,0.611587,535.512339,0.01587
P002168,2,32240.67,0.270493,1.038,33465.81546,0.841587,7618.271355,0.236294
P002169,2,22244.96,0.250096,1.027,22845.57392,0.766587,4379.957448,0.196897
P002170,5,13250.6,0.095214,1.027,13608.3662,0.845587,1095.636183,0.082686
P002171,5,18725.09,0.099719,1.027,19230.66743,0.637587,1222.676196,0.065296
P002172,8,40278.05,0.048241,1.037,41768.33785,0.586587,1181.931007,0.029344
P002173,8,23833.18,0.050134,1.027,24476.67586,0.923587,1133.338518,0.047553
P002174,5,51958.0,0.106063,1.015,52737.37,0.637587,3566.335644,0.068639
P002175,8,28216.5,0.047894,1.041,29373.3765,0.719587,1012.328385,0.035877
P002176,7,24391.05,0.060458,1.02,24878.871,0.719587,1082.345625,0.044375
P002177,2,16495.6,0.264749,1.02,16825.512,0.753587,3356.877625,0.203501
P002178,5,34592.94,0.101497,1.015,35111.8341,0.763587,2721.22732,0.078664
P002179,8,30780.99,0.04481,1.04,32012.2296,0.763587,1095.340774,0.035585
P002180,2,47334.0,0.245699,1.038,49132.692,0.762587,9205.84548,0.194487
P002181,10,34365.87,0.03468,1.015,34881.35805,0.586587,709.587047,0.020648
P002182,1,51308.6,0.529058,1.027,52693.9322,0.751587,20952.850171,0.408369
P002183,1,22538.24,0.73243,1.041,23462.30784,0.836587,14376.330227,0.637864
P002184,7,19240.74,0.055436,0.995,19144.5363,0.611587,649.077596,0.033735
P002185,6,15846.6,0.079491,1.02,16163.532,0.832587,1069.753151,0.067507
P002186,2,24872.7,0.265236,1.027,25544.2629,0.923587,6257.549311,0.251583
P002187,5,39801.28,0.093729,1.04,41393.3312,0.901587,3497.937939,0.087885
P002188,3,52198.4,0.159209,1.04,54286.336,0.763587,6599.56839,0.126432
P002189,7,25719.1,0.059718,0.98,25204.718,0.427587,643.589272,0.025024
P002190,5,32867.52,0.104451,1.013,33294.79776,0.763587,2655.500407,0.080794
P002191,3,18724.2,0.204245,1.04,19473.168,0.832587,3311.447996,0.176854
P002192,4,37064.06,0.110169,1.015,37620.0209,0.763587,3164.722233,0.085385
P002193,1,25469.84,0.397912,1.038,26437.69392,0.751587,7906.589654,0.310429
P002194,4,21755.0,0.108281,1.013,22037.815,0.901587,2151.438945,0.098894
P002195,2,20717.4,0.220188,1.027,21276.7698,0.672587,3150.990056,0.152094
P002196,7,12790.8,0.05428,1.04,13302.432,0.427587,308.742026,0.024138
P002197,10,38672.9,0.024405,1.041,40258.4889,0.915587,899.576601,0.023261
P002198,2,27470.81,0.253332,1.002,27525.75162,0.923587,6440.319342,0.234442
P002199,5,24672.06,0.095479,1.032,25461.56592,0.611587,1486.793186,0.060262
P002200,3,18843.0,0.153201,1.013,19087.959,0.667587,1952.219336,0.103604
P002201,9,56610.74,0.042653,1.015,57459.9011,0.763587,1871.413961,0.033058
P002202,3,51174.8,0.204824,1.013,51840.0724,0.832587,8840.46511,0.17275
P002203,1,27909.36,0.572961,1.04,29025.7344,0.763587,12698.9089,0.455005
P002204,10,68888.61,0.023887,1.027,70748.60247,0.586587,991.301663,0.01439
P002205,8,19826.4,0.045089,1.042,20659.1088,0.600587,559.447731,0.028217
P002206,2,23512.88,0.281038,1.038,24406.36944,0.600587,4119.487649,0.175201
P002207,1,82668.6,0.340285,1.04,85975.344,0.667587,19530.975815,0.236256
P002208,2,30889.04,0.250888,1.04,32124.6016,0.832587,6710.385684,0.217242
P002209,10,38176.3,0.023771,1.024,39092.5312,0.427587,397.343163,0.010408
P002210,7,50219.56,0.059681,1.04,52228.3424,0.763587,2380.118655,0.047394
P002211,7,21409.8,0.06278,1.015,21730.947,0.832587,1135.865315,0.053054
P002212,10,34947.75,0.034434,1.04,36345.66,0.832587,1041.998425,0.029816
P002213,10,65389.14,0.034749,0.995,65062.1943,0.611587,1382.691336,0.021146
P002214,2,52067.64,0.26337,1.038,54046.21032,0.679587,9673.347357,0.185784
P002215,5,16682.6,0.104185,1.032,17216.4432,0.719587,1290.719669,0.077369
P002216,3,18968.4,0.196585,1.013,19214.9892,0.763587,2884.358473,0.152061
P002217,1,19069.02,0.526043,1.04,19831.7808,0.763587,7966.022738,0.417747
P002218,1,14660.8,0.322379,1.027,15056.6416,0.586587,2847.259715,0.194209
P002219,10,42848.16,0.029774,1.038,44476.39008,0.751587,995.285307,0.023228
P002220,1,68491.5,0.454687,1.04,71231.16,0.588587,19063.069859,0.278328
P002221,3,47816.58,0.188231,1.042,49824.87636,0.679587,6373.573132,0.133292
P002222,3,33531.68,0.171097,1.013,33967.59184,0.667587,3879.849853,0.115707
P002223,3,18334.8,0.195168,1.015,18609.822,0.901587,3274.60412,0.1786
P002224,8,24035.58,0.053255,0.98,23554.8684,0.643587,807.317198,0.033588
P002225,2,8429.4,0.265031,1.024,8631.7056,0.599587,1371.657039,0.162723
P002226,5,75925.82,0.099356,1.027,77975.81714,0.751587,5822.789127,0.076691
P002227,8,51226.55,0.045591,1.038,53173.1589,0.751587,1821.997509,0.035567
P002228,3,21770.0,0.170667,1.015,22096.55,0.901587,3400.02643,0.156179
P002229,10,60520.3,0.03354,0.995,60217.6985,0.611587,1235.237512,0.02041
P002230,4,16055.6,0.139364,1.041,16713.8796,0.640587,1492.124097,0.092935
P002231,4,42465.0,0.130754,1.002,42549.93,0.762587,4242.710736,0.099911
P002232,5,33438.63,0.096055,1.041,34809.61383,0.832587,2783.872762,0.083253
P002233,3,18552.6,0.184487,1.015,18830.889,0.832587,2892.456579,0.155906
P002234,1,27981.8,0.366674,1.038,29045.1084,0.751587,8004.457755,0.286059
P002235,10,93712.5,0.03309,1.04,97461.0,0.763587,2462.5723,0.026278
P002236,10,41368.5,0.031108,1.032,42692.292,0.611587,812.222531,0.019634
P002237,3,44780.0,0.187925,1.013,45362.14,0.763587,6509.320793,0.145362
P002238,8,37258.62,0.047367,1.027,38264.60274,0.600587,1088.548607,0.029216
P002239,2,31910.06,0.286809,1.04,33186.4624,0.901587,8581.469404,0.268927
P002240,1,30772.0,0.339284,1.027,31602.844,0.672587,7211.705266,0.234359
P002241,9,17867.52,0.043011,1.027,18349.94304,0.637587,503.211425,0.028163
P002242,7,54522.4,0.062461,1.04,56703.296,0.667587,2364.406989,0.043366
P002243,1,22466.48,0.749961,1.041,23387.60568,0.832587,14603.401114,0.650008
P002244,2,18486.98,0.236729,1.027,18986.12846,0.586587,2636.450292,0.142611
P002245,8,57871.3,0.048546,1.02,59028.726,0.611587,1752.567296,0.030284
P002246,5,22241.11,0.098719,1.015,22574.72665,0.763587,1701.692635,0.076511
P002247,2,46638.16,0.294347,1.038,48410.41008,0.841587,11992.16596,0.257132
P002248,9,47463.72,0.04328,1.04,49362.2688,0.667587,1426.235259,0.030049
P002249,4,19659.2,0.126207,1.04,20445.568,0.588587,1518.768353,0.077255
P002250,7,32324.61,0.058224,1.04,33617.5944,0.832587,1629.666938,0.050416
P002251,6,29057.55,0.069937,1.038,30161.7369,0.672587,1418.774833,0.048826
P002252,10,43641.5,0.029635,1.024,44688.896,0.427587,566.277321,0.012976
P002253,9,58848.25,0.039167,1.04,61202.18,0.763587,1830.40125,0.031104
P002254,1,21754.05,0.315137,1.041,22645.96605,0.532587,3800.842641,0.174719
P002255,4,36288.6,0.118304,0.995,36107.157,0.532587,2275.000856,0.062692
P002256,10,24207.37,0.024474,0.98,23723.2226,0.643587,373.672899,0.015436
P002257,1,22943.2,0.358347,1.04,23860.928,0.901587,7709.007577,0.336004
P002258,1,39309.04,0.303453,1.042,40960.01968,0.672587,8359.867026,0.21267
P002259,2,19340.16,0.288559,1.013,19591.58208,0.901587,5096.962398,0.263543
P002260,1,19514.0,0.338708,1.04,20294.56,0.588587,4045.905325,0.207333
P002261,8,29253.48,0.045327,1.027,30043.32396,0.586587,798.801474,0.027306
P002262,8,28418.22,0.045366,1.04,29554.9488,0.643587,862.9238,0.030365
P002263,9,15302.72,0.037719,1.003,15348.62816,0.637587,369.120059,0.024121
P002264,7,158180.76,0.062834,1.02,161344.3752,0.719587,7295.101433,0.046119
P002265,7,60781.32,0.056717,1.002,60902.88264,0.751587,2596.143567,0.042713
P002266,9,22176.0,0.04059,1.041,23085.216,0.611587,573.070298,0.025842
P002267,3,38970.71,0.175599,1.04,40529.5384,0.684587,4872.157218,0.125021
P002268,7,26697.48,0.058328,1.002,26750.87496,0.923587,1441.087253,0.053978
P002269,10,18059.9,0.03672,1.037,18728.1163,0.637587,438.462858,0.024278
P002270,10,28146.72,0.029607,1.015,28568.9208,0.832587,704.23453,0.02502
P002271,3,28135.08,0.185445,1.04,29260.4832,0.763587,4143.380932,0.147267
P002272,3,21951.22,0.166179,1.037,22763.41514,0.753587,2850.671589,0.129864
P002273,2,41629.44,0.257652,1.042,43377.87648,0.679587,7595.338436,0.182451
P002274,10,28041.75,0.035758,1.041,29191.46175,0.719587,751.133301,0.026786
P002275,2,22512.51,0.262576,1.04,23413.0104,0.763587,4694.290867,0.208519
P002276,2,27006.6,0.238651,1.04,28086.864,0.753587,5051.267521,0.187038
P002277,2,65684.64,0.241394,1.042,68443.39488,0.672587,11112.340199,0.169177
P002278,8,51656.18,0.045929,1.002,51759.49236,0.600587,1427.763827,0.02764
P002279,3,36150.48,0.161913,1.04,37596.4992,0.667587,4063.835694,0.112414
P002280,1,16691.4,0.573246,1.02,17025.228,0.640587,6251.899585,0.374558
P002281,2,21560.0,0.21615,1.027,22142.12,0.672587,3219.018477,0.149305
P002282,3,10161.8,0.182309,1.024,10405.6832,0.643587,1220.912686,0.120147
P002283,7,46704.2,0.05578,1.032,48198.7344,0.915587,2461.596794,0.052706
P002284,5,23981.6,0.104914,0.995,23861.692,0.719587,1801.42859,0.075117
P002285,2,83325.83,0.235455,1.042,86825.51486,0.672587,13750.040338,0.165015
P002286,2,76480.0,0.216498,1.027,78544.96,0.679587,11556.235792,0.151101
P002287,4,38599.08,0.127653,1.015,39178.0662,0.763587,3818.859367,0.098937
P002288,1,23965.62,0.462279,1.042,24972.17604,0.600587,6933.245164,0.2893
P002289,2,25693.96,0.295993,1.013,26027.98148,0.667587,5143.156694,0.20017
P002290,9,57756.01,0.042133,1.027,59315.42227,0.586587,1465.970322,0.025382
P002291,10,34680.2,0.030008,0.98,33986.596,0.599587,611.502926,0.017633
P002292,2,48902.0,0.270656,1.002,48999.804,0.841587,11161.183426,0.228236
P002293,1,15620.0,0.308778,1.041,16260.42,0.611587,3070.687199,0.196587
P002294,10,37287.36,0.035055,1.013,37772.09568,0.588587,779.351689,0.020901
P002295,3,44832.67,0.203836,1.04,46625.9768,0.588587,5593.961842,0.124774
P002296,10,38931.39,0.035975,1.02,39710.0178,0.611587,873.688323,0.022442
P002297,2,40194.8,0.27255,1.04,41802.592,0.763587,8699.77174,0.21644
P002298,6,51653.25,0.071522,1.015,52428.04875,0.845587,3170.755511,0.061385
P002299,4,19856.78,0.107333,1.032,20492.19696,0.719587,1582.724127,0.079707
P002300,9,54493.56,0.03836,1.027,55964.88612,0.751587,1613.534603,0.02961
P002301,10,17362.8,0.032638,1.015,17623.242,0.586587,337.397894,0.019432
P002302,10,14542.77,0.035471,1.021,14848.16817,0.348587,183.593899,0.012624
P002303,5,40395.52,0.102646,1.015,41001.4528,0.586587,2468.733861,0.061114
P002304,6,48966.54,0.081653,1.038,50827.26852,0.600587,2492.558284,0.050903
P002305,3,19289.6,0.183623,1.04,20061.184,0.763587,2812.819775,0.145821
P002306,6,49784.76,0.067969,1.04,51776.1504,0.684587,2409.183405,0.048392
P002307,1,44947.84,0.589591,1.04,46745.7536,0.822587,22671.212434,0.504389
P002308,8,20212.98,0.052427,1.041,21041.71218,0.832587,918.475548,0.04544
P002309,5,15144.8,0.102095,1.003,15190.2344,0.586587,909.708823,0.060067
P002310,4,52524.66,0.110795,1.02,53575.1532,0.719587,4271.380273,0.081321
P002311,6,39400.38,0.072481,1.041,41015.79558,0.719587,2139.229151,0.054295
P002312,7,14997.4,0.058372,1.037,15552.3038,0.637587,578.81796,0.038595
P002313,5,64938.96,0.091818,1.038,67406.64048,0.672587,4162.749413,0.064102
P002314,7,35424.4,0.062267,1.04,36841.376,0.667587,1531.444678,0.043231
P002315,5,16439.56,0.086837,1.032,16965.62592,0.611587,901.01156,0.054808
P002316,8,30464.28,0.048038,1.003,30555.67284,0.753587,1106.137218,0.036309
P002317,2,14541.8,0.2937,1.04,15123.472,0.643587,2858.66277,0.196582
P002318,7,21312.72,0.064527,1.02,21738.9744,0.611587,857.901458,0.040253
P002319,2,19062.24,0.274994,1.027,19576.92048,0.586587,3157.908466,0.165663
P002320,2,56910.21,0.271455,1.042,59300.43882,0.751587,12098.602114,0.212591
P002321,9,71642.62,0.041378,1.042,74651.61004,0.751587,2321.596468,0.032405
P002322,3,73616.25,0.182427,1.015,74720.49375,0.763587,10408.46364,0.141388
P002323,2,19532.82,0.251744,1.041,20333.66562,0.836587,4282.379545,0.21924
P002324,1,19657.78,0.364359,1.027,20188.54006,0.637587,4690.002678,0.238583
P002325,1,30764.2,0.310961,1.032,31748.6544,0.640587,6324.258744,0.205572
P002326,7,15144.8,0.066148,1.037,15705.1576,0.586587,609.383166,0.040237
P002327,1,18634.0,0.518557,1.04,19379.36,0.763587,7673.516118,0.411802
P002328,10,67359.53,0.033269,1.02,68706.7206,0.611587,1397.969084,0.020754
P002329,9,29738.1,0.041198,1.015,30184.1715,0.763587,949.540392,0.03193
P002330,1,32340.0,0.339805,1.038,33568.92,0.923587,10535.262188,0.325766
P002331,9,23219.0,0.042289,1.032,23962.008,0.719587,729.183529,0.031405
P002332,3,18289.96,0.203993,1.04,19021.5584,0.684587,2656.378285,0.145237
P002333,1,15248.2,0.442061,1.027,15659.9014,0.637587,4413.781365,0.289462
P002334,9,61992.6,0.038021,1.04,64472.304,0.667587,1636.457207,0.026398
P002335,8,26800.81,0.047891,1.024,27444.02944,0.599587,788.056347,0.029404
P002336,9,86003.53,0.03817,1.032,88755.64296,0.611587,2071.909722,0.024091
P002337,1,24758.5,0.492181,1.02,25253.67,0.719587,8944.015563,0.36125
P002338,7,24108.0,0.061827,1.015,24469.62,0.507587,767.91518,0.031853
P002339,1,24013.08,0.44143,1.037,24901.56396,0.753587,8283.653582,0.344964
P002340,10,23142.45,0.03688,1.037,23998.72065,0.586587,519.171752,0.022434
P002341,7,30284.31,0.061496,1.013,30678.00603,0.763587,1440.563484,0.047568
P002342,10,37685.2,0.036696,1.04,39192.608,0.832587,1197.433368,0.031775
P002343,6,30632.34,0.074085,1.041,31888.26594,0.532587,1258.199068,0.041074
P002344,4,55121.76,0.127874,1.038,57216.38688,0.679587,4972.200556,0.090204
P002345,7,31534.32,0.060407,1.04,32795.6928,0.763587,1512.731909,0.047971
P002346,9,36134.67,0.038644,1.013,36604.42071,0.667587,944.335651,0.026134
P002347,2,36993.51,0.249003,1.04,38473.2504,0.763587,7315.121685,0.197741
P002348,10,21057.75,0.035601,1.015,21373.61625,0.586587,446.341473,0.021196
P002349,1,17155.6,0.328041,1.041,17858.9796,0.832587,4877.691853,0.284321
P002350,9,41502.39,0.04106,1.032,42830.46648,0.719587,1265.474685,0.030492
P002351,6,23234.75,0.069959,1.015,23583.27125,0.845587,1395.096623,0.060044
P002352,2,32591.0,0.21548,1.024,33373.184,0.564587,4060.081115,0.124577
P002353,4,23999.48,0.139071,1.013,24311.47324,0.684587,2314.609112,0.096444
P002354,4,48892.68,0.131411,1.02,49870.5336,0.719587,4715.843288,0.096453
P002355,8,20199.6,0.051833,1.021,20623.7916,0.427587,457.088476,0.022629
P002356,3,38913.03,0.162338,1.038,40391.72514,0.751587,4928.224445,0.126647
P002357,10,27188.7,0.032488,0.98,26644.926,0.599587,519.021411,0.01909
P002358,2,20387.4,0.214939,1.038,21162.1212,0.841587,3828.015203,0.187764
P002359,8,23254.0,0.047909,1.04,24184.16,0.684587,793.190076,0.03411
P002360,2,16022.6,0.29339,0.995,15942.487,0.832587,3894.307759,0.243051
P002361,5,16506.6,0.085139,1.032,17034.8112,0.640587,929.056421,0.056284
P002362,1,34036.32,0.34795,1.042,35465.84544,0.751587,9274.839916,0.272498
P002363,3,38767.95,0.155229,1.04,40318.668,0.599587,3752.58228,0.096796
P002364,8,10877.88,0.051002,1.021,11106.31548,0.599587,339.630503,0.031222
P002365,8,35648.56,0.050433,1.042,37145.79952,0.751587,1408.001094,0.039497
P002366,2,24217.62,0.287956,1.041,25210.54242,0.719587,5223.866316,0.215705
P002367,1,14856.6,0.428263,1.037,15406.2942,0.586587,3870.264024,0.260508
P002368,6,14889.28,0.083109,0.98,14591.4944,0.599587,727.10803,0.048834
P002369,3,55902.5,0.156996,1.042,58250.405,0.679587,6214.880689,0.111174
P002370,4,28085.75,0.14208,1.032,28984.494,0.832587,3428.693538,0.122079
P002371,1,12347.7,0.424961,1.04,12841.608,0.348587,1902.302221,0.154061
P002372,9,38527.6,0.042753,1.032,39760.4832,0.611587,1039.630406,0.026984
P002373,8,18497.6,0.048556,1.015,18775.064,0.832587,759.024944,0.041034
P002374,10,15314.2,0.033535,1.015,15543.913,0.637587,332.350442,0.021702
P002375,1,16647.4,0.509005,0.995,16564.163,0.532587,4490.366669,0.269734
P002376,8,43174.39,0.049602,1.04,44901.3656,0.763587,1700.656165,0.03939
P002377,6,47730.8,0.076352,1.04,49640.032,0.753587,2856.175273,0.059839
P002378,2,29151.97,0.210276,1.04,30318.0488,0.667587,4255.970901,0.145993
P002379,1,16412.0,0.381079,1.02,16740.24,0.836587,5336.885685,0.325182
P002380,6,15503.4,0.072134,1.041,16139.0394,0.611587,711.99076,0.045925
P002381,1,32144.0,0.325119,1.002,32208.288,0.600587,6289.068832,0.195653
P002382,10,78939.48,0.035221,1.003,79176.29844,0.586587,1635.785876,0.020722
P002383,10,55040.1,0.034267,1.04,57241.704,0.763587,1497.795881,0.027213
P002384,5,23643.12,0.085965,1.024,24210.55488,0.857587,1784.860705,0.075492
P002385,1,33384.48,0.3969,1.02,34052.1696,0.915587,12374.436567,0.370664
P002386,3,32518.22,0.190216,1.038,33753.91236,0.672587,4318.3605,0.132798
P002387,2,19241.2,0.294113,1.04,20010.848,0.588587,3464.098832,0.180035
P002388,1,29580.32,0.409299,1.04,30763.5328,0.832587,10483.504478,0.354408
P002389,1,63280.8,0.521694,1.04,65812.032,0.588587,20208.368954,0.319344
P002390,9,70810.2,0.037302,1.04,73642.608,0.588587,1616.842533,0.022833
P002391,3,16307.76,0.186433,1.015,16552.3764,0.637587,1967.53339,0.12065
P002392,3,36648.17,0.153028,1.042,38187.39314,0.923587,5397.204284,0.147271
P002393,10,26400.39,0.032881,1.015,26796.39585,0.667587,588.209568,0.02228
P002394,4,87879.88,0.122919,1.04,91395.0752,0.763587,8578.309033,0.097614
P002395,8,34264.89,0.049545,1.013,34710.33357,0.832587,1431.825455,0.041787
P002396,2,28020.0,0.2185,1.032,28916.64,0.832587,5260.514072,0.187741
P002397,10,36699.65,0.02471,1.024,37580.4416,0.599587,556.791973,0.015172
P002398,6,15306.5,0.068661,1.027,15719.7755,0.637587,688.172005,0.044959
P002399,3,28789.36,0.209024,1.04,29940.9344,0.667587,4178.014474,0.145124
P002400,1,20509.84,0.35443,1.015,20817.4876,0.507587,3745.151636,0.182603
P002401,10,37076.71,0.036745,1.04,38559.7784,0.832587,1179.672745,0.031817
P002402,8,22175.1,0.04657,1.04,23062.104,0.667587,716.98268,0.032333
P002403,4,37620.09,0.111551,0.995,37431.98955,0.832587,3476.514183,0.092411
P002404,8,21755.5,0.052978,1.037,22560.4535,0.674587,806.273184,0.037061
P002405,4,16658.16,0.115237,1.015,16908.0324,0.637587,1242.298431,0.074576
P002406,1,14335.2,0.536408,1.027,14722.2504,0.637587,5035.104579,0.351241
P002407,6,18254.6,0.080635,1.021,18637.9466,0.427587,642.606862,0.035202
P002408,1,16940.0,0.306456,0.995,16855.3,0.753587,3892.582282,0.229786
P002409,7,28277.52,0.060055,1.041,29436.89832,0.611587,1081.184608,0.038235
P002410,2,18047.12,0.235902,1.027,18534.39224,0.637587,2787.722852,0.154469
P002411,8,21663.72,0.049492,1.003,21728.71116,0.637587,685.660489,0.03165
P002412,2,27387.8,0.232577,1.003,27469.9634,0.637587,4073.472078,0.148733
P002413,4,42165.27,0.11288,1.04,43851.8808,0.763587,3779.743642,0.089641
P002414,4,28608.21,0.126254,1.04,29752.5384,0.763587,2868.319848,0.100262
P002415,1,21465.4,0.324103,1.038,22281.0852,0.751587,5427.486666,0.252848
P002416,10,24444.95,0.024534,0.995,24322.72525,0.915587,546.361886,0.022351
P002417,8,60716.16,0.046363,1.002,60837.59232,0.751587,2119.95614,0.034916
P002418,9,29351.8,0.042073,1.003,29439.8554,0.507587,628.701968,0.02142
P002419,8,23725.48,0.051742,1.003,23796.65644,0.753587,927.882755,0.039109
P002420,2,18535.0,0.223884,1.013,18775.955,0.763587,3209.839122,0.173177
P002421,3,42314.38,0.164299,1.04,44006.9552,0.832587,6019.837357,0.142265
P002422,7,21383.67,0.065598,1.038,22196.24946,0.751587,1094.327095,0.051176
P002423,9,54695.28,0.038343,1.015,55515.7092,0.667587,1421.045859,0.025981
P002424,3,39825.0,0.160328,0.98,39028.5,0.599587,3751.838581,0.094208
P002425,1,34345.62,0.30675,1.015,34860.8043,0.667587,7138.877124,0.207854
P002426,1,18266.6,0.305796,1.04,18997.264,0.684587,3976.961818,0.217718
P002427,1,58696.9,0.381729,1.037,60868.6853,0.586587,13629.558279,0.232202
P002428,9,33860.6,0.038952,1.015,34368.509,0.667587,893.712754,0.026394
P002429,1,29808.87,0.36465,1.027,30613.70949,0.637587,7117.562164,0.238773
P002430,8,25302.98,0.046707,1.041,26340.40218,0.832587,1024.315697,0.040482
P002431,10,25532.26,0.033656,1.032,26349.29232,0.611587,542.358742,0.021242
P002432,7,17303.0,0.059427,0.995,17216.485,0.611587,625.723981,0.036163
P002433,7,16262.4,0.064683,1.02,16587.648,0.719587,772.067065,0.047476
P002434,10,40280.4,0.035611,1.015,40884.606,0.586587,854.044975,0.021202
P002435,9,32114.88,0.039513,1.02,32757.1776,0.719587,931.397086,0.029002
P002436,10,67474.56,0.032218,1.032,69633.74592,0.611587,1372.073587,0.020335
P002437,10,60520.51,0.030906,1.02,61730.9202,0.832587,1588.431706,0.026246
P002438,10,78514.18,0.033586,1.015,79691.8927,0.667587,1786.83468,0.022758
P002439,6,39502.98,0.071202,1.038,41004.09324,0.679587,1984.099984,0.050227
P002440,8,31767.52,0.051459,1.04,33038.2208,0.763587,1298.186671,0.040865
P002441,10,33870.46,0.02722,1.02,34547.8692,0.719587,676.701922,0.019979
P002442,2,26045.25,0.25349,1.02,26566.155,0.640587,4313.868984,0.16563
P002443,10,37258.65,0.033989,1.015,37817.52975,0.637587,819.540372,0.021996
P002444,2,23603.4,0.220976,1.015,23957.451,0.832587,4407.735581,0.186742
P002445,7,29343.63,0.060788,1.04,30517.3752,0.427587,793.215604,0.027032
P002446,1,20369.8,0.325458,1.042,21225.3316,0.679587,4694.557396,0.230467
P002447,1,46244.35,0.391517,1.037,47955.39095,0.766587,14392.94236,0.311237
P002448,5,34277.78,0.106399,1.027,35203.28006,0.923587,3459.386693,0.100922
P002449,1,27207.39,0.477155,1.003,27289.01217,0.637587,8302.067267,0.30514
P002450,8,37696.24,0.04757,1.04,39204.0896,0.588587,1097.68931,0.029119
P002451,3,37068.85,0.195904,1.015,37624.88275,0.832587,6136.899754,0.165554
P002452,5,30806.67,0.086733,1.027,31638.45009,0.679587,1864.850964,0.060534
P002453,9,30408.24,0.041986,1.02,31016.4048,0.611587,796.441137,0.026192
P002454,5,59957.6,0.089978,1.04,62355.904,0.667587,3745.600132,0.062471
P002455,3,42709.32,0.151437,1.02,43563.5064,0.753587,4971.496227,0.116403
P002456,4,18875.24,0.1396,1.02,19252.7448,0.611587,1643.745785,0.087085
P002457,1,38789.34,0.448262,1.038,40263.33492,0.672587,12139.187165,0.312952
P002458,5,29904.45,0.08801,1.04,31100.628,0.684587,1873.830633,0.062661
P002459,9,35834.06,0.037781,1.024,36694.07744,0.520587,721.710782,0.02014
P002460,3,20005.6,0.15443,1.041,20825.8296,0.836587,2690.577235,0.134491
P002461,10,22957.81,0.036553,1.04,23876.1224,0.763587,666.411472,0.029028
P002462,2,36546.4,0.243267,1.04,38008.256,0.753587,6967.770793,0.190655
P002463,2,24649.02,0.27955,1.015,25018.7553,0.558587,3906.747165,0.158495
P002464,1,18777.0,0.416758,1.015,19058.655,0.753587,5985.629689,0.318775
P002465,4,19973.3,0.117971,1.015,20272.8995,0.586587,1402.887517,0.070238
P002466,9,37719.96,0.041167,1.024,38625.23904,0.427587,679.901338,0.018025
P002467,10,24761.34,0.035554,0.98,24266.1132,0.427587,368.900824,0.014898
P002468,10,55527.34,0.03292,1.04,57748.4336,0.667587,1269.148807,0.022856
P002469,7,43933.4,0.063535,1.04,45690.736,0.667587,1937.988309,0.044112
P002470,8,34576.62,0.048379,1.02,35268.1524,0.832587,1420.58994,0.041085
P002471,1,17263.38,0.472919,1.04,17953.9152,0.857587,7281.555665,0.421792
P002472,5,48997.62,0.09736,1.037,50810.53194,0.507587,2510.97776,0.051247
P002473,10,25129.98,0.033059,1.02,25632.5796,0.640587,542.822529,0.021601
P002474,3,33293.76,0.151078,0.995,33127.2912,0.719587,3601.398782,0.10817
P002475,3,18744.0,0.191904,1.015,19025.16,0.667587,2437.368212,0.130035
P002476,6,43179.92,0.068401,1.02,44043.5184,0.719587,2167.855924,0.050205
P002477,2,20608.5,0.260446,1.032,21267.972,0.719587,3985.906888,0.193411
P002478,8,16744.2,0.05352,1.02,17079.084,0.719587,657.756732,0.039283
P002479,2,19371.0,0.22212,1.04,20145.84,0.822587,3680.901162,0.190021
P002480,10,17126.19,0.036761,0.98,16783.6662,0.427587,263.816122,0.015404
P002481,6,16797.0,0.073837,1.02,17132.94,0.719587,910.314409,0.054195
P002482,4,36889.35,0.120525,1.04,38364.924,0.763587,3530.770676,0.095712
P002483,9,35888.8,0.038413,1.015,36427.132,0.637587,892.16494,0.024859
P002484,9,69704.92,0.041813,1.015,70750.4938,0.667587,1974.905102,0.028332
P002485,7,41092.38,0.056082,1.038,42653.89044,0.923587,2209.322109,0.053765
P002486,2,20242.2,0.298893,1.038,21011.4036,0.841587,5285.305983,0.261103
P002487,7,18816.6,0.055667,1.013,19061.2158,0.667587,708.367797,0.037646
P002488,10,26470.07,0.030759,1.02,26999.4714,0.832587,691.454938,0.026122
P002489,10,77950.92,0.035882,1.041,81146.90772,0.719587,2095.208305,0.026879
P002490,3,69448.48,0.149731,1.038,72087.52224,0.679587,7335.279456,0.105622
P002491,6,29713.59,0.069178,1.04,30902.1336,0.667587,1427.141616,0.04803
P002492,1,26656.24,0.314706,1.038,27669.17712,0.751587,6544.551934,0.245517
P002493,4,17007.37,0.110818,1.032,17551.60584,0.611587,1189.556832,0.069944
P002494,3,28103.0,0.159251,1.041,29255.223,0.611587,2849.337153,0.101389
P002495,2,19931.76,0.255423,1.02,20330.3952,0.719587,3736.704534,0.187475
P002496,10,16035.8,0.029727,1.02,16356.516,0.915587,445.188622,0.027762
P002497,2,77364.3,0.252724,1.038,80304.1434,0.672587,13649.977274,0.176438
P002498,1,26473.5,0.387121,1.04,27532.44,0.763587,8138.607638,0.307425
P002499,4,76852.8,0.137551,1.038,79773.2064,0.679587,7457.032703,0.09703
P002500,6,18907.74,0.077475,1.024,19361.52576,0.857587,1286.408976,0.068036
P002501,7,40516.92,0.066157,1.015,41124.6738,0.667587,1816.282718,0.044828
P002502,8,38880.66,0.05031,1.032,40124.84112,0.719587,1452.608866,0.037361
P002503,1,20545.8,0.514071,1.002,20586.8916,0.672587,7118.067103,0.346449
P002504,9,24006.66,0.037592,1.04,24966.9264,0.822587,772.051323,0.03216
P002505,7,62789.3,0.054872,1.042,65426.4506,0.751587,2698.246795,0.042973
P002506,7,26488.88,0.06322,1.02,27018.6576,0.611587,1044.666172,0.039438
P002507,1,19641.6,0.314123,1.04,20427.264,0.667587,4283.689386,0.218093
P002508,10,106052.6,0.030286,1.042,110506.8092,0.672587,2251.056387,0.021226
P002509,4,25347.88,0.134684,1.04,26361.7952,0.667587,2370.280315,0.09351
P002510,10,40622.34,0.019529,1.015,41231.6751,0.637587,513.399087,0.012638
P002511,10,36684.95,0.026979,1.015,37235.22425,0.753587,757.043134,0.020636
P002512,1,49368.96,0.589643,1.04,51343.7184,0.763587,23117.168436,0.468253
P002513,10,65943.51,0.033097,1.027,67723.98477,0.600587,1346.174238,0.020414
P002514,9,31240.32,0.044465,1.02,31865.1264,0.832587,1179.686297,0.037762
P002515,10,24142.96,0.035676,1.003,24215.38888,0.507587,438.51085,0.018163
P002516,8,58336.05,0.051418,1.003,58511.05815,0.637587,1918.198377,0.032882
P002517,10,35535.24,0.02819,1.032,36672.36768,0.611587,632.261367,0.017793
P002518,2,20858.26,0.228972,0.995,20753.9687,0.719587,3419.52913,0.163941
P002519,3,20142.48,0.168295,1.04,20948.1792,0.832587,2935.267566,0.145725
P002520,2,27287.79,0.265849,1.04,28379.3016,0.588587,4440.652254,0.162734
P002521,2,54498.96,0.230883,1.04,56678.9184,0.832587,10895.404519,0.199919
P002522,5,27459.18,0.088024,1.027,28200.57786,0.586587,1456.095086,0.053028
P002523,4,23387.7,0.139249,1.032,24136.1064,0.915587,3077.223574,0.131574
P002524,5,23976.6,0.086704,1.04,24935.664,0.901587,1949.253753,0.081298
P002525,10,50035.44,0.029982,1.027,51386.39688,0.679587,1047.03006,0.020926
P002526,1,20182.84,0.450714,0.995,20081.9258,0.915587,8287.162154,0.410604
P002527,3,20514.34,0.193234,1.04,21334.9136,0.763587,3147.987499,0.153453
P002528,5,39147.6,0.090983,0.995,38951.862,0.915587,3244.796618,0.082886
P002529,2,17120.6,0.300241,1.027,17582.8562,0.753587,3978.255924,0.232367
P002530,5,32942.0,0.090302,1.002,33007.884,0.679587,2025.638313,0.061491
P002531,6,16434.0,0.066326,1.032,16959.888,0.640587,720.581588,0.043847
P002532,2,20487.69,0.288432,1.04,21307.1976,0.763587,4692.75194,0.229052
P002533,1,35123.7,0.520545,1.04,36528.648,0.832587,15831.484185,0.450735
P002534,7,55093.61,0.055541,1.04,57297.3544,0.667587,2124.497634,0.038562
P002535,5,48329.52,0.098989,1.04,50262.7008,0.684587,3406.129725,0.070477
P002536,3,52019.1,0.147708,1.02,53059.482,0.640587,5020.463321,0.096512
P002537,3,19089.4,0.149312,1.04,19852.976,0.832587,2468.021099,0.129288
P002538,4,44024.55,0.115304,1.037,45653.45835,0.558587,2940.41934,0.06679
P002539,4,81872.28,0.124599,1.015,83100.3642,0.667587,6912.321976,0.084428
P002540,10,20517.25,0.031317,1.015,20825.00875,0.845587,551.480783,0.026879
P002541,10,26769.48,0.033319,0.995,26635.6326,0.611587,542.765409,0.020276
P002542,9,26806.5,0.044563,0.995,26672.4675,0.611587,726.934009,0.027118
P002543,3,37498.92,0.15465,1.04,38998.8768,0.684587,4128.8675,0.110106
P002544,2,55130.4,0.249632,1.04,57335.616,0.832587,11916.670093,0.216154
P002545,7,42016.16,0.065803,1.015,42646.4024,0.763587,2142.810673,0.051
P002546,4,21784.84,0.128383,1.042,22699.80328,0.923587,2691.586898,0.123553
P002547,9,33745.0,0.03897,1.04,35094.8,0.763587,1044.302262,0.030947
P002548,7,21712.5,0.059947,0.98,21278.25,0.599587,764.819125,0.035225
P002549,3,37496.3,0.198638,1.041,39033.6483,0.719587,5579.366384,0.148798
P002550,2,30765.96,0.245251,1.015,31227.4494,0.763587,5847.976663,0.190079
P002551,2,22332.51,0.221887,1.038,23181.14538,0.600587,3089.174522,0.138326
P002552,1,11536.8,0.311961,1.021,11779.0728,0.599587,2203.246724,0.190976
P002553,2,58670.6,0.226497,1.027,60254.7062,0.679587,9274.682112,0.158081
P002554,4,25415.6,0.131679,1.027,26101.8212,0.923587,3174.417742,0.1249
P002555,10,82695.6,0.028653,1.003,82943.6868,0.637587,1515.302389,0.018324
P002556,6,33649.29,0.067273,1.041,35028.91089,0.719587,1695.705962,0.050394
P002557,10,34469.64,0.02751,1.015,34986.6846,0.637587,613.665798,0.017803
P002558,3,47296.28,0.204359,1.038,49093.53864,0.762587,7650.80347,0.161763
P002559,5,33785.76,0.098023,1.027,34697.97552,0.600587,2042.714087,0.060461
P002560,10,24408.09,0.020511,1.04,25384.4136,0.643587,335.09329,0.013729
P002561,5,23317.8,0.106665,1.041,24273.8298,0.719587,1863.137829,0.079902
P002562,1,18614.2,0.304205,1.04,19358.768,0.763587,4496.782498,0.241578
P002563,5,20083.8,0.105564,1.038,20846.9844,0.751587,1654.009209,0.082355
P002564,2,15925.8,0.264912,1.032,16435.4256,0.832587,3625.035061,0.22762
P002565,10,42334.08,0.035162,1.02,43180.7616,0.832587,1264.143172,0.029861
P002566,3,24407.88,0.162215,1.04,25384.1952,0.832587,3428.345861,0.140461
P002567,3,14100.0,0.183602,1.027,14480.7,0.637587,1695.140134,0.120223
P002568,2,49616.78,0.235829,0.995,49368.6961,0.532587,6200.6849,0.124972
P002569,7,27899.52,0.066177,1.02,28457.5104,0.719587,1355.159294,0.048573
P002570,10,16814.6,0.03548,1.041,17503.9986,0.836587,519.553252,0.030899
P002571,7,14908.32,0.060095,1.027,15310.84464,0.637587,586.642841,0.03935
P002572,1,20455.6,0.310953,1.038,21232.9128,0.762587,5034.924908,0.246139
P002573,5,64189.2,0.088433,1.024,65729.7408,0.427587,2485.431807,0.03872
P002574,10,23061.87,0.025501,1.02,23523.1074,0.915587,549.219522,0.023815
P002575,10,44908.0,0.018635,0.98,44009.84,0.599587,491.745308,0.01095
P002576,2,18739.6,0.24859,1.04,19489.184,0.763587,3699.436744,0.197413
P002577,3,29140.24,0.170583,1.015,29577.3436,0.667587,3368.230698,0.115587
P002578,6,50080.8,0.081601,1.04,52084.032,0.753587,3202.825355,0.063953
P002579,1,34514.2,0.306898,1.041,35929.2822,0.915587,10095.844138,0.292513
P002580,2,30819.2,0.234364,1.042,32113.6064,0.679587,5114.763427,0.16596
P002581,2,16097.4,0.258582,1.041,16757.3934,0.915587,3967.379669,0.246461
P002582,5,29089.5,0.084026,1.037,30165.8115,0.753587,1910.128017,0.065664
P002583,4,27039.88,0.131311,0.995,26904.6806,0.719587,2542.213239,0.094017
P002584,1,21060.64,0.652118,1.04,21903.0656,0.901587,12877.714092,0.611459
P002585,8,35667.06,0.052439,1.013,36130.73178,0.684587,1297.046639,0.036365
P002586,6,38610.0,0.070597,1.038,40077.18,0.679587,1922.765403,0.0498
P002587,8,26847.86,0.05254,1.003,26928.40358,0.586587,829.919298,0.030912
P002588,1,18034.2,0.312121,1.037,18701.4654,0.766587,4474.656082,0.248121
P002589,9,39565.6,0.037826,0.995,39367.772,0.719587,1071.54184,0.027083
P002590,5,35603.55,0.08917,1.013,36066.39615,0.901587,2899.549915,0.08144
P002591,10,29546.55,0.035793,0.98,28955.619,0.427587,443.15156,0.014998
P002592,9,61888.32,0.041682,1.04,64363.8528,0.667587,1791.005061,0.028939
P002593,9,74829.6,0.042946,1.015,75952.044,0.763587,2490.670265,0.033285
P002594,8,31466.97,0.047031,1.02,32096.3094,0.611587,923.194296,0.029339
P002595,1,21377.33,0.307477,1.038,22189.66854,0.751587,5127.937164,0.239877
P002596,5,67544.4,0.104654,1.032,69705.8208,0.611587,4461.507671,0.066053
P002597,10,30724.8,0.03392,1.015,31185.672,0.763587,807.741874,0.02629
P002598,2,15785.0,0.272814,1.032,16290.12,0.640587,2846.878701,0.180353
P002599,8,21660.68,0.046556,0.995,21552.3766,0.611587,613.664496,0.028331
P002600,8,51945.48,0.047835,1.04,54023.2992,0.763587,1973.281168,0.037988
P002601,3,22990.8,0.205241,0.995,22875.846,0.753587,3538.137006,0.153894
P002602,10,31536.96,0.024759,1.04,32798.4384,0.643587,522.634514,0.016572
P002603,8,70351.68,0.048788,1.04,73165.7472,0.763587,2725.681768,0.038744
P002604,9,11565.4,0.040994,1.024,11842.9696,0.599587,291.092601,0.025169
P002605,8,44923.12,0.045023,1.032,46360.65984,0.611587,1276.552176,0.028416
P002606,10,29941.74,0.035979,1.032,30899.87568,0.719587,800.008761,0.026719
P002607,3,45374.0,0.192121,1.027,46599.098,0.751587,6728.699212,0.148294
P002608,2,31032.3,0.245807,1.041,32304.6243,0.611587,4856.432579,0.156496
P002609,8,22905.12,0.047982,0.98,22447.0176,0.599587,645.782994,0.028194
P002610,7,35556.84,0.061597,1.013,36019.07892,0.753587,1671.952558,0.047022
P002611,5,30532.53,0.088214,1.04,31753.8312,0.667587,1869.999731,0.061246
P002612,10,18606.25,0.03615,1.021,18996.98125,0.643587,441.973518,0.023754
P002613,1,29966.76,0.59778,1.038,31105.49688,0.672587,12506.236317,0.417337
P002614,4,31108.54,0.126593,1.02,31730.7108,0.719587,2890.488949,0.092916
P002615,2,16581.4,0.284161,1.032,17112.0048,0.836587,4067.963766,0.245333
P002616,1,19071.8,0.394579,1.04,19834.672,0.832587,6516.109287,0.341662
P002617,4,57204.06,0.121667,1.041,59549.42646,0.640587,4641.192315,0.081134
P002618,9,46138.85,0.043504,1.04,47984.404,0.667587,1393.586619,0.030204
P002619,6,47756.08,0.075498,1.02,48711.2016,0.611587,2249.178829,0.047097
P002620,1,17578.0,0.407457,1.041,18298.698,0.611587,4559.95419,0.259413
P002621,1,11578.6,0.338554,1.024,11856.4864,0.857587,3442.408568,0.297308
P002622,8,22102.08,0.052785,1.032,22809.34656,0.611587,736.349848,0.033316
P002623,2,19388.6,0.225015,1.013,19640.6518,0.822587,3635.3789,0.187501
P002624,4,17597.8,0.1149,1.041,18319.3098,0.611587,1287.325953,0.073153
P002625,1,20077.2,0.633415,1.042,20920.4424,0.672587,8912.663277,0.44392
P002626,10,32157.36,0.035612,1.038,33379.33968,0.679587,807.839174,0.025121
P002627,3,41846.0,0.198362,1.002,41929.692,0.679587,5652.294451,0.135074
P002628,4,26200.05,0.140046,1.038,27195.6519,0.679587,2588.311302,0.09879
P002629,1,16588.52,0.315961,1.037,17202.29524,0.586587,3188.250623,0.192196
P002630,4,59409.35,0.109811,1.013,60181.67155,0.763587,5046.250982,0.08494
P002631,3,40187.52,0.155959,1.027,41272.58304,0.586587,3775.762449,0.093954
P002632,7,20472.75,0.063391,1.027,21025.51425,0.600587,800.477918,0.0391
P002633,4,63339.76,0.107948,1.002,63466.43952,0.841587,5765.752388,0.091029
P002634,1,23066.58,0.332362,1.032,23804.71056,0.832587,6587.242731,0.285575
P002635,9,44595.36,0.04459,1.003,44729.14608,0.507587,1012.374228,0.022701
P002636,3,42554.33,0.188411,1.042,44341.61186,0.672587,5619.089962,0.132045
P002637,2,17837.6,0.274047,1.015,18105.164,0.667587,3312.339147,0.185694
P002638,2,34681.72,0.275696,1.04,36068.9888,0.588587,5852.943519,0.168762
P002639,7,54740.52,0.062011,1.04,56930.1408,0.832587,2939.280743,0.053695
P002640,2,22638.88,0.224308,1.032,23363.32416,0.640587,3357.041123,0.148287
P002641,7,48558.1,0.056378,1.04,50500.424,0.667587,1900.683529,0.039142
P002642,2,26470.8,0.280344,1.027,27185.5116,0.672587,5125.976177,0.193646
P002643,5,28441.24,0.085224,1.015,28867.8586,0.822587,2023.752834,0.071156
P002644,1,34331.9,0.404991,1.038,35636.5122,0.672587,9707.087932,0.282743
P002645,10,77721.84,0.030268,1.04,80830.7136,0.667587,1633.315435,0.021015
P002646,9,46042.8,0.042086,1.002,46134.8856,0.751587,1459.31002,0.031695
P002647,9,55876.74,0.040285,1.032,57664.79568,0.719587,1671.611391,0.029916
P002648,2,46516.86,0.231112,1.015,47214.6129,0.667587,7284.615916,0.156602
P002649,10,14196.78,0.033288,1.015,14409.7317,0.637587,305.827899,0.021542
P002650,8,32675.46,0.049006,1.041,34015.15386,0.611587,1019.483685,0.0312
P002651,10,12146.2,0.022737,1.024,12437.7088,0.857587,242.527569,0.019967
P002652,9,58767.3,0.043446,1.015,59648.8095,0.832587,2157.670168,0.036715
P002653,10,37020.6,0.036034,0.995,36835.497,0.611587,811.786729,0.021928
P002654,6,22084.01,0.08384,1.013,22371.10213,0.832587,1561.600247,0.070712
P002655,4,41830.26,0.132984,1.027,42959.67702,0.762587,4356.604145,0.10415
P002656,2,50237.52,0.245293,1.002,50337.99504,0.600587,7415.772036,0.147614
P002657,9,22427.5,0.038177,1.013,22719.0575,0.901587,781.987095,0.034867
P002658,4,52742.52,0.131907,1.04,54852.2208,0.667587,4830.251641,0.091582
P002659,7,45153.0,0.062345,1.04,46959.12,0.684587,2004.246845,0.044388
P002660,6,73418.73,0.067709,1.04,76355.4792,0.763587,3947.722872,0.05377
P002661,7,28506.26,0.061916,1.038,29589.49788,0.923587,1692.082788,0.059358
P002662,7,28163.7,0.058321,1.02,28726.974,0.719587,1205.587944,0.042806
P002663,10,25311.09,0.035975,1.013,25640.13417,0.667587,615.788203,0.024329
P002664,10,16913.76,0.030989,1.021,17268.94896,0.857587,458.939664,0.027134
P002665,6,26855.92,0.081759,1.037,27849.58904,0.637587,1451.753553,0.054057
P002666,10,40074.57,0.028161,0.995,39874.19715,0.611587,686.750498,0.017137
P002667,2,18436.0,0.291018,1.04,19173.44,0.901587,5030.686597,0.272873
P002668,2,33657.54,0.221262,1.04,35003.8416,0.822587,6370.940478,0.189287
P002669,10,23263.04,0.036153,1.015,23611.9856,0.763587,651.824226,0.02802
P002670,9,22030.58,0.038035,1.032,22735.55856,0.719587,622.258626,0.028245
P002671,5,17971.8,0.091197,1.04,18690.672,0.832587,1419.17042,0.078967
P002672,8,18506.4,0.051499,1.013,18746.9832,0.667587,644.528362,0.034827
P002673,10,35416.0,0.028033,1.032,36549.312,0.832587,853.053263,0.024087
P002674,1,21542.4,0.393892,1.038,22361.0112,0.672587,5924.022044,0.274994
P002675,1,25777.0,0.328732,1.04,26808.08,0.684587,6033.041897,0.234047
P002676,8,37500.36,0.04901,1.015,38062.8654,0.637587,1189.390751,0.031717
P002677,1,28478.29,0.305684,1.04,29617.4216,0.753587,6822.658544,0.239574
P002678,9,29271.34,0.041321,1.003,29359.15402,0.586587,711.612785,0.024311
P002679,6,24752.0,0.073026,0.995,24628.24,0.915587,1646.69376,0.066528
P002680,9,56420.28,0.039108,1.024,57774.36672,0.643587,1454.137846,0.025773
P002681,4,41953.14,0.107141,0.995,41743.3743,0.532587,2381.961564,0.056777
P002682,1,23758.54,0.451335,1.041,24732.64014,0.915587,10220.435618,0.430179
P002683,2,51867.45,0.256209,1.032,53527.2084,0.532587,7303.970046,0.14082
P002684,5,78972.04,0.103387,1.015,80156.6206,0.832587,6899.802533,0.08737
P002685,3,19164.2,0.189182,1.013,19413.3346,0.901587,3311.216431,0.172781
P002686,1,49974.94,0.407917,1.02,50974.4388,0.640587,13319.922895,0.266532
P002687,10,76631.84,0.035951,1.02,78164.4768,0.719587,2022.103151,0.026387
P002688,5,19709.8,0.100553,1.04,20498.192,0.667587,1376.006234,0.069813
P002689,2,22082.49,0.251639,1.041,22987.87209,0.640587,3705.573627,0.167806
P002690,8,76329.15,0.045757,1.038,79229.6577,0.679587,2463.723042,0.032278
P002691,7,69073.55,0.060576,1.04,71836.492,0.832587,3623.075225,0.052452
P002692,3,38128.67,0.189007,1.04,39653.8168,0.599587,4493.799913,0.117859
P002693,5,29840.49,0.101492,0.995,29691.28755,0.532587,1604.918621,0.053783
P002694,7,48765.24,0.06093,1.002,48862.77048,0.751587,2237.619214,0.045886
P002695,1,19184.0,0.305036,1.04,19951.36,0.822587,5006.166093,0.260955
P002696,9,40598.6,0.042745,1.04,42222.544,0.667587,1204.854771,0.029677
P002697,10,17994.16,0.030674,1.024,18426.01984,0.643587,363.759043,0.020215
P002698,9,33535.81,0.043469,1.04,34877.2424,0.643587,975.736902,0.029095
P002699,9,21655.92,0.038957,1.015,21980.7588,0.637587,545.964481,0.025211
P002700,7,38826.0,0.057303,1.04,40379.04,0.667587,1544.695053,0.039785
P002701,2,16997.2,0.255711,1.032,17541.1104,0.832587,3734.532101,0.219715
P002702,8,65807.2,0.053065,1.042,68571.1024,0.841587,3062.296049,0.046534
P002703,1,12827.9,0.317262,1.024,13135.7696,0.599587,2498.768165,0.194792
P002704,10,48201.78,0.035744,1.015,48924.8067,0.763587,1335.320791,0.027703
P002705,5,27029.94,0.095513,1.042,28165.19748,0.762587,2051.477345,0.075896
P002706,3,66122.92,0.199218,1.038,68635.59096,0.600587,8212.106744,0.124195
P002707,9,44950.39,0.043361,1.003,45085.24117,0.586587,1146.744275,0.025511
P002708,8,37912.24,0.051137,1.013,38405.09912,0.684587,1344.467993,0.035463
P002709,10,30092.36,0.027487,0.98,29490.5128,0.599587,486.035393,0.016151
P002710,9,35671.44,0.039621,1.015,36206.5116,0.763587,1095.402812,0.030708
P002711,8,26601.72,0.046133,1.02,27133.7544,0.719587,900.745958,0.03386
P002712,4,35033.6,0.10793,1.027,35979.5072,0.923587,3586.518507,0.102374
P002713,9,34191.8,0.038866,1.041,35593.6638,0.611587,846.067687,0.024745
P002714,10,52013.04,0.032925,1.003,52169.07912,0.637587,1095.174872,0.021056
P002715,4,20912.9,0.109517,1.027,21477.5483,0.586587,1379.748669,0.065976
P002716,10,73076.4,0.032199,1.042,76145.6088,0.679587,1666.213991,0.022801
P002717,2,22492.96,0.230314,1.013,22785.36848,0.832587,4369.23737,0.194249
P002718,2,20163.0,0.23191,1.002,20203.326,0.672587,3151.311239,0.156292
P002719,10,13040.65,0.034642,0.98,12779.837,0.857587,379.67417,0.029115
P002720,2,28726.95,0.226658,1.04,29876.028,0.763587,5170.729168,0.179996
P002721,9,22684.9,0.039091,1.032,23410.8168,0.719587,658.5353,0.02903
P002722,2,20660.2,0.243935,1.027,21218.0254,0.923587,4780.312655,0.231378
P002723,6,32478.55,0.074973,1.04,33777.692,0.667587,1690.614715,0.052053
P002724,10,65713.99,0.032954,1.027,67488.26773,0.586587,1304.555422,0.019852
P002725,3,41195.82,0.174034,1.027,42308.10714,0.762587,5614.950757,0.136299
P002726,10,29225.82,0.035969,1.04,30394.8528,0.427587,467.474747,0.015995
P002727,6,18605.4,0.069814,1.013,18847.2702,0.763587,1004.734405,0.054002
P002728,5,20608.92,0.090944,1.032,21268.40544,0.915587,1770.964949,0.085932
P002729,8,35713.43,0.051687,1.041,37177.68063,0.611587,1175.218262,0.032907
P002730,8,59217.74,0.04753,1.04,61586.4496,0.667587,1954.176156,0.033
P002731,7,51183.0,0.065013,1.013,51848.379,0.667587,2250.328862,0.043966
P002732,10,34243.6,0.022851,0.98,33558.728,0.599587,459.799049,0.013427
P002733,4,18009.2,0.111594,1.015,18279.338,0.588587,1200.634546,0.066668
P002734,3,26816.94,0.155595,1.04,27889.6176,0.684587,2970.754454,0.110779
P002735,2,21560.0,0.27042,1.038,22379.28,0.600587,3634.626874,0.168582
P002736,10,128120.84,0.023889,1.013,129786.41092,0.667587,2069.83348,0.016155
P002737,7,48995.8,0.066276,1.04,50955.632,0.763587,2578.752338,0.052632
P002738,7,17554.88,0.054257,0.995,17467.1056,0.719587,681.961651,0.038847
P002739,3,16634.24,0.15473,0.995,16551.0688,0.832587,2132.214674,0.128182
P002740,4,56826.48,0.110553,1.038,58985.88624,0.672587,4385.986043,0.077182
P002741,1,41944.0,0.33697,1.038,43537.872,0.762587,11187.86338,0.266733
P002742,2,24319.68,0.244177,1.041,25316.78688,0.915587,5659.949503,0.232731
P002743,3,42981.5,0.153332,1.027,44142.0005,0.751587,5087.041444,0.118354
P002744,10,42190.92,0.035332,1.021,43076.92932,0.599587,912.56308,0.021629
P002745,1,30255.41,0.353613,1.038,31405.11558,0.762587,8468.724576,0.279908
P002746,4,30248.95,0.115506,1.042,31519.4059,0.751587,2736.27645,0.090459
P002747,3,32274.37,0.201222,1.003,32371.19311,0.586587,3820.901443,0.118388
P002748,2,25273.46,0.210699,1.027,25955.84342,0.762587,4170.481581,0.165014
P002749,4,25202.52,0.121199,1.024,25807.38048,0.599587,1875.406922,0.074413
P002750,1,21560.0,0.469146,1.027,22142.12,0.751587,7807.389582,0.362124
P002751,8,117529.08,0.045183,1.04,122230.2432,0.667587,3686.917985,0.03137
P002752,9,58545.76,0.038644,1.024,59950.85824,0.427587,990.618657,0.01692
P002753,10,20789.24,0.032402,1.04,21620.8096,0.427587,299.553559,0.014409
P002754,6,18978.12,0.083729,1.027,19490.52924,0.766587,1251.005434,0.065918
P002755,7,20945.59,0.055462,1.041,21804.35919,0.611587,739.5943,0.03531
P002756,10,20379.53,0.033152,1.015,20685.22295,0.667587,457.799938,0.022464
P002757,10,26215.38,0.035015,1.037,27185.34906,0.586587,558.369079,0.021299
P002758,10,24179.4,0.033337,1.021,24687.1674,0.599587,493.452173,0.020408
P002759,9,48282.9,0.038253,1.02,49248.558,0.611587,1152.185621,0.023863
P002760,9,20154.9,0.041342,1.021,20578.1529,0.643587,547.524435,0.027166
P002761,10,24741.12,0.032738,1.027,25409.13024,0.586587,487.9526,0.019722
P002762,8,35921.4,0.047406,1.015,36460.221,0.667587,1153.878049,0.032122
P002763,10,35083.7,0.035454,1.013,35539.7881,0.684587,862.590751,0.024587
P002764,6,24573.92,0.083481,1.038,25507.72896,0.923587,1966.705853,0.080032
P002765,8,25221.56,0.045682,1.04,26230.4224,0.684587,820.310865,0.032524
P002766,6,21939.52,0.070766,1.015,22268.6128,0.588587,927.532647,0.042277
P002767,1,12441.0,0.364883,0.98,12192.18,0.520587,2315.943841,0.186154
P002768,1,30405.6,0.455568,1.04,31621.824,0.832587,11994.14589,0.394472
P002769,2,16794.8,0.267254,1.02,17130.696,0.532587,2438.314996,0.145183
P002770,3,35604.0,0.188547,1.032,36743.328,0.915587,6343.057355,0.178156
P002771,2,30761.4,0.234386,1.038,31930.3332,0.923587,6912.14146,0.224702
P002772,2,63184.2,0.265848,1.042,65837.9364,0.751587,13154.917054,0.208199
P002773,8,66908.79,0.049965,1.015,67912.42185,0.832587,2825.158454,0.042224
P002774,9,24678.72,0.043656,0.98,24185.1456,0.643587,679.521271,0.027535
P002775,1,29318.64,0.333034,1.042,30550.02288,0.841587,8562.475059,0.292049
P002776,6,44303.05,0.074181,1.04,46075.172,0.763587,2609.866442,0.058909
P002777,1,16984.0,0.495544,1.032,17527.488,0.640587,5563.901221,0.327597
P002778,9,42409.2,0.042264,1.04,44105.568,0.832587,1551.994513,0.036596
P002779,6,13677.4,0.07912,1.037,14183.4638,0.507587,569.608618,0.041646
P002780,2,29694.0,0.293116,1.002,29753.388,0.672587,5865.750597,0.19754
P002781,8,34651.8,0.046761,1.032,35760.6576,0.832587,1392.242435,0.040178
P002782,3,21403.8,0.171321,1.04,22259.952,0.832587,3175.157739,0.148346
P002783,4,57542.67,0.135182,0.995,57254.95665,0.832587,6444.093079,0.111988
P002784,4,18113.88,0.10805,1.027,18602.95476,0.674587,1355.952469,0.074857
P002785,6,35336.28,0.073653,1.027,36290.35956,0.679587,1816.460922,0.051405
P002786,9,32410.44,0.03823,1.02,33058.6488,0.753587,952.415267,0.029386
P002787,8,19482.84,0.050309,1.013,19736.11692,0.832587,826.676461,0.042431
P002788,1,26110.0,0.434906,1.041,27180.51,0.832587,9841.985195,0.376943
P002789,5,12889.8,0.102551,1.024,13199.1552,0.643587,871.147336,0.067584
P002790,6,13632.72,0.082321,0.98,13360.0656,0.599587,659.437166,0.048372
P002791,5,46392.86,0.091585,1.041,48294.96726,0.611587,2705.103359,0.058309
P002792,8,15528.89,0.05043,1.037,16103.45893,0.637587,517.78359,0.033343
P002793,10,41137.56,0.031387,1.013,41672.34828,0.667587,873.190233,0.021226
P002794,10,49258.53,0.03236,0.995,49012.23735,0.611587,969.986971,0.019692
P002795,5,52364.34,0.090575,0.98,51317.0532,0.643587,2991.410813,0.057127
P002796,1,16394.11,0.335735,1.032,16918.72152,0.753587,4280.528696,0.261102
P002797,9,26281.8,0.039695,1.015,26676.027,0.763587,808.563731,0.030765
P002798,8,32547.9,0.053896,1.013,32971.0227,0.832587,1479.505341,0.045456
P002799,2,20988.0,0.229068,1.038,21785.544,0.923587,4609.039767,0.219604
P002800,4,48908.08,0.121479,1.038,50766.58704,0.841587,5190.124634,0.10612
P002801,2,8730.38,0.269493,1.024,8939.90912,0.643587,1550.556482,0.177605
P002802,1,55445.08,0.81822,1.04,57662.8832,0.832587,39282.200023,0.708488
P002803,10,76886.0,0.023828,1.02,78423.72,0.611587,1142.841229,0.014864
P002804,10,28069.84,0.028549,1.04,29192.6336,0.667587,556.382294,0.019821
P002805,3,36771.56,0.194818,1.041,38279.19396,0.719587,5366.310895,0.145936
P002806,3,34553.52,0.157366,1.04,35935.6608,0.763587,4318.108669,0.124969
P002807,6,34683.82,0.081989,1.04,36071.1728,0.763587,2258.265536,0.06511
P002808,1,27410.24,0.584535,1.038,28451.82912,0.672587,11185.855997,0.40809
P002809,3,19012.32,0.185476,1.024,19468.61568,0.564587,2038.701948,0.107231
P002810,3,40885.3,0.204145,1.015,41498.5795,0.763587,6468.889089,0.15822
P002811,1,67508.76,0.606552,1.04,70209.1104,0.763587,32517.686215,0.481681
P002812,2,19246.5,0.239566,1.013,19496.7045,0.763587,3566.514775,0.185307
P002813,8,44928.92,0.047506,1.02,45827.4984,0.719587,1566.599634,0.034868
P002814,2,30566.25,0.212578,1.013,30963.61125,0.753587,4960.251021,0.162279
P002815,10,29803.55,0.029158,1.021,30429.42455,0.599587,531.997737,0.01785
P002816,10,21187.32,0.034663,1.003,21250.88196,0.637587,469.653713,0.022167
P002817,2,42908.49,0.220033,1.04,44624.8296,0.667587,6554.98874,0.152767
P002818,3,23760.45,0.18657,1.015,24116.85675,0.832587,3746.211689,0.157666
P002819,3,10947.2,0.200155,1.024,11209.9328,0.564587,1266.773882,0.115717
P002820,5,41050.3,0.104937,1.04,42692.312,0.763587,3420.882621,0.083334
P002821,8,42959.4,0.046765,1.027,44119.3038,0.753587,1554.819323,0.036193
P002822,1,43914.96,0.394784,1.04,45671.5584,0.763587,13767.770401,0.31351
P002823,3,18378.8,0.169343,1.04,19113.952,0.832587,2694.922219,0.146632
P002824,10,25424.25,0.026026,1.04,26441.22,0.599587,412.608382,0.016229
P002825,5,28364.38,0.08721,1.013,28733.11694,0.763587,1913.40959,0.067458
P002826,6,42644.22,0.072619,1.042,44435.27724,0.679587,2192.915784,0.051424
P002827,1,17221.6,0.524039,1.032,17772.6912,0.832587,7754.370647,0.45027
P002828,2,21496.2,0.277035,1.042,22399.0404,0.600587,3726.833381,0.173372
P002829,1,21904.77,0.562187,1.04,22780.9608,0.667587,8549.88568,0.390321
P002830,8,41969.54,0.046977,0.995,41759.6923,0.719587,1411.631726,0.033635
P002831,3,14601.4,0.195357,1.027,14995.6378,0.753587,2207.633712,0.151193
P002832,5,74552.35,0.088757,1.013,75521.53055,0.667587,4474.890377,0.060023
P002833,7,15511.78,0.057211,1.037,16085.71586,0.845587,778.181308,0.050167
P002834,1,19502.34,0.395796,1.037,20223.92658,0.558587,4471.231563,0.229266
P002835,8,27065.46,0.052063,1.04,28148.0784,0.763587,1119.021199,0.041345
P002836,8,34624.24,0.047137,0.995,34451.1188,0.719587,1168.542079,0.033749
P002837,9,18130.2,0.039641,1.04,18855.408,0.763587,570.747813,0.031481
P002838,2,23465.22,0.290137,1.04,24403.8288,0.901587,6383.636333,0.272047
P002839,4,65995.8,0.110479,1.015,66985.737,0.588587,4355.855752,0.066002
P002840,9,24052.28,0.038006,1.032,24821.95296,0.611587,576.965235,0.023988
P002841,2,30888.49,0.263558,1.038,32062.25262,0.762587,6444.061711,0.208623
P002842,6,46121.39,0.07995,1.032,47597.27448,0.832587,3168.333494,0.068696
P002843,10,17417.82,0.029172,0.995,17330.7309,0.719587,363.808417,0.020887
P002844,3,20383.0,0.185056,1.027,20933.341,0.923587,3577.836549,0.17553
P002845,10,41300.46,0.031463,1.027,42415.57242,0.637587,850.870732,0.020602
P002846,7,98322.98,0.058679,0.995,97831.3651,0.719587,4130.878687,0.042013
P002847,10,52687.04,0.032616,1.02,53740.7808,0.832587,1459.379427,0.027699
P002848,1,20317.0,0.707758,1.002,20357.634,0.762587,10987.565872,0.540807
P002849,3,13346.55,0.144159,1.024,13666.8672,0.778587,1533.972642,0.114934
P002850,6,45678.72,0.069998,0.995,45450.3264,0.611587,1945.716171,0.042596
P002851,6,18801.2,0.073168,1.04,19553.248,0.763587,1092.448808,0.058105
P002852,8,42790.9,0.048097,1.032,44160.2088,0.532587,1131.209036,0.026436
P002853,8,17649.06,0.051232,0.98,17296.0788,0.599587,531.296464,0.030103
P002854,4,35661.12,0.124459,1.041,37123.22592,0.832587,3846.804405,0.107871
P002855,1,21109.0,0.394677,1.038,21911.142,0.672587,5816.411576,0.275542
P002856,1,20363.2,0.399863,1.027,20913.0064,0.841587,7037.639586,0.345606
P002857,2,11622.6,0.224833,1.021,11866.6746,0.643587,1717.101585,0.147738
P002858,8,37521.84,0.051972,0.98,36771.4032,0.857587,1638.927109,0.043679
P002859,2,19411.48,0.292912,1.015,19702.6522,0.845587,4880.005211,0.251398
P002860,3,52950.36,0.192461,1.038,54962.47368,0.679587,7188.773667,0.135764
P002861,6,64423.37,0.073033,1.04,67000.3048,0.901587,4411.658207,0.068479
P002862,10,24767.6,0.033408,1.024,25362.0224,0.427587,362.293041,0.014628
P002863,1,46753.85,0.490643,1.042,48717.5117,0.751587,17965.100065,0.384249
P002864,5,21968.37,0.100801,1.04,22847.1048,0.763587,1758.553067,0.080049
P002865,2,23911.08,0.213661,1.027,24556.67916,0.637587,3345.300646,0.139906
P002866,1,26720.86,0.348708,1.042,27843.13612,0.600587,5831.166875,0.218225
P002867,4,10152.5,0.114073,1.021,10365.7025,0.857587,1014.050417,0.099882
P002868,10,34916.4,0.034541,1.027,35859.1428,0.586587,726.542291,0.020808
P002869,2,27247.85,0.217144,1.04,28337.764,0.643587,3960.227104,0.145341
P002870,8,53329.95,0.046917,1.002,53436.6099,0.751587,1884.307401,0.035333
P002871,10,43718.13,0.027457,1.024,44767.36512,0.857587,1054.133119,0.024112
P002872,3,19940.8,0.152457,1.038,20698.5504,0.923587,2914.514622,0.146158
P002873,1,26502.76,0.643862,1.037,27483.36212,0.766587,13565.119414,0.511838
P002874,9,23488.0,0.037075,1.02,23957.76,0.611587,543.23331,0.023128
P002875,10,88819.2,0.034278,1.024,90950.8608,0.427587,1333.034485,0.015008
P002876,2,12302.4,0.294753,0.98,12056.352,0.643587,2287.077733,0.185905
P002877,7,79599.52,0.0568,0.995,79201.5224,0.611587,2751.294381,0.034564
P002878,1,22891.28,0.690302,1.013,23188.86664,0.763587,12222.973164,0.533958
P002879,1,31130.24,0.386615,1.015,31597.1936,0.901587,11013.736175,0.353795
P002880,5,71124.75,0.086259,1.037,73756.36575,0.586587,3731.963378,0.052471
P002881,6,55073.52,0.077415,1.015,55899.6228,0.832587,3602.981165,0.065421
P002882,1,19311.6,0.669647,1.04,20084.064,0.763587,10269.650541,0.531787
P002883,7,36863.4,0.056054,0.995,36679.083,0.611587,1257.426419,0.03411
P002884,8,56519.68,0.047008,1.037,58610.90816,0.586587,1616.164777,0.028595
P002885,8,29502.82,0.053311,1.027,30299.39614,0.751587,1214.034524,0.04115
P002886,1,14223.0,0.544633,1.003,14265.669,0.845587,6569.833878,0.461916
P002887,1,29945.3,0.392321,1.032,30903.5496,0.719587,8724.351598,0.291343
P002888,2,36833.5,0.230895,1.038,38233.173,0.841587,7429.399334,0.201702
P002889,3,27972.36,0.153865,1.02,28531.8072,0.719587,3159.018969,0.112934
P002890,4,18582.96,0.131626,1.02,18954.6192,0.836587,2087.220378,0.112319
P002891,10,38994.56,0.032973,1.015,39579.4784,0.637587,832.081826,0.021338
P002892,8,35154.65,0.049815,1.04,36560.836,0.667587,1215.862091,0.034586
P002893,1,39021.82,0.502928,1.041,40621.71462,0.753587,15395.639008,0.394539
P002894,1,20292.8,0.628365,1.042,21145.0976,0.923587,12271.542882,0.604724
P002895,2,15870.8,0.26375,1.032,16378.6656,0.719587,3108.52759,0.195865
P002896,5,23599.16,0.093819,1.037,24472.32892,0.558587,1282.497074,0.054345
P002897,4,27521.84,0.12756,1.027,28264.92968,0.753587,2717.03392,0.098723
P002898,2,25627.74,0.245596,1.015,26012.1561,0.588587,3760.175495,0.146723
P002899,3,23760.0,0.190544,1.04,24710.4,0.822587,3873.079028,0.163008
P002900,5,19058.28,0.086681,1.02,19439.4456,0.719587,1212.529232,0.063622
P002901,4,29483.1,0.126148,1.032,30426.5592,0.611587,2347.426512,0.079619
P002902,9,69917.01,0.043733,1.032,72154.35432,0.832587,2627.241781,0.037577
P002903,2,75259.68,0.241555,1.042,78420.58656,0.751587,14237.247638,0.189175
P002904,2,47425.0,0.245807,1.038,49227.15,0.841587,10183.5031,0.214729
P002905,5,15943.2,0.104745,1.04,16580.928,0.857587,1489.435231,0.093421
P002906,3,44634.59,0.166715,1.04,46419.9736,0.667587,5166.385511,0.115748
P002907,3,21325.5,0.151346,1.038,22135.869,0.672587,2253.281004,0.105661
P002908,10,45237.92,0.035308,1.003,45373.63376,0.586587,939.744247,0.020773
P002909,5,38408.28,0.096294,1.038,39867.79464,0.672587,2582.080614,0.067227
P002910,1,19340.2,0.453229,1.04,20113.808,0.684587,6240.805124,0.322686
P002911,3,28079.7,0.206578,1.04,29202.888,0.901587,5438.987526,0.193698
P002912,10,42412.83,0.034751,1.04,44109.3432,0.763587,1170.47497,0.027597
P002913,10,51883.04,0.021083,0.995,51623.6248,0.832587,906.158363,0.017465
P002914,9,11107.8,0.044339,1.04,11552.112,0.427587,219.016096,0.019717
P002915,2,20561.2,0.216516,1.027,21116.3524,0.762587,3486.57532,0.169571
P002916,9,63980.98,0.039994,1.015,64940.6947,0.832587,2162.406913,0.033798
P002917,5,16324.0,0.090791,1.02,16650.48,0.640587,968.379899,0.059322
P002918,2,32057.95,0.240434,1.04,33340.268,0.832587,6674.139424,0.20819
P002919,1,24206.0,0.345112,1.038,25125.828,0.841587,7297.577843,0.301478
P002920,10,75686.4,0.030979,1.04,78713.856,0.763587,1861.991625,0.024601
P002921,9,37525.26,0.041671,1.015,38088.1389,0.845587,1342.074731,0.035765
P002922,10,46941.36,0.035361,1.02,47880.1872,0.719587,1218.341981,0.025955
P002923,1,24086.02,0.438887,1.015,24447.3103,0.667587,7162.943523,0.29739
P002924,1,21953.36,0.376375,1.024,22480.24064,0.778587,6587.614703,0.300073
P002925,4,56450.75,0.109407,1.013,57184.60975,0.901587,5640.66682,0.099922
P002926,1,44806.3,0.381543,1.04,46598.552,0.667587,11869.265836,0.264902
P002927,1,15951.78,0.319235,1.041,16605.80298,0.719587,3814.641989,0.239136
P002928,5,16467.0,0.088502,1.02,16796.34,0.832587,1237.648959,0.075159
P002929,7,23999.36,0.054934,1.015,24359.3504,0.845587,1131.52701,0.047148
P002930,10,29994.72,0.021747,1.024,30714.59328,0.427587,285.612032,0.009522
P002931,9,11088.0,0.042651,1.021,11320.848,0.520587,251.362809,0.02267
P002932,2,12696.2,0.229215,1.04,13204.048,0.643587,1947.858305,0.153421
P002933,10,36472.8,0.03176,0.98,35743.344,0.643587,730.602892,0.020031
P002934,10,9560.25,0.032674,1.04,9942.66,0.520587,169.120442,0.01769
P002935,10,38758.48,0.026365,1.015,39339.8572,0.558587,579.357341,0.014948
P002936,3,25236.09,0.202361,1.032,26043.64488,0.719587,3792.383648,0.150276
P002937,10,48752.55,0.036574,1.002,48850.0551,0.679587,1214.178651,0.024905
P002938,10,31533.92,0.036865,1.015,32006.9288,0.586587,692.132643,0.021949
P002939,3,16576.0,0.153662,1.024,16973.824,0.427587,1115.241722,0.067281
P002940,3,33026.12,0.144533,1.038,34281.11256,0.600587,2975.760537,0.090103
P002941,4,26318.5,0.128086,1.013,26660.6405,0.832587,2843.154087,0.108029
P002942,6,30124.08,0.073331,0.995,29973.4596,0.719587,1581.64983,0.052505
P002943,2,33796.14,0.29237,1.032,34877.61648,0.719587,7337.74967,0.217118
P002944,4,44315.48,0.122284,1.037,45955.15276,0.586587,3296.364265,0.074384
P002945,9,19122.4,0.041508,1.04,19887.296,0.832587,687.291699,0.035942
P002946,10,52871.52,0.036783,1.04,54986.3808,0.832587,1683.963432,0.03185
P002947,10,39890.32,0.025192,1.015,40488.6748,0.667587,680.927784,0.01707
P002948,10,25227.18,0.030428,1.002,25277.63436,0.672587,517.326829,0.020507
P002949,10,45908.5,0.032521,1.013,46505.3105,0.763587,1154.834313,0.025155
P002950,10,27126.6,0.034031,1.02,27669.132,0.719587,677.56982,0.024978
P002951,2,16721.52,0.260459,1.032,17256.60864,0.611587,2748.8629,0.164391
P002952,2,21027.6,0.289244,1.042,21910.7592,0.672587,4262.557501,0.202713
P002953,7,26909.0,0.065675,1.041,28012.269,0.611587,1125.133175,0.041813
P002954,9,24066.64,0.042808,1.015,24427.6396,0.832587,870.633583,0.036176
P002955,1,16918.06,0.316209,1.024,17324.09344,0.348587,1909.572392,0.112872
P002956,7,23685.12,0.055099,1.042,24679.89504,0.672587,914.610558,0.038615
P002957,7,62962.14,0.055246,1.032,64976.92848,0.611587,2195.421359,0.034869
P002958,2,10346.6,0.231629,1.021,10563.8786,0.599587,1467.131201,0.141798
P002959,9,47841.92,0.039614,1.024,48990.12608,0.427587,829.807478,0.017345
P002960,4,26268.3,0.111184,1.032,27108.8856,0.719587,2168.884457,0.082567
P002961,8,38418.21,0.047476,1.042,40031.77482,0.679587,1291.584184,0.033619
P002962,4,34253.37,0.133137,1.027,35178.21099,0.637587,2986.142532,0.087178
P002963,2,21012.2,0.229452,1.027,21579.5294,0.841587,4167.096687,0.198318
P002964,9,27329.6,0.037954,1.015,27739.544,0.763587,803.918552,0.029416
P002965,4,7526.2,0.112958,1.024,7706.8288,0.564587,491.499736,0.065305
P002966,9,23442.73,0.036949,1.027,24075.68371,0.586587,521.815449,0.022259
P002967,7,46538.28,0.05558,1.015,47236.3542,0.586587,1540.03574,0.033092
P002968,2,27403.28,0.296928,1.015,27814.3292,0.667587,5513.505238,0.201199
P002969,1,22578.0,0.608854,1.032,23300.496,0.719587,10208.483509,0.452143
P002970,2,26961.66,0.24507,1.041,28067.08806,0.719587,4949.596974,0.183579
P002971,2,27166.68,0.271911,1.04,28253.3472,0.684587,5259.267026,0.193593
P002972,6,6599.04,0.083765,0.98,6467.0592,0.599587,324.802911,0.04922
P002973,2,52026.28,0.234839,1.041,54159.35748,0.832587,10589.424036,0.20354
P002974,9,73869.3,0.038877,1.041,76897.9413,0.640587,1915.071942,0.025925
P002975,9,22579.0,0.040372,1.027,23188.633,0.586587,549.140503,0.024321
P002976,1,34791.75,0.422422,1.04,36183.42,0.763587,11671.181176,0.335458
P002977,1,20442.4,0.336567,1.042,21300.9808,0.672587,4821.912184,0.235878
P002978,8,54292.0,0.049327,1.027,55757.884,0.679587,1869.113812,0.034427
P002979,3,24507.34,0.188332,1.04,25487.6336,0.599587,2878.095899,0.117438
P002980,10,58799.35,0.030818,1.015,59681.34025,0.763587,1404.429748,0.023885
P002981,3,38724.48,0.209427,1.015,39305.3472,0.832587,6853.536699,0.176982
P002982,6,26074.65,0.072549,1.027,26778.66555,0.751587,1460.163672,0.055999
P002983,7,15737.82,0.063114,0.98,15423.0636,0.643587,626.473414,0.039807
P002984,5,56664.64,0.087896,0.995,56381.3168,0.832587,4126.066785,0.072816
P002985,9,27322.2,0.043624,1.024,27977.9328,0.857587,1046.695173,0.038309
P002986,1,26914.18,0.550325,1.038,27936.91884,0.751587,11555.181234,0.429334
P002987,7,38765.27,0.058125,1.015,39346.74905,0.766587,1753.196964,0.045226
P002988,2,17814.42,0.245678,1.041,18544.81122,0.640587,2918.547401,0.163831
P002989,1,45164.19,0.486742,1.038,46880.42922,0.841587,19203.892741,0.425202
P002990,1,16212.7,0.570021,1.041,16877.4207,0.836587,8048.371483,0.496424
P002991,7,84126.86,0.065017,1.015,85388.7629,0.901587,5005.34213,0.059498
P002992,7,57194.56,0.054673,1.003,57366.14368,0.637587,1999.727674,0.034964
P002993,2,27571.2,0.209866,1.032,28453.4784,0.719587,4296.942565,0.155849
P002994,2,21802.83,0.271331,1.037,22609.53471,0.586587,3598.509749,0.165048
P002995,3,47636.38,0.193415,1.04,49541.8352,0.763587,7316.805004,0.153597
P002996,8,31935.2,0.050166,1.015,32414.228,0.763587,1241.67258,0.038881
P002997,2,33639.22,0.21583,1.002,33706.49844,0.751587,5467.687237,0.162539
P002998,3,23520.45,0.172363,1.024,24084.9408,0.599587,2489.091283,0.105827
P002999,2,22031.76,0.240219,1.04,22913.0304,0.901587,4962.468672,0.225242
P003000,9,22900.92,0.040195,1.013,23198.63196,0.763587,712.016252,0.031091
P003001,2,21717.76,0.258151,1.024,22238.98624,0.520587,2988.695588,0.137615
P003002,9,26176.68,0.044543,0.995,26045.7966,0.611587,709.541525,0.027106
P003003,3,26658.4,0.171521,1.041,27751.3944,0.611587,2911.123506,0.109201
P003004,1,27081.6,0.692372,1.04,28164.864,0.822587,16040.899396,0.592317
P003005,8,16178.4,0.050842,1.024,16566.6816,0.857587,722.326963,0.044648
P003006,10,14971.0,0.034633,1.015,15195.565,0.845587,445.010676,0.029725
P003007,10,27894.96,0.032547,1.04,29010.7584,0.763587,720.980498,0.025846
P003008,8,27953.06,0.051728,1.04,29071.1824,0.667587,1003.909789,0.035914
P003009,9,24739.52,0.043391,1.032,25531.18464,0.611587,677.523145,0.027386
P003010,8,37734.75,0.04881,1.013,38225.30175,0.667587,1245.559517,0.033008
P003011,7,79076.91,0.055484,1.04,82239.9864,0.667587,3046.176849,0.038522
P003012,10,48291.84,0.034665,1.042,50320.09728,0.751587,1311.033368,0.027148
P003013,8,20477.6,0.049197,0.995,20375.212,0.611587,613.048295,0.029938
P003014,2,38247.0,0.213287,1.027,39279.669,0.762587,6388.824757,0.167041
P003015,2,21048.84,0.282617,1.04,21890.7936,0.520587,3220.720913,0.153012
P003016,1,25778.06,0.33774,1.002,25829.61612,0.844587,7367.924511,0.285822
P003017,6,31951.26,0.071283,1.04,33229.3104,0.832587,1972.147124,0.061724
P003018,1,28196.96,0.655661,1.038,29268.44448,0.672587,12907.052629,0.457746
P003019,2,51672.27,0.273497,1.013,52344.00951,0.832587,11919.234097,0.23067
P003020,6,45831.11,0.071575,0.995,45601.95445,0.611587,1996.205468,0.043556
P003021,5,14751.0,0.100762,1.003,14795.253,0.637587,950.512596,0.064437
P003022,4,14527.52,0.110459,1.037,15065.03824,0.753587,1254.022511,0.08632
P003023,3,17382.2,0.153751,0.995,17295.289,0.611587,1626.312012,0.093562
P003024,10,61651.26,0.028129,1.038,63994.00788,0.923587,1662.516544,0.026966
P003025,9,35338.16,0.041939,1.015,35868.2324,0.507587,763.542862,0.021607
P003026,4,15199.8,0.138463,1.003,15245.3994,0.845587,1784.972158,0.117434
P003027,7,60169.78,0.060112,1.027,61794.36406,0.679587,2524.401699,0.041955
P003028,1,24523.68,0.817295,1.04,25504.6272,0.588587,12268.980027,0.500291
P003029,2,26794.32,0.247554,1.04,27866.0928,0.763587,5267.504707,0.19659
P003030,9,27635.76,0.042115,1.027,28381.92552,0.841587,1005.956334,0.036401
P003031,7,57071.02,0.060866,1.04,59353.8608,0.667587,2411.748232,0.042259
P003032,4,18293.0,0.108492,1.04,19024.72,0.763587,1576.060547,0.086156
P003033,6,25495.68,0.078315,1.04,26515.5072,0.599587,1245.08136,0.048835
P003034,9,17945.27,0.039345,1.021,18322.12067,0.348587,251.288564,0.014003
P003035,1,18967.2,0.666864,1.041,19744.8552,0.719587,9474.898191,0.499541
P003036,7,29312.16,0.057418,1.038,30426.02208,0.672587,1175.015717,0.040086
P003037,10,31152.52,0.021214,1.024,31900.18048,0.599587,405.765957,0.013025
P003038,2,29383.28,0.249126,1.002,29442.04656,0.679587,4984.617428,0.169641
P003039,7,112327.98,0.065402,1.015,114012.8997,0.763587,5693.857712,0.05069
P003040,7,35486.55,0.056721,1.027,36444.68685,0.637587,1318.002849,0.037141
P003041,1,16253.6,0.544935,1.041,16919.9976,0.532587,4910.611935,0.302125
P003042,1,21282.24,0.417162,1.038,22090.96512,0.751587,6926.257007,0.325448
P003043,8,24639.84,0.05354,1.013,24960.15792,0.667587,892.142236,0.036207
P003044,8,23068.28,0.052743,1.038,23944.87464,0.762587,963.083984,0.041749
P003045,4,49454.67,0.135077,1.04,51432.8568,0.667587,4637.972194,0.093782
P003046,7,41358.5,0.057477,1.027,42475.1795,0.600587,1466.236035,0.035452
P003047,2,17745.2,0.292615,1.04,18455.008,0.822587,4442.135855,0.250329
P003048,6,38559.84,0.067249,1.042,40179.35328,0.672587,1817.336719,0.04713
P003049,6,18986.0,0.066659,1.04,19745.44,0.763587,1005.047775,0.052936
P003050,6,28259.01,0.070819,1.04,29389.3704,0.667587,1389.460177,0.049169
P003051,1,22986.72,0.413662,1.04,23906.1888,0.832587,8233.512908,0.358186
P003052,10,44292.48,0.022407,1.04,46064.1792,0.667587,689.061752,0.015557
P003053,8,32888.88,0.045287,1.04,34204.4352,0.832587,1289.689636,0.039214
P003054,8,30195.06,0.052018,1.04,31402.8624,0.832587,1360.045155,0.045042
P003055,1,19805.12,0.303006,1.04,20597.3248,0.588587,3673.436339,0.185479
P003056,1,32269.41,0.407436,1.042,33624.72522,0.600587,8227.993462,0.254978
P003057,10,16802.5,0.03668,0.995,16718.4875,0.611587,375.049495,0.022321
P003058,9,16755.2,0.039896,1.02,17090.304,0.915587,624.271122,0.037258
P003059,7,83879.6,0.059336,0.995,83460.202,0.719587,3563.50714,0.042484
P003060,9,28056.84,0.039888,0.98,27495.7032,0.427587,468.957409,0.016715
P003061,5,26198.96,0.092467,1.032,27037.32672,0.832587,2081.518942,0.07945
P003062,2,18013.6,0.277305,1.032,18590.0352,0.640587,3302.300124,0.183323
P003063,10,34423.47,0.026345,0.995,34251.35265,0.719587,649.31361,0.018863
P003064,6,18412.1,0.080755,1.04,19148.584,0.520587,805.010526,0.043722
P003065,10,24328.72,0.036877,1.04,25301.8688,0.667587,622.898724,0.025603
P003066,8,29214.96,0.051008,1.04,30383.5584,0.857587,1329.10331,0.045494
P003067,6,46765.6,0.082751,1.042,48729.7552,0.679587,2740.390872,0.058598
P003068,2,34914.24,0.217939,1.04,36310.8096,0.832587,6588.707236,0.188711
P003069,10,13249.08,0.024284,0.98,12984.0984,0.427587,134.821985,0.010176
P003070,1,59413.89,0.355892,1.04,61790.4456,0.588587,12943.437866,0.217852
P003071,8,18982.48,0.052976,1.041,19760.76168,0.719587,753.302871,0.039684
P003072,3,105186.36,0.19274,1.003,105501.91908,0.586587,11927.918494,0.113398
P003073,3,17947.04,0.168317,1.04,18664.9216,0.832587,2615.676513,0.145744
P003074,2,28834.86,0.233668,1.04,29988.2544,0.588587,4124.395912,0.143035
P003075,7,17245.8,0.065694,1.02,17590.716,0.719587,831.552301,0.048218
P003076,3,27460.83,0.20161,1.04,28559.2632,0.832587,4793.901663,0.174572
P003077,2,11875.6,0.262971,1.04,12350.624,0.857587,2785.315917,0.234541
P003078,1,24756.78,0.433934,1.04,25747.0512,0.763587,8531.182963,0.3446
P003079,1,28406.01,0.484288,1.027,29172.97227,0.753587,10646.771636,0.374807
P003080,9,18498.48,0.039949,1.013,18738.96024,0.763587,571.615932,0.030901
P003081,6,52052.4,0.079524,1.037,53978.3388,0.586587,2517.964767,0.048374
P003082,7,35870.1,0.054912,1.015,36408.1515,0.667587,1334.671377,0.037208
P003083,9,29661.26,0.040448,1.041,30877.37166,0.832587,1039.845641,0.035057
P003084,2,22232.88,0.288026,1.02,22677.5376,0.836587,5464.348327,0.245778
P003085,7,18302.02,0.06248,1.032,18887.68464,0.915587,1080.49072,0.059037
P003086,6,20900.24,0.082362,1.037,21673.54888,0.586587,1047.099364,0.0501
P003087,7,17826.77,0.061677,1.02,18183.3054,0.832587,933.744875,0.052379
P003088,3,17790.0,0.179797,1.04,18501.6,0.643587,2140.908316,0.120343
P003089,7,25534.47,0.057597,1.027,26223.90069,0.679587,1026.454396,0.040199
P003090,1,9358.8,0.481034,1.04,9733.152,0.427587,2001.949328,0.213911
P003091,10,29092.24,0.027401,1.041,30285.02184,0.719587,597.135022,0.020526
P003092,1,15991.8,0.533807,1.032,16503.5376,0.719587,6339.345636,0.396412
P003093,10,29965.32,0.03584,1.037,31074.03684,0.586587,653.286173,0.021801
P003094,5,34186.32,0.087211,1.04,35553.7728,0.822587,2550.587369,0.074608
P003095,6,34886.67,0.069312,1.003,34991.33001,0.586587,1422.660295,0.040779
P003096,2,23220.3,0.292913,1.041,24172.3323,0.611587,4330.271581,0.186486
P003097,10,23288.34,0.028891,0.98,22822.5732,0.643587,424.357451,0.018222
P003098,6,18486.01,0.07017,1.041,19243.93641,0.832587,1124.28002,0.060818
P003099,8,34607.95,0.053504,1.032,35715.4044,0.719587,1375.071292,0.039733
P003100,2,22766.4,0.241718,1.04,23677.056,0.753587,4312.911681,0.189442
P003101,8,27191.56,0.044857,1.04,28279.2224,0.763587,968.633217,0.035623
P003102,1,17200.06,0.790974,1.041,17905.26246,0.915587,12967.08796,0.753898
P003103,1,36415.38,0.51985,1.042,37944.82596,0.762587,15042.503854,0.413081
P003104,3,33657.24,0.195578,1.015,34162.0986,0.763587,5101.781776,0.151581
P003105,8,33074.52,0.046615,1.04,34397.5008,0.763587,1224.376022,0.037019
P003106,10,48609.78,0.032084,1.02,49581.9756,0.832587,1324.463898,0.027247
P003107,5,25662.52,0.103549,1.04,26689.0208,0.427587,1181.693422,0.046047
P003108,4,29077.07,0.138504,1.04,30240.1528,0.763587,3198.199353,0.10999
P003109,5,10751.4,0.100378,1.04,11181.456,0.427587,479.911407,0.044637
P003110,8,45140.76,0.047874,1.024,46224.13824,0.643587,1424.226865,0.031551
P003111,3,25030.6,0.1903,1.002,25080.6612,0.844587,4031.075845,0.161046
P003112,6,48752.55,0.072261,1.042,50800.1571,0.679587,2494.663172,0.05117
P003113,4,28071.86,0.120001,1.04,29194.7344,0.763587,2675.158585,0.095297
P003114,10,23449.3,0.033215,1.04,24387.272,0.667587,540.768523,0.023061
P003115,10,116574.12,0.025013,1.04,121237.0848,0.832587,2524.831219,0.021659
P003116,3,14566.2,0.17487,1.015,14784.693,0.753587,1948.319145,0.133756
P003117,8,38446.2,0.046284,1.015,39022.893,0.667587,1205.74219,0.031362
P003118,1,21560.0,0.325155,1.002,21603.12,0.762587,5356.681277,0.248455
P003119,1,22976.84,0.315829,1.038,23849.95992,0.844587,6361.850116,0.276881
P003120,9,25164.81,0.038131,1.041,26196.56721,0.719587,718.798276,0.028564
P003121,2,17934.4,0.285282,1.04,18651.776,0.667587,3552.237216,0.198068
P003122,9,31607.76,0.037534,1.02,32239.9152,0.611587,740.077892,0.023414
P003123,1,18673.98,0.517064,1.037,19364.91726,0.637587,6384.090974,0.341871
P003124,2,24395.36,0.301223,1.041,25395.56976,0.719587,5504.638281,0.225643
P003125,10,33594.75,0.028839,1.027,34501.80825,0.586587,583.642554,0.017373
P003126,5,50636.01,0.090249,1.013,51294.27813,0.832587,3854.258565,0.076117
P003127,2,35618.58,0.286892,1.02,36330.9516,0.532587,5551.18127,0.155851
P003128,2,17979.97,0.243289,1.032,18555.32904,0.611587,2760.893917,0.153554
P003129,7,37142.0,0.058151,1.038,38553.396,0.841587,1886.765458,0.050799
P003130,6,23272.32,0.072658,1.021,23761.03872,0.427587,738.200406,0.03172
P003131,3,35986.94,0.151646,1.04,37426.4176,0.588587,3340.573652,0.092827
P003132,8,21394.83,0.050467,0.995,21287.85585,0.611587,657.05178,0.030711
P003133,6,40360.61,0.073741,1.04,41975.0344,0.667587,2066.370435,0.051198
P003134,1,25034.6,0.39613,1.037,25960.8802,0.507587,5219.968096,0.20851
P003135,9,15994.66,0.037451,0.98,15674.7668,0.599587,351.976192,0.022006
P003136,3,32111.68,0.183102,1.013,32529.13184,0.667587,3976.247504,0.123826
P003137,8,46865.49,0.050084,1.015,47568.47235,0.586587,1397.498308,0.029819
P003138,4,39853.35,0.127532,1.013,40371.44355,0.901587,4641.959249,0.116476
P003139,3,15639.8,0.181185,1.02,15952.596,0.915587,2646.384288,0.169208
P003140,5,60260.42,0.086927,0.995,59959.1179,0.719587,3750.539496,0.062239
P003141,6,34086.34,0.080967,1.032,35177.10288,0.719587,2049.523778,0.060127
P003142,8,44663.1,0.052842,1.04,46449.624,0.667587,1638.576175,0.036687
P003143,1,10795.4,0.347031,1.024,11054.4896,0.643587,2468.957561,0.228705
P003144,3,39314.42,0.178446,1.04,40886.9968,0.599587,4374.660566,0.111274
P003145,5,26540.01,0.10539,1.04,27601.6104,0.901587,2622.664912,0.098819
P003146,3,21659.1,0.161289,1.013,21940.6683,0.901587,3190.531229,0.147307
P003147,1,26748.31,0.381355,1.037,27737.99747,0.753587,7971.463706,0.298017
P003148,4,27875.61,0.126822,1.04,28990.6344,0.832587,3061.124534,0.109814
P003149,3,45154.9,0.182368,1.04,46961.096,0.684587,5862.933841,0.12984
P003150,2,40499.04,0.25799,1.032,41795.00928,0.640587,6907.247425,0.170553
P003151,10,16398.54,0.035405,0.995,16316.5473,0.719587,415.700316,0.02535
P003152,3,22652.28,0.205423,1.04,23558.3712,0.763587,3695.316903,0.163132
P003153,2,13888.0,0.211155,1.015,14096.32,0.637587,1897.783252,0.136649
P003154,2,17629.04,0.260808,1.037,18281.31448,0.507587,2420.127913,0.137281
P003155,2,56200.34,0.299336,1.027,57717.74918,0.679587,11741.232775,0.208917
P003156,1,29868.66,0.412831,1.041,31093.27506,0.832587,10687.294727,0.35781
P003157,7,13244.0,0.060167,1.015,13442.66,0.845587,683.909781,0.051639
P003158,10,30250.68,0.031924,1.037,31369.95516,0.586587,587.442527,0.019419
P003159,4,28492.2,0.133441,1.015,28919.583,0.667587,2576.251797,0.09042
P003160,8,28358.94,0.047857,1.015,28784.3241,0.901587,1241.951175,0.043794
P003161,9,61804.08,0.04078,1.04,64276.2432,0.667587,1749.871416,0.028313
P003162,10,48650.07,0.034793,1.032,50206.87224,0.611587,1068.341234,0.02196
P003163,2,21560.0,0.300815,1.027,22142.12,0.672587,4479.892423,0.207787
P003164,10,20748.0,0.034479,1.04,21577.92,0.667587,496.673307,0.023938
P003165,3,28280.7,0.1926,1.015,28704.9105,0.766587,4238.133979,0.14986
P003166,5,40567.23,0.093725,1.013,41094.60399,0.832587,3206.792266,0.079049
P003167,3,33616.0,0.177726,1.024,34422.784,0.643587,3937.357163,0.117127
P003168,3,56867.04,0.152048,1.002,56980.77408,0.679587,5887.830144,0.103537
P003169,1,33637.08,0.373347,1.027,34545.28116,0.762587,9835.359078,0.292396
P003170,10,25548.74,0.031391,1.013,25880.87362,0.832587,676.4242,0.026476
P003171,4,32919.94,0.113869,1.015,33413.7391,0.667587,2540.02072,0.077158
P003172,7,13651.0,0.064903,1.015,13855.765,0.753587,677.684878,0.049644
P003173,9,59367.0,0.037404,1.04,61741.68,0.832587,1922.773559,0.032388
P003174,2,26296.75,0.21125,1.041,27374.91675,0.719587,4161.343332,0.158246
P003175,1,29783.36,0.417145,1.038,30915.12768,0.751587,9692.530235,0.325434
P003176,10,47551.05,0.031876,1.041,49500.64305,0.611587,964.998546,0.020294
P003177,2,21560.0,0.231941,1.027,22142.12,0.841587,4322.099288,0.200468
P003178,1,37742.79,0.514296,1.042,39327.98718,0.751587,15201.754344,0.402772
P003179,3,32793.6,0.155164,1.042,34170.9312,0.672587,3566.115822,0.108744
P003180,7,101062.47,0.056363,1.027,103791.15669,0.586587,3431.515987,0.033954
P003181,7,37063.92,0.060165,1.042,38620.60464,0.762587,1771.954479,0.047808
P003182,1,40573.9,0.498349,1.04,42196.856,0.753587,15846.995863,0.390571
P003183,3,21102.54,0.19534,1.037,21883.33398,0.766587,3276.920964,0.155286
P003184,4,45309.6,0.11102,1.002,45400.2192,0.679587,3425.344887,0.075599
P003185,10,29205.24,0.029164,1.02,29789.3448,0.719587,625.161441,0.021406
P003186,1,66558.12,0.327902,1.04,69220.4448,0.753587,17104.568906,0.256987
P003187,6,58926.0,0.0738,1.003,59102.778,0.586587,2558.569055,0.04342
P003188,10,39837.38,0.020361,1.02,40634.1276,0.719587,595.359269,0.014945
P003189,6,37530.72,0.078395,1.041,39069.47952,0.611587,1873.198187,0.049911
P003190,10,19571.6,0.033912,1.015,19865.174,0.588587,396.515645,0.02026
P003191,1,19489.8,0.330589,1.04,20269.392,0.753587,5049.659259,0.259092
P003192,7,22623.3,0.061387,1.041,23550.8553,0.832587,1203.676722,0.053205
P003193,2,19965.0,0.260744,1.038,20723.67,0.844587,4563.77875,0.228589
P003194,4,16878.4,0.139994,1.041,17570.4144,0.532587,1310.028237,0.077616
P003195,5,24206.0,0.106104,1.027,24859.562,0.751587,1982.465729,0.0819
P003196,1,13287.99,0.415113,1.024,13606.90176,0.348587,1968.955506,0.148176
P003197,2,26819.1,0.230715,1.015,27221.3865,0.637587,4004.2851,0.149307
P003198,10,52180.8,0.031959,1.041,54320.2128,0.832587,1445.386615,0.0277
P003199,9,41248.44,0.039679,1.027,42362.14788,0.751587,1263.34607,0.030628
P003200,5,26024.88,0.099274,1.04,27065.8752,0.763587,2051.70272,0.078836
P003201,7,46420.2,0.055545,1.038,48184.1676,0.600587,1607.394733,0.034627
P003202,1,20314.12,0.324479,1.02,20720.4024,0.753587,5066.622502,0.249414
P003203,8,98462.0,0.045928,1.002,98658.924,0.679587,3079.357456,0.031275
P003204,2,18339.2,0.226716,1.04,19072.768,0.684587,2960.219836,0.161415
P003205,10,49960.8,0.032028,1.024,51159.8592,0.643587,1054.543632,0.021107
P003206,1,29463.42,0.305544,1.04,30641.9568,0.667587,6250.266655,0.212136
P003207,6,47159.16,0.073776,1.002,47253.47832,0.841587,2933.922014,0.062213
P003208,7,39626.95,0.063058,1.041,41251.65495,0.611587,1590.890389,0.040147
P003209,10,26369.1,0.028573,1.021,26922.8511,0.643587,495.09738,0.018776
P003210,6,18841.68,0.068243,1.027,19350.40536,0.637587,841.955797,0.044686
P003211,10,53931.78,0.026007,1.024,55226.14272,0.427587,614.136935,0.011387
P003212,10,35862.11,0.035538,1.027,36830.38697,0.753587,986.360056,0.027504
P003213,8,25716.17,0.052532,1.032,26539.08744,0.832587,1160.760726,0.045137
P003214,8,39430.4,0.048376,1.041,41047.0464,0.719587,1428.882661,0.036238
P003215,7,37154.52,0.057795,1.032,38343.46464,0.719587,1594.644419,0.042919
P003216,3,62537.05,0.205407,1.04,65038.532,0.763587,10201.053507,0.16312
P003217,1,26320.32,0.323363,1.015,26715.1248,0.822587,7106.065298,0.269984
P003218,10,31686.78,0.034549,1.04,32954.2512,0.901587,1026.48967,0.032395
P003219,8,44520.03,0.049356,1.037,46167.27111,0.637587,1452.813744,0.032633
P003220,3,30999.45,0.193285,1.027,31836.43515,0.637587,3923.384534,0.126563
P003221,1,27050.99,0.384303,1.04,28133.0296,0.667587,7217.694831,0.266818
P003222,1,21048.39,0.571831,1.024,21553.55136,0.599587,7389.897168,0.351091
P003223,2,24500.0,0.257587,1.038,25431.0,0.672587,4405.907539,0.179833
P003224,2,14658.66,0.272386,1.027,15054.44382,0.558587,2290.552194,0.156259
P003225,8,19828.3,0.045823,1.015,20125.7245,0.901587,831.453328,0.041933
P003226,5,21209.76,0.093222,1.038,22015.73088,0.841587,1727.234746,0.081436
P003227,4,33031.6,0.135351,1.04,34352.864,0.667587,3104.069412,0.093973
P003228,8,56294.63,0.052806,1.003,56463.51389,0.586587,1748.971322,0.031068
P003229,9,25651.64,0.044454,1.024,26267.27936,0.599587,700.133265,0.027294
P003230,6,15086.82,0.082422,1.027,15494.16414,0.674587,861.488982,0.057102
P003231,9,15056.28,0.044518,1.015,15282.1242,0.637587,433.769755,0.02881
P003232,9,18885.48,0.041774,1.024,19338.73152,0.643587,519.928688,0.027531
P003233,2,19835.2,0.294055,1.038,20588.9376,0.844587,5113.357119,0.257792
P003234,5,65464.0,0.085631,1.002,65594.928,0.679587,3817.203301,0.05831
P003235,6,25468.72,0.082114,1.04,26487.4688,0.667587,1451.994858,0.057011
P003236,10,38246.56,0.026427,1.02,39011.4912,0.832587,858.349231,0.022443
P003237,10,35067.6,0.031939,1.037,36365.1012,0.586587,681.308803,0.019428
P003238,6,23012.99,0.071888,1.038,23887.48362,0.844587,1450.335478,0.063022
P003239,7,41712.0,0.056725,1.015,42337.68,0.832587,1999.550005,0.047937
P003240,7,11798.37,0.057147,1.024,12081.53088,0.427587,295.213581,0.025022
P003241,8,19754.28,0.050828,1.027,20287.64556,0.586587,604.875996,0.03062
P003242,3,21630.0,0.154213,1.041,22516.83,0.640587,2224.366812,0.102837
P003243,2,24249.08,0.253641,1.04,25219.0432,0.832587,5325.71278,0.219625
P003244,1,26510.74,0.481472,1.04,27571.1696,0.599587,7959.35527,0.300231
P003245,1,20412.9,0.606376,1.042,21270.2418,0.672587,8674.866236,0.42497
P003246,1,30376.06,0.499777,1.04,31591.1024,0.832587,13145.300239,0.432752
P003247,2,37597.56,0.213496,1.04,39101.4624,0.753587,6290.944678,0.167323
P003248,6,33639.72,0.080812,0.98,32966.9256,0.348587,928.676062,0.027607
P003249,10,29013.6,0.036626,1.013,29390.7768,0.763587,821.975397,0.028331
P003250,9,25264.06,0.038283,1.032,26072.50992,0.836587,835.025294,0.033052
P003251,2,13142.8,0.26523,1.021,13418.7988,0.427587,1521.812023,0.115791
P003252,8,49280.0,0.051157,1.04,51251.2,0.667587,1750.305942,0.035518
P003253,3,14647.6,0.160637,1.003,14691.5428,0.637587,1504.708923,0.102727
P003254,5,39511.18,0.097456,1.041,41131.13838,0.611587,2451.542177,0.062047
P003255,1,31436.44,0.342117,1.015,31907.9866,0.763587,8335.524092,0.265155
P003256,2,17440.02,0.300488,1.032,17998.10064,0.719587,3891.677257,0.223146
P003257,8,41547.87,0.052415,1.013,42087.99231,0.763587,1684.497536,0.040544
P003258,1,28712.04,0.336133,1.04,29860.5216,0.857587,8607.68204,0.299793
P003259,2,35095.84,0.245978,1.042,36569.86528,0.751587,6760.817883,0.192639
P003260,2,18073.0,0.227537,1.015,18344.095,0.588587,2456.737591,0.135934
P003261,7,27580.8,0.060859,1.013,27939.3504,0.667587,1135.140265,0.041157
P003262,9,36334.56,0.038815,1.02,37061.2512,0.832587,1197.688532,0.032963
P003263,5,21681.4,0.098159,1.04,22548.656,0.763587,1690.089356,0.077951
P003264,8,26212.32,0.051744,1.041,27287.02512,0.611587,863.51992,0.032943
P003265,6,33662.11,0.080499,1.041,35042.25651,0.719587,2029.862339,0.060301
P003266,8,20803.95,0.050138,1.015,21116.00925,0.832587,881.466708,0.04237
P003267,4,30679.28,0.121731,0.995,30525.8836,0.753587,2800.277581,0.091276
P003268,3,17494.4,0.200608,1.02,17844.288,0.611587,2189.296298,0.125143
P003269,4,26376.29,0.131314,0.995,26244.40855,0.832587,2869.319361,0.108784
P003270,8,30585.13,0.045802,1.037,31716.77981,0.586587,852.121519,0.027861
P003271,7,64044.75,0.061435,1.032,66094.182,0.532587,2162.573571,0.033767
P003272,10,45963.25,0.034929,1.021,46928.47825,0.599587,982.809939,0.021383
P003273,9,15934.84,0.04272,1.003,15982.64452,0.586587,400.509,0.025134
P003274,3,42758.08,0.205899,1.037,44340.12896,0.586587,5355.290043,0.125246
P003275,9,53757.45,0.039301,1.04,55907.748,0.832587,1829.376826,0.03403
P003276,4,25499.52,0.139564,1.015,25882.0128,0.588587,2126.094077,0.083378
P003277,7,17615.1,0.062039,1.021,17985.0171,0.427587,477.088125,0.027084
P003278,1,15540.8,0.366747,1.02,15851.616,0.753587,4381.003861,0.281903
P003279,9,21322.8,0.043272,1.021,21770.5788,0.427587,402.811821,0.018891
P003280,6,48314.0,0.069067,1.027,49618.478,0.672587,2304.962996,0.047708
P003281,2,34867.0,0.231927,1.015,35390.005,0.832587,6833.782458,0.195996
P003282,5,29008.32,0.091468,0.995,28863.2784,0.719587,1899.7623,0.06549
P003283,1,24791.0,0.339618,1.038,25733.058,0.751587,6568.422065,0.264952
P003284,10,48470.63,0.036751,1.02,49440.0426,0.611587,1111.242658,0.022926
P003285,1,16979.6,0.48184,1.032,17522.9472,0.719587,6075.653759,0.357821
P003286,3,27176.8,0.160317,1.021,27747.5128,0.427587,1902.075091,0.069989
P003287,1,22534.13,0.454395,1.04,23435.4952,0.684587,7290.144844,0.323516
P003288,8,50424.92,0.050414,0.995,50172.7954,0.611587,1546.964207,0.030679
P003289,10,18431.7,0.034986,1.021,18818.7657,0.599587,394.767514,0.021418
P003290,7,62277.88,0.058582,1.002,62402.43576,0.762587,2787.734741,0.044763
P003291,1,20827.4,0.482979,1.038,21618.8412,0.923587,9643.583194,0.463024
P003292,9,34088.12,0.041053,1.041,35485.73292,0.832587,1212.921888,0.035582
P003293,6,36809.84,0.067847,0.995,36625.7908,0.719587,1788.140286,0.048578
P003294,1,38429.64,0.431163,1.038,39889.96632,0.672587,11567.877736,0.301014
P003295,7,48261.8,0.054217,1.002,48358.3236,0.679587,1781.753542,0.036919
P003296,2,61700.8,0.271807,1.02,62934.816,0.832587,14242.334501,0.230829
P003297,3,31133.55,0.156188,1.027,31974.15585,0.637587,3184.084936,0.102272
P003298,3,44064.0,0.180839,1.04,45826.56,0.763587,6328.02669,0.14361
P003299,4,20619.0,0.132365,1.032,21278.808,0.832587,2345.040352,0.113732
P003300,7,52613.21,0.054369,1.04,54717.7384,0.901587,2682.183915,0.050979
P003301,6,26554.92,0.067495,1.013,26900.13396,0.822587,1493.507452,0.056242
P003302,4,19047.6,0.125598,1.04,19809.504,0.832587,2071.510973,0.108754
P003303,5,31773.07,0.092541,1.041,33075.76587,0.719587,2202.554034,0.069321
P003304,7,62363.13,0.063554,1.013,63173.85069,0.763587,3065.783107,0.04916
P003305,1,17397.6,0.583997,1.041,18110.9016,0.719587,7610.854936,0.437466
P003306,10,17952.0,0.035933,1.04,18670.08,0.667587,447.864211,0.024948
P003307,9,23389.59,0.038921,1.027,24021.10893,0.753587,704.552562,0.030122
P003308,9,28617.66,0.043148,1.013,28989.68958,0.901587,1127.756081,0.039408
P003309,1,8769.2,0.338157,1.021,8953.3532,0.778587,2357.276075,0.268813
P003310,4,16029.2,0.112613,1.02,16349.784,0.915587,1685.778648,0.105169
P003311,2,20708.6,0.294571,1.038,21495.5268,0.679587,4303.121642,0.207794
P003312,2,50914.5,0.219862,1.038,52849.251,0.672587,7815.151278,0.153496
P003313,9,26386.38,0.03861,1.015,26782.1757,0.901587,932.289913,0.035332
P003314,1,48698.65,0.366015,0.995,48455.15675,0.915587,16238.215703,0.333443
P003315,4,130260.76,0.135203,1.038,135210.66888,0.751587,13739.711371,0.105479
P003316,4,27695.52,0.135702,1.04,28803.3408,0.763587,2984.612659,0.107765
P003317,1,56964.6,0.345249,1.04,59243.184,0.667587,13654.584355,0.239703
P003318,1,26988.1,0.364046,1.032,27851.7192,0.640587,6495.099436,0.240665
P003319,8,15259.42,0.048615,0.98,14954.2316,0.643587,467.888538,0.030662
P003320,8,40844.49,0.053779,1.02,41661.3798,0.611587,1370.261874,0.033548
P003321,9,29685.0,0.04316,1.04,30872.4,0.427587,569.736295,0.019193
P003322,6,30069.9,0.06715,1.002,30130.0398,0.600587,1215.131911,0.04041
P003323,7,24545.31,0.065972,1.02,25036.2162,0.611587,1010.143752,0.041154
P003324,1,41454.0,0.590346,1.038,43029.252,0.600587,15256.198278,0.368027
P003325,1,30787.8,0.30569,1.015,31249.617,0.822587,7857.914087,0.255228
P003326,9,8143.3,0.038297,0.98,7980.434,0.599587,183.24797,0.022503
P003327,7,104924.16,0.065287,1.04,109121.1264,0.753587,5368.697556,0.051167
P003328,8,19774.05,0.050844,1.04,20565.012,0.763587,798.41172,0.040377
P003329,9,20560.8,0.037541,0.995,20457.996,0.719587,552.647102,0.026879
P003330,4,23724.96,0.125222,1.003,23796.13488,0.586587,1747.910847,0.073674
P003331,1,52540.0,0.327125,1.027,53958.58,0.841587,14854.996951,0.282737
P003332,10,94791.06,0.035155,1.04,98582.7024,0.588587,2039.826318,0.021519
P003333,2,34432.44,0.24928,1.038,35740.87272,0.600587,5350.908717,0.155403
P003334,4,25232.0,0.107601,1.02,25736.64,0.915587,2535.532974,0.100489
P003335,2,23525.32,0.223589,1.041,24489.85812,0.640587,3507.637937,0.149101
P003336,6,70434.9,0.06648,1.027,72336.6423,0.845587,4066.397675,0.057733
P003337,2,28305.84,0.291399,1.041,29466.37944,0.832587,7148.973673,0.252562
P003338,6,33078.26,0.072674,1.015,33574.4339,0.507587,1238.501417,0.037442
P003339,1,32159.67,0.329611,1.032,33188.77944,0.753587,8243.773997,0.256339
P003340,2,39926.93,0.21505,1.027,41004.95711,0.841587,7421.21128,0.18587
P003341,1,22179.36,0.495776,1.003,22245.89808,0.637587,7031.937362,0.317049
P003342,1,19988.3,0.330706,1.032,20627.9256,0.832587,5679.724675,0.284152
P003343,6,24972.75,0.067284,1.038,25921.7145,0.672587,1173.063538,0.046974
P003344,2,13219.8,0.27247,1.003,13259.4594,0.558587,2018.063333,0.152655
P003345,4,24426.0,0.113913,1.013,24743.538,0.753587,2124.059291,0.086959
P003346,9,52890.75,0.040836,1.027,54318.80025,0.558587,1239.023621,0.023426
P003347,10,120518.75,0.029654,1.037,124977.94375,0.637587,2362.95127,0.019607
P003348,1,21129.42,0.561396,1.037,21911.20854,0.586587,7215.522974,0.341492
P003349,9,22599.0,0.040728,1.027,23209.173,0.753587,712.345644,0.031521
P003350,2,19012.4,0.244421,1.015,19297.586,0.667587,3148.825332,0.16562
P003351,1,25746.81,0.578527,1.038,26725.18878,0.844587,13058.353128,0.507183
P003352,7,87672.78,0.06437,1.04,91179.6912,0.763587,4481.701298,0.051119
P003353,8,45675.35,0.054029,1.04,47502.364,0.667587,1713.350593,0.037511
P003354,8,40777.16,0.050976,1.021,41633.48036,0.599587,1272.509519,0.031206
P003355,1,19388.33,0.334653,1.04,20163.8632,0.832587,5618.203617,0.289772
P003356,2,31966.1,0.229007,1.015,32445.5915,0.763587,5673.662778,0.17749
P003357,8,67194.4,0.050904,1.042,70016.5648,0.751587,2678.741112,0.039866
P003358,7,56797.18,0.064921,1.038,58955.47284,0.600587,2298.724939,0.040473
P003359,6,21711.24,0.08325,1.015,22036.9086,0.753587,1382.501673,0.063677
P003360,8,60029.73,0.046506,1.015,60930.17595,0.763587,2163.701491,0.036044
P003361,5,39382.2,0.099056,1.015,39972.933,0.763587,3023.47758,0.076773
P003362,7,28711.36,0.059195,1.041,29888.52576,0.611587,1082.056062,0.037687
P003363,4,30473.52,0.120991,1.015,30930.6228,0.588587,2202.683447,0.072282
P003364,7,33304.41,0.056532,1.02,33970.4982,0.719587,1381.915263,0.041493
P003365,1,28321.2,0.395482,1.041,29482.3692,0.832587,9707.745977,0.342773
P003366,4,37197.44,0.137839,1.04,38685.3376,0.763587,4071.718091,0.109462
P003367,2,23781.99,0.276403,1.038,24685.70562,0.751587,5128.231146,0.215635
P003368,2,21796.44,0.215963,1.04,22668.2976,0.684587,3351.40067,0.153759
P003369,2,36501.84,0.236159,1.038,37888.90992,0.600587,5373.94109,0.147224
P003370,5,25525.8,0.084235,1.024,26138.4192,0.427587,941.450013,0.036882
P003371,5,17099.43,0.102253,1.032,17646.61176,0.719587,1298.438563,0.075935
P003372,9,37118.4,0.039235,1.04,38603.136,0.667587,1011.125445,0.027241
P003373,9,50513.72,0.040467,1.038,52433.24136,0.600587,1274.346198,0.025228
P003374,5,43544.71,0.106014,1.015,44197.88065,0.667587,3128.029683,0.071835
P003375,4,39965.95,0.139826,1.032,41244.8604,0.640587,3694.341581,0.092437
P003376,5,17183.4,0.087915,1.027,17647.3518,0.558587,866.625121,0.050434
P003377,5,18009.28,0.101023,0.98,17649.0944,0.857587,1529.052442,0.084904
P003378,5,37985.31,0.084879,1.042,39580.69302,0.679587,2283.120667,0.060105
P003379,7,41551.76,0.057147,1.04,43213.8304,0.832587,2056.100212,0.049483
P003380,2,69648.33,0.23964,1.002,69787.62666,0.751587,12569.457242,0.18047
P003381,10,60003.82,0.028125,1.037,62223.96134,0.637587,1115.811901,0.018596
P003382,2,19420.0,0.298982,1.041,20216.22,0.611587,3696.606641,0.19035
P003383,3,38760.93,0.165237,1.002,38838.45186,0.672587,4316.348993,0.111358
P003384,1,55566.0,0.544229,1.042,57899.772,0.600587,18924.931386,0.340585
P003385,5,54796.85,0.084773,1.02,55892.787,0.719587,3409.529895,0.062221
P003386,4,21788.46,0.114163,1.04,22659.9984,0.599587,1551.08783,0.071189
P003387,1,21918.78,0.634767,1.04,22795.5312,0.901587,13045.83457,0.59519
P003388,2,40357.05,0.269167,1.038,41890.6179,0.762587,8598.598834,0.213063
P003389,6,14240.6,0.07195,1.015,14454.209,0.845587,879.387576,0.061752
P003390,4,24683.75,0.106713,0.995,24560.33125,0.719587,1885.971427,0.076405
P003391,2,31421.66,0.215183,1.04,32678.5264,0.667587,4694.381616,0.1494
P003392,3,20957.82,0.194561,1.041,21817.09062,0.915587,3886.445973,0.185441
P003393,5,23895.27,0.090797,1.015,24253.69905,0.822587,1811.460174,0.075808
P003394,9,16226.94,0.038614,0.995,16145.8053,0.611587,381.295,0.023498
P003395,4,26606.98,0.113605,1.015,27006.0847,0.637587,1956.139417,0.07352
P003396,2,19371.0,0.242317,1.04,20145.84,0.588587,2873.295163,0.14833
P003397,9,41011.25,0.039647,1.032,42323.61,0.611587,1026.252594,0.025024
P003398,8,49973.08,0.050443,1.032,51572.21856,0.719587,1871.98843,0.03746
P003399,9,37421.52,0.041097,1.041,38955.80232,0.611587,979.118023,0.026165
P003400,3,46851.09,0.188444,1.027,48116.06943,0.923587,8374.319126,0.178743
P003401,3,25414.44,0.196626,1.042,26481.84648,0.923587,4809.135942,0.189228
P003402,10,52040.64,0.03568,1.013,52717.16832,0.667587,1255.696809,0.024129
P003403,4,16984.29,0.112903,1.003,17035.24287,0.753587,1449.397941,0.085338
P003404,8,19503.0,0.046458,1.015,19795.545,0.822587,756.498812,0.038789
P003405,8,95531.43,0.047757,1.013,96773.33859,0.588587,2720.194133,0.028474
P003406,1,29187.8,0.328616,1.041,30384.4998,0.719587,7184.947968,0.246163
P003407,7,40398.5,0.056673,1.002,40479.297,0.679587,1559.033151,0.038591
P003408,5,20158.6,0.100656,1.002,20198.9172,0.923587,1877.781936,0.09315
P003409,3,25287.2,0.182084,1.04,26298.688,0.753587,3608.606331,0.142705
P003410,9,50559.18,0.038826,1.015,51317.5677,0.763587,1521.395604,0.030091
P003411,2,19841.8,0.266565,1.027,20377.5286,0.672587,3653.443074,0.184129
P003412,2,42484.08,0.211621,1.038,44098.47504,0.751587,7013.925085,0.165095
P003413,3,38197.98,0.143338,0.995,38006.9901,0.753587,4105.431985,0.107478
P003414,3,47701.06,0.173504,1.04,49609.1024,0.588587,5066.18584,0.106207
P003415,1,22692.54,0.36104,1.015,23032.9281,0.832587,6923.635225,0.305106
P003416,8,37042.58,0.053252,1.032,38227.94256,0.611587,1245.020935,0.033611
P003417,1,44701.24,0.546699,1.002,44790.64248,0.762587,18673.465242,0.417739
P003418,3,33167.76,0.14992,1.042,34560.80592,0.679587,3521.187397,0.106163
P003419,1,46070.52,0.352662,1.038,47821.19976,0.762587,12860.824936,0.279155
P003420,10,43298.65,0.035242,1.04,45030.596,0.763587,1211.798995,0.027987
P003421,9,26003.76,0.042706,1.04,27043.9104,0.667587,771.013727,0.02965
P003422,7,18286.24,0.057947,0.995,18194.8088,0.640587,675.397396,0.036935
P003423,2,17748.28,0.24121,1.02,18103.2456,0.832587,3635.638179,0.204845
P003424,2,31028.72,0.256481,1.038,32207.81136,0.844587,6976.864874,0.224852
P003425,4,18275.03,0.12291,1.032,18859.83096,0.915587,2122.389766,0.116136
P003426,3,18458.0,0.173989,1.04,19196.32,0.588587,1965.845941,0.106504
P003427,7,46027.08,0.066141,1.032,47499.94656,0.532587,1673.23663,0.036353
P003428,8,43337.36,0.049729,1.04,45070.8544,0.763587,1711.439312,0.039491
P003429,2,18524.0,0.291983,1.04,19264.96,0.753587,4238.950083,0.228836
P003430,8,55109.28,0.052751,1.04,57313.6512,0.588587,1779.500093,0.03229
P003431,6,40413.25,0.079759,1.027,41504.40775,0.751587,2488.018598,0.061564
P003432,9,77154.56,0.041144,1.013,78157.56928,0.763587,2455.486707,0.031826
P003433,2,19597.44,0.238765,1.021,20008.98624,0.599587,2864.490126,0.146167
P003434,3,40487.57,0.150656,1.038,42026.09766,0.679587,4302.789717,0.106274
P003435,10,19115.05,0.029661,1.04,19879.652,0.427587,252.123986,0.01319
P003436,8,54090.08,0.045999,1.038,56145.50304,0.679587,1755.114259,0.032448
P003437,6,36721.11,0.081994,1.04,38189.9544,0.901587,2823.196455,0.076882
P003438,8,83865.69,0.048777,1.04,87220.3176,0.763587,3248.549616,0.038735
P003439,1,15802.6,0.333407,1.032,16308.2832,0.640587,3483.059215,0.220411
P003440,1,27810.24,0.479608,1.041,28950.45984,0.719587,9991.366647,0.359269
P003441,3,25068.4,0.14771,1.027,25745.2468,0.845587,3215.627867,0.128274
P003442,4,26595.36,0.124197,1.038,27605.98368,0.841587,2885.45153,0.108495
P003443,6,31636.8,0.070471,1.027,32490.9936,0.586587,1343.098433,0.042454
P003444,10,44141.4,0.03689,1.024,45200.7936,0.599587,999.782863,0.02265
P003445,7,13378.2,0.058314,1.027,13739.4114,0.845587,677.486472,0.050641
P003446,1,23044.77,0.315395,1.04,23966.5608,0.427587,3232.100951,0.140253
P003447,8,9669.0,0.046799,0.98,9475.62,0.427587,189.612717,0.01961
P003448,9,24602.4,0.037974,1.002,24651.6048,0.679587,636.175706,0.025858
P003449,2,62034.0,0.299824,1.042,64639.428,0.751587,14566.079943,0.234808
P003450,5,41256.04,0.091722,1.038,42823.76952,0.679587,2669.329067,0.064702
P003451,10,44555.0,0.032654,1.003,44688.665,0.637587,930.395848,0.020882
P003452,8,13436.6,0.050331,0.98,13167.868,0.427587,283.38608,0.021091
P003453,3,36741.87,0.158687,1.04,38211.5448,0.763587,4630.138029,0.126018
P003454,9,81487.51,0.039638,1.032,84095.11032,0.719587,2398.659814,0.029436
P003455,1,38140.65,0.334724,1.027,39170.44755,0.672587,8818.485335,0.23121
P003456,9,10179.4,0.039125,0.98,9975.812,0.599587,234.018415,0.022989
P003457,5,18202.8,0.094382,1.04,18930.912,0.667587,1192.797283,0.065528
P003458,5,30785.88,0.097637,1.037,31924.95756,0.674587,2102.733005,0.068302
P003459,8,33008.41,0.046367,0.995,32843.36795,0.719587,1095.831322,0.033199
P003460,8,43051.5,0.045622,1.015,43697.2725,0.586587,1169.382327,0.027162
P003461,9,37800.0,0.040973,1.04,39312.0,0.753587,1213.822159,0.032112
P003462,3,27469.68,0.158941,1.021,28046.54328,0.427587,1906.071431,0.069388
P003463,10,29399.76,0.028227,1.027,30193.55352,0.923587,787.15921,0.026774
P003464,1,20336.8,0.587376,1.042,21190.9456,0.762587,9491.953072,0.466738
P003465,4,16094.24,0.142765,1.024,16480.50176,0.564587,1328.383476,0.082538
P003466,6,16792.6,0.070155,1.032,17329.9632,0.832587,1012.240564,0.060279
P003467,8,39573.8,0.052771,1.013,40088.2594,0.667587,1412.286809,0.035687
P003468,4,30729.84,0.106757,1.027,31559.54568,0.637587,2148.153621,0.069904
P003469,6,20207.5,0.081266,0.995,20106.4625,0.719587,1175.782874,0.058185
P003470,4,30115.05,0.107733,1.037,31229.30685,0.586587,1973.524173,0.065533
P003471,6,43686.54,0.071717,1.024,44735.01696,0.857587,2751.374812,0.06298
P003472,2,43377.1,0.229885,1.032,44765.1672,0.640587,6592.168461,0.151973
P003473,9,19120.0,0.037975,1.04,19884.8,0.901587,680.805334,0.035607
P003474,5,51070.89,0.088363,1.032,52705.15848,0.611587,2848.259632,0.055771
P003475,9,38639.84,0.037148,1.002,38717.11968,0.751587,1080.968989,0.027976
P003476,3,26830.24,0.172961,1.024,27474.16576,0.427587,2031.874714,0.075731
P003477,2,19708.4,0.275316,1.04,20496.736,0.832587,4698.346898,0.238393
P003478,7,22486.1,0.057871,1.024,23025.7664,0.427587,569.766299,0.025339
P003479,1,25978.36,0.314411,1.015,26368.0354,0.832587,6902.474317,0.265701
P003480,2,39943.8,0.233849,1.013,40463.0694,0.667587,6316.883482,0.158144
P003481,1,28087.2,0.390623,1.04,29210.688,0.667587,7617.401374,0.271205
P003482,4,32827.06,0.136168,1.024,33614.90944,0.599587,2744.470092,0.083604
P003483,9,27890.46,0.042455,0.995,27751.0077,0.719587,847.789598,0.030397
P003484,9,90719.19,0.044035,1.04,94347.9576,0.832587,3459.11258,0.03813
P003485,2,31926.08,0.240395,1.037,33107.34496,0.753587,5997.68764,0.187862
P003486,7,57380.4,0.054834,1.027,58929.6708,0.751587,2428.642601,0.042325
P003487,4,10275.0,0.110118,1.04,10686.0,0.520587,612.582931,0.059619
P003488,1,84415.29,0.31492,1.032,87116.57928,0.611587,16778.72873,0.198764
P003489,3,22701.78,0.195821,1.013,22996.90314,0.763587,3438.637777,0.15147
P003490,9,35174.72,0.042386,1.038,36511.35936,0.751587,1163.131913,0.033067
P003491,8,35750.77,0.049731,1.02,36465.7854,0.832587,1509.877777,0.042233
P003492,10,35092.4,0.032815,1.015,35618.786,0.667587,780.287038,0.022235
P003493,10,86080.4,0.035607,1.037,89265.3748,0.637587,2026.535979,0.023542
P003494,9,42182.82,0.042561,1.04,43870.1328,0.832587,1554.563681,0.036853
P003495,7,20842.5,0.056917,1.04,21676.2,0.832587,1027.206615,0.049284
P003496,4,21441.2,0.142423,1.038,22255.9656,0.844587,2677.138541,0.12486
P003497,8,22581.71,0.048746,1.032,23304.32472,0.640587,727.699167,0.032225
P003498,10,28874.37,0.036581,1.013,29249.73681,0.763587,817.02997,0.028296
P003499,7,25603.2,0.066188,1.04,26627.328,0.753587,1328.136259,0.051874
P003500,3,17661.6,0.206115,1.04,18368.064,0.763587,2890.888129,0.163682
P003501,9,80115.24,0.03828,1.04,83319.8496,0.763587,2435.434456,0.030399
P003502,10,42156.01,0.028461,1.02,42999.1302,0.753587,922.246072,0.021877
P003503,4,40866.0,0.119001,1.038,42418.908,0.672587,3395.131413,0.08308
P003504,9,31625.1,0.040904,1.003,31719.9753,0.507587,658.587096,0.020825
P003505,10,40590.84,0.033549,1.024,41565.02016,0.520587,725.94305,0.017884
P003506,2,34056.96,0.248157,1.04,35419.2384,0.901587,7924.524896,0.232684
P003507,7,40368.15,0.062032,0.995,40166.30925,0.611587,1523.82043,0.037748
P003508,3,46741.45,0.17837,1.04,48611.108,0.684587,5935.877333,0.126994
P003509,2,47045.44,0.257805,1.04,48927.2576,0.832587,10501.998414,0.223231
P003510,10,37869.74,0.035713,0.995,37680.3913,0.915587,1232.082168,0.032535
P003511,4,39679.6,0.108644,1.015,40274.794,0.832587,3643.094094,0.091813
P003512,3,32670.5,0.157965,1.027,33552.6035,0.672587,3564.801234,0.109114
P003513,6,51974.2,0.06776,1.04,54053.168,0.763587,2796.748233,0.05381
P003514,4,19946.04,0.123585,0.98,19547.1192,0.599587,1448.439772,0.072618
P003515,7,24580.79,0.058843,1.04,25564.0216,0.763587,1148.632183,0.046729
P003516,1,12645.0,0.515704,1.024,12948.48,0.599587,4003.78957,0.31663
P003517,10,20766.48,0.027846,1.04,21597.1392,0.599587,360.588934,0.017364
P003518,7,87323.7,0.055074,1.032,90118.0584,0.611587,3035.377222,0.03476
P003519,1,16581.4,0.344583,1.032,17112.0048,0.915587,5398.75557,0.325591
P003520,3,49350.32,0.200154,1.038,51225.63216,0.841587,8628.804477,0.174848
P003521,5,36987.03,0.104559,1.032,38170.61496,0.719587,2871.942327,0.077647
P003522,10,13232.12,0.025547,1.04,13761.4048,0.857587,301.496598,0.022785
P003523,4,40159.88,0.139131,1.04,41766.2752,0.667587,3879.331176,0.096597
P003524,6,19914.18,0.077187,0.98,19515.8964,0.599587,903.200115,0.045355
P003525,4,29589.3,0.136334,1.015,30033.1395,0.901587,3691.581107,0.124761
P003526,1,41933.7,0.317183,1.013,42478.8381,0.763587,10288.219155,0.245345
P003527,9,56212.22,0.043601,1.02,57336.4644,0.611587,1528.905928,0.027199
P003528,3,23426.28,0.180428,0.995,23309.1486,0.719587,3026.303423,0.129184
P003529,3,61241.6,0.181038,1.037,63507.5392,0.586587,6744.167217,0.110124
P003530,10,29915.93,0.028645,1.015,30364.66895,0.763587,664.163648,0.022201
P003531,10,53178.3,0.036165,0.995,52912.4085,0.611587,1170.323224,0.022008
P003532,8,39456.5,0.052859,1.04,41034.76,0.822587,1784.246483,0.045221
P003533,1,30308.19,0.579496,1.002,30368.80638,0.844587,14863.533984,0.490413
P003534,6,42239.36,0.066746,1.04,43928.9344,0.901587,2643.533734,0.062585
P003535,10,34560.66,0.03527,1.015,35079.0699,0.637587,788.848365,0.022825
P003536,9,30159.36,0.039864,1.027,30973.66272,0.586587,724.276292,0.024015
P003537,3,20114.6,0.1961,1.038,20878.9548,0.600587,2459.025597,0.122251
P003538,8,29916.0,0.048304,1.015,30364.74,0.637587,935.178173,0.03126
P003539,1,25598.72,0.516765,1.04,26622.6688,0.599587,8248.907382,0.322239
P003540,2,25584.07,0.295113,1.032,26402.76024,0.719587,5606.873283,0.219155
P003541,1,20574.4,0.526967,1.038,21356.2272,0.762587,8582.174646,0.417129
P003542,9,47208.73,0.04251,0.995,46972.68635,0.832587,1662.499098,0.035216
P003543,6,26253.54,0.070674,1.04,27303.6816,0.901587,1739.758952,0.066268
P003544,4,23635.95,0.111279,1.021,24132.30495,0.643587,1728.306897,0.073122
P003545,2,16053.4,0.297178,1.032,16567.1088,0.640587,3153.850161,0.19646
P003546,5,16980.56,0.085962,1.021,17337.15176,0.599587,893.582376,0.052624
P003547,1,18528.25,0.598351,1.04,19269.38,0.643587,7420.458634,0.400494
P003548,1,26134.29,0.316508,1.042,27231.93018,0.844587,7279.588284,0.278545
P003549,5,16196.4,0.105959,1.032,16714.6848,0.611587,1083.167372,0.066877
P003550,6,67251.2,0.08046,1.002,67385.7024,0.923587,5007.574141,0.074461
P003551,10,36768.75,0.028527,1.021,37540.89375,0.348587,373.309924,0.010153
P003552,1,31029.3,0.471603,1.04,32270.472,0.753587,11468.721819,0.369609
P003553,1,22541.22,0.308477,1.037,23375.24514,0.674587,4864.256572,0.215794
P003554,8,27399.96,0.047285,1.003,27482.15988,0.637587,828.539375,0.030239
P003555,3,17919.0,0.187229,1.013,18151.947,0.832587,2829.608437,0.157911
P003556,3,27472.12,0.17327,1.042,28625.94904,0.600587,2978.915967,0.108434
P003557,9,53735.96,0.044036,1.013,54434.52748,0.832587,1995.760485,0.03714
P003558,3,42107.25,0.180878,1.02,42949.395,0.611587,4751.18446,0.112835
P003559,5,51609.84,0.092828,1.04,53674.2336,0.832587,4148.323691,0.080379
P003560,10,38755.08,0.027295,1.015,39336.4062,0.763587,819.856087,0.021155
P003561,3,31706.18,0.156681,1.038,32911.01484,0.600587,3096.935424,0.097676
P003562,7,26049.54,0.056667,1.015,26440.2831,0.832587,1247.467918,0.047888
P003563,6,38875.88,0.071571,1.02,39653.3976,0.640587,1818.017373,0.046765
P003564,5,15688.2,0.096285,1.041,16331.4162,0.719587,1131.533841,0.072126
P003565,1,15967.6,0.541409,1.02,16286.952,0.532587,4696.296529,0.294114
P003566,2,20878.0,0.228081,1.038,21671.364,0.923587,4565.124965,0.218657
P003567,9,46344.96,0.041941,1.027,47596.27392,0.679587,1356.62931,0.029272
P003568,8,22538.28,0.049894,1.003,22605.89484,0.586587,661.610037,0.029355
P003569,5,50523.8,0.101548,1.04,52544.752,0.763587,4074.341901,0.080642
P003570,1,29417.08,0.320886,1.042,30652.59736,0.762587,7500.794893,0.254981
P003571,4,19725.2,0.141698,1.015,20021.078,0.753587,2137.881197,0.108383
P003572,5,9605.2,0.091102,1.024,9835.7248,0.857587,768.442028,0.080003
P003573,9,30332.12,0.044147,1.04,31545.4048,0.901587,1255.577597,0.041394
P003574,1,16574.8,0.335909,1.032,17105.1936,0.915587,5260.7711,0.317396
P003575,6,21561.0,0.072007,1.041,22445.001,0.719587,1162.996574,0.05394
P003576,7,45847.38,0.063303,1.02,46764.3276,0.832587,2464.713747,0.053759
P003577,1,18805.49,0.317843,1.02,19181.5998,0.836587,5100.44257,0.271221
P003578,2,13798.4,0.246808,1.003,13839.7952,0.753587,2574.075295,0.186549
P003579,9,21454.4,0.044428,1.015,21776.216,0.901587,872.267081,0.040657
P003580,3,25970.34,0.156831,1.032,26801.39088,0.719587,3024.635798,0.116465
P003581,3,43373.85,0.200781,1.013,43937.71005,0.763587,6736.237511,0.155306
P003582,7,43383.99,0.054388,1.032,44772.27768,0.611587,1489.252246,0.034327
P003583,10,29419.92,0.028132,1.04,30596.7168,0.763587,657.253606,0.02234
P003584,1,18221.28,0.777143,1.037,18895.46736,0.558587,8202.550529,0.450163
P003585,8,30356.49,0.049771,1.013,30751.12437,0.667587,1021.754552,0.033659
P003586,1,21018.8,0.320896,1.042,21901.5896,0.679587,4776.226552,0.227236
P003587,5,31954.59,0.086317,1.013,32369.99967,0.588587,1644.551776,0.051465
P003588,6,28518.0,0.076151,1.027,29287.986,0.751587,1676.278344,0.05878
P003589,7,42728.05,0.059596,1.04,44437.172,0.832587,2204.918399,0.051604
P003590,8,30271.56,0.050972,1.038,31421.87928,0.679587,1088.457929,0.035956
P003591,1,12337.6,0.387803,1.04,12831.104,0.599587,2983.50707,0.241822
P003592,9,39959.4,0.03734,1.003,40079.2782,0.558587,835.967614,0.02092
P003593,1,34429.05,0.529011,1.04,35806.212,0.667587,12645.349159,0.367287
P003594,2,18434.52,0.243151,1.02,18803.2104,0.832587,3806.595511,0.206493
P003595,8,65748.72,0.053521,1.027,67523.93544,0.637587,2304.188204,0.035045
P003596,1,21056.2,0.375589,1.038,21856.3356,0.841587,6908.590593,0.328102
P003597,1,15694.8,0.374092,1.02,16008.696,0.915587,5483.202511,0.349364
P003598,10,17698.12,0.032614,1.027,18175.96924,0.586587,347.721558,0.019647
P003599,10,38975.22,0.023895,1.04,40534.2288,0.427587,414.146202,0.010626
P003600,1,39543.93,0.566465,1.032,40809.33576,0.640587,14808.475581,0.374482
P003601,6,20525.12,0.082731,0.98,20114.6176,0.643587,1070.999058,0.05218
P003602,10,29183.67,0.033209,1.032,30117.54744,0.532587,532.68703,0.018253
P003603,2,17665.83,0.247585,1.027,18142.80741,0.558587,2509.109149,0.142032
P003604,1,16819.0,0.336433,1.032,17357.208,0.836587,4885.279107,0.290462
P003605,1,23524.41,0.312038,1.04,24465.3864,0.763587,5829.324638,0.247799
P003606,3,19445.8,0.162917,1.015,19737.487,0.822587,2645.080431,0.136023
P003607,2,58503.96,0.23156,1.04,60844.1184,0.832587,11730.375336,0.200506
P003608,1,21956.32,0.405124,1.027,22549.14064,0.558587,5102.802052,0.232407
P003609,4,21636.45,0.122822,0.98,21203.721,0.427587,1113.557434,0.051467
P003610,6,64072.32,0.069514,1.02,65353.7664,0.611587,2778.450388,0.043364
P003611,8,34980.12,0.051039,1.027,35924.58324,0.679587,1246.065455,0.035622
P003612,8,48781.6,0.049752,1.04,50732.864,0.667587,1685.036204,0.034542
P003613,2,22651.36,0.286365,1.04,23557.4144,0.832587,5616.647372,0.247961
P003614,9,27441.26,0.043988,1.032,28319.38032,0.611587,761.869458,0.027764
P003615,10,34516.24,0.030422,1.02,35206.5648,0.640587,686.113769,0.019878
P003616,1,16489.0,0.541,1.032,17016.648,0.719587,6624.5241,0.401754
P003617,2,26645.12,0.231495,1.04,27710.9248,0.667587,4282.520772,0.160724
P003618,2,53019.36,0.293321,1.04,55140.1344,0.763587,12350.069379,0.232935
P003619,5,29123.26,0.099724,1.037,30200.82062,0.637587,1920.249464,0.065935
P003620,2,29669.99,0.212086,1.041,30886.45959,0.832587,5453.933697,0.18382
P003621,3,18840.24,0.190541,1.027,19348.92648,0.558587,2059.377797,0.109307
P003622,3,24687.52,0.187311,1.032,25477.52064,0.611587,2918.623341,0.118223
P003623,10,35774.05,0.034685,0.98,35058.569,0.348587,423.884141,0.011849
P003624,1,40736.64,0.370508,1.042,42447.57888,0.672587,10577.897464,0.259665
P003625,10,34259.39,0.032466,0.995,34088.09305,0.611587,676.855077,0.019757
P003626,8,35345.37,0.051835,1.042,36829.87554,0.751587,1434.83456,0.040595
P003627,3,15853.2,0.200012,0.995,15773.934,0.611587,1929.542643,0.121713
P003628,1,44710.32,0.601407,1.042,46588.15344,0.841587,23579.958399,0.527394
P003629,2,13985.4,0.266543,1.027,14363.0058,0.753587,2885.00208,0.206287
P003630,6,25947.67,0.08248,1.042,27037.47214,0.923587,2059.65512,0.079377
P003631,4,15864.2,0.131527,0.995,15784.879,0.640587,1329.947635,0.083833
P003632,10,38631.3,0.017513,1.037,40060.6581,0.845587,593.236525,0.015356
P003633,4,18132.4,0.121183,1.04,18857.696,0.763587,1744.971467,0.096235
P003634,6,64512.78,0.072639,0.995,64190.2161,0.611587,2851.65308,0.044203
P003635,3,33246.73,0.18669,1.04,34576.5992,0.763587,4929.032968,0.148256
P003636,1,18519.6,0.343077,1.04,19260.384,0.753587,4979.550309,0.26888
P003637,3,27724.83,0.153534,1.04,28833.8232,0.901587,3991.297402,0.143961
P003638,4,26430.86,0.141936,1.002,26483.72172,0.679587,2554.562212,0.096651
P003639,7,23411.22,0.056659,1.02,23879.4444,0.915587,1238.765246,0.052913
P003640,1,15906.0,0.3626,1.032,16414.992,0.611587,3640.20952,0.228858
P003641,2,20137.32,0.290163,1.04,20942.8128,0.667587,4056.811826,0.201457
P003642,7,63466.2,0.063,1.038,65877.9156,0.841587,3492.838489,0.055035
P003643,2,16550.6,0.249032,1.041,17229.1746,0.719587,3087.464072,0.186547
P003644,4,16748.6,0.111912,1.032,17284.5552,0.611587,1183.018634,0.070634
P003645,1,20869.2,0.560185,1.042,21745.7064,0.762587,9289.543445,0.445132
P003646,2,38389.5,0.274825,1.04,39925.08,0.832587,9135.476123,0.237968
P003647,8,34360.68,0.044914,1.027,35288.41836,0.753587,1194.381121,0.03476
P003648,2,53307.75,0.271911,1.042,55546.6755,0.600587,9071.111512,0.170165
P003649,6,42694.76,0.077014,1.002,42780.14952,0.841587,2772.74995,0.064944
P003650,9,93424.8,0.044432,1.015,94826.172,0.667587,2812.742778,0.030107
P003651,8,35418.88,0.046532,1.015,35950.1632,0.832587,1392.771743,0.039323
P003652,6,69910.9,0.083434,1.04,72707.336,0.667587,4049.744554,0.057927
P003653,9,23585.04,0.042979,1.027,24221.83608,0.586587,610.660105,0.025892
P003654,5,27371.67,0.101135,1.015,27782.24505,0.667587,1875.755841,0.068529
P003655,2,32009.04,0.244069,1.038,33225.38352,0.672587,5454.187365,0.170395
P003656,3,29392.9,0.175792,1.04,30568.616,0.684587,3678.775486,0.125159
P003657,2,41550.84,0.25436,1.015,42174.1026,0.667587,7161.481323,0.172355
P003658,10,29296.78,0.035798,1.02,29882.7156,0.832587,890.653862,0.030401
P003659,2,56222.88,0.275714,1.042,58584.24096,0.600587,9700.965794,0.172545
P003660,10,36375.26,0.032171,1.041,37866.64566,0.719587,876.606268,0.024099
P003661,8,14852.2,0.045739,1.027,15253.2094,0.586587,409.244594,0.027554
P003662,9,61692.96,0.042933,1.02,62926.8192,0.611587,1652.301176,0.026783
P003663,2,22364.98,0.280688,1.04,23259.5792,0.684587,4469.454975,0.199842
P003664,7,80143.63,0.062306,1.015,81345.78445,0.763587,3870.116074,0.04829
P003665,6,44632.48,0.068215,1.04,46417.7792,0.667587,2113.827433,0.047361
P003666,10,29743.35,0.030575,1.003,29832.58005,0.845587,771.296034,0.025932
P003667,5,41087.99,0.097822,1.038,42649.33362,0.841587,3511.136739,0.085454
P003668,4,11519.2,0.122128,1.04,11979.968,0.599587,877.246833,0.076155
P003669,6,65826.24,0.078981,1.013,66681.98112,0.832587,4384.906916,0.066613
P003670,3,31291.4,0.172723,1.021,31948.5194,0.427587,2359.523968,0.075405
P003671,10,42687.54,0.032577,1.015,43327.8531,0.753587,1063.686722,0.024918
P003672,1,18257.8,0.327019,1.04,18988.112,0.763587,4741.4684,0.259695
P003673,8,27357.66,0.052406,1.015,27768.0249,0.763587,1111.171939,0.040616
P003674,6,46844.0,0.077819,1.027,48108.788,0.923587,3457.71842,0.073813
P003675,6,27065.76,0.082345,1.041,28175.45616,0.640587,1486.233759,0.054912
P003676,2,12771.0,0.249592,1.024,13077.504,0.520587,1699.214874,0.133053
P003677,6,19437.0,0.072144,1.013,19689.681,0.667587,948.298885,0.048788
P003678,3,25439.04,0.194393,1.04,26456.6016,0.778587,4004.251736,0.157406
P003679,2,25371.88,0.210654,1.013,25701.71444,0.588587,3186.706524,0.1256
P003680,7,25916.28,0.060256,1.04,26952.9312,0.599587,973.781096,0.037574
P003681,6,20639.8,0.075942,1.027,21197.0746,0.753587,1213.082554,0.058774
P003682,2,44852.39,0.259196,1.037,46511.92843,0.637587,7686.561067,0.171375
P003683,9,20199.36,0.041404,1.027,20744.74272,0.753587,647.268332,0.032044
P003684,10,33289.6,0.035846,1.021,33988.6816,0.643587,784.112955,0.023554
P003685,1,57468.6,0.717079,1.038,59652.4068,0.600587,25690.395259,0.447034
P003686,6,37770.6,0.069178,1.02,38526.012,0.832587,2218.976838,0.058749
P003687,10,63029.68,0.028095,1.002,63155.73936,0.600587,1065.646837,0.016907
P003688,7,33019.86,0.065715,1.015,33515.1579,0.667587,1470.333238,0.044529
P003689,4,22864.83,0.133578,1.02,23322.1266,0.915587,2852.348602,0.124748
P003690,2,16467.45,0.239,1.024,16862.6688,0.599587,2416.444511,0.146741
P003691,1,20655.8,0.36321,1.042,21523.3436,0.923587,7220.124264,0.349545
P003692,4,15536.4,0.125862,1.032,16033.5648,0.753587,1520.74951,0.097883
P003693,2,36164.93,0.219865,0.995,35984.10535,0.832587,6587.132811,0.182141
P003694,3,18928.8,0.202578,1.04,19685.952,0.667587,2662.298776,0.140648
P003695,10,20395.36,0.029862,1.015,20701.2904,0.637587,394.139311,0.019325
P003696,1,39944.32,0.30855,1.038,41462.20416,0.751587,9615.16883,0.240714
P003697,10,77068.11,0.02929,1.04,80150.8344,0.763587,1792.637253,0.02326
P003698,1,20259.8,0.445583,1.027,20806.8146,0.751587,6968.076629,0.343936
P003699,3,78085.04,0.177642,1.032,80583.76128,0.719587,10300.901998,0.131919
P003700,6,58986.72,0.075995,1.032,60874.29504,0.832587,3851.642466,0.065297
P003701,4,68709.19,0.128676,1.032,70907.88408,0.719587,6565.60846,0.095556
P003702,10,20212.56,0.033333,1.02,20616.8112,0.832587,572.17733,0.028308
P003703,3,17813.4,0.209568,1.04,18525.936,0.667587,2591.869692,0.145501
P003704,2,26011.12,0.23068,1.032,26843.47584,0.719587,4455.85949,0.171306
P003705,5,12818.57,0.08544,1.04,13331.3128,0.599587,682.94792,0.053278
P003706,9,21530.8,0.041019,1.024,22047.5392,0.427587,386.694577,0.01796
P003707,4,19401.8,0.115633,1.013,19654.0234,0.832587,1892.174483,0.097526
P003708,5,36010.17,0.101021,1.041,37486.58697,0.532587,2016.865483,0.056008
P003709,1,31901.38,0.632672,1.015,32379.9007,0.832587,17056.262848,0.534656
P003710,6,27252.39,0.068723,1.04,28342.4856,0.901587,1756.093631,0.064438
P003711,3,27251.64,0.199032,1.032,28123.69248,0.719587,4027.904416,0.147804
P003712,1,21124.4,0.569584,1.027,21694.7588,0.672587,8311.149493,0.393438
P003713,3,44842.2,0.204683,1.024,45918.4128,0.427587,4018.758036,0.08962
P003714,4,19513.0,0.135935,1.041,20313.033,0.753587,2080.847956,0.106639
P003715,5,91461.16,0.084842,1.015,92833.0774,0.901587,7101.06623,0.07764
P003716,10,26849.76,0.025968,1.024,27494.15424,0.599587,428.081178,0.015944
P003717,3,57748.1,0.153165,1.04,60058.024,0.684587,6297.35788,0.109049
P003718,6,34517.85,0.071716,1.027,35449.83195,0.751587,1910.762287,0.055356
P003719,1,16299.8,0.423257,1.041,16968.0918,0.719587,5167.97174,0.317057
P003720,3,12425.98,0.177572,1.024,12724.20352,0.857587,1937.682382,0.155938
P003721,2,32209.92,0.231313,1.015,32693.0688,0.586587,4435.962063,0.13772
P003722,1,17116.8,0.34692,0.995,17031.216,0.915587,5409.720193,0.316047
P003723,3,34639.66,0.170753,1.013,35089.97558,0.684587,4101.840476,0.118415
P003724,8,20807.5,0.051138,1.04,21639.8,0.832587,921.354866,0.04428
P003725,9,27057.8,0.043792,1.015,27463.667,0.832587,1001.351637,0.037008
P003726,8,37310.61,0.04763,1.04,38803.0344,0.832587,1538.762267,0.041242
P003727,9,32230.77,0.039888,1.02,32875.3854,0.611587,801.986025,0.024883
P003728,2,17850.8,0.233718,1.015,18118.562,0.588587,2492.447036,0.139627
P003729,1,17138.0,0.632368,1.032,17686.416,0.719587,8048.092749,0.469605
P003730,1,19705.4,0.694466,1.04,20493.616,0.832587,11849.470735,0.601331
P003731,2,30747.86,0.226383,1.002,30809.35572,0.844587,5890.741065,0.191582
P003732,1,23650.74,0.476878,1.041,24620.42034,0.532587,6253.069091,0.264392
P003733,8,31092.18,0.045226,1.04,32335.8672,0.763587,1116.682439,0.035915
P003734,5,29352.4,0.089023,1.002,29411.1048,0.762587,1996.659155,0.068024
P003735,4,46446.4,0.134796,1.013,47050.2032,0.763587,4842.811622,0.104267
P003736,4,22453.2,0.124152,1.041,23373.7812,0.719587,2088.165125,0.093001
P003737,10,43660.48,0.03107,1.032,45057.61536,0.611587,856.196143,0.01961
P003738,7,22447.26,0.058987,1.041,23367.59766,0.719587,991.859711,0.044186
P003739,10,34351.2,0.031489,1.037,35622.1944,0.586587,657.988246,0.019155
P003740,4,20473.2,0.133847,1.038,21251.1816,0.679587,1933.026309,0.094417
P003741,10,54059.04,0.030367,1.02,55140.2208,0.611587,1024.074215,0.018944
P003742,7,35948.22,0.058916,1.04,37386.1488,0.684587,1507.891914,0.041946
P003743,2,19053.46,0.298575,0.995,18958.1927,0.611587,3461.85133,0.181691
P003744,4,24485.76,0.12803,1.024,25073.41824,0.643587,2066.016647,0.084376
P003745,7,60349.24,0.061907,1.027,61978.66948,0.751587,2883.756167,0.047784
P003746,2,28696.36,0.236142,1.04,29844.2144,0.599587,4225.561894,0.147251
P003747,2,39800.4,0.244617,1.027,40875.0108,0.751587,7514.920777,0.188815
P003748,5,18516.23,0.100649,1.003,18571.77869,0.753587,1408.63048,0.076075
P003749,2,14570.6,0.221378,1.003,14614.3118,0.845587,2735.717808,0.187756
P003750,7,28315.64,0.065701,1.041,29476.58124,0.719587,1393.578031,0.049216
P003751,9,25904.6,0.041823,1.015,26293.169,0.586587,645.048602,0.024901
P003752,2,19951.8,0.215156,1.042,20789.7756,0.751587,3361.883883,0.1685
P003753,10,60148.68,0.034532,1.04,62554.6272,0.667587,1442.086261,0.023975
P003754,10,34114.5,0.022156,1.021,34830.9045,0.348587,269.00606,0.007885
P003755,1,11822.8,0.309694,1.021,12071.0788,0.599587,2241.458133,0.189588
P003756,1,7319.4,0.555991,1.04,7612.176,0.857587,3629.568469,0.495883
P003757,2,14484.96,0.246313,1.04,15064.3584,0.599587,2224.791344,0.153593
P003758,4,15837.75,0.110551,0.995,15758.56125,0.915587,1595.059157,0.100712
P003759,1,17568.6,0.422602,1.032,18130.7952,0.832587,6379.376949,0.363112
P003760,8,19808.73,0.053112,1.041,20620.88793,0.832587,911.855253,0.046033
P003761,1,38673.04,0.317395,1.038,40142.61552,0.841587,10722.70317,0.277266
P003762,2,20099.2,0.296057,1.038,20862.9696,0.841587,5198.169677,0.258626
P003763,9,24333.4,0.038953,1.003,24406.4002,0.586587,557.673016,0.022918
P003764,8,27420.25,0.048935,1.015,27831.55375,0.763587,1039.96039,0.037927
P003765,2,62263.4,0.210051,1.04,64753.936,0.832587,11324.559565,0.181881
P003766,8,18252.0,0.05165,1.04,18982.08,0.667587,654.517879,0.03586
P003767,2,12415.2,0.24796,1.04,12911.808,0.599587,1919.647787,0.154621
P003768,8,30243.36,0.050048,1.038,31392.60768,0.672587,1056.73263,0.034941
P003769,4,24854.45,0.137779,1.04,25848.628,0.832587,2965.17391,0.119302
P003770,3,57134.0,0.187787,1.027,58676.618,0.762587,8402.726199,0.147071
P003771,6,16289.07,0.073298,1.024,16680.00768,0.599587,733.057648,0.045003
P003772,3,41098.44,0.143424,1.013,41632.71972,0.667587,3986.241324,0.096993
P003773,10,47081.16,0.031375,1.04,48964.4064,0.832587,1279.085909,0.027168
P003774,10,9551.52,0.034078,0.98,9360.4896,0.643587,205.293146,0.021493
P003775,1,13492.6,0.68648,1.037,13991.8262,0.637587,6124.087032,0.453885
P003776,4,49533.8,0.110402,1.038,51416.0844,0.923587,5242.689919,0.105841
P003777,9,87891.2,0.043631,1.032,90703.7184,0.611587,2420.326328,0.027538
P003778,1,21853.68,0.532927,1.032,22552.99776,0.719587,8648.778283,0.395758
P003779,7,27855.52,0.055977,1.04,28969.7408,0.667587,1082.586278,0.038864
P003780,3,38546.72,0.143408,1.038,40011.49536,0.679587,3899.443873,0.101161
P003781,1,17826.6,0.460745,1.04,18539.664,0.763587,6522.595937,0.365891
P003782,9,13988.79,0.044434,1.015,14198.62185,0.586587,370.078149,0.026455
P003783,10,42358.68,0.023781,1.027,43502.36436,0.751587,777.542025,0.018356
P003784,5,43054.56,0.096296,1.038,44690.63328,0.762587,3281.815167,0.076225
P003785,2,19115.8,0.239408,1.04,19880.432,0.684587,3258.310337,0.170451
P003786,2,35770.0,0.262315,1.027,36735.79,0.751587,7242.540998,0.202475
P003787,7,39228.8,0.063424,1.027,40287.9776,0.672587,1718.606999,0.04381
P003788,1,70751.6,0.413682,1.042,73723.1672,0.600587,18316.681133,0.258887
P003789,7,11863.96,0.064623,0.98,11626.6808,0.599587,450.501028,0.037972
P003790,1,18865.0,0.417948,1.04,19619.6,0.684587,5613.586842,0.297566
P003791,6,14672.53,0.07835,0.98,14379.0794,0.427587,481.719041,0.032831
P003792,9,26896.5,0.042961,1.037,27891.6705,0.586587,702.880009,0.026133
P003793,8,58459.36,0.045097,1.04,60797.7344,0.763587,2093.609513,0.035813
P003794,1,46339.7,0.484416,1.04,48193.288,0.763587,17826.394775,0.384689
P003795,5,19554.16,0.087868,1.04,20336.3264,0.667587,1192.920469,0.061006
P003796,3,22333.92,0.158123,1.032,23048.60544,0.640587,2334.632609,0.104533
P003797,5,42238.5,0.090045,1.04,43928.04,0.643587,2545.71399,0.06027
P003798,8,16042.4,0.050217,0.995,15962.188,0.719587,576.801912,0.035955
P003799,6,15131.6,0.069066,1.027,15540.1532,0.586587,629.583247,0.041607
P003800,5,17670.0,0.093757,1.032,18235.44,0.915587,1565.378571,0.08859
P003801,7,28616.1,0.066126,1.032,29531.8152,0.611587,1194.311045,0.041736
P003802,10,54141.36,0.033692,1.02,55224.1872,0.611587,1137.923561,0.021018
P003803,5,30076.0,0.094393,1.041,31309.116,0.640587,1893.172187,0.062946
P003804,4,29261.76,0.110421,1.032,30198.13632,0.832587,2776.273831,0.094877
P003805,2,37666.0,0.244516,0.995,37477.67,0.753587,6905.788925,0.183343
P003806,8,21560.0,0.046642,1.027,22142.12,0.679587,701.848068,0.032553
P003807,5,39572.6,0.091524,0.995,39374.737,0.832587,3000.43222,0.075821
P003808,5,20475.0,0.096608,1.015,20782.125,0.901587,1810.138903,0.088407
P003809,1,21889.05,0.347021,1.04,22764.612,0.427587,3377.851982,0.154317
P003810,10,22374.87,0.033599,1.021,22844.74227,0.599587,460.213522,0.020568
P003811,6,67228.0,0.076451,1.042,70051.576,0.751587,4025.142251,0.059873
P003812,8,48937.77,0.049348,1.013,49573.96101,0.667587,1633.184232,0.033373
P003813,2,19775.8,0.251122,1.04,20566.832,0.822587,4248.486291,0.214833
P003814,6,14641.92,0.068805,1.024,14993.32608,0.427587,441.102061,0.030126
P003815,3,67816.0,0.158262,1.027,69647.032,0.679587,7490.733016,0.110457
P003816,5,20853.0,0.105197,1.04,21687.12,0.684587,1561.824579,0.074897
P003817,2,26184.2,0.261654,1.015,26576.963,0.763587,5309.958769,0.202792
P003818,1,40468.18,0.603264,1.042,42167.84356,0.672587,17109.479012,0.422788
P003819,6,22114.4,0.078537,1.041,23021.0904,0.719587,1301.01749,0.058831
P003820,2,30539.94,0.249683,1.041,31792.07754,0.532587,4227.640035,0.13843
P003821,6,24436.0,0.083673,1.04,25413.44,0.763587,1623.70215,0.066447
P003822,2,19515.6,0.236307,1.02,19905.912,0.915587,4306.828614,0.220686
P003823,1,37041.62,0.436899,1.032,38226.95184,0.719587,12018.052181,0.324447
P003824,2,34076.16,0.27388,1.015,34587.3024,0.763587,7233.276976,0.212268
P003825,7,29368.24,0.056185,0.98,28780.8752,0.427587,691.432504,0.023544
P003826,10,27460.16,0.032915,1.027,28201.58432,0.923587,857.321811,0.031221
P003827,3,24921.15,0.180538,1.041,25942.91715,0.719587,3370.30962,0.135239
P003828,6,86442.45,0.074725,1.038,89727.2631,0.600587,4026.854184,0.046584
P003829,4,41602.1,0.133529,1.027,42725.3567,0.586587,3346.528841,0.080441
P003830,10,26535.84,0.033222,0.995,26403.1608,0.611587,536.467106,0.020217
P003831,6,18389.08,0.075937,0.98,18021.2984,0.427587,585.144607,0.03182
P003832,9,23292.36,0.04146,1.04,24224.0544,0.832587,836.188401,0.0359
P003833,10,35838.84,0.026352,1.024,36698.97216,0.427587,413.517601,0.011538
P003834,10,33166.05,0.029989,1.015,33663.54075,0.832587,840.522195,0.025343
P003835,7,91221.04,0.056552,1.015,92589.3556,0.763587,3998.212161,0.04383
P003836,1,17424.0,0.311412,1.032,17981.568,0.832587,4662.220293,0.267575
P003837,3,27070.65,0.189557,1.015,27476.70975,0.766587,3992.701732,0.147492
P003838,7,53200.4,0.054293,1.042,55434.8168,0.679587,2045.367797,0.038446
P003839,2,61838.0,0.27632,1.042,64435.196,0.751587,13381.815092,0.216401
P003840,9,51177.5,0.038088,1.038,53122.245,0.679587,1375.011466,0.026867
P003841,9,14289.0,0.042852,1.003,14331.867,0.753587,462.814629,0.03239
P003842,3,24820.0,0.168082,1.04,25812.8,0.763587,3312.95507,0.133479
P003843,2,19791.2,0.296117,1.015,20088.068,0.667587,3971.08731,0.200649
P003844,5,52502.22,0.091017,1.038,54497.30436,0.751587,3727.986185,0.071006
P003845,2,36985.88,0.2792,1.032,38169.42816,0.915587,9757.305299,0.263812
P003846,4,30118.4,0.108367,0.98,29516.032,0.599587,1917.815686,0.063676
P003847,3,39553.76,0.180404,1.02,40344.8352,0.915587,6663.980155,0.168479
P003848,8,18884.8,0.053786,1.04,19640.192,0.832587,879.511073,0.046572
P003849,9,93393.04,0.041014,1.027,95914.65208,0.679587,2673.3984,0.028625
P003850,5,22137.5,0.097138,1.042,23067.275,0.672587,1507.071634,0.068078
P003851,10,36713.6,0.027248,0.98,35979.328,0.599587,587.802884,0.01601
P003852,7,49918.14,0.06564,1.015,50666.9121,0.832587,2769.011948,0.055471
P003853,6,17300.8,0.077441,0.995,17214.296,0.719587,959.273084,0.055447
P003854,6,56277.54,0.078037,1.04,58528.6416,0.684587,3126.781069,0.05556
P003855,7,22041.6,0.05484,1.024,22570.5984,0.599587,742.15686,0.033671
P003856,1,26138.32,0.340173,1.032,26974.74624,0.836587,7676.593569,0.293691
P003857,6,110190.74,0.077873,1.027,113165.88998,0.751587,6623.423907,0.060109
P003858,3,29398.56,0.177714,1.024,30104.12544,0.520587,2785.100973,0.094736
P003859,1,29920.8,0.340551,1.04,31117.632,0.684587,7254.664234,0.242462
P003860,1,19379.8,0.398784,1.04,20154.992,0.684587,5502.357713,0.283922
P003861,6,42992.4,0.070505,1.038,44626.1112,0.841587,2647.937633,0.061591
P003862,2,23342.7,0.232408,1.038,24229.7226,0.844587,4756.012405,0.203747
P003863,2,18994.96,0.300921,1.027,19507.82392,0.586587,3443.448202,0.181282
P003864,6,22945.92,0.071901,1.013,23244.21696,0.763587,1276.168391,0.055616
P003865,1,49294.5,0.363674,1.04,51266.28,0.588587,10973.73207,0.222616
P003866,9,14630.0,0.041365,1.015,14849.45,0.637587,391.633825,0.026769
P003867,3,34935.3,0.187936,1.037,36227.9061,0.637587,4341.022558,0.124259
P003868,2,32442.52,0.26627,1.027,33318.46804,0.637587,5656.493267,0.174354
P003869,9,19145.06,0.0415,0.98,18762.1588,0.643587,501.115162,0.026175
P003870,9,15690.4,0.042655,1.041,16333.7064,0.611587,426.10258,0.027157
P003871,9,31933.38,0.039639,1.037,33114.91506,0.507587,666.273671,0.020864
P003872,8,49892.07,0.047702,1.04,51887.7528,0.667587,1652.363568,0.033119
P003873,4,34755.3,0.111832,1.027,35693.6931,0.637587,2545.060154,0.073228
P003874,1,12920.6,0.349562,1.024,13230.6944,0.857587,3966.296958,0.306975
P003875,8,65904.4,0.053984,1.002,66036.2088,0.679587,2422.680076,0.036761
P003876,3,30176.36,0.169703,1.041,31413.59076,0.915587,4880.974549,0.161748
P003877,5,19888.0,0.094758,1.002,19927.776,0.841587,1589.174813,0.079906
P003878,5,19392.59,0.087138,1.013,19644.69367,0.832587,1425.219093,0.073493
P003879,1,18761.32,0.393207,1.024,19211.59168,0.520587,3932.584671,0.209611
P003880,5,27170.88,0.089395,1.02,27714.2976,0.719587,1782.781649,0.065614
P003881,2,35867.12,0.239697,1.04,37301.8048,0.763587,6827.329153,0.190351
P003882,10,37756.08,0.035099,1.032,38964.27456,0.753587,1030.61434,0.027297
P003883,1,86633.82,0.635148,1.027,88972.93314,0.841587,47558.869687,0.548964
P003884,5,35084.0,0.088914,1.042,36557.528,0.751587,2443.02129,0.069633
P003885,6,39441.54,0.077112,1.013,39954.28002,0.667587,2056.801134,0.052148
P003886,6,35098.2,0.070233,1.038,36431.9316,0.679587,1738.881174,0.049543
P003887,2,12796.74,0.228842,1.04,13308.6096,0.427587,1302.245512,0.101764
P003888,1,35996.4,0.347143,1.041,37472.2524,0.832587,10830.479421,0.300877
P003889,4,9719.6,0.130022,1.024,9952.8704,0.643587,832.858289,0.085689
P003890,8,42999.84,0.047498,1.015,43644.8376,0.586587,1216.0278,0.02828
P003891,3,59960.81,0.18288,1.027,61579.75187,0.844587,9511.466906,0.158628
P003892,3,21221.41,0.149694,1.032,21900.49512,0.915587,3001.637485,0.141444
P003893,7,69882.34,0.066087,1.027,71769.16318,0.751587,3564.783314,0.051011
P003894,3,22842.4,0.1471,1.013,23139.3512,0.684587,2330.193167,0.102012
P003895,10,25893.86,0.028853,1.021,26437.63106,0.427587,326.167909,0.012596
P003896,2,31962.17,0.262711,1.038,33176.73246,0.679587,5923.208936,0.185319
P003897,2,22742.99,0.281044,1.037,23584.48063,0.637587,4226.098512,0.18582
P003898,10,71631.0,0.028773,1.041,74567.871,0.719587,1543.909043,0.021554
P003899,3,43431.3,0.147704,1.013,43995.9069,0.832587,5410.462308,0.124575
P003900,4,40855.5,0.11764,1.002,40937.211,0.841587,4052.973173,0.099203
P003901,1,26749.96,0.506056,1.038,27766.45848,0.841587,11825.455862,0.442074
P003902,6,71196.51,0.075036,1.015,72264.45765,0.586587,3180.727759,0.044675
P003903,2,19817.68,0.245536,0.995,19718.5916,0.719587,3483.969175,0.175801
P003904,2,42322.42,0.240636,1.015,42957.2563,0.588587,6084.264189,0.14376
P003905,4,36824.64,0.128749,1.015,37377.0096,0.667587,3212.602247,0.087241
P003906,3,23467.32,0.156548,0.995,23349.9834,0.832587,3043.424391,0.129688
P003907,6,22611.6,0.069301,1.027,23222.1132,0.766587,1233.677408,0.054559
P003908,3,23441.04,0.19876,1.027,24073.94808,0.923587,4419.313647,0.188529
P003909,1,19302.8,0.505845,1.04,20074.912,0.763587,7754.069819,0.401707
P003910,6,17167.92,0.082873,0.995,17082.0804,0.719587,1018.683129,0.059336
P003911,9,50373.18,0.037783,1.04,52388.1072,0.763587,1511.413706,0.030004
P003912,2,11814.15,0.250375,1.021,12062.24715,0.599587,1810.802479,0.153274
P003913,6,29013.39,0.067574,1.013,29390.56407,0.763587,1516.508973,0.052269
P003914,10,39840.18,0.036427,1.032,41115.06576,0.611587,915.971082,0.022991
P003915,9,40495.56,0.044395,1.013,41022.00228,0.763587,1390.619215,0.03434
P003916,7,47235.01,0.063008,1.04,49124.4104,0.667587,2066.3288,0.043746
P003917,1,20474.43,0.461698,1.04,21293.4072,0.684587,6730.26182,0.328715
P003918,1,59709.78,0.304699,1.04,62098.1712,0.684587,12953.255909,0.216937
P003919,6,32474.52,0.067492,1.027,33351.33204,0.751587,1691.778424,0.052096
P003920,10,69105.48,0.035975,1.032,71316.85536,0.832587,2136.111898,0.030911
P003921,9,29568.0,0.039723,1.015,30011.52,0.753587,898.389926,0.030384
P003922,1,17661.6,0.361509,1.04,18368.064,0.753587,5003.98451,0.283326
P003923,10,27074.52,0.035291,1.015,27480.6378,0.637587,618.345681,0.022839
P003924,4,85119.3,0.139419,1.027,87417.5211,0.751587,9160.092863,0.107615
P003925,7,52841.95,0.055472,1.04,54955.628,0.763587,2327.798553,0.044052
P003926,6,32251.75,0.070913,1.038,33477.3165,0.679587,1613.315743,0.050023
P003927,10,20205.25,0.036458,1.037,20952.84425,0.637587,487.05268,0.024105
P003928,2,25250.15,0.223825,1.041,26285.40615,0.832587,4898.389225,0.193994
P003929,8,28115.62,0.050483,1.015,28537.3543,0.753587,1085.659522,0.038614
P003930,9,60946.13,0.043695,1.04,63383.9752,0.588587,1630.112064,0.026747
P003931,9,124346.2,0.04107,1.041,129444.3942,0.832587,4426.218305,0.035596
P003932,5,21224.35,0.087469,1.015,21542.71525,0.684587,1289.985923,0.060779
P003933,3,20253.12,0.161043,1.003,20313.87936,0.753587,2465.293916,0.121724
P003934,2,14544.2,0.298595,1.015,14762.363,0.766587,3379.089456,0.232332
P003935,3,21269.82,0.160285,1.038,22078.07316,0.751587,2659.707269,0.125046
P003936,7,19819.8,0.063502,1.024,20295.4752,0.427587,551.075678,0.027804
P003937,1,43077.6,0.309714,1.032,44456.0832,0.719587,9907.743056,0.229998
P003938,4,25440.64,0.111749,1.015,25822.2496,0.667587,1926.392522,0.075721
P003939,9,36322.1,0.039992,1.013,36794.2873,0.667587,982.340365,0.027045
P003940,2,36544.41,0.215135,1.038,37933.09758,0.679587,5545.93677,0.151759
P003941,9,62170.5,0.037713,1.003,62357.0115,0.753587,1772.206512,0.028506
P003942,4,25216.55,0.112021,1.027,25897.39685,0.923587,2679.371449,0.106254
P003943,9,77544.74,0.037093,1.04,80646.5296,0.763587,2284.180909,0.029456
P003944,1,21560.0,0.315012,1.027,22142.12,0.600587,4189.114159,0.1943
P003945,5,52237.89,0.084619,1.015,53021.45835,0.763587,3425.925364,0.065583
P003946,9,19771.4,0.041007,1.015,20067.971,0.667587,549.374523,0.027786
P003947,4,24342.47,0.141513,1.013,24658.92211,0.901587,3146.133835,0.129245
P003948,10,60421.92,0.026589,1.027,62053.31184,0.507587,837.500565,0.013861
P003949,1,19091.04,0.784522,1.041,19873.77264,0.611587,9535.504757,0.499475
P003950,2,30980.67,0.248279,1.037,32126.95479,0.637587,5085.675433,0.164156
P003951,1,19973.8,0.600764,1.042,20812.6996,0.923587,11548.081664,0.578161
P003952,1,20732.18,0.582375,1.041,21582.19938,0.753587,9471.782617,0.456864
P003953,9,35432.32,0.039243,1.024,36282.69568,0.599587,853.71612,0.024094
P003954,1,16948.8,0.576046,1.041,17643.7008,0.753587,7659.143031,0.451899
P003955,8,31642.65,0.053018,1.021,32307.14565,0.599587,1027.000991,0.032456
P003956,9,34124.22,0.043687,1.021,34840.82862,0.520587,792.374775,0.02322
P003957,2,41658.84,0.238885,1.042,43408.51128,0.600587,6227.87615,0.149497
P003958,9,32014.06,0.040869,1.032,33038.50992,0.611587,825.791087,0.025795
P003959,5,13727.07,0.105306,1.04,14276.1528,0.778587,1170.49701,0.085269
P003960,3,13435.4,0.148483,1.003,13475.7062,0.637587,1275.757656,0.094955
P003961,3,24303.2,0.150095,1.015,24667.748,0.822587,3045.627377,0.125318
P003962,6,23096.92,0.081939,1.032,23836.02144,0.611587,1194.484422,0.051716
P003963,1,21445.6,0.463766,1.038,22260.5328,0.762587,7872.706867,0.367101
P003964,2,22972.86,0.286157,1.015,23317.4529,0.845587,5642.146759,0.245601
P003965,3,12819.4,0.195991,1.04,13332.176,0.520587,1360.286567,0.106112
P003966,3,26713.96,0.14888,1.041,27809.23236,0.719587,2979.261679,0.111525
P003967,10,30452.24,0.026968,1.015,30909.0236,0.588587,490.615494,0.016111
P003968,2,24728.76,0.293954,1.015,25099.6914,0.637587,4704.210545,0.190232
P003969,1,24825.78,0.354822,1.038,25769.15964,0.751587,6872.110669,0.276813
P003970,2,15114.0,0.219058,1.015,15340.71,0.753587,2532.43741,0.167556
P003971,1,27734.0,0.605989,1.042,28898.828,0.923587,16174.198043,0.58319
P003972,9,19110.96,0.040262,1.04,19875.3984,0.643587,515.017115,0.026949
P003973,2,22926.75,0.253265,1.04,23843.82,0.763587,4611.15325,0.201125
P003974,9,33142.5,0.04244,0.995,32976.7875,0.611587,855.933339,0.025826
P003975,10,39000.6,0.028057,1.042,40638.6252,0.751587,856.955132,0.021973
P003976,3,34507.2,0.194678,1.042,35956.5024,0.600587,4204.072038,0.121832
P003977,3,65733.21,0.157951,1.04,68362.5384,0.667587,7208.567467,0.109664
P003978,10,20978.01,0.033939,1.032,21649.30632,0.611587,449.371632,0.021421
P003979,6,18502.5,0.081938,1.024,18946.56,0.427587,663.801314,0.035876
P003980,10,49359.96,0.034117,1.02,50347.1592,0.832587,1430.146275,0.028974
P003981,9,40930.88,0.037113,1.037,42445.32256,0.637587,1004.376989,0.024538
P003982,7,33011.4,0.065847,1.04,34331.856,0.753587,1703.607143,0.051607
P003983,1,18172.0,0.30847,1.04,18898.88,0.832587,4853.756887,0.267101
P003984,2,17743.0,0.255959,1.04,18452.72,0.901587,4258.315421,0.24
P003985,4,18516.8,0.135654,1.037,19201.9216,0.586587,1527.954659,0.082517
P003986,8,20968.29,0.053291,1.013,21240.87777,0.763587,864.343969,0.041221
P003987,1,21560.0,0.476786,1.042,22465.52,0.841587,9014.449219,0.41811
P003988,9,93606.95,0.03787,1.027,96134.33765,0.753587,2743.511555,0.029309
P003989,6,34026.84,0.082773,1.002,34094.89368,0.672587,1898.132029,0.055783
P003990,1,47111.52,0.340857,1.042,49090.20384,0.600587,10049.466018,0.213312
P003991,2,22127.04,0.278201,1.027,22724.47008,0.751587,4751.508667,0.214738
P003992,1,20556.8,0.631491,1.042,21420.1856,0.841587,11383.847884,0.553775
P003993,1,66484.79,0.42289,0.995,66152.36605,0.719587,20130.581814,0.302785
P003994,4,31583.04,0.13552,1.015,32056.7856,0.763587,3317.272664,0.105033
P003995,1,34466.04,0.51682,1.002,34534.97208,0.762587,13610.914541,0.394908
P003996,1,21979.2,0.33341,1.032,22682.5344,0.753587,5699.058106,0.259293
P003997,7,41199.09,0.059503,1.021,42064.27089,0.599587,1500.723832,0.036426
P003998,2,48250.87,0.239479,1.04,50180.9048,0.684587,8226.860986,0.170502
P003999,5,86881.6,0.084637,1.015,88184.824,0.684587,5109.547423,0.05881
P004000,3,64443.96,0.162356,1.013,65281.73148,0.832587,8824.479958,0.136933
P004001,2,32086.44,0.233113,1.038,33305.72472,0.679587,5276.3068,0.16444
P004002,2,28446.88,0.258494,1.042,29641.64896,0.762587,5843.089629,0.205404
P004003,2,19152.1,0.238554,1.02,19535.142,0.640587,2985.248314,0.155871
P004004,2,24512.32,0.261057,1.015,24880.0048,0.507587,3296.819878,0.134496
P004005,1,20750.28,0.395064,1.027,21310.53756,0.841587,7085.339137,0.341458
P004006,2,47174.4,0.300244,1.027,48448.1088,0.762587,11092.772725,0.235144
P004007,8,58056.45,0.05221,1.038,60262.5951,0.841587,2647.89945,0.045609
P004008,10,19624.0,0.02637,1.015,19918.36,0.667587,350.642918,0.017868
P004009,2,16730.67,0.226383,1.021,17082.01407,0.427587,1653.514286,0.098831
P004010,7,76411.01,0.06512,0.995,76028.95495,0.532587,2636.846315,0.034509
P004011,3,25484.74,0.186955,1.027,26172.82798,0.679587,3325.319931,0.130483
P004012,1,26852.0,0.333208,1.027,27577.004,0.844587,7760.807696,0.289022
P004013,3,17325.0,0.206772,1.02,17671.5,0.719587,2629.353505,0.151766
P004014,2,30361.38,0.249376,1.038,31515.11244,0.751587,5906.794327,0.19455
P004015,2,19487.6,0.28189,1.015,19779.914,0.822587,4586.542123,0.235357
P004016,1,45110.28,0.502899,1.041,46959.80148,0.719587,16993.773797,0.376716
P004017,9,42424.92,0.041868,1.027,43570.39284,0.845587,1542.538462,0.036359
P004018,9,39189.48,0.04028,1.04,40757.0592,0.763587,1253.581395,0.031988
P004019,1,33138.0,0.451669,1.027,34032.726,0.923587,14196.932274,0.428419
P004020,9,34973.76,0.037216,1.003,35078.68128,0.637587,832.371693,0.0238
P004021,1,25864.08,0.426803,1.04,26898.6432,0.684587,7859.335422,0.303871
P004022,6,34230.9,0.077596,1.015,34744.3635,0.667587,1799.826347,0.052579
P004023,2,21148.26,0.238462,1.032,21825.00432,0.640587,3333.891494,0.157644
P004024,9,20101.28,0.043001,1.027,20644.01456,0.753587,668.964212,0.03328
P004025,3,45532.8,0.185533,1.04,47354.112,0.763587,6708.665435,0.147337
P004026,4,78530.04,0.117753,1.027,80650.35108,0.762587,7242.128386,0.092221
P004027,2,38545.64,0.234292,1.002,38622.73128,0.751587,6801.094107,0.176443
P004028,10,50509.6,0.031529,1.015,51267.244,0.586587,948.148221,0.018772
P004029,2,80168.0,0.261617,1.015,81370.52,0.588587,12529.759476,0.156294
P004030,10,54156.25,0.032056,1.015,54968.59375,0.763587,1345.496655,0.024845
P004031,8,33128.4,0.050899,1.02,33790.968,0.719587,1237.635656,0.037359
P004032,9,46619.82,0.038207,1.015,47319.1173,0.667587,1206.957204,0.025889
P004033,9,20003.04,0.036944,1.015,20303.0856,0.832587,624.509232,0.031221
P004034,2,21942.72,0.245101,0.995,21833.0064,0.915587,4899.566476,0.223289
P004035,10,51175.6,0.026832,1.037,53069.0972,0.637587,907.888135,0.017741
P004036,2,10962.24,0.240313,1.024,11225.33376,0.643587,1736.133912,0.158374
P004037,8,19492.0,0.046534,1.02,19881.84,0.915587,847.09069,0.043458
P004038,8,35342.0,0.047555,1.04,36755.68,0.684587,1196.588879,0.033857
P004039,1,14984.2,0.707665,1.037,15538.6154,0.637587,7010.993522,0.467892
P004040,10,46255.56,0.036529,1.041,48152.03796,0.611587,1075.735067,0.023256
P004041,5,27982.01,0.089184,1.04,29101.2904,0.427587,1109.749997,0.039659
P004042,10,27486.15,0.036426,1.021,28063.35915,0.427587,437.088984,0.015902
P004043,2,19107.9,0.212923,0.995,19012.3605,0.640587,2593.19937,0.135713
P004044,2,29349.06,0.294573,1.041,30552.37146,0.915587,8240.190547,0.280765
P004045,3,51172.05,0.205458,1.042,53321.2761,0.751587,8233.861599,0.160905
P004046,2,21441.2,0.214649,1.042,22341.7304,0.844587,4050.328551,0.188904
P004047,3,24802.08,0.177958,1.041,25818.96528,0.915587,4206.831941,0.169616
P004048,2,24761.6,0.210789,1.027,25430.1632,0.600587,3219.38902,0.130015
P004049,10,22020.3,0.027208,1.021,22482.7263,0.778587,476.261756,0.021628
P004050,3,38767.98,0.203117,1.027,39814.71546,0.507587,4104.868251,0.105883
P004051,9,24416.61,0.043885,1.02,24904.9422,0.611587,668.439433,0.027376
P004052,3,55044.51,0.148861,1.002,55154.59902,0.841587,6909.75661,0.12553
P004053,1,24031.47,0.314743,1.032,24800.47704,0.640587,5000.272268,0.208072
P004054,9,17886.0,0.041716,1.04,18601.44,0.763587,592.523513,0.033128
P004055,1,60842.46,0.346456,1.027,62485.20642,0.679587,14711.947559,0.241804
P004056,6,38040.85,0.078064,1.04,39562.484,0.667587,2061.768002,0.054199
P004057,7,15991.35,0.065259,1.021,16327.16835,0.520587,554.686065,0.034687
P004058,5,24814.8,0.100822,1.015,25187.022,0.832587,2114.271406,0.085202
P004059,7,29376.0,0.059985,1.02,29963.52,0.832587,1496.462294,0.050942
P004060,9,69500.76,0.040287,1.02,70890.7752,0.719587,2055.1339,0.02957
P004061,10,29664.0,0.029855,1.02,30257.28,0.832587,752.094751,0.025354
P004062,9,23310.0,0.040681,1.041,24265.71,0.719587,710.337306,0.030474
P004063,10,40146.96,0.022113,1.032,41431.66272,0.719587,659.275532,0.016422
P004064,4,29506.75,0.137398,1.027,30303.43225,0.637587,2654.670236,0.089968
P004065,3,62298.25,0.145449,1.038,64665.5835,0.841587,7915.554175,0.127059
P004066,1,33418.0,0.682135,1.038,34687.884,0.762587,18044.189632,0.539954
P004067,8,31244.59,0.052316,1.032,32244.41688,0.640587,1080.600344,0.034585
P004068,9,27116.58,0.044537,1.013,27469.09554,0.588587,720.07067,0.026555
P004069,3,61537.0,0.15168,1.015,62460.055,0.588587,5576.245612,0.090616
P004070,9,23158.4,0.039835,1.032,23899.4688,0.719587,685.072348,0.029582
P004071,7,17939.6,0.054593,1.015,18208.694,0.637587,633.806593,0.03533
P004072,7,38581.5,0.057522,1.04,40124.76,0.763587,1762.394577,0.04568
P004073,2,25186.0,0.241819,1.027,25866.022,0.672587,4206.962844,0.167036
P004074,8,38230.0,0.046869,1.02,38994.6,0.611587,1117.755415,0.029238
P004075,3,37998.0,0.175066,1.04,39517.92,0.763587,5282.690993,0.139026
P004076,1,19804.4,0.603568,1.042,20636.1848,0.751587,9361.272691,0.472687
P004077,2,19854.0,0.265726,1.015,20151.81,0.586587,3141.085549,0.158209
P004078,1,13301.2,0.337379,1.037,13793.3444,0.586587,2729.731513,0.205224
P004079,10,33459.0,0.034901,1.021,34161.639,0.599587,714.880834,0.021366
P004080,3,19371.0,0.186084,1.04,20145.84,0.901587,3379.88647,0.174482
P004081,4,36966.73,0.137601,1.04,38445.3992,0.901587,4769.494713,0.129021
P004082,8,14415.7,0.047926,1.024,14761.6768,0.599587,424.185939,0.029425
P004083,9,17955.0,0.043667,0.995,17865.225,0.611587,477.106568,0.026572
P004084,1,23441.6,0.341855,1.002,23488.4832,0.679587,5456.84289,0.232785
P004085,10,39558.96,0.023866,1.041,41180.87736,0.915587,899.856235,0.022747
P004086,7,40647.06,0.057132,1.04,42272.9424,0.901587,2177.474307,0.05357
P004087,5,31956.48,0.092203,1.013,32371.91424,0.763587,2279.152576,0.071321
P004088,7,58942.4,0.056527,0.995,58647.688,0.832587,2760.149806,0.046828
P004089,9,19586.8,0.040427,1.015,19880.602,0.832587,669.159378,0.034164
P004090,1,11701.8,0.328505,1.04,12169.872,0.427587,1709.435188,0.146083
P004091,1,39094.02,0.305941,1.038,40579.59276,0.923587,11466.283396,0.2933
P004092,8,32844.84,0.049737,1.032,33895.87488,0.611587,1031.057007,0.031392
P004093,8,47718.37,0.053266,1.015,48434.14555,0.763587,1969.968168,0.041283
P004094,1,20840.6,0.355415,1.042,21715.9052,0.841587,6495.492263,0.311675
P004095,4,39061.26,0.110206,1.037,40506.52662,0.586587,2618.56867,0.067037
P004096,10,36775.03,0.025025,1.013,37253.10539,0.901587,840.522653,0.022856
P004097,5,65835.22,0.102959,1.037,68271.12314,0.637587,4481.663519,0.068074
P004098,7,29750.49,0.054245,1.04,30940.5096,0.763587,1281.569277,0.043077
P004099,9,46891.0,0.039536,1.041,48813.531,0.611587,1180.285882,0.025171
P004100,8,36881.09,0.052303,1.032,38061.28488,0.832587,1657.441117,0.04494
P004101,1,13171.4,0.340785,1.04,13698.256,0.520587,2430.180155,0.184504
P004102,9,21680.76,0.037929,1.027,22266.14052,0.637587,538.467624,0.024836
P004103,9,39559.04,0.042634,1.02,40350.2208,0.915587,1575.062449,0.039815
P004104,2,23794.56,0.267754,1.041,24770.13696,0.611587,4056.231513,0.170469
P004105,6,42676.4,0.077441,1.024,43700.6336,0.564587,1910.682283,0.044771
P004106,5,69112.0,0.084981,1.015,70148.68,0.667587,3979.683684,0.057583
P004107,6,35713.06,0.078648,1.04,37141.5824,0.763587,2230.512223,0.062456
P004108,9,43642.11,0.038281,1.04,45387.7944,0.832587,1446.593013,0.033147
P004109,6,51906.92,0.07491,1.04,53983.1968,0.832587,3366.8949,0.064864
P004110,9,27680.9,0.040631,1.024,28345.2416,0.599587,690.54472,0.024947
P004111,9,23054.95,0.041592,1.041,24000.20295,0.915587,913.948905,0.039642
P004112,5,41158.08,0.092462,1.015,41775.4512,0.588587,2273.494398,0.055238
P004113,9,14294.52,0.037289,1.003,14337.40356,0.558587,298.6343,0.020892
P004114,7,17450.1,0.063207,1.037,18095.7537,0.637587,729.257632,0.041791
P004115,1,24286.84,0.340498,1.04,25258.3136,0.667587,5741.516958,0.236404
P004116,1,29702.09,0.368975,1.042,30949.57778,0.672587,7680.687475,0.258591
P004117,4,14072.2,0.116621,1.024,14409.9328,0.778587,1308.418353,0.092979
P004118,7,20239.52,0.063165,1.04,21049.1008,0.763587,1015.232886,0.050161
P004119,7,34949.96,0.066004,1.015,35474.2094,0.901587,2111.008561,0.060401
P004120,2,13844.6,0.277966,1.037,14356.8502,0.507587,2025.635599,0.146312
P004121,9,59810.76,0.04295,1.04,62203.1904,0.667587,1783.5626,0.02982
P004122,10,57782.49,0.031576,1.015,58649.22735,0.753587,1395.573611,0.024152
P004123,2,47589.06,0.213221,1.04,49492.6224,0.901587,9514.340598,0.199927
P004124,2,30848.75,0.218025,1.024,31589.12,0.427587,2944.883732,0.095462
P004125,2,42589.68,0.26136,1.013,43143.34584,0.901587,10166.225661,0.238702
P004126,9,25095.78,0.039615,1.032,25898.84496,0.611587,627.484797,0.025004
P004127,2,57533.95,0.239084,1.002,57649.0179,0.672587,9270.247702,0.161127
P004128,9,29619.72,0.03796,1.003,29708.57916,0.586587,661.512959,0.022334
P004129,8,10467.6,0.053208,1.021,10687.4196,0.857587,487.667539,0.046588
P004130,8,15626.44,0.050716,1.015,15860.8366,0.753587,606.181685,0.038792
P004131,1,21692.61,0.5326,1.04,22560.3144,0.684587,8225.733021,0.379195
P004132,3,54491.3,0.152118,1.04,56670.952,0.901587,7772.265703,0.142633
P004133,1,22102.08,0.407434,1.015,22433.6112,0.684587,6257.264895,0.283108
P004134,6,43868.25,0.077419,1.027,45052.69275,0.841587,2935.390953,0.066914
P004135,2,14768.6,0.261417,1.015,14990.129,0.637587,2498.493546,0.169176
P004136,10,107709.56,0.032877,1.04,112017.9424,0.667587,2458.626862,0.022826
P004137,5,41402.56,0.089348,1.038,42975.85728,0.751587,2885.942728,0.069704
P004138,8,31354.8,0.04854,1.02,31981.896,0.832587,1292.516025,0.041222
P004139,2,18639.17,0.283134,1.024,19086.51008,0.643587,3477.973844,0.186595
P004140,10,28241.58,0.035559,1.015,28665.2037,0.901587,919.004984,0.032541
P004141,5,25307.46,0.093068,0.995,25180.9227,0.832587,1951.197095,0.0771
P004142,1,21148.6,0.3875,1.038,21952.2468,0.679587,5780.896006,0.273347
P004143,6,79515.8,0.067521,1.013,80549.5054,0.667587,3630.847666,0.045662
P004144,4,10717.08,0.134656,1.024,10974.28992,0.857587,1267.299279,0.11825
P004145,9,39231.0,0.039026,1.015,39819.465,0.667587,1037.430051,0.026444
P004146,3,42914.55,0.166031,1.04,44631.132,0.901587,6680.904076,0.155679
P004147,1,18444.8,0.520817,1.013,18684.5824,0.588587,5727.679067,0.310531
P004148,4,61352.1,0.123778,1.04,63806.184,0.667587,5272.464701,0.085938
P004149,6,43036.11,0.071421,1.041,44800.59051,0.611587,1956.897266,0.045471
P004150,4,37183.74,0.121468,1.037,38559.53838,0.637587,2986.299621,0.080312
P004151,3,29453.1,0.15721,1.038,30572.3178,0.679587,3266.290078,0.110898
P004152,2,15144.8,0.228854,1.037,15705.1576,0.586587,2108.303853,0.13921
P004153,1,28904.36,0.360487,1.04,30060.5344,0.588587,6378.183246,0.220665
P004154,3,11684.2,0.164753,1.024,11964.6208,0.643587,1268.639557,0.108577
P004155,8,23250.13,0.052784,1.027,23877.88351,0.672587,847.709353,0.03646
P004156,9,9529.46,0.037023,1.021,9729.57866,0.599587,215.980237,0.022664
P004157,10,44973.75,0.034867,1.04,46772.7,0.684587,1116.437887,0.024824
P004158,7,31546.08,0.058003,1.038,32744.83104,0.672587,1277.439259,0.040494
P004159,5,41282.55,0.093892,1.015,41901.78825,0.667587,2626.452575,0.063621
P004160,7,40444.7,0.065985,1.003,40566.0341,0.753587,2017.165662,0.049875
P004161,4,24050.18,0.107034,1.02,24531.1836,0.640587,1681.975414,0.069936
P004162,7,33501.6,0.061667,1.027,34406.1432,0.586587,1244.57126,0.03715
P004163,8,15868.6,0.047396,1.041,16519.2126,0.611587,478.835481,0.030175
P004164,10,76999.8,0.023974,1.02,78539.796,0.611587,1151.553643,0.014955
P004165,1,17150.28,0.320042,1.041,17853.44148,0.836587,4780.126571,0.27872
P004166,5,104236.8,0.093198,1.032,107572.3776,0.611587,6131.456038,0.058822
P004167,3,21527.0,0.172315,1.027,22108.229,0.679587,2588.933136,0.120264
P004168,3,26351.58,0.184782,1.027,27063.07266,0.586587,2933.377933,0.111317
P004169,5,20660.64,0.087742,1.04,21487.0656,0.763587,1439.608766,0.069679
P004170,3,23951.95,0.198977,1.021,24454.94095,0.599587,2917.565247,0.121809
P004171,3,19577.03,0.179097,1.037,20301.38011,0.766587,2787.251443,0.142374
P004172,3,29204.0,0.144648,1.038,30313.752,0.751587,3295.569221,0.112847
P004173,2,17340.4,0.223415,1.02,17687.208,0.532587,2104.567269,0.121368
P004174,4,29032.44,0.142029,1.02,29613.0888,0.915587,3850.885088,0.132641
P004175,8,40574.16,0.054134,1.027,41669.66232,0.600587,1354.768449,0.03339
P004176,3,16271.2,0.160205,1.02,16596.624,0.832587,2213.731808,0.136052
P004177,7,29072.0,0.056193,1.032,30002.304,0.719587,1213.171191,0.04173
P004178,6,19862.97,0.075357,1.015,20160.91455,0.753587,1144.897453,0.05764
P004179,9,37916.14,0.039962,0.995,37726.5593,0.640587,965.772618,0.025471
P004180,7,26952.0,0.064416,1.013,27302.376,0.832587,1464.288963,0.05433
P004181,8,23061.96,0.047625,1.027,23684.63292,0.586587,661.661368,0.028691
P004182,3,19289.6,0.146417,1.013,19540.3648,0.832587,2382.072152,0.12349
P004183,6,14670.32,0.083658,1.015,14890.3748,0.753587,938.738404,0.063989
P004184,7,20200.4,0.056663,1.038,20968.0152,0.751587,892.966648,0.044205
P004185,8,33321.6,0.049487,1.013,33754.7808,0.684587,1143.546357,0.034318
P004186,7,42029.0,0.064829,0.995,41818.855,0.719587,1950.866872,0.046417
P004187,6,37550.85,0.069585,1.038,38977.7823,0.841587,2282.603468,0.060787
P004188,3,31496.85,0.159775,1.04,32756.724,0.901587,4718.624938,0.149813
P004189,8,27223.4,0.049826,1.015,27631.751,0.637587,877.817683,0.032245
P004190,2,50478.12,0.268665,1.04,52497.2448,0.588587,8301.513301,0.164458
P004191,6,14203.2,0.069851,1.037,14728.7184,0.637587,655.957665,0.046184
P004192,8,7741.8,0.049007,0.98,7586.964,0.427587,158.984093,0.020536
P004193,10,38571.0,0.030756,1.032,39805.272,0.832587,1019.293232,0.026426
P004194,8,33947.03,0.047382,1.013,34388.34139,0.667587,1087.764945,0.032043
P004195,10,13725.8,0.034895,1.037,14233.6546,0.637587,316.681597,0.023072
P004196,8,79196.68,0.046751,1.041,82443.74388,0.611587,2357.280597,0.029765
P004197,6,34704.7,0.079095,1.04,36092.888,0.588587,1680.272971,0.048416
P004198,1,37870.28,0.354611,1.04,39385.0912,0.667587,9323.763224,0.246203
P004199,10,36969.45,0.022818,1.013,37450.05285,0.901587,770.452603,0.02084
P004200,8,64216.92,0.049529,1.032,66271.86144,0.719587,2361.933028,0.036781
P004201,8,28767.87,0.052033,1.04,29918.5848,0.667587,1039.261256,0.036126
P004202,4,25810.29,0.116548,1.015,26197.44435,0.763587,2331.433142,0.09033
P004203,3,36395.35,0.162838,0.995,36213.37325,0.836587,4933.293123,0.135547
P004204,3,36712.0,0.156086,1.027,37703.224,0.841587,4952.689268,0.134907
P004205,9,17795.8,0.044694,1.013,18027.1454,0.753587,607.175034,0.034119
P004206,1,44317.24,0.465214,1.04,46089.9296,0.763587,16372.575395,0.36944
P004207,9,76063.16,0.040572,1.04,79105.6864,0.763587,2450.70265,0.032219
P004208,1,18092.8,0.322324,1.015,18364.192,0.901587,5336.682613,0.294962
P004209,10,42709.38,0.022347,1.02,43563.5676,0.832587,810.537057,0.018978
P004210,10,37281.0,0.031238,1.032,38473.992,0.719587,864.824267,0.023197
P004211,2,22119.1,0.218641,1.032,22826.9112,0.836587,4175.323851,0.188766
P004212,7,14010.22,0.065645,1.027,14388.49594,0.637587,602.220899,0.042984
P004213,3,54907.2,0.187883,1.032,56664.2304,0.611587,6511.090776,0.118584
P004214,9,28200.08,0.040951,1.04,29328.0832,0.667587,801.774845,0.028432
P004215,3,32183.15,0.167009,1.013,32601.53095,0.763587,4157.540008,0.129184
P004216,2,16240.4,0.257607,1.041,16906.2564,0.719587,3133.919048,0.192971
P004217,6,26292.48,0.07123,1.04,27344.1792,0.427587,832.81881,0.031675
P004218,1,58806.15,0.331392,1.02,59982.273,0.719587,14303.673144,0.243234
P004219,3,23620.41,0.203867,1.032,24376.26312,0.836587,4157.434428,0.17601
P004220,3,17641.26,0.197018,1.037,18293.98662,0.586587,2114.206658,0.119844
P004221,4,70110.56,0.107004,1.02,71512.7712,0.611587,4679.970605,0.066751
P004222,3,35368.44,0.148016,1.003,35474.54532,0.637587,3347.844084,0.094656
P004223,1,21411.0,0.335964,1.04,22267.44,0.684587,5121.433452,0.239196
P004224,9,28863.45,0.044381,1.013,29238.67485,0.588587,763.777157,0.026462
P004225,8,35766.5,0.045675,1.042,37268.693,0.751587,1279.380581,0.03577
P004226,9,41341.05,0.044594,1.02,42167.871,0.832587,1565.628122,0.037871
P004227,9,32720.21,0.040448,1.032,33767.25672,0.719587,982.835614,0.030038
P004228,6,37390.02,0.077284,1.038,38810.84076,0.762587,2287.354336,0.061176
P004229,1,26412.48,0.396384,1.002,26465.30496,0.672587,7055.72059,0.267136
P004230,1,18086.2,0.389046,1.04,18809.648,0.763587,5587.783147,0.308953
P004231,6,26619.0,0.076807,1.032,27470.808,0.719587,1518.295077,0.057038
P004232,9,33785.86,0.037496,1.04,35137.2944,0.427587,563.344079,0.016674
P004233,9,36462.14,0.04263,1.021,37227.84494,0.427587,678.585853,0.018611
P004234,6,34443.25,0.068306,1.032,35545.434,0.611587,1484.912647,0.043112
P004235,9,33952.1,0.039801,1.015,34461.3815,0.586587,804.557335,0.023697
P004236,10,29732.01,0.035587,1.027,30534.77427,0.586587,637.40877,0.021438
P004237,1,20710.8,0.323722,1.038,21497.8104,0.600587,4179.667912,0.201811
P004238,1,54589.15,0.471885,1.002,54698.3283,0.923587,23839.015208,0.436699
P004239,6,50805.8,0.069942,1.042,52939.6436,0.751587,2782.887926,0.054775
P004240,10,60160.94,0.036557,1.027,61785.28538,0.679587,1534.976916,0.025515
P004241,3,30061.66,0.154623,1.015,30512.5849,0.637587,3008.099107,0.100064
P004242,4,14324.2,0.131455,1.037,14854.1954,0.637587,1244.991872,0.086915
P004243,2,17177.6,0.248091,1.02,17521.152,0.640587,2784.530884,0.162102
P004244,4,53430.0,0.116509,1.04,55567.2,0.763587,4943.51297,0.092523
P004245,8,43876.37,0.051588,1.037,45499.79569,0.586587,1376.871062,0.031381
P004246,1,21450.0,0.314951,1.04,22308.0,0.763587,5364.9049,0.250112
P004247,7,51318.8,0.055089,0.995,51062.206,0.611587,1720.379159,0.033523
P004248,1,31066.0,0.359955,1.042,32370.772,0.841587,9806.182667,0.315656
P004249,2,20413.8,0.240541,1.038,21189.5244,0.762587,3886.859389,0.190404
P004250,8,44255.25,0.046532,1.032,45671.418,0.611587,1299.739523,0.029369
P004251,9,40319.0,0.04045,1.015,40923.785,0.763587,1264.012572,0.03135
P004252,7,22701.25,0.064966,1.015,23041.76875,0.674587,1009.81398,0.044483
P004253,1,20342.25,0.302846,1.027,20891.49075,0.841587,5324.641002,0.261753
P004254,9,31975.29,0.039996,1.02,32614.7958,0.719587,938.680994,0.029356
P004255,5,15294.9,0.098791,0.98,14989.002,0.643587,953.013512,0.062309
P004256,1,14887.4,0.413096,1.037,15438.2338,0.674587,4302.159972,0.28898
P004257,7,17274.4,0.056058,1.02,17619.888,0.915587,904.359439,0.052353
P004258,10,24977.16,0.026362,1.02,25476.7032,0.719587,483.291581,0.019349
P004259,9,21348.6,0.041121,1.032,22031.7552,0.611587,554.079856,0.025954
P004260,2,21886.48,0.287063,1.042,22805.71216,0.600587,3931.841119,0.179647
P004261,7,40940.46,0.057088,1.027,42045.85242,0.637587,1530.418273,0.037382
P004262,10,34863.94,0.032691,1.021,35596.08274,0.427587,497.575823,0.014272
P004263,10,26151.44,0.032623,1.021,26700.62024,0.599587,522.265461,0.019971
P004264,7,35973.8,0.060239,1.04,37412.752,0.684587,1542.855633,0.042888
P004265,10,41794.09,0.030004,1.015,42421.00135,0.667587,849.717919,0.020331
P004266,8,19144.4,0.046779,1.015,19431.566,0.901587,819.539532,0.042808
P004267,2,15897.33,0.227504,0.98,15579.3834,0.599587,2125.16123,0.13368
P004268,6,32916.45,0.079206,1.037,34134.35865,0.637587,1723.818997,0.05237
P004269,6,62596.45,0.078914,1.002,62721.6429,0.679587,3363.690836,0.053736
P004270,1,19617.0,0.658812,1.041,20421.297,0.719587,9681.176375,0.49351
P004271,9,56879.01,0.04062,0.995,56594.61495,0.719587,1654.25003,0.029084
P004272,6,46889.57,0.068773,1.032,48390.03624,0.611587,2035.321628,0.043407
P004273,1,43575.75,0.364469,1.04,45318.78,0.832587,13752.088855,0.31559
P004274,1,17943.2,0.387148,1.04,18660.928,0.763587,5516.565586,0.307446
P004275,1,26656.0,0.316739,1.038,27668.928,0.751587,6586.785629,0.247103
P004276,4,26873.0,0.106927,1.032,27732.936,0.832587,2468.948013,0.091875
P004277,6,22271.04,0.0673,1.02,22716.4608,0.611587,935.00755,0.041983
P004278,9,26835.94,0.04451,0.98,26299.2212,0.348587,408.046489,0.015205
P004279,8,23981.44,0.047405,0.98,23501.8112,0.599587,668.000713,0.027855
P004280,6,37265.76,0.072536,0.995,37079.4312,0.753587,2026.829147,0.054389
P004281,1,34722.45,0.334899,1.038,36041.9031,0.923587,11148.051593,0.321062
P004282,5,15544.0,0.092133,1.04,16165.76,0.599587,893.020891,0.057451
P004283,3,49317.12,0.162547,1.04,51289.8048,0.832587,6941.292268,0.140748
P004284,6,63153.04,0.070918,1.038,65552.85552,0.841587,3912.42989,0.061952
P004285,9,50477.18,0.0403,1.003,50628.61154,0.637587,1300.904642,0.025772
P004286,4,26390.96,0.126035,1.042,27499.38032,0.751587,2604.90646,0.098704
P004287,9,49417.2,0.041634,1.027,50751.4644,0.600587,1269.031374,0.02568
P004288,1,45168.66,0.311426,1.04,46975.4064,0.822587,12033.901512,0.266421
P004289,1,31698.36,0.318215,1.04,32966.2944,0.901587,9457.977192,0.298374
P004290,7,44955.68,0.057956,1.041,46798.86288,0.611587,1658.782134,0.036898
P004291,6,21172.5,0.081128,1.038,21977.055,0.841587,1500.511527,0.070871
P004292,3,30263.32,0.154819,1.002,30323.84664,0.751587,3528.486756,0.116593
P004293,1,19789.0,0.386447,1.04,20580.56,0.753587,5993.497164,0.30287
P004294,1,65333.7,0.445367,1.027,67097.7099,0.679587,20308.175514,0.310838
P004295,8,39601.68,0.050974,1.04,41185.7472,0.763587,1603.080745,0.04048
P004296,8,29542.42,0.045501,1.015,29985.5563,0.507587,692.531181,0.023442
P004297,2,20979.58,0.232865,1.038,21776.80404,0.679587,3446.223844,0.164266
P004298,9,29666.52,0.040349,1.015,30111.5178,0.763587,927.744998,0.031272
P004299,3,44072.84,0.182546,1.037,45703.53508,0.674587,5628.064615,0.127699
P004300,3,58106.56,0.199638,1.038,60314.60928,0.600587,7231.723657,0.124456
P004301,8,44117.7,0.052719,1.027,45308.8779,0.841587,2010.25654,0.045566
P004302,8,14438.48,0.053907,1.021,14741.68808,0.643587,511.441526,0.035422
P004303,8,81154.32,0.05119,1.027,83345.48664,0.679587,2899.433114,0.035727
P004304,10,21730.02,0.032106,1.015,22055.9703,0.753587,533.644441,0.024558
P004305,10,47027.3,0.01793,1.02,47967.846,0.915587,787.471812,0.016745
P004306,10,64188.32,0.028568,1.041,66820.04112,0.611587,1167.465826,0.018188
P004307,4,62939.5,0.113522,1.027,64638.8665,0.600587,4407.064633,0.070021
P004308,9,29294.9,0.039676,1.015,29734.3235,0.684587,807.627827,0.027569
P004309,2,21529.2,0.232397,1.027,22110.4884,0.751587,3861.957298,0.179382
P004310,7,23114.08,0.06164,1.042,24084.87136,0.751587,1115.80261,0.048274
P004311,6,33927.69,0.078472,1.04,35284.7976,0.832587,2305.324766,0.067948
P004312,7,31568.4,0.059689,1.027,32420.7468,0.637587,1233.83563,0.039085
P004313,9,38507.04,0.03857,1.04,40047.3216,0.763587,1179.450835,0.030629
P004314,2,19610.8,0.274078,1.015,19904.962,0.684587,3734.764392,0.190444
P004315,5,55089.72,0.089387,1.032,56852.59104,0.719587,3656.84924,0.06638
P004316,1,18332.6,0.355419,1.04,19065.904,0.684587,4639.021169,0.253048
P004317,9,34910.88,0.040239,1.015,35434.5432,0.674587,961.848778,0.027552
P004318,10,26260.88,0.036052,1.037,27232.53256,0.558587,548.407384,0.020883
P004319,2,45080.0,0.289371,1.038,46793.04,0.600587,8132.269664,0.180396
P004320,2,17887.2,0.271677,1.041,18620.5752,0.915587,4631.745351,0.258942
P004321,3,20046.4,0.151007,1.038,20808.1632,0.844587,2653.835634,0.132385
P004322,3,24685.7,0.185124,0.98,24191.986,0.427587,1914.955284,0.077573
P004323,4,57569.82,0.134169,1.015,58433.3673,0.763587,5986.462728,0.103986
P004324,1,20739.4,0.386716,1.042,21610.4548,0.672587,5620.876959,0.271024
P004325,6,21516.36,0.075036,1.027,22097.30172,0.923587,1531.390591,0.071173
P004326,10,68594.78,0.024224,1.003,68800.56434,0.586587,977.605843,0.014252
P004327,9,54177.79,0.044301,1.015,54990.45685,0.586587,1428.994504,0.026376
P004328,3,22752.24,0.167566,1.015,23093.5236,0.753587,2916.142898,0.128169
P004329,7,24205.34,0.060872,1.04,25173.5536,0.684587,1049.028071,0.043339
P004330,1,23355.15,0.609928,1.04,24289.356,0.832587,12334.580848,0.528131
P004331,10,16880.6,0.035404,1.032,17420.7792,0.719587,443.820926,0.026292
P004332,10,76514.84,0.030175,0.995,76132.2658,0.611587,1405.00692,0.018363
P004333,3,46763.7,0.144569,1.04,48634.248,0.763587,5368.763527,0.114806
P004334,2,17155.6,0.239036,1.04,17841.824,0.427587,1823.587502,0.106297
P004335,10,24440.7,0.022636,1.024,25027.2768,0.427587,242.231753,0.009911
P004336,7,25564.37,0.057585,1.003,25641.06311,0.753587,1112.696916,0.043525
P004337,6,38564.16,0.072294,1.027,39605.39232,0.679587,1945.82532,0.050457
P004338,6,14161.4,0.073105,1.037,14685.3718,0.753587,809.026388,0.057129
P004339,5,25781.52,0.08658,1.042,26864.34384,0.751587,1748.119334,0.067805
P004340,2,31473.12,0.255088,1.042,32794.99104,0.751587,6287.49198,0.199773
P004341,5,24572.52,0.086678,1.04,25555.4208,0.667587,1478.760074,0.060179
P004342,4,18749.64,0.112848,1.027,19255.88028,0.753587,1637.539742,0.087337
P004343,5,9649.2,0.09365,0.98,9456.216,0.427587,378.659343,0.039243
P004344,4,31584.0,0.113525,1.002,31647.168,0.600587,2157.753321,0.068318
P004345,5,17643.7,0.102044,1.027,18120.0799,0.637587,1178.92142,0.066818
P004346,1,17580.2,0.307317,1.032,18142.7664,0.640587,3571.648195,0.203163
P004347,9,52026.72,0.038346,1.038,54003.73536,0.841587,1742.789851,0.033498
P004348,8,67212.9,0.045224,1.002,67347.3258,0.751587,2289.104765,0.034058
P004349,3,62293.77,0.183689,1.04,64785.5208,0.901587,10729.231535,0.172236
P004350,3,68500.8,0.174298,1.002,68637.8016,0.841587,10068.276197,0.14698
P004351,4,27741.9,0.107176,1.013,28102.5447,0.763587,2299.859923,0.082902
P004352,1,21560.0,0.492965,1.042,22465.52,0.679587,7526.230115,0.349083
P004353,1,33169.5,0.379721,1.04,34496.28,0.822587,10775.028637,0.324847
P004354,7,21290.5,0.063896,1.021,21737.6005,0.599587,832.797588,0.039116
P004355,10,25769.28,0.022139,1.015,26155.8192,0.586587,339.667425,0.013181
P004356,2,18836.4,0.268586,1.04,19589.856,0.901587,4743.744765,0.251839
P004357,3,29817.84,0.163267,1.027,30622.92168,0.586587,2932.772166,0.098356
P004358,1,59451.21,0.530128,1.042,61948.16082,0.841587,27638.073563,0.464887
P004359,5,22287.25,0.098953,1.041,23201.02725,0.719587,1652.033516,0.074125
P004360,1,16255.8,0.52046,1.032,16775.9856,0.915587,7994.199248,0.491775
P004361,5,36881.37,0.099669,1.04,38356.6248,0.763587,2919.159732,0.07915
P004362,6,30201.3,0.073217,1.041,31439.5533,0.611587,1407.812072,0.046614
P004363,2,29852.0,0.298656,1.04,31046.08,0.588587,5457.434994,0.182816
P004364,6,25433.4,0.080261,1.013,25764.0342,0.753587,1558.293485,0.06127
P004365,2,31777.95,0.253885,1.038,32985.5121,0.751587,6294.190696,0.198068
P004366,2,22667.58,0.233283,1.027,23279.60466,0.751587,4081.663667,0.180066
P004367,10,42831.84,0.026105,0.995,42617.6808,0.611587,680.415571,0.015886
P004368,3,27451.77,0.185612,1.04,28549.8408,0.667587,3537.664757,0.128868
P004369,8,34186.62,0.050004,1.037,35451.52494,0.637587,1130.263936,0.033062
P004370,3,18301.8,0.191412,1.015,18576.327,0.901587,3205.792755,0.175163
P004371,10,53371.5,0.031903,1.015,54172.0725,0.586587,1013.772369,0.018995
P004372,10,14754.04,0.033907,1.04,15344.2016,0.643587,334.8387,0.022695
P004373,3,59013.57,0.144446,1.038,61256.08566,0.751587,6650.192438,0.112689
P004374,6,75811.67,0.077992,1.042,78995.76014,0.751587,4630.544469,0.06108
P004375,6,22580.34,0.074769,1.024,23122.26816,0.520587,900.00949,0.039858
P004376,10,19382.0,0.033814,1.015,19672.73,0.832587,553.842393,0.028575
P004377,4,25705.68,0.125763,1.002,25757.09136,0.600587,1945.469469,0.075682
P004378,1,21944.16,0.740696,1.04,22821.9264,0.778587,13161.310529,0.599764
P004379,4,48396.92,0.132335,1.013,49026.07996,0.901587,5849.362841,0.120862
P004380,8,53640.54,0.051459,1.027,55088.83458,0.751587,2130.614257,0.03972
P004381,8,22653.06,0.051393,1.04,23559.1824,0.832587,1008.070955,0.0445
P004382,5,69309.0,0.089603,1.015,70348.635,0.667587,4208.075413,0.060715
P004383,10,27687.75,0.029511,0.98,27133.995,0.427587,342.393629,0.012366
P004384,10,58044.58,0.02987,1.015,58915.2487,0.586587,1032.260969,0.017784
P004385,6,40368.4,0.07684,1.042,42063.8728,0.600587,1941.209747,0.048087
P004386,3,15890.6,0.181851,1.032,16399.0992,0.915587,2730.450418,0.171828
P004387,6,38734.24,0.068388,1.013,39237.78512,0.832587,2234.169738,0.057679
P004388,6,35933.1,0.067825,1.04,37370.424,0.763587,1935.419622,0.053862
P004389,9,19241.34,0.042509,1.021,19645.40814,0.599587,500.720371,0.026023
P004390,1,22236.4,0.334748,1.042,23170.3288,0.844587,6550.794475,0.294598
P004391,5,37020.0,0.102283,1.038,38426.76,0.679587,2671.044569,0.072151
P004392,3,24143.98,0.208561,1.002,24192.26796,0.600587,3030.295152,0.125509
P004393,5,24266.97,0.105863,1.04,25237.6488,0.667587,1783.609755,0.073499
P004394,1,20070.6,0.486063,1.038,20833.2828,0.672587,6810.803599,0.339342
P004395,10,30137.89,0.034606,1.021,30770.78569,0.599587,638.478962,0.021185
P004396,3,23067.72,0.145212,1.015,23413.7358,0.667587,2269.768624,0.098396
P004397,4,46019.8,0.108342,1.015,46710.097,0.901587,4562.633812,0.099145
P004398,1,21450.0,0.312574,1.038,22265.1,0.844587,5877.899509,0.274028
P004399,6,25284.18,0.076719,1.02,25789.8636,0.719587,1423.761517,0.05631
P004400,6,45708.55,0.067005,1.013,46302.76115,0.832587,2583.129432,0.056513
P004401,8,17954.2,0.052662,1.04,18672.368,0.763587,750.848754,0.04182
P004402,6,14205.4,0.083456,1.037,14730.9998,0.753587,926.44885,0.065218
P004403,3,56131.88,0.202155,1.042,58489.41896,0.679587,8035.364897,0.143152
P004404,2,22051.04,0.300499,1.042,22977.18368,0.672587,4643.954478,0.2106
P004405,4,29317.5,0.138357,1.02,29903.85,0.640587,2650.366338,0.090402
P004406,5,15024.96,0.095956,1.027,15430.63392,0.637587,944.052111,0.062832
P004407,10,32831.6,0.029713,1.04,34144.864,0.667587,677.295557,0.020629
P004408,8,35103.63,0.051899,1.032,36226.94616,0.611587,1149.873921,0.032757
P004409,10,40304.5,0.031303,0.995,40102.9775,0.719587,903.336816,0.022413
P004410,10,41794.8,0.036155,1.02,42630.696,0.611587,942.648299,0.022554
P004411,2,18975.0,0.23558,1.013,19221.675,0.753587,3412.425182,0.179838
P004412,8,19225.8,0.050061,1.04,19994.832,0.763587,764.324127,0.039755
P004413,6,20059.6,0.069723,1.027,20601.2092,0.672587,966.086592,0.048161
P004414,8,27485.08,0.04606,1.04,28584.4832,0.643587,847.338294,0.030829
P004415,3,34692.48,0.20434,0.995,34519.0176,0.640587,4518.449256,0.130243
P004416,5,36524.16,0.084341,1.027,37510.31232,0.841587,2662.482717,0.072896
P004417,5,40544.28,0.087948,1.002,40625.36856,0.679587,2428.111246,0.059888
P004418,8,35929.08,0.045898,1.038,37294.38504,0.679587,1163.286769,0.032377
P004419,2,73859.24,0.216178,1.027,75853.43948,0.679587,11143.762357,0.150878
P004420,9,28855.8,0.042843,1.04,30010.032,0.684587,880.193898,0.030503
P004421,5,30715.4,0.093585,1.013,31114.7002,0.832587,2424.373408,0.07893
P004422,3,14445.24,0.181239,1.04,15023.0496,0.857587,2334.998953,0.161645
P004423,10,82469.04,0.032873,1.04,85767.8016,0.763587,2152.878967,0.026105
P004424,8,21308.67,0.048238,1.04,22161.0168,0.901587,963.789515,0.04523
P004425,10,24712.73,0.028606,1.02,25206.9846,0.719587,518.871032,0.020996
P004426,9,17584.91,0.037862,1.032,18147.62712,0.611587,420.225571,0.023897
P004427,4,46122.42,0.116068,1.015,46814.2563,0.588587,3198.171968,0.069341
P004428,6,16344.36,0.066365,1.015,16589.5254,0.845587,930.963181,0.056959
P004429,10,54919.68,0.030589,1.041,57171.38688,0.611587,1069.566196,0.019475
P004430,2,14313.6,0.209725,1.037,14843.2032,0.558587,1738.876338,0.121484
P004431,1,17690.2,0.466908,1.04,18397.808,0.753587,6473.36792,0.36593
P004432,10,19064.83,0.031625,1.027,19579.58041,0.637587,394.800057,0.020708
P004433,9,27675.28,0.043102,1.027,28422.51256,0.923587,1131.453545,0.040883
P004434,9,41578.08,0.03724,1.038,43158.04704,0.751587,1207.951429,0.029053
P004435,8,18529.56,0.04672,1.021,18918.68076,0.427587,377.934714,0.020396
P004436,10,23142.21,0.034829,1.04,24067.8984,0.763587,640.085304,0.027659
P004437,1,17549.4,0.600957,0.995,17461.653,0.915587,9607.895963,0.547477
P004438,3,18101.6,0.209076,1.04,18825.664,0.763587,3005.480064,0.166034
P004439,2,53309.2,0.268879,1.027,54748.5484,0.679587,10004.009037,0.18766
P004440,10,27435.0,0.024184,1.013,27791.655,0.763587,513.214668,0.018707
P004441,6,35274.8,0.067318,1.015,35803.922,0.901587,2173.053832,0.061604
P004442,8,33860.07,0.052583,1.041,35248.33287,0.611587,1133.543517,0.033477
P004443,1,24085.1,0.574653,1.015,24446.3765,0.845587,11878.958323,0.493208
P004444,2,28510.3,0.265642,1.015,28937.9545,0.674587,5185.646372,0.181887
P004445,1,20335.35,0.315211,1.015,20640.38025,0.586587,3816.379162,0.187672
P004446,1,16656.2,0.365512,1.02,16989.324,0.532587,3307.260669,0.19856
P004447,8,56150.24,0.051487,1.04,58396.2496,0.763587,2295.828758,0.040887
P004448,1,20501.8,0.530446,1.042,21362.8756,0.841587,9536.731589,0.465166
P004449,6,20891.2,0.075816,1.038,21685.0656,0.600587,987.407613,0.047264
P004450,2,33394.5,0.267385,1.013,33828.6285,0.763587,6906.845226,0.206826
P004451,4,21560.0,0.121398,1.002,21603.12,0.672587,1763.908772,0.081814
P004452,2,19190.6,0.238622,1.04,19958.224,0.684587,3260.323528,0.169892
P004453,7,21148.66,0.064116,1.027,21719.67382,0.586587,816.874104,0.038625
P004454,4,16406.88,0.129927,1.024,16800.64512,0.857587,1871.984888,0.114098
P004455,4,28183.28,0.137833,1.037,29226.06136,0.558587,2250.170691,0.079841
P004456,2,21560.0,0.285301,1.042,22465.52,0.672587,4310.895523,0.199949
P004457,4,38946.71,0.140527,1.038,40426.68498,0.600587,3411.948571,0.087606
P004458,10,34404.48,0.033974,1.003,34507.69344,0.586587,687.698392,0.019989
P004459,7,110930.44,0.064893,1.015,112594.3966,0.684587,5002.030317,0.045092
P004460,8,45203.73,0.045307,1.015,45881.78595,0.588587,1223.535327,0.027067
P004461,2,70028.9,0.210084,1.041,72900.0849,0.532587,8156.632253,0.116475
P004462,8,41609.42,0.053731,1.027,42732.87434,0.507587,1165.45196,0.028009
P004463,1,38220.0,0.556783,1.027,39251.94,0.672587,14699.250151,0.384596
P004464,9,17166.24,0.040402,1.024,17578.22976,0.857587,609.060483,0.03548
P004465,6,43200.36,0.073972,1.032,44582.77152,0.532587,1756.408592,0.040657
P004466,10,15564.3,0.022242,1.04,16186.872,0.778587,280.314183,0.01801
P004467,2,24733.05,0.238661,1.032,25524.5076,0.611587,3725.612863,0.150633
P004468,2,18920.0,0.235419,1.04,19676.8,0.684587,3171.20126,0.167611
P004469,7,27868.8,0.056862,1.015,28286.832,0.667587,1073.771512,0.03853
P004470,10,52806.18,0.02514,1.015,53598.2727,0.637587,859.1233,0.016269
P004471,1,19285.2,0.435113,1.04,20056.608,0.684587,5974.313702,0.309787
P004472,7,21436.8,0.061159,1.027,22015.5936,0.844587,1137.189291,0.053048
P004473,6,59617.44,0.077548,1.003,59796.29232,0.558587,2590.205915,0.043447
P004474,10,36944.0,0.035595,1.042,38495.648,0.841587,1153.190533,0.031215
P004475,9,47893.82,0.038004,1.013,48516.43966,0.667587,1230.901817,0.025701
P004476,6,26751.87,0.070372,1.013,27099.64431,0.667587,1273.132566,0.04759
P004477,3,43442.76,0.148266,1.04,45180.4704,0.822587,5510.287617,0.12684
P004478,4,29655.24,0.111839,1.032,30604.20768,0.753587,2579.323905,0.086977
P004479,1,21560.0,0.611956,1.038,22379.28,0.672587,9211.159041,0.427234
P004480,8,20842.28,0.054178,1.024,21342.49472,0.599587,693.296616,0.033264
P004481,8,16713.9,0.052399,1.04,17382.456,0.643587,586.1952,0.035072
P004482,9,37862.24,0.038632,1.015,38430.1736,0.684587,1016.369161,0.026844
P004483,4,29459.88,0.124762,1.015,29901.7782,0.763587,2848.646857,0.096696
P004484,6,29540.28,0.066993,1.002,29599.36056,0.923587,1831.432082,0.061998
P004485,9,21675.0,0.037463,0.98,21241.5,0.857587,682.445186,0.031485
P004486,2,64453.25,0.258947,1.024,66000.128,0.427587,7307.688717,0.11338
P004487,7,38827.8,0.05557,1.002,38905.4556,0.679587,1469.238622,0.03784
P004488,7,26126.8,0.062325,1.027,26832.2236,0.637587,1066.24096,0.04081
P004489,10,43272.45,0.029936,1.032,44657.1684,0.719587,961.979872,0.022231
P004490,1,27198.18,0.319366,1.015,27606.1527,0.763587,6732.127884,0.247521
P004491,7,27691.08,0.055725,1.041,28826.41428,0.611587,982.415611,0.035478
P004492,3,38336.64,0.172374,1.041,39908.44224,0.611587,4207.206282,0.109744
P004493,7,50624.3,0.058475,1.04,52649.272,0.599587,1845.917592,0.036463
P004494,8,20149.17,0.046945,1.015,20451.40755,0.558587,536.298249,0.026616
P004495,10,33127.24,0.036835,1.04,34452.3296,0.832587,1056.583205,0.031895
P004496,5,148667.2,0.090375,1.04,154613.888,0.763587,10669.739482,0.071769
P004497,4,21476.07,0.11679,1.032,22163.30424,0.719587,1862.623244,0.08673
P004498,7,42780.93,0.064592,1.042,44577.72906,0.600587,1729.298843,0.040422
P004499,3,18642.8,0.193979,1.04,19388.512,0.901587,3390.833179,0.181884
P004500,9,27700.26,0.038831,1.024,28365.06624,0.427587,470.961478,0.017002
P004501,3,20297.2,0.160376,1.027,20845.2244,0.672587,2248.513674,0.11078
P004502,1,14680.96,0.344254,1.027,15077.34592,0.753587,3911.441006,0.26643
P004503,2,66234.06,0.212221,1.027,68022.37962,0.600587,8669.937571,0.130898
P004504,1,22698.88,0.648089,1.042,23652.23296,0.600587,9206.247666,0.405582
P004505,1,32253.31,0.448763,1.04,33543.4424,0.684587,10305.119235,0.319506
P004506,7,29718.71,0.057504,1.003,29807.86613,0.753587,1291.690948,0.043464
P004507,4,15439.6,0.130831,1.032,15933.6672,0.719587,1500.057957,0.097157
P004508,7,15004.0,0.063093,1.015,15229.06,0.637587,612.621326,0.040831
P004509,8,57311.28,0.052344,1.013,58056.32664,0.763587,2320.454577,0.040489
P004510,2,55464.86,0.294773,1.013,56185.90318,0.684587,11338.178202,0.204421
P004511,3,44358.6,0.18612,1.042,46221.6612,0.672587,5786.111094,0.130439
P004512,10,27700.26,0.028783,1.027,28448.16702,0.923587,756.24902,0.027301
P004513,1,17270.0,0.498189,1.02,17615.4,0.915587,8035.005265,0.465258
P004514,9,115763.4,0.038289,1.04,120393.936,0.667587,3077.431442,0.026584
P004515,8,29478.4,0.045155,1.04,30657.536,0.901587,1248.094122,0.042339
P004516,10,30191.0,0.036358,1.015,30643.865,0.637587,710.369392,0.023529
P004517,8,54799.56,0.045199,1.032,56553.14592,0.719587,1839.378132,0.033566
P004518,8,10354.5,0.051886,0.98,10147.41,0.599587,315.687667,0.030488
P004519,3,109901.4,0.157817,1.04,114297.456,0.667587,12041.988849,0.109571
P004520,6,39964.16,0.068874,1.04,41562.7264,0.667587,1911.022056,0.047818
P004521,2,25611.0,0.217974,1.013,25943.943,0.588587,3328.515587,0.129964
P004522,2,20444.6,0.254569,1.027,20996.6042,0.751587,4017.298298,0.196497
P004523,2,26837.94,0.2157,1.04,27911.4576,0.763587,4597.164775,0.171294
P004524,2,58198.14,0.267724,1.042,60642.46188,0.679587,11033.391189,0.189583
P004525,4,12610.4,0.113811,1.024,12913.0496,0.427587,628.401874,0.049832
P004526,7,30535.0,0.060769,0.995,30382.325,0.915587,1690.453461,0.055361
P004527,9,58217.96,0.041496,1.013,58974.79348,0.667587,1633.744264,0.028063
P004528,10,18998.44,0.03165,1.021,19397.40724,0.427587,262.507718,0.013817
P004529,1,17732.0,0.335558,1.04,18441.28,0.753587,4663.277399,0.262987
P004530,1,33469.75,0.385931,1.04,34808.54,0.667587,8968.150529,0.267948
P004531,2,19486.88,0.214427,1.032,20110.46016,0.640587,2762.348153,0.141754
P004532,1,21170.6,0.312617,1.038,21975.0828,0.844587,5802.123831,0.274065
P004533,1,24818.6,0.630644,1.04,25811.344,0.763587,12429.492475,0.500814
P004534,9,32970.56,0.041662,1.021,33662.94176,0.427587,599.673025,0.018188
P004535,10,38956.28,0.032835,1.021,39774.36188,0.599587,783.061637,0.020101
P004536,10,35989.8,0.024166,1.041,37465.3818,0.915587,828.955774,0.023033
P004537,2,57098.04,0.256824,1.038,59267.76552,0.751587,11440.185214,0.20036
P004538,5,27013.0,0.086092,1.032,27877.416,0.719587,1727.018844,0.063933
P004539,2,50912.58,0.27371,1.04,52949.0832,0.901587,13066.423592,0.256644
P004540,1,29863.8,0.420638,1.041,31088.2158,0.915587,11973.011834,0.400921
P004541,8,21457.38,0.049175,1.037,22251.30306,0.637587,697.647206,0.032513
P004542,8,13215.96,0.04615,0.98,12951.6408,0.348587,208.356919,0.015766
P004543,1,22926.86,0.609835,1.042,23889.78812,0.672587,9798.806371,0.427394
P004544,2,22181.5,0.289214,1.04,23068.76,0.832587,5554.864181,0.250428
P004545,6,46268.25,0.069672,1.04,48118.98,0.763587,2559.954953,0.055329
P004546,6,18844.0,0.081343,1.015,19126.66,0.586587,912.624678,0.048431
P004547,9,25360.36,0.03747,1.027,26045.08972,0.586587,572.449845,0.022573
P004548,2,38526.12,0.248038,1.002,38603.17224,0.844587,8086.970219,0.209909
P004549,10,34937.44,0.034955,1.032,36055.43808,0.719587,906.919242,0.025958
P004550,1,24838.56,0.450098,1.04,25832.1024,0.667587,7762.009553,0.312498
P004551,7,53508.0,0.064286,1.038,55541.304,0.672587,2401.489964,0.044881
P004552,10,45459.53,0.036596,1.002,45550.44906,0.679587,1132.833693,0.02492
P004553,8,16244.28,0.047026,1.021,16585.40988,0.348587,271.877662,0.016737
P004554,6,23171.3,0.07945,1.015,23518.8695,0.667587,1247.437028,0.053835
P004555,1,20680.0,0.596726,1.038,21465.84,0.672587,8615.308194,0.416601
P004556,3,42647.11,0.167331,1.002,42732.40422,0.679587,4859.367781,0.113944
P004557,3,65592.12,0.183809,1.015,66576.0018,0.753587,9221.83166,0.140594
P004558,3,32024.7,0.14951,1.02,32665.194,0.719587,3514.303803,0.109737
P004559,2,41400.45,0.245865,1.038,42973.6671,0.751587,7941.04856,0.191811
P004560,8,32496.84,0.048063,1.027,33374.25468,0.751587,1205.584401,0.037099
P004561,9,87287.34,0.041372,1.027,89644.09818,0.637587,2364.634041,0.02709
P004562,9,24183.9,0.040203,1.041,25175.4399,0.832587,842.686594,0.034845
P004563,2,57787.5,0.245123,1.04,60099.0,0.832587,12265.393233,0.21225
P004564,8,27876.64,0.052686,1.032,28768.69248,0.719587,1090.673663,0.039125
P004565,10,36028.24,0.036832,1.003,36136.32472,0.586587,780.738592,0.02167
P004566,1,20697.6,0.452655,1.002,20738.9952,0.679587,6379.693516,0.308233
P004567,10,17866.2,0.026582,1.013,18098.4606,0.763587,367.350418,0.020561
P004568,9,39562.56,0.040485,1.04,41145.0624,0.667587,1112.026747,0.028108
P004569,2,24897.51,0.236886,1.013,25221.17763,0.832587,4974.32405,0.199792
P004570,10,23960.3,0.032037,0.98,23481.094,0.348587,262.225175,0.010944
P004571,9,29724.8,0.038229,1.042,30973.2416,0.600587,711.147329,0.023924
P004572,4,20246.6,0.131098,1.042,21096.9572,0.672587,1860.222367,0.091878
P004573,4,14286.8,0.129302,1.037,14815.4116,0.637587,1221.39861,0.085491
P004574,7,25766.16,0.05679,1.04,26796.8064,0.822587,1251.805521,0.048583
P004575,8,65670.55,0.052099,1.027,67443.65485,0.679587,2387.888877,0.036362
P004576,1,24452.5,0.321756,1.042,25479.505,0.672587,5513.987753,0.225498
P004577,10,19287.27,0.029483,1.015,19576.57905,0.667587,385.311597,0.019978
P004578,7,65257.5,0.065057,1.032,67345.74,0.719587,3152.742139,0.048312
P004579,1,19357.8,0.42719,1.04,20132.112,0.684587,5887.609976,0.304147
P004580,8,34697.02,0.04487,1.027,35633.83954,0.586587,937.88552,0.027031
P004581,1,18508.6,0.310713,1.04,19248.944,0.763587,4566.937305,0.246747
P004582,6,33565.4,0.080823,1.002,33632.5308,0.672587,1828.290718,0.05447
P004583,2,16687.0,0.271788,1.032,17220.984,0.915587,4285.365736,0.256809
P004584,2,22011.78,0.297759,1.032,22716.15696,0.640587,4332.893458,0.196844
P004585,1,19148.8,0.414653,1.04,19914.752,0.763587,6305.484162,0.329289
P004586,2,25960.95,0.276821,1.027,26661.89565,0.672587,4964.082936,0.191213
P004587,6,45168.49,0.07399,1.027,46388.03923,0.586587,2013.318175,0.044574
P004588,1,21159.36,0.347395,1.037,21942.25632,0.674587,5142.128264,0.243019
P004589,1,23207.55,0.344164,1.002,23253.9651,0.762587,6103.108725,0.262979
P004590,6,19608.89,0.076092,1.032,20236.37448,0.915587,1409.847774,0.071898
P004591,1,10831.48,0.332481,1.024,11091.43552,0.778587,2871.190181,0.265078
P004592,6,30549.28,0.079465,1.041,31801.80048,0.611587,1545.563109,0.050592
P004593,10,33108.68,0.036838,1.003,33208.00604,0.637587,779.980255,0.023558
P004594,2,26775.45,0.258564,1.04,27846.468,0.753587,5425.89119,0.202644
P004595,3,20196.0,0.147318,1.042,21044.232,0.923587,2863.292562,0.141775
P004596,4,19827.84,0.120297,1.04,20620.9536,0.427587,1060.684367,0.053495
P004597,8,30543.26,0.050115,1.041,31795.53366,0.611587,974.520538,0.031906
P004598,1,87151.68,0.362218,1.024,89243.32032,0.599587,19381.938087,0.222393
P004599,3,20311.05,0.198259,1.04,21123.492,0.832587,3486.809355,0.171671
P004600,3,34933.08,0.149276,1.042,36400.26936,0.841587,4572.912762,0.130905
P004601,9,70912.14,0.042353,1.04,73748.6256,0.763587,2385.030091,0.033634
P004602,6,25221.3,0.067637,1.021,25750.9473,0.427587,744.729535,0.029528
P004603,2,39484.77,0.236336,1.038,40985.19126,0.672587,6514.862038,0.164997
P004604,8,9680.0,0.052986,1.021,9883.28,0.427587,223.916918,0.023132
P004605,9,38970.47,0.039716,1.015,39555.02705,0.832587,1307.981857,0.033563
P004606,4,26444.8,0.136168,1.015,26841.472,0.588587,2151.260905,0.081349
P004607,6,54904.99,0.067447,1.04,57101.1896,0.763587,2940.825892,0.053562
P004608,2,16432.97,0.285048,1.003,16482.26891,0.753587,3540.529853,0.215453
P004609,7,20098.32,0.059677,1.02,20500.2864,0.719587,880.345562,0.043802
P004610,4,28730.52,0.119284,1.02,29305.1304,0.719587,2515.417833,0.087552
P004611,9,38880.56,0.041352,1.015,39463.7684,0.832587,1358.711136,0.034946
P004612,8,35868.04,0.051289,1.04,37302.7616,0.427587,818.068374,0.022808
P004613,2,28669.68,0.219093,1.015,29099.7252,0.763587,4868.279035,0.169806
P004614,7,19276.88,0.060948,1.015,19566.0332,0.822587,980.938741,0.050887
P004615,10,56287.07,0.034032,1.041,58594.83987,0.611587,1219.578236,0.021667
P004616,2,33036.12,0.214862,1.038,34291.49256,0.672587,4955.567464,0.150005
P004617,10,41476.5,0.026046,0.995,41269.1175,0.719587,773.473564,0.018648
P004618,2,26544.15,0.221828,1.013,26889.22395,0.753587,4494.984567,0.16934
P004619,1,24825.84,0.325847,1.021,25347.18264,0.564587,4663.090503,0.187832
P004620,1,26033.17,0.383231,1.042,27126.56314,0.751587,7813.291746,0.300128
P004621,5,57857.04,0.105225,1.038,60055.60752,0.679587,4294.556312,0.074227
P004622,2,20033.2,0.218105,1.038,20794.4616,0.844587,3830.519696,0.191209
P004623,10,52036.66,0.030831,1.015,52817.2099,0.586587,955.202273,0.018356
P004624,9,19835.2,0.037021,1.042,20668.2784,0.679587,519.991208,0.026216
P004625,7,32985.72,0.064947,1.027,33876.33444,0.751587,1653.623389,0.050131
P004626,2,48608.64,0.239624,1.002,48705.85728,0.679587,7931.516041,0.163171
P004627,10,46803.84,0.02754,1.041,48722.79744,0.832587,1117.180889,0.023869
P004628,6,39689.37,0.076087,0.995,39490.92315,0.719587,2162.170124,0.054477
P004629,10,37259.24,0.030164,1.024,38153.46176,0.599587,690.04924,0.01852
P004630,1,36955.36,0.711351,1.04,38433.5744,0.901587,24649.162906,0.666998
P004631,8,53512.9,0.045145,0.995,53245.3355,0.719587,1729.73146,0.032324
P004632,8,30076.62,0.047127,1.02,30678.1524,0.719587,1040.346714,0.03459
P004633,3,23637.03,0.193096,1.04,24582.5112,0.684587,3249.581938,0.137478
P004634,10,52640.56,0.03097,1.04,54746.1824,0.588587,997.946229,0.018958
P004635,8,35393.82,0.045852,1.04,36809.5728,0.427587,721.671271,0.02039
P004636,3,18073.0,0.162478,1.013,18307.949,0.588587,1750.832822,0.096876
P004637,2,46452.0,0.275606,1.038,48217.176,0.679587,9031.001921,0.194416
P004638,8,41450.1,0.05181,1.04,43108.104,0.763587,1705.423101,0.041144
P004639,7,23098.44,0.062683,1.04,24022.3776,0.763587,1149.802388,0.049778
P004640,10,26799.14,0.025998,1.015,27201.1271,0.753587,532.919354,0.019886
P004641,9,38412.72,0.042991,1.037,39833.99064,0.637587,1091.881026,0.028425
P004642,3,20884.6,0.192373,1.027,21448.4842,0.762587,3146.511115,0.150662
P004643,3,22690.75,0.156509,1.013,22985.72975,0.667587,2401.619179,0.105841
P004644,2,50434.65,0.289155,1.04,52452.036,0.822587,12475.96672,0.247369
P004645,5,37500.36,0.092997,1.013,37987.86468,0.832587,2941.330054,0.078435
P004646,7,30342.74,0.060227,1.04,31556.4496,0.763587,1451.24118,0.047828
P004647,8,35482.04,0.046073,1.02,36191.6808,0.532587,888.057498,0.025028
P004648,3,66013.38,0.145276,1.04,68653.9152,0.684587,6827.892532,0.103432
P004649,3,19868.2,0.149003,1.038,20623.1916,0.844587,2595.346341,0.130628
P004650,10,79258.74,0.030749,1.013,80289.10362,0.667587,1648.145111,0.020794
P004651,10,28508.24,0.033825,1.015,28935.8636,0.586587,574.132471,0.020139
P004652,6,19778.71,0.075319,1.027,20312.73517,0.637587,975.464948,0.049319
P004653,2,29270.17,0.223003,1.032,30206.81544,0.611587,4119.780046,0.14075
P004654,2,19596.11,0.240588,1.027,20125.20497,0.558587,2704.611572,0.138018
P004655,3,25361.8,0.184125,0.995,25234.991,0.753587,3501.467604,0.138061
P004656,2,18554.8,0.277347,1.04,19296.992,0.684587,3663.88667,0.197463
P004657,5,69923.55,0.094403,1.04,72720.492,0.763587,5242.059667,0.074968
P004658,4,33582.3,0.126842,1.021,34287.5283,0.427587,1859.619525,0.055375
P004659,1,24937.26,0.595032,1.04,25934.7504,0.763587,11783.678553,0.472533
P004660,8,52045.56,0.046997,1.032,53711.01792,0.915587,2311.155132,0.044406
P004661,4,26533.92,0.119689,1.04,27595.2768,0.822587,2716.876054,0.102393
P004662,4,21637.6,0.139116,0.995,21529.412,0.640587,1918.615685,0.08867
P004663,8,38700.72,0.045661,1.013,39203.82936,0.832587,1490.386254,0.038511
P004664,10,55146.0,0.036895,1.042,57462.132,0.762587,1616.738961,0.029317
P004665,3,38996.52,0.167395,1.015,39581.4678,0.684587,4535.884338,0.116315
P004666,8,36747.45,0.045551,1.027,37739.63115,0.679587,1168.261264,0.031792
P004667,1,21078.2,0.347931,1.038,21879.1716,0.844587,6429.36011,0.305024
P004668,9,24963.12,0.038965,1.021,25487.34552,0.427587,424.639199,0.017011
P004669,7,22425.03,0.064023,1.02,22873.5306,0.753587,1103.576402,0.049212
P004670,7,32935.1,0.063073,1.04,34252.504,0.763587,1649.660499,0.050088
P004671,9,9143.2,0.038023,1.024,9362.6368,0.643587,229.114744,0.025058
P004672,7,19650.4,0.057822,1.015,19945.156,0.763587,880.614849,0.044814
P004673,1,18059.8,0.323896,1.04,18782.192,0.684587,4164.670432,0.230604
P004674,4,40833.98,0.137036,1.027,41936.49746,0.637587,3664.094618,0.089732
P004675,4,40194.14,0.110161,1.04,41801.9056,0.599587,2761.063908,0.068693
P004676,1,17833.2,0.428181,1.04,18546.528,0.832587,6611.793824,0.370758
P004677,8,27507.82,0.045792,1.02,28057.9764,0.719587,924.549214,0.03361
P004678,2,49047.8,0.297088,1.04,51009.712,0.901587,13662.958994,0.278564
P004679,3,29751.7,0.205886,1.04,30941.768,0.832587,5303.977247,0.178275
P004680,6,17247.32,0.081466,1.037,17885.47084,0.637587,929.003444,0.053864
P004681,2,37131.8,0.279931,1.015,37688.777,0.507587,5355.177345,0.144221
P004682,1,27904.5,0.522747,1.04,29020.68,0.832587,12630.739494,0.452642
P004683,7,24677.54,0.064465,1.027,25343.83358,0.753587,1231.195767,0.049891
P004684,1,22979.6,0.360623,1.032,23714.9472,0.832587,7120.418793,0.309858
P004685,10,26799.66,0.031249,1.027,27523.25082,0.637587,548.370308,0.020462
P004686,6,12877.22,0.069574,1.024,13186.27328,0.599587,550.073986,0.042717
P004687,1,20241.26,0.537005,1.032,20888.98032,0.532587,5974.280779,0.295154
P004688,3,39026.4,0.149735,1.02,39806.928,0.719587,4289.084362,0.109902
P004689,5,52567.2,0.104302,1.041,54722.4552,0.611587,3490.739014,0.066405
P004690,4,45488.94,0.138125,1.042,47399.47548,0.679587,4449.30233,0.097811
P004691,2,17723.2,0.282712,1.015,17989.048,0.901587,4585.22083,0.258713
P004692,10,36290.32,0.028548,1.02,37016.1264,0.832587,879.820327,0.024244
P004693,10,36043.92,0.029074,1.02,36764.7984,0.532587,569.2878,0.015794
P004694,1,19611.8,0.360074,1.032,20239.3776,0.532587,3881.320382,0.197907
P004695,7,27281.25,0.054283,1.032,28154.25,0.611587,934.691803,0.034261
P004696,9,22472.38,0.040557,1.015,22809.4657,0.845587,782.23755,0.034809
P004697,5,18820.67,0.098632,1.032,19422.93144,0.719587,1378.526847,0.073245
P004698,7,26869.48,0.061035,1.013,27218.78324,0.763587,1268.547437,0.047211
P004699,10,109777.5,0.032434,1.041,114278.3775,0.611587,2266.854745,0.02065
P004700,3,22095.68,0.18409,1.002,22139.87136,0.751587,3063.268005,0.138637
P004701,5,26049.6,0.106162,1.027,26752.9392,0.600587,1705.746043,0.065481
P004702,3,40493.6,0.18565,1.04,42113.344,0.832587,6509.433553,0.160752
P004703,2,20590.08,0.211876,1.038,21372.50304,0.679587,3077.387693,0.14946
P004704,7,13502.78,0.056962,1.04,14042.8912,0.643587,514.810467,0.038126
P004705,3,62748.81,0.159395,0.995,62435.06595,0.640587,6375.011361,0.101596
P004706,9,34328.8,0.037599,1.04,35701.952,0.832587,1117.638743,0.032557
P004707,4,40647.2,0.125648,1.027,41744.6744,0.844587,4429.98696,0.108986
P004708,9,27126.55,0.038607,0.995,26990.91725,0.611587,637.304788,0.023494
P004709,1,20874.16,0.356504,1.04,21709.1264,0.832587,6443.718925,0.308694
P004710,1,19430.84,0.458231,1.037,20149.78108,0.674587,6228.628771,0.320554
P004711,10,57908.96,0.031391,1.04,60225.3184,0.763587,1443.572238,0.024928
P004712,9,26006.08,0.044762,1.041,27072.32928,0.611587,741.126486,0.028498
P004713,3,22568.52,0.173674,1.015,22907.0478,0.667587,2655.89198,0.117681
P004714,7,36312.17,0.065429,1.027,37292.59859,0.751587,1833.883102,0.050503
P004715,3,33026.75,0.199659,1.02,33687.285,0.719587,4839.913407,0.146545
P004716,10,27484.6,0.032218,1.04,28583.984,0.901587,830.275696,0.030209
P004717,2,20394.0,0.221682,1.027,20944.638,0.751587,3489.65356,0.171112
P004718,2,16609.05,0.220708,1.037,17223.58485,0.845587,3214.405861,0.193533
P004719,1,22674.26,0.60067,1.042,23626.57892,0.844587,11986.187991,0.528625
P004720,1,21560.0,0.333514,1.038,22379.28,0.672587,5020.054825,0.232841
P004721,10,23317.58,0.03093,1.021,23807.24918,0.643587,473.904915,0.020324
P004722,2,40609.2,0.290944,1.002,40690.4184,0.600587,7110.126959,0.175087
P004723,9,45511.4,0.040979,0.995,45283.843,0.719587,1335.332309,0.029341
P004724,10,22160.93,0.025566,1.015,22493.34395,0.586587,337.330108,0.015222
P004725,6,22679.24,0.066392,1.015,23019.4286,0.588587,899.537985,0.039663
P004726,1,52626.0,0.304602,1.027,54046.902,0.679587,11187.879874,0.212592
P004727,2,41721.94,0.220527,1.015,42347.7691,0.667587,6234.482646,0.149429
P004728,6,28933.9,0.074104,1.037,30004.4543,0.753587,1675.556609,0.05791
P004729,6,31143.84,0.070475,1.04,32389.5936,0.832587,1900.505903,0.061023
P004730,4,19615.2,0.116013,1.015,19909.428,0.901587,2082.443967,0.106165
P004731,7,50248.76,0.05497,1.015,51002.4914,0.684587,1919.303891,0.038196
P004732,2,33623.32,0.262674,1.015,34127.6698,0.901587,8082.237701,0.240376
P004733,10,22892.22,0.024554,1.037,23739.23214,0.753587,439.258869,0.019188
P004734,2,38246.08,0.29725,1.04,39775.9232,0.753587,8909.949034,0.232964
P004735,9,52675.48,0.040832,1.042,54887.85016,0.672587,1507.378056,0.028616
P004736,5,21937.5,0.09517,1.002,21981.375,0.679587,1421.676327,0.064806
P004737,1,17738.6,0.348456,1.015,18004.679,0.763587,4790.620012,0.270068
P004738,2,15813.6,0.285427,1.032,16319.6352,0.532587,2480.82506,0.156879
P004739,1,19744.55,0.446262,1.04,20534.332,0.832587,7629.563458,0.386414
P004740,10,36668.45,0.034573,1.015,37218.47675,0.763587,982.548635,0.026795
P004741,10,26404.0,0.035112,1.027,27116.908,0.586587,558.508121,0.021152
P004742,6,26189.24,0.074346,1.04,27236.8096,0.667587,1351.821314,0.051617
P004743,9,43786.4,0.037169,1.02,44662.128,0.611587,1015.268835,0.023187
P004744,1,29863.05,0.309209,1.013,30251.26965,0.832587,7787.979161,0.26079
P004745,10,54147.39,0.030899,1.02,55230.3378,0.719587,1228.033541,0.022679
P004746,8,57969.7,0.050384,1.04,60288.488,0.667587,2027.848411,0.034981
P004747,6,37337.44,0.070291,1.032,38532.23808,0.719587,1948.978351,0.052199
P004748,4,33705.72,0.128969,1.013,34143.89436,0.763587,3362.452288,0.099759
P004749,9,18143.4,0.037593,1.013,18379.2642,0.684587,473.004234,0.02607
P004750,4,32665.5,0.108059,0.995,32502.1725,0.719587,2527.307308,0.077369
P004751,10,66450.96,0.034036,1.04,69108.9984,0.667587,1570.304184,0.023631
P004752,5,60587.17,0.090552,1.04,63010.6568,0.684587,3906.059527,0.06447
P004753,10,49203.36,0.036732,1.04,51171.4944,0.427587,803.714127,0.016335
P004754,1,38406.0,0.469375,1.015,38982.09,0.832587,15234.018682,0.396657
P004755,8,60320.82,0.050321,1.032,62251.08624,0.832587,2608.131564,0.043238
P004756,3,57187.2,0.202955,0.995,56901.264,0.832587,9615.038972,0.168133
P004757,4,25671.1,0.124164,1.04,26697.944,0.643587,2133.445755,0.083107
P004758,3,24475.88,0.169403,1.04,25454.9152,0.763587,3292.70081,0.134528
P004759,6,27677.76,0.073014,0.995,27539.3712,0.611587,1229.752067,0.044431
P004760,6,44128.08,0.073653,1.015,44790.0012,0.684587,2258.382822,0.051178
P004761,10,35414.4,0.033309,1.041,36866.3904,0.532587,654.001617,0.018467
P004762,6,23701.25,0.071662,1.032,24459.69,0.611587,1072.002457,0.04523
P004763,9,32838.24,0.044124,1.02,33495.0048,0.611587,903.8866,0.027525
P004764,6,33070.78,0.081013,1.04,34393.6112,0.588587,1639.986626,0.04959
P004765,7,23020.02,0.055163,1.003,23089.08006,0.637587,812.076268,0.035277
P004766,8,15977.1,0.044924,0.98,15657.558,0.599587,421.752927,0.026397
P004767,3,32119.36,0.164381,1.04,33404.1344,0.753587,4137.956665,0.128831
P004768,2,20508.6,0.293336,1.032,21164.8752,0.719587,4467.499196,0.217835
P004769,1,17251.47,0.389756,1.04,17941.5288,0.599587,4192.796805,0.24304
P004770,6,22718.0,0.070179,1.041,23649.438,0.719587,1194.294832,0.05257
P004771,7,27176.2,0.058795,1.02,27719.724,0.719587,1172.775344,0.043155
P004772,3,15373.6,0.191802,1.015,15604.204,0.637587,1908.244093,0.124125
P004773,10,18297.4,0.036453,1.04,19029.296,0.763587,529.680762,0.028948
P004774,3,58379.02,0.155145,1.027,59955.25354,0.679587,6321.363676,0.108281
P004775,1,24116.08,0.535437,1.042,25128.95536,0.844587,11363.889694,0.471216
P004776,9,69749.71,0.040016,1.041,72609.44811,0.532587,1547.464531,0.022186
P004777,3,23536.56,0.195176,1.037,24407.41272,0.507587,2418.014367,0.102734
P004778,8,39984.0,0.053577,1.027,41063.568,0.672587,1479.741106,0.037008
P004779,2,32939.2,0.214856,1.038,34190.8896,0.841587,6182.390242,0.187691
P004780,3,32123.82,0.187826,1.04,33408.7728,0.763587,4791.542955,0.149159
P004781,2,21247.6,0.256289,1.038,22055.0088,0.672587,3801.759895,0.178927
P004782,4,37550.94,0.112295,1.002,37626.04188,0.679587,2871.392804,0.076467
P004783,3,51103.92,0.148576,1.038,53045.86896,0.600587,4733.436405,0.092624
P004784,6,38397.12,0.072199,1.003,38512.31136,0.586587,1631.025666,0.042478
P004785,10,51800.8,0.034621,1.015,52577.812,0.667587,1215.20555,0.023459
P004786,1,27982.56,0.490681,1.032,28878.00192,0.832587,11797.651083,0.421607
P004787,2,37551.6,0.210484,1.041,39091.2156,0.719587,5920.824344,0.157672
P004788,5,17584.0,0.089125,1.024,18006.016,0.599587,962.213129,0.054721
P004789,8,23204.64,0.052906,1.015,23552.7096,0.753587,939.021057,0.040467
P004790,3,47852.64,0.153834,1.002,47948.34528,0.751587,5543.773793,0.115851
P004791,8,50589.6,0.047314,1.04,52613.184,0.763587,1900.838068,0.037574
P004792,10,48357.0,0.030158,1.015,49082.355,0.586587,868.293257,0.017956
P004793,8,19711.92,0.052507,1.02,20106.1584,0.611587,645.66023,0.032755
P004794,3,43066.74,0.196175,1.027,44229.54198,0.600587,5211.120611,0.121001
P004795,8,34369.53,0.05399,1.003,34472.63859,0.586587,1091.732401,0.031765
P004796,5,41617.16,0.093038,1.013,42158.18308,0.667587,2618.483747,0.062918
P004797,5,18557.0,0.101733,1.04,19299.28,0.763587,1499.198719,0.080789
P004798,2,30964.18,0.295156,1.042,32264.67556,0.679587,6471.780581,0.209009
P004799,7,95384.68,0.054673,1.027,97960.06636,0.679587,3639.714392,0.038158
P004800,2,20258.76,0.257206,1.027,20805.74652,0.674587,3609.960813,0.178193
P004801,9,44450.23,0.044121,1.038,46139.33874,0.751587,1530.00638,0.034421
P004802,1,29480.36,0.389433,1.013,29863.60468,0.822587,9566.567037,0.324506
P004803,7,37524.74,0.061784,1.015,38087.6111,0.586587,1380.349727,0.036785
P004804,2,20105.0,0.247282,1.04,20909.2,0.763587,3948.103472,0.196374
P004805,10,29189.6,0.021317,1.027,29977.7192,0.637587,407.434761,0.013958
P004806,10,46660.78,0.030357,1.04,48527.2112,0.822587,1211.774104,0.02597
P004807,3,25646.32,0.189704,1.032,26467.00224,0.915587,4597.064269,0.179248
P004808,10,25386.36,0.02859,1.024,25995.63264,0.599587,445.625232,0.017554
P004809,5,27531.51,0.104697,1.038,28577.70738,0.762587,2281.666933,0.082875
P004810,10,22771.05,0.033535,1.041,23704.66305,0.753587,599.05677,0.026308
P004811,7,34888.59,0.054332,1.032,36005.02488,0.640587,1253.130537,0.035918
P004812,9,43147.92,0.037621,1.015,43795.1388,0.832587,1371.784822,0.031793
P004813,5,43240.76,0.101789,1.041,45013.63116,0.753587,3452.845807,0.079852
P004814,2,15166.8,0.270531,1.015,15394.302,0.845587,3521.55748,0.232189
P004815,3,19507.88,0.153294,1.032,20132.13216,0.915587,2825.622065,0.144845
P004816,6,19296.27,0.072465,1.027,19817.26929,0.586587,842.36844,0.043654
P004817,3,30711.87,0.201253,1.015,31172.54805,0.822587,5160.559977,0.168031
P004818,2,31574.34,0.240164,1.04,32837.3136,0.832587,6566.065601,0.207956
P004819,10,11134.2,0.033564,1.021,11368.0182,0.643587,245.567049,0.022055
P004820,5,29678.44,0.101597,1.032,30628.15008,0.915587,2849.044717,0.095997
P004821,2,9625.0,0.231039,1.021,9827.125,0.643587,1461.230022,0.151816
P004822,6,41695.16,0.076049,1.042,43446.35672,0.841587,2780.64505,0.06669
P004823,2,49583.17,0.230749,1.002,49682.33634,0.844587,9682.48281,0.195278
P004824,9,71101.6,0.043491,1.032,73376.8512,0.611587,1951.698485,0.027449
P004825,4,63293.0,0.119318,1.027,65001.911,0.923587,7163.226197,0.113176
P004826,5,17963.0,0.104221,1.02,18322.26,0.753587,1439.019174,0.08011
P004827,3,31024.0,0.145913,1.027,31861.648,0.600587,2792.145788,0.09
P004828,1,32501.76,0.676618,1.04,33801.8304,0.667587,15268.336463,0.46977
P004829,3,20128.68,0.193428,1.027,20672.15436,0.841587,3365.146293,0.167182
P004830,2,17471.08,0.277763,0.995,17383.7246,0.836587,4039.498774,0.231211
P004831,8,22682.94,0.051347,1.041,23612.94054,0.611587,741.522161,0.032691
P004832,5,49196.0,0.08786,1.027,50524.292,0.679587,3016.715649,0.06132
P004833,7,41305.32,0.054341,1.027,42420.56364,0.679587,1566.576834,0.037927
P004834,8,54734.82,0.04666,0.995,54461.1459,0.640587,1627.818217,0.02974
P004835,1,22648.0,0.33282,0.98,22195.04,0.857587,6334.956218,0.279714
P004836,6,35411.2,0.06741,1.02,36119.424,0.611587,1489.098386,0.042052
P004837,10,24692.24,0.032655,1.041,25704.62184,0.753587,632.549252,0.025617
P004838,7,37671.1,0.059587,1.013,38160.8243,0.763587,1736.303397,0.046091
P004839,7,29809.84,0.054514,1.032,30763.75488,0.832587,1396.297752,0.04684
P004840,3,25290.21,0.18079,1.015,25669.56315,0.586587,2722.239033,0.10764
P004841,9,28111.14,0.038813,0.995,27970.5843,0.915587,993.978704,0.035359
P004842,9,21660.3,0.03842,1.04,22526.712,0.667587,577.784189,0.026675
P004843,9,25992.12,0.040034,1.013,26330.01756,0.763587,804.899049,0.030967
P004844,9,38514.0,0.041211,1.032,39746.448,0.832587,1363.762455,0.03541
P004845,3,16071.0,0.160066,0.995,15990.645,0.640587,1639.623143,0.102024
P004846,1,16753.0,0.464961,1.041,17439.873,0.753587,6110.728393,0.364754
P004847,8,23789.34,0.050068,0.995,23670.3933,0.611587,724.804335,0.030468
P004848,9,38609.55,0.03994,1.041,40192.54155,0.832587,1336.54224,0.034617
P004849,8,26900.1,0.051971,1.024,27545.7024,0.427587,612.118605,0.022755
P004850,1,41356.0,0.661086,1.042,43092.952,0.600587,17109.609328,0.413715
P004851,5,18293.2,0.09101,1.027,18787.1164,0.637587,1090.158929,0.059594
P004852,3,32228.79,0.163999,1.013,32647.76427,0.667587,3574.400242,0.110907
P004853,1,65701.52,0.340035,1.038,68198.17776,0.751587,17429.105998,0.265277
P004854,2,33504.48,0.253766,1.02,34174.5696,0.719587,6240.508217,0.186259
P004855,1,16317.4,0.314827,1.032,16839.5568,0.611587,3242.356967,0.198705
P004856,1,19080.6,0.305175,1.04,19843.824,0.763587,4624.157439,0.242349
P004857,10,25783.6,0.028755,1.02,26299.272,0.719587,544.18205,0.021106
P004858,5,34663.68,0.084192,1.027,35599.59936,0.586587,1758.120793,0.050719
P004859,9,32568.6,0.038855,1.003,32666.3058,0.753587,956.485609,0.029368
P004860,5,35384.02,0.095929,1.04,36799.3808,0.763587,2695.560237,0.07618
P004861,3,15070.0,0.180131,1.027,15476.89,0.766587,2137.139599,0.141814
P004862,2,55509.3,0.242759,1.038,57618.6534,0.841587,11771.646179,0.212066
P004863,6,35438.4,0.073899,1.013,35899.0992,0.832587,2208.770955,0.062327
P004864,1,15043.6,0.537197,1.003,15088.7308,0.845587,6854.008877,0.45561
P004865,1,20215.8,0.376293,1.042,21064.8636,0.679587,5386.779028,0.266464
P004866,1,37544.94,0.328699,1.041,39084.28254,0.640587,8229.60174,0.219193
P004867,9,39580.8,0.042658,1.038,41084.8704,0.751587,1317.237559,0.03328
P004868,3,24810.3,0.183231,1.024,25405.7472,0.643587,2995.977367,0.120755
P004869,2,21432.4,0.220945,1.038,22246.8312,0.751587,3694.298299,0.17237
P004870,3,23658.85,0.144622,0.995,23540.55575,0.832587,2834.535353,0.119809
P004871,5,17980.6,0.097826,1.04,18699.824,0.763587,1396.850313,0.077687
P004872,2,15419.8,0.237425,0.995,15342.701,0.719587,2621.269814,0.169994
P004873,10,80191.79,0.033265,1.032,82757.92728,0.719587,1980.982692,0.024703
P004874,9,44171.1,0.044099,1.013,44745.3243,0.667587,1317.311492,0.029823
P004875,2,42949.26,0.240621,1.041,44710.17966,0.836587,9000.161642,0.209553
P004876,2,26922.24,0.286138,1.027,27649.14048,0.672587,5321.150409,0.197649
P004877,6,30395.5,0.08184,1.015,30851.4325,0.832587,2102.175214,0.069161
P004878,3,25478.28,0.147474,1.003,25554.71484,0.586587,2210.645536,0.086766
P004879,5,25295.49,0.103067,1.04,26307.3096,0.901587,2444.585006,0.096641
P004880,4,42120.12,0.12559,1.04,43804.9248,0.832587,4580.428286,0.108747
P004881,1,35999.22,0.609829,1.04,37439.1888,0.832587,19009.193792,0.528045
P004882,2,23921.38,0.274017,1.041,24902.15658,0.611587,4173.232803,0.174456
P004883,1,20715.2,0.589618,1.002,20756.6304,0.600587,7350.268276,0.354825
P004884,7,35940.04,0.060532,1.015,36479.1406,0.637587,1407.897051,0.039173
P004885,6,29173.32,0.082686,1.027,29960.99964,0.586587,1453.182808,0.049812
P004886,1,12911.8,0.427243,1.04,13428.272,0.348587,1999.88899,0.154888
P004887,8,40612.32,0.050874,1.04,42236.8128,0.684587,1470.997612,0.03622
P004888,1,32763.36,0.533558,1.015,33254.8104,0.832587,14772.901087,0.450897
P004889,3,47188.95,0.190063,1.041,49123.69695,0.611587,5710.127609,0.121006
P004890,10,82153.72,0.02528,1.003,82400.18116,0.586587,1221.927022,0.014874
P004891,9,88020.0,0.037653,1.038,91364.76,0.679587,2337.899876,0.026561
P004892,7,26272.38,0.061085,1.015,26666.4657,0.667587,1087.44074,0.041391
P004893,2,18426.88,0.237842,1.02,18795.4176,0.611587,2733.998277,0.14837
P004894,10,25398.0,0.032967,1.04,26413.92,0.667587,581.323555,0.022889
P004895,6,28406.8,0.073538,1.032,29315.8176,0.719587,1551.312562,0.054611
P004896,5,18257.8,0.096156,1.013,18495.1514,0.667587,1187.252087,0.065027
P004897,3,18411.8,0.188888,1.013,18651.1534,0.832587,2933.187543,0.15931
P004898,4,20084.22,0.13438,1.013,20345.31486,0.667587,1825.191068,0.090877
P004899,5,53890.98,0.105895,1.027,55346.03646,0.751587,4404.934274,0.081738
P004900,9,27544.8,0.03785,1.02,28095.696,0.611587,650.376783,0.023612
P004901,3,34630.53,0.180708,1.037,35911.85961,0.507587,3294.011626,0.095119
P004902,10,47752.32,0.026966,1.02,48707.3664,0.611587,803.289018,0.016822
P004903,8,49429.92,0.047219,1.041,51456.54672,0.719587,1748.409714,0.035371
P004904,4,18678.0,0.131826,1.04,19425.12,0.763587,1955.341548,0.104687
P004905,1,25088.0,0.534232,1.038,26041.344,0.672587,9357.112272,0.372972
P004906,10,32280.36,0.031983,1.024,33055.08864,0.599587,633.885616,0.019637
P004907,3,30140.86,0.166657,1.027,30954.66322,0.923587,4764.614464,0.158078
P004908,8,22064.98,0.049063,1.013,22351.82474,0.667587,732.11436,0.03318
P004909,6,19594.32,0.081267,1.04,20378.0928,0.832587,1378.814925,0.070368
P004910,5,19101.84,0.098346,1.04,19865.9136,0.901587,1761.456833,0.092214
P004911,7,58690.48,0.054832,1.04,61038.0992,0.667587,2234.318809,0.03807
P004912,10,22978.15,0.03519,1.04,23897.276,0.763587,642.132695,0.027945
P004913,8,42214.72,0.049094,1.042,43987.73824,0.679587,1467.584771,0.034765
P004914,5,15680.34,0.08687,1.027,16103.70918,0.586587,820.588877,0.052332
P004915,10,12388.2,0.032612,1.021,12648.3522,0.857587,353.74472,0.028555
P004916,1,36721.36,0.465051,1.04,38190.2144,0.832587,14787.066141,0.402683
P004917,4,78120.06,0.124634,1.04,81244.8624,0.667587,6759.895393,0.086532
P004918,1,27024.48,0.450986,1.015,27429.8472,0.588587,7281.100065,0.269426
P004919,1,25016.56,0.380354,1.038,25967.18928,0.672587,6642.952447,0.265542
P004920,7,34174.68,0.062559,1.027,35097.39636,0.586587,1287.944116,0.037687
P004921,1,19249.6,0.630033,0.995,19153.352,0.915587,11048.604485,0.573965
P004922,4,23140.26,0.142342,1.032,23880.74832,0.719587,2446.047536,0.105705
P004923,3,26880.92,0.152348,1.015,27284.1338,0.763587,3173.978316,0.118076
P004924,1,42057.6,0.337214,1.04,43739.904,0.832587,12280.408052,0.29199
P004925,1,17712.2,0.374194,1.04,18420.688,0.684587,4718.794727,0.266415
P004926,2,14154.8,0.283156,1.037,14678.5276,0.637587,2650.012552,0.187217
P004927,10,35464.63,0.036494,1.037,36776.82131,0.637587,855.736857,0.024129
P004928,4,83384.98,0.108657,1.04,86720.3792,0.763587,7195.102001,0.086288
P004929,10,23111.84,0.018694,1.013,23412.29392,0.763587,334.192093,0.01446
P004930,4,30967.36,0.128657,1.04,32206.0544,0.667587,2766.159381,0.089325
P004931,1,19036.6,0.351557,1.04,19798.064,0.822587,5725.323171,0.300753
P004932,5,24401.02,0.103501,0.995,24279.0149,0.719587,1808.253851,0.074106
P004933,1,18229.95,0.36576,1.032,18813.3084,0.532587,3664.814869,0.201033
P004934,10,25482.32,0.028751,1.02,25991.9664,0.640587,478.709929,0.018786
P004935,2,31965.76,0.219021,1.015,32445.2464,0.684587,4864.810861,0.152188
P004936,4,35843.57,0.108142,1.032,36990.56424,0.915587,3662.573968,0.102182
P004937,1,49020.86,0.317189,1.013,49658.13118,0.667587,10515.159661,0.214504
P004938,4,21647.34,0.133857,1.032,22340.05488,0.719587,2151.839462,0.099404
P004939,9,35608.3,0.037812,1.003,35715.1249,0.586587,792.167068,0.022247
P004940,2,39630.96,0.237075,1.04,41216.1984,0.588587,5751.275971,0.145121
P004941,10,25956.84,0.024272,0.995,25827.0558,0.915587,573.961221,0.022112
P004942,6,40777.16,0.080856,1.024,41755.81184,0.427587,1443.627035,0.035403
P004943,9,23180.4,0.04375,1.04,24107.616,0.822587,867.592981,0.037428
P004944,3,22447.5,0.194001,1.002,22492.395,0.923587,4030.117088,0.179535
P004945,6,38113.92,0.079897,1.02,38876.1984,0.719587,2235.10013,0.058643
P004946,3,15276.8,0.195245,1.015,15505.952,0.637587,1930.267514,0.126353
P004947,10,41120.66,0.026473,0.98,40298.2468,0.427587,456.150857,0.011093
P004948,5,31333.95,0.097928,1.04,32587.308,0.667587,2130.402665,0.06799
P004949,4,20653.6,0.113554,1.042,21521.0512,0.672587,1643.663334,0.079582
P004950,6,32960.09,0.072822,1.032,34014.81288,0.611587,1514.922651,0.045962
P004951,2,21245.4,0.275945,1.042,22137.7068,0.672587,4108.695886,0.193392
P004952,8,26512.86,0.050967,1.02,27043.1172,0.611587,842.962044,0.031794
P004953,4,38000.84,0.142216,1.027,39026.86268,0.672587,3733.010647,0.098235
P004954,7,25898.88,0.064131,1.003,25976.57664,0.637587,1062.165505,0.041012
P004955,2,32004.2,0.237388,1.038,33220.3596,0.679587,5359.302617,0.167456
P004956,1,17017.0,0.307597,1.041,17714.697,0.611587,3332.531355,0.195835
P004957,8,26867.29,0.053955,1.04,27941.9816,0.667587,1006.459129,0.03746
P004958,8,19539.1,0.051313,1.02,19929.882,0.611587,625.449238,0.03201
P004959,7,43315.03,0.059333,1.002,43401.66006,0.679587,1750.03717,0.040403
P004960,3,38870.16,0.199588,1.013,39375.47208,0.684587,5380.091814,0.138412
P004961,5,16427.4,0.10605,0.995,16345.263,0.611587,1060.138446,0.064535
P004962,4,45628.8,0.111515,1.041,47499.5808,0.719587,3811.582833,0.083535
P004963,7,30522.09,0.057198,1.038,31681.92942,0.751587,1361.994018,0.044623
P004964,6,41900.68,0.079732,1.002,41984.48136,0.841587,2817.200664,0.067235
P004965,6,30426.3,0.079618,1.015,30882.6945,0.667587,1641.472044,0.053949
P004966,10,34965.6,0.031883,1.04,36364.224,0.832587,965.315344,0.027608
P004967,6,44037.04,0.070638,1.041,45842.55864,0.719587,2330.19635,0.052914
P004968,10,17939.25,0.036438,1.032,18513.306,0.611587,412.565668,0.022998
P004969,1,24559.7,0.360727,1.038,25492.9686,0.762587,7012.7573,0.285539
P004970,9,16728.6,0.038615,1.037,17347.5582,0.845587,566.441458,0.033861
P004971,1,77177.28,0.355632,1.042,80418.72576,0.672587,19235.65083,0.24924
P004972,3,20194.02,0.161705,1.013,20456.54226,0.763587,2525.890686,0.125081
P004973,5,82289.91,0.102429,1.04,85581.5064,0.822587,7210.788424,0.087627
P004974,9,19167.92,0.042763,1.015,19455.4388,0.763587,635.279696,0.033143
P004975,3,33968.58,0.186262,1.037,35225.41746,0.586587,3848.697358,0.113302
P004976,8,81814.48,0.052079,1.013,82878.06824,0.667587,2881.448278,0.035219
P004977,6,21442.4,0.070807,1.032,22128.5568,0.719587,1127.48605,0.052582
P004978,7,44193.6,0.060368,1.002,44281.9872,0.751587,2009.162914,0.045463
P004979,1,35992.95,0.452325,1.04,37432.668,0.822587,13927.804832,0.386959
P004980,9,49053.3,0.038201,1.015,49789.0995,0.763587,1452.320519,0.029607
P004981,3,75000.48,0.147501,1.042,78150.50016,0.679587,7833.798935,0.10445
P004982,2,16020.4,0.266589,1.02,16340.808,0.915587,3988.557768,0.248967
P004983,9,44211.4,0.043606,1.015,44874.571,0.588587,1151.756375,0.026051
P004984,10,12302.4,0.031744,1.021,12560.7504,0.599587,239.075892,0.019433
P004985,10,18475.0,0.036725,1.021,18862.975,0.427587,296.21134,0.016033
P004986,3,24688.6,0.180658,1.04,25676.144,0.667587,3096.662581,0.125429
P004987,4,41485.74,0.129297,1.04,43145.1696,0.667587,3724.167745,0.08977
P004988,2,20484.89,0.21947,1.041,21324.77049,0.915587,4285.089764,0.209183
P004989,6,109921.49,0.066903,1.027,112889.37023,0.762587,5759.534545,0.052397
P004990,4,28986.48,0.130612,1.042,30203.91216,0.600587,2369.317891,0.081739
P004991,3,46987.98,0.167264,1.04,48867.4992,0.822587,6723.62434,0.143092
P004992,2,29398.26,0.267292,1.041,30603.58866,0.532587,4356.615633,0.148193
P004993,1,27771.92,0.377284,1.042,28938.34064,0.751587,8205.792695,0.295471
P004994,4,60752.56,0.137925,1.015,61663.8484,0.763587,6494.302862,0.106898
P004995,4,10474.8,0.11422,1.021,10694.7708,0.643587,786.179211,0.075054
P004996,6,26915.42,0.076955,1.04,27992.0368,0.763587,1644.86204,0.061112
P004997,4,20706.4,0.113351,1.042,21576.0688,0.679587,1662.040846,0.080267
P004998,10,12865.6,0.035793,1.021,13135.7776,0.599587,281.907196,0.021912
P004999,4,15712.4,0.14094,1.041,16356.6084,0.836587,1928.583594,0.122743
P005000,3,28139.65,0.19127,1.032,29040.1188,0.719587,3996.954253,0.14204
