id_proposta,faixa,pd_enquadramento,decisao,taxa_am,prazo_meses,pct_entrada_minima,pct_entrada_efetiva,valor_entrada,valor_financiado,ltv,idade_veiculo_anos,possui_avalista,pd_oferta
P000001,3,0.166005,NEGAR,0.0336,60,0.21,0.21,4620.0,17380.0,0.79,8,Não,0.133905
P000002,7,0.057487,APROVAR,0.0256,48,0.0,0.0707,3089.59,40610.41,0.9293,3,Não,0.057487
P000003,10,0.024353,APROVAR,0.0227,24,0.0,0.247,5434.0,16566.0,0.753,12,Não,0.024353
P000004,4,0.132882,NEGAR,0.0303,36,0.21,0.21,7560.0,28440.0,0.79,9,Sim,0.134573
P000005,1,0.487968,NEGAR,0.035,60,0.21,0.21,15057.0,56643.0,0.79,2,Não,0.253841
P000006,6,0.074052,APROVAR,0.0265,36,0.21,0.21,11487.0,43213.0,0.79,4,Não,0.040566
P000007,10,0.032782,APROVAR,0.0227,48,0.0,0.136,7806.4,49593.6,0.864,3,Não,0.032782
P000008,9,0.043522,APROVAR,0.0236,60,0.0,0.3233,14710.15,30789.85,0.6767,6,Não,0.043522
P000009,7,0.065354,APROVAR,0.0256,36,0.0,0.1055,3692.5,31307.5,0.8945,2,Sim,0.065354
P000010,9,0.041898,APROVAR,0.0236,48,0.0,0.1687,7405.93,36494.07,0.8313,4,Não,0.041898
P000011,1,0.559009,NEGAR,0.035,36,0.21,0.21,6846.0,25754.0,0.79,2,Não,0.592092
P000012,2,0.269297,NEGAR,0.035,48,0.21,0.21,10521.0,39579.0,0.79,1,Não,0.274211
P000013,7,0.061689,APROVAR,0.0256,36,0.0,0.2587,11667.37,33432.63,0.7413,5,Não,0.061689
P000014,2,0.212147,NEGAR,0.035,60,0.21,0.21,9513.0,35787.0,0.79,2,Não,0.190432
P000015,10,0.028884,APROVAR,0.0227,60,0.0,0.1231,3853.03,27446.97,0.8769,1,Sim,0.028884
P000016,9,0.044221,APROVAR,0.0236,48,0.0,0.269,8446.6,22953.4,0.731,5,Não,0.044221
P000017,2,0.235306,NEGAR,0.035,24,0.21,0.21,19194.0,72206.0,0.79,9,Sim,0.170819
P000018,8,0.052458,APROVAR,0.0247,60,0.0,0.1976,7311.2,29688.8,0.8024,3,Não,0.052458
P000019,6,0.076898,APROVAR,0.0265,48,0.21,0.5988,13173.6,8826.4,0.4012,6,Não,0.076898
P000020,1,0.344703,NEGAR,0.035,60,0.21,0.21,4620.0,17380.0,0.79,9,Não,0.348738
P000021,9,0.038495,APROVAR,0.0236,48,0.0,0.0996,6912.24,62487.76,0.9004,2,Não,0.038495
P000022,9,0.041887,APROVAR,0.0236,60,0.0,0.416,35900.8,50399.2,0.584,3,Sim,0.041887
P000023,10,0.034934,APROVAR,0.0227,24,0.0,0.199,14367.8,57832.2,0.801,3,Não,0.034934
P000024,1,0.317758,NEGAR,0.035,60,0.21,0.21,6846.0,25754.0,0.79,5,Não,0.329368
P000025,1,0.531471,NEGAR,0.035,60,0.21,0.4319,10927.07,14372.93,0.5681,2,Não,0.531471
P000026,1,0.316493,NEGAR,0.035,36,0.21,0.2579,8355.96,24044.04,0.7421,4,Não,0.316493
P000027,2,0.224476,NEGAR,0.035,24,0.21,0.2515,10060.0,29940.0,0.7485,3,Não,0.224476
P000028,1,0.406728,NEGAR,0.035,60,0.21,0.21,12453.0,46847.0,0.79,3,Não,0.406191
P000029,10,0.029275,APROVAR,0.0227,60,0.0,0.3316,15353.08,30946.92,0.6684,4,Não,0.029275
P000030,6,0.076053,APROVAR,0.0265,60,0.21,0.3504,8724.96,16175.04,0.6496,4,Sim,0.076053
P000031,9,0.043466,APROVAR,0.0236,48,0.0,0.29,13485.0,33015.0,0.71,2,Não,0.043466
P000032,2,0.287642,NEGAR,0.035,36,0.21,0.21,5313.0,19987.0,0.79,8,Sim,0.288853
P000033,2,0.229849,NEGAR,0.035,36,0.21,0.21,4998.0,18802.0,0.79,4,Não,0.230844
P000034,8,0.045369,APROVAR,0.0247,36,0.0,0.5003,20112.06,20087.94,0.4997,2,Não,0.045369
P000035,10,0.034127,APROVAR,0.0227,24,0.0,0.0834,5179.14,56920.86,0.9166,3,Não,0.034127
P000036,8,0.045491,APROVAR,0.0247,24,0.0,0.2954,6498.8,15501.2,0.7046,4,Não,0.045491
P000037,3,0.174368,NEGAR,0.0336,48,0.21,0.21,6636.0,24964.0,0.79,3,Sim,0.154318
P000038,9,0.043188,APROVAR,0.0236,36,0.0,0.0705,2911.65,38388.35,0.9295,3,Não,0.043188
P000039,8,0.045196,APROVAR,0.0247,24,0.0,0.14,3080.0,18920.0,0.86,5,Não,0.045196
P000040,5,0.10144,APROVAR,0.0282,60,0.21,0.21,12789.0,48111.0,0.79,5,Não,0.076293
P000041,2,0.228209,NEGAR,0.035,36,0.21,0.2235,4917.0,17083.0,0.7765,1,Não,0.228209
P000042,1,0.538578,NEGAR,0.035,48,0.21,0.2353,5294.25,17205.75,0.7647,5,Sim,0.538578
P000043,2,0.266884,NEGAR,0.035,60,0.21,0.21,7308.0,27492.0,0.79,1,Sim,0.295723
P000044,9,0.041196,APROVAR,0.0236,36,0.0,0.4254,22971.6,31028.4,0.5746,3,Não,0.041196
P000045,6,0.083866,APROVAR,0.0265,24,0.21,0.464,10208.0,11792.0,0.536,8,Não,0.083866
P000046,2,0.234726,NEGAR,0.035,48,0.21,0.21,5859.0,22041.0,0.79,2,Não,0.244258
P000047,6,0.068395,APROVAR,0.0265,36,0.21,0.4332,15465.24,20234.76,0.5668,4,Não,0.068395
P000048,3,0.18014,NEGAR,0.0336,48,0.21,0.21,5061.0,19039.0,0.79,4,Não,0.148867
P000049,3,0.187455,NEGAR,0.0336,60,0.21,0.21,5859.0,22041.0,0.79,2,Não,0.058822
P000050,8,0.052299,APROVAR,0.0247,36,0.0,0.3891,20466.66,32133.34,0.6109,3,Sim,0.052299
P000051,2,0.291556,NEGAR,0.035,48,0.21,0.21,4620.0,17380.0,0.79,9,Sim,0.293447
P000052,7,0.058717,APROVAR,0.0256,48,0.0,0.2612,10735.32,30364.68,0.7388,1,Não,0.058717
P000053,2,0.283418,NEGAR,0.035,48,0.21,0.21,4620.0,17380.0,0.79,9,Sim,0.231295
P000054,2,0.216861,NEGAR,0.035,60,0.21,0.2332,5130.4,16869.6,0.7668,1,Não,0.216861
P000055,5,0.096822,APROVAR,0.0282,60,0.21,0.2929,12448.25,30051.75,0.7071,1,Não,0.096822
P000056,2,0.211374,NEGAR,0.035,36,0.21,0.3152,10117.92,21982.08,0.6848,6,Não,0.211374
P000057,2,0.238434,NEGAR,0.035,60,0.21,0.21,8295.0,31205.0,0.79,7,Não,0.132581
P000058,1,0.353477,NEGAR,0.035,60,0.21,0.21,4620.0,17380.0,0.79,3,Sim,0.310528
P000059,2,0.215312,NEGAR,0.035,48,0.21,0.4634,10194.8,11805.2,0.5366,12,Sim,0.215312
P000060,10,0.031549,APROVAR,0.0227,60,0.0,0.1499,5456.36,30943.64,0.8501,1,Não,0.031549
P000061,3,0.147094,NEGAR,0.0336,36,0.21,0.21,4620.0,17380.0,0.79,3,Sim,0.137994
P000062,3,0.160493,NEGAR,0.0336,48,0.21,0.21,4620.0,17380.0,0.79,10,Não,0.160493
P000063,1,0.378096,NEGAR,0.035,60,0.21,0.21,6216.0,23384.0,0.79,1,Não,0.377682
P000064,3,0.148192,NEGAR,0.0336,24,0.21,0.21,10500.0,39500.0,0.79,1,Não,0.13279
P000065,8,0.046951,APROVAR,0.0247,36,0.0,0.1846,6128.72,27071.28,0.8154,10,Não,0.046951
P000066,3,0.17736,NEGAR,0.0336,24,0.21,0.3335,9571.45,19128.55,0.6665,3,Não,0.17736
P000067,2,0.269378,NEGAR,0.035,48,0.21,0.21,4620.0,17380.0,0.79,10,Não,0.134261
P000068,3,0.193931,NEGAR,0.0336,48,0.21,0.21,5061.0,19039.0,0.79,3,Não,0.193931
P000069,7,0.059586,APROVAR,0.0256,60,0.0,0.2087,4674.88,17725.12,0.7913,11,Não,0.059586
P000070,4,0.142371,NEGAR,0.0303,24,0.21,0.2901,6498.24,15901.76,0.7099,8,Não,0.142371
P000071,2,0.21004,NEGAR,0.035,60,0.21,0.3652,16470.52,28629.48,0.6348,4,Não,0.21004
P000072,10,0.023281,APROVAR,0.0227,36,0.0,0.3128,34282.88,75317.12,0.6872,5,Não,0.023281
P000073,1,0.439816,NEGAR,0.035,60,0.21,0.21,6993.0,26307.0,0.79,10,Não,0.438134
P000074,4,0.140503,NEGAR,0.0303,48,0.21,0.2124,12234.24,45365.76,0.7876,2,Não,0.140503
P000075,7,0.05576,APROVAR,0.0256,60,0.0,0.1566,11854.62,63845.38,0.8434,8,Não,0.05576
P000076,5,0.088682,APROVAR,0.0282,48,0.21,0.2524,13730.56,40669.44,0.7476,7,Sim,0.088682
P000077,3,0.150532,NEGAR,0.0336,36,0.21,0.2669,16040.69,44059.31,0.7331,12,Não,0.150532
P000078,2,0.272153,NEGAR,0.035,36,0.21,0.4196,11371.16,15728.84,0.5804,1,Sim,0.272153
P000079,6,0.07838,APROVAR,0.0265,36,0.21,0.21,9072.0,34128.0,0.79,6,Não,0.08109
P000080,4,0.134258,NEGAR,0.0303,60,0.21,0.2454,5398.8,16601.2,0.7546,12,Não,0.134258
P000081,8,0.045865,APROVAR,0.0247,60,0.0,0.1831,4028.2,17971.8,0.8169,3,Não,0.045865
P000082,3,0.208552,NEGAR,0.0336,36,0.21,0.3126,7033.5,15466.5,0.6874,8,Não,0.208552
P000083,2,0.237982,NEGAR,0.035,60,0.21,0.21,6363.0,23937.0,0.79,0,Não,0.255368
P000084,1,0.345161,NEGAR,0.035,48,0.21,0.21,5229.0,19671.0,0.79,2,Não,0.345258
P000085,10,0.030156,APROVAR,0.0227,36,0.0,0.173,14601.2,69798.8,0.827,3,Não,0.030156
P000086,1,0.345774,NEGAR,0.035,36,0.21,0.292,6424.0,15576.0,0.708,6,Não,0.345774
P000087,4,0.107406,NEGAR,0.0303,60,0.21,0.4852,33575.84,35624.16,0.5148,1,Não,0.107406
P000088,3,0.208252,NEGAR,0.0336,36,0.21,0.21,6237.0,23463.0,0.79,12,Sim,0.199553
P000089,7,0.056018,APROVAR,0.0256,24,0.0,0.3739,9945.74,16654.26,0.6261,5,Não,0.056018
P000090,10,0.032774,APROVAR,0.0227,24,0.0,0.3484,32296.68,60403.32,0.6516,4,Não,0.032774
P000091,5,0.103827,APROVAR,0.0282,48,0.21,0.2315,9213.7,30586.3,0.7685,4,Não,0.103827
P000092,9,0.038319,APROVAR,0.0236,48,0.0,0.1091,4516.74,36883.26,0.8909,4,Sim,0.038319
P000093,3,0.178534,NEGAR,0.0336,60,0.21,0.4056,12695.28,18604.72,0.5944,12,Não,0.178534
P000094,2,0.237883,NEGAR,0.035,60,0.21,0.619,32064.2,19735.8,0.381,10,Sim,0.237883
P000095,2,0.244996,NEGAR,0.035,24,0.21,0.2682,5900.4,16099.6,0.7318,2,Não,0.244996
P000096,3,0.203863,NEGAR,0.0336,60,0.21,0.2449,5779.64,17820.36,0.7551,12,Sim,0.203863
P000097,6,0.072711,APROVAR,0.0265,36,0.21,0.21,5670.0,21330.0,0.79,3,Não,0.077327
P000098,4,0.134084,NEGAR,0.0303,36,0.21,0.21,15309.0,57591.0,0.79,9,Não,0.057247
P000099,7,0.062621,APROVAR,0.0256,24,0.0,0.3032,8034.8,18465.2,0.6968,5,Não,0.062621
P000100,3,0.184663,NEGAR,0.0336,48,0.21,0.21,4620.0,17380.0,0.79,12,Não,0.136068
P000101,2,0.22562,NEGAR,0.035,48,0.21,0.2154,4738.8,17261.2,0.7846,1,Sim,0.22562
P000102,8,0.049585,APROVAR,0.0247,60,0.0,0.15,6885.0,39015.0,0.85,4,Não,0.049585
P000103,4,0.118942,NEGAR,0.0303,24,0.21,0.21,7791.0,29309.0,0.79,1,Sim,0.085779
P000104,5,0.098552,APROVAR,0.0282,24,0.21,0.21,10143.0,38157.0,0.79,2,Sim,0.092358
P000105,10,0.02933,APROVAR,0.0227,36,0.0,0.0881,2916.11,30183.89,0.9119,4,Sim,0.02933
P000106,3,0.155766,NEGAR,0.0336,36,0.21,0.21,4620.0,17380.0,0.79,2,Sim,0.157659
P000107,10,0.035873,APROVAR,0.0227,24,0.0,0.2208,4857.6,17142.4,0.7792,2,Não,0.035873
P000108,9,0.038308,APROVAR,0.0236,36,0.0,0.1753,9834.33,46265.67,0.8247,2,Não,0.038308
P000109,6,0.072542,APROVAR,0.0265,36,0.21,0.4179,18972.66,26427.34,0.5821,12,Sim,0.072542
P000110,5,0.097702,APROVAR,0.0282,60,0.21,0.3151,25302.53,54997.47,0.6849,1,Não,0.097702
P000111,2,0.239474,NEGAR,0.035,60,0.21,0.3663,10915.74,18884.26,0.6337,3,Sim,0.239474
P000112,3,0.181248,NEGAR,0.0336,24,0.21,0.2394,5266.8,16733.2,0.7606,12,Sim,0.181248
P000113,7,0.054213,APROVAR,0.0256,24,0.0,0.3416,19471.2,37528.8,0.6584,3,Não,0.054213
P000114,1,0.305302,NEGAR,0.035,24,0.21,0.2479,6247.08,18952.92,0.7521,3,Sim,0.305302
P000115,2,0.234752,NEGAR,0.035,60,0.21,0.21,8421.0,31679.0,0.79,12,Sim,0.202984
P000116,8,0.046105,APROVAR,0.0247,60,0.0,0.2817,15211.8,38788.2,0.7183,4,Não,0.046105
P000117,1,0.484981,NEGAR,0.035,60,0.21,0.21,9597.0,36103.0,0.79,3,Não,0.461046
P000118,10,0.033883,APROVAR,0.0227,60,0.0,0.1913,6274.64,26525.36,0.8087,2,Não,0.033883
P000119,6,0.081578,APROVAR,0.0265,60,0.21,0.4362,13609.44,17590.56,0.5638,2,Não,0.081578
P000120,2,0.241276,NEGAR,0.035,48,0.21,0.21,7245.0,27255.0,0.79,5,Sim,0.264704
P000121,2,0.233019,NEGAR,0.035,60,0.21,0.21,7329.0,27571.0,0.79,12,Sim,0.240975
P000122,2,0.214946,NEGAR,0.035,48,0.21,0.21,4620.0,17380.0,0.79,6,Não,0.16555
P000123,4,0.13731,NEGAR,0.0303,60,0.21,0.5969,13131.8,8868.2,0.4031,5,Não,0.13731
P000124,2,0.209805,NEGAR,0.035,60,0.21,0.21,8988.0,33812.0,0.79,2,Não,0.186063
P000125,8,0.048787,APROVAR,0.0247,24,0.0,0.3034,13349.6,30650.4,0.6966,5,Não,0.048787
P000126,7,0.066222,APROVAR,0.0256,48,0.0,0.3301,11586.51,23513.49,0.6699,3,Não,0.066222
P000127,5,0.092392,APROVAR,0.0282,36,0.21,0.21,6573.0,24727.0,0.79,0,Sim,0.060728
P000128,3,0.204363,NEGAR,0.0336,48,0.21,0.21,7728.0,29072.0,0.79,2,Não,0.217941
P000129,1,0.731792,NEGAR,0.035,60,0.21,0.4184,9832.4,13667.6,0.5816,5,Não,0.731792
P000130,10,0.032388,APROVAR,0.0227,36,0.0,0.75,36000.0,12000.0,0.25,3,Não,0.032388
P000131,3,0.173154,NEGAR,0.0336,48,0.21,0.21,5271.0,19829.0,0.79,12,Sim,0.173915
P000132,10,0.034934,APROVAR,0.0227,24,0.0,0.2352,15499.68,50400.32,0.7648,2,Não,0.034934
P000133,2,0.26994,NEGAR,0.035,48,0.21,0.3121,17571.23,38728.77,0.6879,5,Sim,0.26994
P000134,2,0.231701,NEGAR,0.035,36,0.21,0.2582,5680.4,16319.6,0.7418,3,Não,0.231701
P000135,7,0.058542,APROVAR,0.0256,60,0.0,0.6682,17373.2,8626.8,0.3318,10,Não,0.058542
P000136,2,0.235437,NEGAR,0.035,60,0.21,0.2824,8133.12,20666.88,0.7176,6,Não,0.235437
P000137,2,0.231857,NEGAR,0.035,24,0.21,0.21,4620.0,17380.0,0.79,1,Sim,0.161021
P000138,1,0.463088,NEGAR,0.035,48,0.21,0.21,5838.0,21962.0,0.79,2,Não,0.51231
P000139,3,0.148171,NEGAR,0.0336,36,0.21,0.21,10815.0,40685.0,0.79,2,Não,0.133569
P000140,3,0.207751,NEGAR,0.0336,36,0.21,0.21,11655.0,43845.0,0.79,5,Sim,0.207751
P000141,2,0.262038,NEGAR,0.035,60,0.21,0.21,8232.0,30968.0,0.79,8,Não,0.242057
P000142,4,0.11684,NEGAR,0.0303,36,0.21,0.2258,11357.74,38942.26,0.7742,12,Não,0.11684
P000143,5,0.096825,APROVAR,0.0282,60,0.21,0.6751,15729.83,7570.17,0.3249,2,Não,0.096825
P000144,1,0.540656,NEGAR,0.035,60,0.21,0.21,4620.0,17380.0,0.79,10,Sim,0.497386
P000145,6,0.073371,APROVAR,0.0265,36,0.21,0.2574,7155.72,20644.28,0.7426,8,Não,0.073371
P000146,3,0.14289,NEGAR,0.0336,48,0.21,0.3507,7715.4,14284.6,0.6493,12,Não,0.14289
P000147,7,0.055815,APROVAR,0.0256,60,0.0,0.2552,6660.72,19439.28,0.7448,1,Não,0.055815
P000148,1,0.510834,NEGAR,0.035,60,0.21,0.5167,29193.55,27306.45,0.4833,9,Não,0.510834
P000149,4,0.137211,NEGAR,0.0303,24,0.21,0.2687,9377.63,25522.37,0.7313,2,Não,0.137211
P000150,10,0.025353,APROVAR,0.0227,48,0.0,0.3959,8709.8,13290.2,0.6041,12,Não,0.025353
P000151,5,0.085046,APROVAR,0.0282,36,0.21,0.21,7791.0,29309.0,0.79,3,Não,0.085269
P000152,10,0.030096,APROVAR,0.0227,60,0.0,0.4877,21263.72,22336.28,0.5123,5,Não,0.030096
P000153,5,0.102985,APROVAR,0.0282,60,0.21,0.21,4620.0,17380.0,0.79,1,Não,0.103055
P000154,2,0.248957,NEGAR,0.035,36,0.21,0.3192,19886.16,42413.84,0.6808,3,Sim,0.248957
P000155,2,0.274329,NEGAR,0.035,60,0.21,0.21,5418.0,20382.0,0.79,6,Não,0.231716
P000156,8,0.053444,APROVAR,0.0247,36,0.0,0.2644,10047.2,27952.8,0.7356,5,Não,0.053444
P000157,9,0.040877,APROVAR,0.0236,24,0.0,0.203,17579.8,69020.2,0.797,1,Não,0.040877
P000158,10,0.036211,APROVAR,0.0227,36,0.0,0.3878,22065.82,34834.18,0.6122,8,Não,0.036211
P000159,2,0.239683,NEGAR,0.035,48,0.21,0.2995,9314.45,21785.55,0.7005,4,Sim,0.239683
P000160,10,0.033781,APROVAR,0.0227,60,0.0,0.3833,9812.48,15787.52,0.6167,2,Sim,0.033781
P000161,8,0.048608,APROVAR,0.0247,24,0.0,0.1415,4556.3,27643.7,0.8585,5,Sim,0.048608
P000162,10,0.025472,APROVAR,0.0227,36,0.0,0.0607,1821.0,28179.0,0.9393,12,Sim,0.025472
P000163,9,0.037761,APROVAR,0.0236,24,0.0,0.4411,20687.59,26212.41,0.5589,5,Não,0.037761
P000164,2,0.294721,NEGAR,0.035,48,0.21,0.3042,6692.4,15307.6,0.6958,2,Sim,0.294721
P000165,10,0.036211,APROVAR,0.0227,24,0.0,0.2589,13281.57,38018.43,0.7411,1,Não,0.036211
P000166,10,0.031623,APROVAR,0.0227,60,0.0,0.1139,6742.88,52457.12,0.8861,6,Sim,0.031623
P000167,7,0.058487,APROVAR,0.0256,24,0.0,0.2105,8819.95,33080.05,0.7895,4,Não,0.058487
P000168,10,0.035016,APROVAR,0.0227,24,0.0,0.2841,8210.49,20689.51,0.7159,3,Não,0.035016
P000169,2,0.215272,NEGAR,0.035,48,0.21,0.2316,8129.16,26970.84,0.7684,1,Não,0.215272
P000170,10,0.031103,APROVAR,0.0227,36,0.0,0.3147,13217.4,28782.6,0.6853,4,Sim,0.031103
P000171,10,0.026988,APROVAR,0.0227,36,0.0,0.2858,41126.62,102773.38,0.7142,0,Não,0.026988
P000172,3,0.188041,NEGAR,0.0336,60,0.21,0.21,10017.0,37683.0,0.79,4,Não,0.122538
P000173,1,0.456662,NEGAR,0.035,60,0.21,0.21,12978.0,48822.0,0.79,3,Não,0.386775
P000174,10,0.032242,APROVAR,0.0227,24,0.0,0.4032,10684.8,15815.2,0.5968,8,Não,0.032242
P000175,10,0.033901,APROVAR,0.0227,36,0.0,0.2829,24131.37,61168.63,0.7171,4,Não,0.033901
P000176,10,0.030695,APROVAR,0.0227,36,0.0,0.2054,22162.66,85737.34,0.7946,3,Não,0.030695
P000177,10,0.032274,APROVAR,0.0227,48,0.0,0.3698,13090.92,22309.08,0.6302,2,Não,0.032274
P000178,1,0.445004,NEGAR,0.035,48,0.21,0.21,4620.0,17380.0,0.79,2,Sim,0.445004
P000179,6,0.078595,APROVAR,0.0265,36,0.21,0.21,7308.0,27492.0,0.79,9,Sim,0.088843
P000180,5,0.088667,APROVAR,0.0282,48,0.21,0.2983,17062.76,40137.24,0.7017,8,Não,0.088667
P000181,3,0.15936,NEGAR,0.0336,36,0.21,0.21,5334.0,20066.0,0.79,4,Não,0.157457
P000182,9,0.039838,APROVAR,0.0236,36,0.0,0.5224,16716.8,15283.2,0.4776,1,Não,0.039838
P000183,1,0.302647,NEGAR,0.035,48,0.21,0.4034,16216.68,23983.32,0.5966,2,Sim,0.302647
P000184,4,0.112162,NEGAR,0.0303,24,0.21,0.21,19215.0,72285.0,0.79,1,Não,0.113434
P000185,1,0.320032,NEGAR,0.035,60,0.21,0.2987,11768.78,27631.22,0.7013,3,Não,0.320032
P000186,1,0.467894,NEGAR,0.035,24,0.21,0.4913,13707.27,14192.73,0.5087,4,Não,0.467894
P000187,10,0.036795,APROVAR,0.0227,36,0.0,0.22,10494.0,37206.0,0.78,4,Não,0.036795
P000188,3,0.145322,NEGAR,0.0336,60,0.21,0.21,12054.0,45346.0,0.79,12,Sim,0.114286
P000189,9,0.038477,APROVAR,0.0236,48,0.0,0.2905,16674.7,40725.3,0.7095,1,Não,0.038477
P000190,8,0.046998,APROVAR,0.0247,60,0.0,0.3125,20406.25,44893.75,0.6875,2,Não,0.046998
P000191,3,0.159867,NEGAR,0.0336,48,0.21,0.21,6153.0,23147.0,0.79,2,Sim,0.167354
P000192,6,0.070499,APROVAR,0.0265,60,0.21,0.3297,14770.56,30029.44,0.6703,3,Sim,0.070499
P000193,6,0.077989,APROVAR,0.0265,36,0.21,0.21,5124.0,19276.0,0.79,5,Sim,0.077468
P000194,10,0.028973,APROVAR,0.0227,24,0.0,0.1316,10067.4,66432.6,0.8684,1,Não,0.028973
P000195,2,0.246545,NEGAR,0.035,60,0.21,0.21,10479.0,39421.0,0.79,1,Não,0.21317
P000196,7,0.065396,APROVAR,0.0256,36,0.0,0.1408,17600.0,107400.0,0.8592,5,Não,0.065396
P000197,3,0.175729,NEGAR,0.0336,48,0.21,0.213,7710.6,28489.4,0.787,3,Sim,0.175729
P000198,4,0.133146,NEGAR,0.0303,48,0.21,0.21,6426.0,24174.0,0.79,12,Não,0.133146
P000199,10,0.033697,APROVAR,0.0227,36,0.0,0.2518,10676.32,31723.68,0.7482,3,Sim,0.033697
P000200,5,0.098107,APROVAR,0.0282,60,0.21,0.21,10521.0,39579.0,0.79,2,Não,0.082309
P000201,7,0.063605,APROVAR,0.0256,48,0.0,0.0788,2616.16,30583.84,0.9212,1,Não,0.063605
P000202,3,0.205676,NEGAR,0.0336,48,0.21,0.21,6846.0,25754.0,0.79,5,Não,0.254856
P000203,2,0.233547,NEGAR,0.035,24,0.21,0.21,13797.0,51903.0,0.79,6,Não,0.153205
P000204,2,0.283235,NEGAR,0.035,48,0.21,0.21,13083.0,49217.0,0.79,8,Sim,0.271518
P000205,2,0.268258,NEGAR,0.035,24,0.21,0.21,20685.0,77815.0,0.79,5,Não,0.185474
P000206,3,0.207055,NEGAR,0.0336,48,0.21,0.21,5565.0,20935.0,0.79,9,Não,0.22655
P000207,7,0.05874,APROVAR,0.0256,60,0.0,0.1197,4943.61,36356.39,0.8803,5,Sim,0.05874
P000208,1,0.500253,NEGAR,0.035,60,0.21,0.21,6930.0,26070.0,0.79,12,Sim,0.500812
P000209,5,0.096545,APROVAR,0.0282,24,0.21,0.21,6972.0,26228.0,0.79,12,Não,0.105284
P000210,4,0.11139,NEGAR,0.0303,36,0.21,0.4687,19591.66,22208.34,0.5313,5,Sim,0.11139
P000211,1,0.302692,NEGAR,0.035,36,0.21,0.21,6909.0,25991.0,0.79,1,Sim,0.230055
P000212,6,0.079586,APROVAR,0.0265,48,0.21,0.21,13839.0,52061.0,0.79,12,Não,0.052009
P000213,1,0.433025,NEGAR,0.035,60,0.21,0.6649,15026.74,7573.26,0.3351,11,Não,0.433025
P000214,4,0.142626,NEGAR,0.0303,48,0.21,0.2819,32531.26,82868.74,0.7181,12,Não,0.142626
P000215,6,0.07634,APROVAR,0.0265,60,0.21,0.21,5082.0,19118.0,0.79,8,Não,0.07634
P000216,9,0.044671,APROVAR,0.0236,60,0.0,0.4347,12258.54,15941.46,0.5653,10,Não,0.044671
P000217,5,0.10215,APROVAR,0.0282,36,0.21,0.375,9112.5,15187.5,0.625,11,Sim,0.10215
P000218,1,0.47948,NEGAR,0.035,36,0.21,0.21,5292.0,19908.0,0.79,12,Não,0.395907
P000219,3,0.168248,NEGAR,0.0336,48,0.21,0.21,5166.0,19434.0,0.79,0,Sim,0.158925
P000220,2,0.239252,NEGAR,0.035,24,0.21,0.4703,13920.88,15679.12,0.5297,11,Não,0.239252
P000221,3,0.200022,NEGAR,0.0336,60,0.21,0.2259,9532.98,32667.02,0.7741,7,Não,0.200022
P000222,6,0.081634,APROVAR,0.0265,24,0.21,0.3586,38908.1,69591.9,0.6414,2,Não,0.081634
P000223,3,0.146818,NEGAR,0.0336,48,0.21,0.2819,9612.79,24487.21,0.7181,10,Sim,0.146818
P000224,1,0.327503,NEGAR,0.035,24,0.21,0.2196,7093.08,25206.92,0.7804,5,Não,0.327503
P000225,2,0.235996,NEGAR,0.035,48,0.21,0.21,6027.0,22673.0,0.79,3,Não,0.205087
P000226,1,0.302502,NEGAR,0.035,48,0.21,0.21,7980.0,30020.0,0.79,3,Não,0.198155
P000227,2,0.261693,NEGAR,0.035,36,0.21,0.21,9282.0,34918.0,0.79,2,Sim,0.236178
P000228,5,0.088696,APROVAR,0.0282,36,0.21,0.2793,29633.73,76466.27,0.7207,4,Não,0.088696
P000229,10,0.034955,APROVAR,0.0227,36,0.0,0.3755,21328.4,35471.6,0.6245,4,Não,0.034955
P000230,9,0.042159,APROVAR,0.0236,60,0.0,0.4659,23434.77,26865.23,0.5341,4,Não,0.042159
P000231,10,0.035788,APROVAR,0.0227,24,0.0,0.2837,16624.82,41975.18,0.7163,12,Não,0.035788
P000232,1,0.359487,NEGAR,0.035,48,0.21,0.21,4620.0,17380.0,0.79,6,Não,0.335532
P000233,9,0.043451,APROVAR,0.0236,60,0.0,0.445,19446.5,24253.5,0.555,1,Não,0.043451
P000234,10,0.016393,APROVAR,0.0227,36,0.0,0.1477,13529.32,78070.68,0.8523,1,Sim,0.016393
P000235,3,0.173487,NEGAR,0.0336,36,0.21,0.21,4620.0,17380.0,0.79,6,Sim,0.18379
P000236,1,0.585962,NEGAR,0.035,36,0.21,0.2883,6342.6,15657.4,0.7117,10,Não,0.585962
P000237,1,0.404916,NEGAR,0.035,24,0.21,0.2258,4967.6,17032.4,0.7742,5,Sim,0.404916
P000238,1,0.336451,NEGAR,0.035,60,0.21,0.21,4620.0,17380.0,0.79,5,Sim,0.263492
P000239,2,0.279033,NEGAR,0.035,24,0.21,0.21,6363.0,23937.0,0.79,4,Sim,0.305607
P000240,7,0.06443,APROVAR,0.0256,36,0.0,0.239,15319.9,48780.1,0.761,5,Não,0.06443
P000241,8,0.050475,APROVAR,0.0247,60,0.0,0.0918,2965.14,29334.86,0.9082,12,Sim,0.050475
P000242,3,0.187411,NEGAR,0.0336,60,0.21,0.21,7791.0,29309.0,0.79,7,Não,0.165801
P000243,6,0.078497,APROVAR,0.0265,48,0.21,0.2322,5108.4,16891.6,0.7678,10,Não,0.078497
P000244,10,0.036741,APROVAR,0.0227,24,0.0,0.5256,43940.16,39659.84,0.4744,2,Não,0.036741
P000245,2,0.22519,NEGAR,0.035,48,0.21,0.21,6321.0,23779.0,0.79,5,Sim,0.185696
P000246,8,0.053751,APROVAR,0.0247,24,0.0,0.1892,10481.68,44918.32,0.8108,7,Não,0.053751
P000247,7,0.05917,APROVAR,0.0256,60,0.0,0.2406,6664.62,21035.38,0.7594,5,Não,0.05917
P000248,10,0.036475,APROVAR,0.0227,60,0.0,0.1429,4958.63,29741.37,0.8571,3,Não,0.036475
P000249,6,0.077211,APROVAR,0.0265,36,0.21,0.21,5502.0,20698.0,0.79,8,Não,0.038123
P000250,1,0.336677,NEGAR,0.035,60,0.21,0.21,5502.0,20698.0,0.79,1,Não,0.240725
P000251,4,0.137918,NEGAR,0.0303,48,0.21,0.5289,11635.8,10364.2,0.4711,12,Sim,0.137918
P000252,4,0.122285,NEGAR,0.0303,24,0.21,0.2715,10832.85,29067.15,0.7285,5,Não,0.122285
P000253,9,0.037751,APROVAR,0.0236,36,0.0,0.2959,31276.63,74423.37,0.7041,5,Não,0.037751
P000254,5,0.084576,APROVAR,0.0282,24,0.21,0.3871,18658.22,29541.78,0.6129,9,Não,0.084576
P000255,4,0.119599,NEGAR,0.0303,36,0.21,0.21,6174.0,23226.0,0.79,4,Não,0.126256
P000256,2,0.285357,NEGAR,0.035,60,0.21,0.21,12348.0,46452.0,0.79,4,Não,0.228324
P000257,8,0.047261,APROVAR,0.0247,24,0.0,0.2208,12055.68,42544.32,0.7792,1,Não,0.047261
P000258,7,0.058914,APROVAR,0.0256,60,0.0,0.2244,5789.52,20010.48,0.7756,7,Sim,0.058914
P000259,3,0.202476,NEGAR,0.0336,60,0.21,0.21,18228.0,68572.0,0.79,4,Não,0.206838
P000260,4,0.110469,NEGAR,0.0303,60,0.21,0.21,14133.0,53167.0,0.79,2,Sim,0.099717
P000261,6,0.066884,APROVAR,0.0265,36,0.21,0.75,29625.0,9875.0,0.25,2,Não,0.066884
P000262,6,0.082402,APROVAR,0.0265,60,0.21,0.21,5985.0,22515.0,0.79,2,Não,0.050932
P000263,2,0.239837,NEGAR,0.035,48,0.21,0.21,9975.0,37525.0,0.79,8,Sim,0.243276
P000264,8,0.053079,APROVAR,0.0247,60,0.0,0.421,22228.8,30571.2,0.579,0,Não,0.053079
P000265,2,0.21808,NEGAR,0.035,36,0.21,0.5092,23830.56,22969.44,0.4908,1,Não,0.21808
P000266,10,0.036303,APROVAR,0.0227,36,0.0,0.536,27496.8,23803.2,0.464,1,Sim,0.036303
P000267,10,0.03303,APROVAR,0.0227,48,0.0,0.3427,17169.27,32930.73,0.6573,3,Não,0.03303
P000268,10,0.030166,APROVAR,0.0227,60,0.0,0.613,21516.3,13583.7,0.387,12,Não,0.030166
P000269,6,0.080904,APROVAR,0.0265,24,0.21,0.2878,17987.5,44512.5,0.7122,1,Não,0.080904
P000270,7,0.060825,APROVAR,0.0256,48,0.0,0.1368,6785.28,42814.72,0.8632,2,Não,0.060825
P000271,10,0.029364,APROVAR,0.0227,36,0.0,0.2455,10752.9,33047.1,0.7545,11,Não,0.029364
P000272,2,0.261709,NEGAR,0.035,24,0.21,0.2186,4809.2,17190.8,0.7814,3,Não,0.261709
P000273,6,0.081358,APROVAR,0.0265,36,0.21,0.5028,12117.48,11982.52,0.4972,3,Não,0.081358
P000274,1,0.479482,NEGAR,0.035,48,0.21,0.21,4683.0,17617.0,0.79,8,Não,0.479482
P000275,2,0.212462,NEGAR,0.035,48,0.21,0.21,9450.0,35550.0,0.79,0,Não,0.210809
P000276,8,0.044838,APROVAR,0.0247,36,0.0,0.3127,12226.57,26873.43,0.6873,1,Não,0.044838
P000277,10,0.034591,APROVAR,0.0227,36,0.0,0.5505,46627.35,38072.65,0.4495,3,Não,0.034591
P000278,6,0.073543,APROVAR,0.0265,48,0.21,0.3817,28589.33,46310.67,0.6183,1,Não,0.073543
P000279,9,0.042782,APROVAR,0.0236,36,0.0,0.1271,3063.11,21036.89,0.8729,3,Não,0.042782
P000280,1,0.337249,NEGAR,0.035,60,0.21,0.21,7707.0,28993.0,0.79,2,Sim,0.308967
P000281,1,0.329262,NEGAR,0.035,48,0.21,0.21,4620.0,17380.0,0.79,11,Sim,0.327707
P000282,2,0.220584,NEGAR,0.035,60,0.21,0.21,6447.0,24253.0,0.79,1,Não,0.220584
P000283,10,0.032913,APROVAR,0.0227,36,0.0,0.1761,4437.72,20762.28,0.8239,8,Sim,0.032913
P000284,8,0.045062,APROVAR,0.0247,24,0.0,0.3275,10185.25,20914.75,0.6725,5,Não,0.045062
P000285,4,0.127609,NEGAR,0.0303,24,0.21,0.4864,10700.8,11299.2,0.5136,4,Não,0.127609
P000286,5,0.085679,APROVAR,0.0282,60,0.21,0.21,11949.0,44951.0,0.79,6,Não,0.081251
P000287,1,0.494147,NEGAR,0.035,60,0.21,0.21,4620.0,17380.0,0.79,12,Sim,0.295545
P000288,1,0.332827,NEGAR,0.035,48,0.21,0.21,4620.0,17380.0,0.79,3,Sim,0.315959
P000289,10,0.0368,APROVAR,0.0227,36,0.0,0.5185,27636.05,25663.95,0.4815,2,Não,0.0368
P000290,9,0.04079,APROVAR,0.0236,48,0.0,0.2617,20752.81,58547.19,0.7383,2,Sim,0.04079
P000291,3,0.199085,NEGAR,0.0336,36,0.21,0.3307,16303.51,32996.49,0.6693,5,Não,0.199085
P000292,6,0.078244,APROVAR,0.0265,60,0.21,0.21,4767.0,17933.0,0.79,4,Sim,0.078384
P000293,7,0.062788,APROVAR,0.0256,36,0.0,0.1821,18027.9,80972.1,0.8179,5,Não,0.062788
P000294,9,0.040136,APROVAR,0.0236,48,0.0,0.1572,3489.84,18710.16,0.8428,2,Não,0.040136
P000295,10,0.027825,APROVAR,0.0227,36,0.0,0.1737,9258.21,44041.79,0.8263,12,Não,0.027825
P000296,5,0.100514,APROVAR,0.0282,60,0.21,0.21,7854.0,29546.0,0.79,6,Não,0.045992
P000297,3,0.150076,NEGAR,0.0336,48,0.21,0.21,14364.0,54036.0,0.79,2,Não,0.061218
P000298,1,0.419885,NEGAR,0.035,60,0.21,0.21,8778.0,33022.0,0.79,4,Não,0.269362
P000299,3,0.189733,NEGAR,0.0336,60,0.21,0.3824,16252.0,26248.0,0.6176,3,Sim,0.189733
P000300,1,0.387003,NEGAR,0.035,60,0.21,0.21,7791.0,29309.0,0.79,8,Não,0.390444
P000301,10,0.035565,APROVAR,0.0227,36,0.0,0.38,15884.0,25916.0,0.62,1,Não,0.035565
P000302,7,0.058296,APROVAR,0.0256,36,0.0,0.4256,13108.48,17691.52,0.5744,3,Não,0.058296
P000303,2,0.233485,NEGAR,0.035,48,0.21,0.21,4914.0,18486.0,0.79,4,Não,0.238085
P000304,9,0.038271,APROVAR,0.0236,48,0.0,0.265,15847.0,43953.0,0.735,2,Não,0.038271
P000305,2,0.293402,NEGAR,0.035,60,0.21,0.21,4893.0,18407.0,0.79,4,Sim,0.23684
P000306,10,0.033135,APROVAR,0.0227,36,0.0,0.0837,3992.49,43707.51,0.9163,6,Não,0.033135
P000307,6,0.074537,APROVAR,0.0265,48,0.21,0.3231,11050.02,23149.98,0.6769,7,Não,0.074537
P000308,6,0.074536,APROVAR,0.0265,36,0.21,0.4316,15149.16,19950.84,0.5684,3,Não,0.074536
P000309,3,0.201694,NEGAR,0.0336,48,0.21,0.2969,12677.63,30022.37,0.7031,2,Não,0.201694
P000310,6,0.071294,APROVAR,0.0265,60,0.21,0.21,8379.0,31521.0,0.79,5,Não,0.055025
P000311,5,0.099537,APROVAR,0.0282,48,0.21,0.243,28212.3,87887.7,0.757,1,Não,0.099537
P000312,9,0.040587,APROVAR,0.0236,60,0.0,0.137,10768.2,67831.8,0.863,6,Não,0.040587
P000313,6,0.070649,APROVAR,0.0265,48,0.21,0.4482,22499.64,27700.36,0.5518,4,Não,0.070649
P000314,1,0.396502,NEGAR,0.035,60,0.21,0.21,4620.0,17380.0,0.79,7,Sim,0.318445
P000315,5,0.090643,APROVAR,0.0282,48,0.21,0.21,12264.0,46136.0,0.79,2,Não,0.049593
P000316,1,0.551065,NEGAR,0.035,60,0.21,0.6441,15265.17,8434.83,0.3559,6,Não,0.551065
P000317,4,0.110071,NEGAR,0.0303,36,0.21,0.21,15603.0,58697.0,0.79,3,Não,0.039913
P000318,4,0.135358,NEGAR,0.0303,36,0.21,0.21,7812.0,29388.0,0.79,2,Não,0.118205
P000319,9,0.043386,APROVAR,0.0236,36,0.0,0.0602,3852.8,60147.2,0.9398,1,Não,0.043386
P000320,6,0.072498,APROVAR,0.0265,48,0.21,0.21,12537.0,47163.0,0.79,6,Não,0.058483
P000321,3,0.188943,NEGAR,0.0336,36,0.21,0.2171,4776.2,17223.8,0.7829,4,Não,0.188943
P000322,1,0.448617,NEGAR,0.035,36,0.21,0.294,6468.0,15532.0,0.706,11,Não,0.448617
P000323,2,0.231762,NEGAR,0.035,24,0.21,0.21,4620.0,17380.0,0.79,9,Não,0.237015
P000324,10,0.034741,APROVAR,0.0227,60,0.0,0.3513,28279.65,52220.35,0.6487,3,Não,0.034741
P000325,2,0.28121,NEGAR,0.035,60,0.21,0.21,14700.0,55300.0,0.79,4,Sim,0.279308
P000326,7,0.056101,APROVAR,0.0256,48,0.0,0.2553,14245.74,41554.26,0.7447,12,Não,0.056101
P000327,1,0.340008,NEGAR,0.035,48,0.21,0.21,5103.0,19197.0,0.79,10,Não,0.346128
P000328,1,0.387769,NEGAR,0.035,48,0.21,0.21,5187.0,19513.0,0.79,5,Não,0.404218
P000329,2,0.233603,NEGAR,0.035,48,0.21,0.21,6783.0,25517.0,0.79,4,Não,0.231027
P000330,5,0.090406,APROVAR,0.0282,24,0.21,0.4008,18116.16,27083.84,0.5992,8,Não,0.090406
P000331,1,0.471183,NEGAR,0.035,36,0.21,0.21,5292.0,19908.0,0.79,3,Não,0.362108
P000332,5,0.097733,APROVAR,0.0282,36,0.21,0.4226,21003.22,28696.78,0.5774,2,Não,0.097733
P000333,6,0.0703,APROVAR,0.0265,48,0.21,0.2578,7244.18,20855.82,0.7422,5,Não,0.0703
P000334,8,0.050841,APROVAR,0.0247,24,0.0,0.75,24975.0,8325.0,0.25,2,Não,0.050841
P000335,1,0.310022,NEGAR,0.035,60,0.21,0.2934,12469.5,30030.5,0.7066,2,Não,0.310022
P000336,2,0.266252,NEGAR,0.035,36,0.21,0.21,7140.0,26860.0,0.79,4,Não,0.275622
P000337,5,0.095661,APROVAR,0.0282,24,0.21,0.4664,19448.88,22251.12,0.5336,12,Não,0.095661
P000338,9,0.044015,APROVAR,0.0236,60,0.0,0.3262,10634.12,21965.88,0.6738,2,Não,0.044015
P000339,10,0.031273,APROVAR,0.0227,36,0.0,0.1942,21633.88,89766.12,0.8058,2,Não,0.031273
P000340,6,0.072116,APROVAR,0.0265,36,0.21,0.2631,7051.08,19748.92,0.7369,7,Não,0.072116
P000341,3,0.197394,NEGAR,0.0336,36,0.21,0.21,6636.0,24964.0,0.79,2,Não,0.208281
P000342,6,0.076986,APROVAR,0.0265,48,0.21,0.21,27027.0,101673.0,0.79,3,Não,0.067722
P000343,7,0.063207,APROVAR,0.0256,48,0.0,0.3294,10771.38,21928.62,0.6706,12,Não,0.063207
P000344,9,0.041127,APROVAR,0.0236,60,0.0,0.1491,5263.23,30036.77,0.8509,3,Não,0.041127
P000345,10,0.024819,APROVAR,0.0227,60,0.0,0.4142,13420.08,18979.92,0.5858,4,Não,0.024819
P000346,4,0.119467,NEGAR,0.0303,60,0.21,0.2236,15294.24,53105.76,0.7764,5,Não,0.119467
P000347,9,0.04294,APROVAR,0.0236,24,0.0,0.0782,6060.5,71439.5,0.9218,2,Sim,0.04294
P000348,7,0.058951,APROVAR,0.0256,48,0.0,0.3498,11298.54,21001.46,0.6502,5,Não,0.058951
P000349,8,0.047622,APROVAR,0.0247,48,0.0,0.2307,13657.44,45542.56,0.7693,5,Não,0.047622
P000350,10,0.034685,APROVAR,0.0227,60,0.0,0.4021,15681.9,23318.1,0.5979,6,Não,0.034685
P000351,2,0.226873,NEGAR,0.035,48,0.21,0.21,12075.0,45425.0,0.79,10,Não,0.226514
P000352,1,0.60475,NEGAR,0.035,60,0.21,0.5032,11070.4,10929.6,0.4968,12,Não,0.60475
P000353,2,0.264247,NEGAR,0.035,48,0.21,0.21,4872.0,18328.0,0.79,7,Sim,0.214292
P000354,1,0.396334,NEGAR,0.035,48,0.21,0.2906,6770.98,16529.02,0.7094,1,Sim,0.396334
P000355,8,0.053713,APROVAR,0.0247,60,0.0,0.1589,10074.26,53325.74,0.8411,3,Não,0.053713
P000356,1,0.330137,NEGAR,0.035,36,0.21,0.4663,10258.6,11741.4,0.5337,3,Sim,0.330137
P000357,8,0.053796,APROVAR,0.0247,48,0.0,0.1133,5404.41,42295.59,0.8867,8,Não,0.053796
P000358,8,0.054108,APROVAR,0.0247,60,0.0,0.1434,3685.38,22014.62,0.8566,3,Não,0.054108
P000359,7,0.062316,APROVAR,0.0256,48,0.0,0.1587,13410.15,71089.85,0.8413,5,Não,0.062316
P000360,8,0.052037,APROVAR,0.0247,24,0.0,0.2868,24836.88,61763.12,0.7132,0,Não,0.052037
P000361,10,0.029143,APROVAR,0.0227,60,0.0,0.2122,11607.34,43092.66,0.7878,4,Não,0.029143
P000362,5,0.089162,APROVAR,0.0282,24,0.21,0.21,6573.0,24727.0,0.79,10,Não,0.092193
P000363,2,0.285202,NEGAR,0.035,60,0.21,0.21,5985.0,22515.0,0.79,4,Sim,0.185229
P000364,3,0.207674,NEGAR,0.0336,60,0.21,0.21,8967.0,33733.0,0.79,2,Não,0.198825
P000365,9,0.040714,APROVAR,0.0236,48,0.0,0.0713,3194.24,41605.76,0.9287,3,Não,0.040714
P000366,6,0.066624,APROVAR,0.0265,48,0.21,0.2288,6612.32,22287.68,0.7712,2,Não,0.066624
P000367,3,0.201318,NEGAR,0.0336,60,0.21,0.21,9093.0,34207.0,0.79,5,Não,0.123056
P000368,8,0.045027,APROVAR,0.0247,36,0.0,0.3206,20133.68,42666.32,0.6794,7,Não,0.045027
P000369,9,0.043712,APROVAR,0.0236,24,0.0,0.5612,12851.48,10048.52,0.4388,6,Não,0.043712
P000370,2,0.257552,NEGAR,0.035,60,0.21,0.2365,17548.3,56651.7,0.7635,7,Não,0.257552
P000371,1,0.556037,NEGAR,0.035,48,0.21,0.21,4620.0,17380.0,0.79,12,Sim,0.537009
P000372,6,0.078975,APROVAR,0.0265,24,0.21,0.21,9912.0,37288.0,0.79,1,Sim,0.081175
P000373,2,0.234511,NEGAR,0.035,24,0.21,0.21,8001.0,30099.0,0.79,6,Não,0.236977
P000374,8,0.051039,APROVAR,0.0247,48,0.0,0.2256,11009.28,37790.72,0.7744,8,Sim,0.051039
P000375,3,0.189054,NEGAR,0.0336,48,0.21,0.21,4620.0,17380.0,0.79,6,Sim,0.188511
P000376,6,0.079448,APROVAR,0.0265,48,0.21,0.21,26712.0,100488.0,0.79,11,Não,0.069425
P000377,10,0.035123,APROVAR,0.0227,48,0.0,0.2047,9539.02,37060.98,0.7953,1,Não,0.035123
P000378,3,0.192347,NEGAR,0.0336,24,0.21,0.2582,11076.78,31823.22,0.7418,4,Sim,0.192347
P000379,8,0.053284,APROVAR,0.0247,24,0.0,0.1429,4201.26,25198.74,0.8571,2,Não,0.053284
P000380,2,0.271037,NEGAR,0.035,48,0.21,0.4801,10562.2,11437.8,0.5199,3,Sim,0.271037
P000381,3,0.164528,NEGAR,0.0336,60,0.21,0.3277,12550.91,25749.09,0.6723,7,Não,0.164528
P000382,10,0.035492,APROVAR,0.0227,48,0.0,0.1199,5071.77,37228.23,0.8801,4,Não,0.035492
P000383,2,0.296584,NEGAR,0.035,48,0.21,0.21,7161.0,26939.0,0.79,1,Sim,0.301041
P000384,5,0.088971,APROVAR,0.0282,48,0.21,0.21,15666.0,58934.0,0.79,2,Não,0.040038
P000385,9,0.039198,APROVAR,0.0236,48,0.0,0.3812,31487.12,51112.88,0.6188,0,Não,0.039198
P000386,5,0.103452,APROVAR,0.0282,48,0.21,0.21,5145.0,19355.0,0.79,3,Não,0.105373
P000387,3,0.190887,NEGAR,0.0336,60,0.21,0.21,11088.0,41712.0,0.79,12,Não,0.136732
P000388,1,0.3026,NEGAR,0.035,24,0.21,0.21,7350.0,27650.0,0.79,1,Não,0.310205
P000389,1,0.380158,NEGAR,0.035,60,0.21,0.21,6279.0,23621.0,0.79,3,Não,0.389882
P000390,10,0.028121,APROVAR,0.0227,48,0.0,0.112,20048.0,158952.0,0.888,1,Não,0.028121
P000391,8,0.047744,APROVAR,0.0247,48,0.0,0.4849,32051.89,34048.11,0.5151,2,Não,0.047744
P000392,5,0.101269,APROVAR,0.0282,60,0.21,0.265,7844.0,21756.0,0.735,1,Não,0.101269
P000393,6,0.071422,APROVAR,0.0265,60,0.21,0.21,8715.0,32785.0,0.79,12,Sim,0.06375
P000394,3,0.148633,NEGAR,0.0336,24,0.21,0.2604,5728.8,16271.2,0.7396,2,Não,0.148633
P000395,3,0.153208,NEGAR,0.0336,60,0.21,0.21,8463.0,31837.0,0.79,5,Não,0.1484
P000396,1,0.425998,NEGAR,0.035,48,0.21,0.2809,6179.8,15820.2,0.7191,6,Não,0.425998
P000397,6,0.074997,APROVAR,0.0265,48,0.21,0.3508,11050.2,20449.8,0.6492,2,Não,0.074997
P000398,9,0.042188,APROVAR,0.0236,48,0.0,0.3638,9822.6,17177.4,0.6362,1,Não,0.042188
P000399,3,0.207082,NEGAR,0.0336,60,0.21,0.21,4620.0,17380.0,0.79,2,Não,0.196258
P000400,2,0.263333,NEGAR,0.035,60,0.21,0.21,6027.0,22673.0,0.79,3,Sim,0.272709
P000401,7,0.061671,APROVAR,0.0256,60,0.0,0.3835,24697.4,39702.6,0.6165,4,Não,0.061671
P000402,9,0.037613,APROVAR,0.0236,24,0.0,0.1729,6224.4,29775.6,0.8271,2,Não,0.037613
P000403,8,0.048785,APROVAR,0.0247,48,0.0,0.1397,3073.4,18926.6,0.8603,4,Sim,0.048785
P000404,1,0.364116,NEGAR,0.035,60,0.21,0.21,8295.0,31205.0,0.79,5,Sim,0.314028
P000405,5,0.096915,APROVAR,0.0282,48,0.21,0.21,14112.0,53088.0,0.79,12,Sim,0.105033
P000406,5,0.090553,APROVAR,0.0282,48,0.21,0.3663,13553.1,23446.9,0.6337,2,Não,0.090553
P000407,2,0.225287,NEGAR,0.035,60,0.21,0.2329,5123.8,16876.2,0.7671,9,Não,0.225287
P000408,7,0.05619,APROVAR,0.0256,36,0.0,0.3158,18347.98,39752.02,0.6842,3,Sim,0.05619
P000409,10,0.036449,APROVAR,0.0227,60,0.0,0.3701,18912.11,32187.89,0.6299,7,Não,0.036449
P000410,10,0.028537,APROVAR,0.0227,48,0.0,0.2542,25445.42,74654.58,0.7458,0,Não,0.028537
P000411,9,0.037823,APROVAR,0.0236,60,0.0,0.0801,20826.0,239174.0,0.9199,1,Não,0.037823
P000412,2,0.274324,NEGAR,0.035,24,0.21,0.21,4872.0,18328.0,0.79,0,Não,0.271429
P000413,2,0.240618,NEGAR,0.035,60,0.21,0.3512,11449.12,21150.88,0.6488,4,Não,0.240618
P000414,6,0.080598,APROVAR,0.0265,60,0.21,0.4483,28736.03,35363.97,0.5517,1,Não,0.080598
P000415,6,0.079284,APROVAR,0.0265,24,0.21,0.21,8484.0,31916.0,0.79,7,Não,0.066395
P000416,4,0.116676,NEGAR,0.0303,60,0.21,0.3129,9731.19,21368.81,0.6871,8,Não,0.116676
P000417,10,0.028699,APROVAR,0.0227,60,0.0,0.2824,10674.72,27125.28,0.7176,7,Não,0.028699
P000418,2,0.216164,NEGAR,0.035,48,0.21,0.2897,12109.46,29690.54,0.7103,5,Sim,0.216164
P000419,2,0.288897,NEGAR,0.035,48,0.21,0.4512,12814.08,15585.92,0.5488,7,Sim,0.288897
P000420,9,0.039767,APROVAR,0.0236,48,0.0,0.3126,9721.86,21378.14,0.6874,7,Não,0.039767
P000421,7,0.055132,APROVAR,0.0256,36,0.0,0.2274,5002.8,16997.2,0.7726,2,Não,0.055132
P000422,7,0.065864,APROVAR,0.0256,24,0.0,0.1336,2939.2,19060.8,0.8664,2,Não,0.065864
P000423,2,0.220346,NEGAR,0.035,36,0.21,0.21,5544.0,20856.0,0.79,7,Sim,0.113552
P000424,2,0.262295,NEGAR,0.035,48,0.21,0.21,14196.0,53404.0,0.79,10,Sim,0.207135
P000425,1,0.316653,NEGAR,0.035,48,0.21,0.366,9186.6,15913.4,0.634,6,Não,0.316653
P000426,10,0.022184,APROVAR,0.0227,24,0.0,0.4837,38550.89,41149.11,0.5163,2,Não,0.022184
P000427,1,0.620258,NEGAR,0.035,48,0.21,0.2356,6149.16,19950.84,0.7644,5,Não,0.620258
P000428,1,0.319262,NEGAR,0.035,48,0.21,0.21,5439.0,20461.0,0.79,2,Não,0.337859
P000429,5,0.085558,APROVAR,0.0282,48,0.21,0.21,11571.0,43529.0,0.79,2,Não,0.055567
P000430,1,0.402894,NEGAR,0.035,60,0.21,0.21,4620.0,17380.0,0.79,9,Não,0.376295
P000431,3,0.202814,NEGAR,0.0336,24,0.21,0.21,7329.0,27571.0,0.79,5,Não,0.209672
P000432,5,0.087951,APROVAR,0.0282,48,0.21,0.2687,7846.04,21353.96,0.7313,3,Sim,0.087951
P000433,5,0.085559,APROVAR,0.0282,48,0.21,0.21,4620.0,17380.0,0.79,3,Não,0.038679
P000434,5,0.084294,APROVAR,0.0282,48,0.21,0.21,4704.0,17696.0,0.79,7,Sim,0.057402
P000435,3,0.184313,NEGAR,0.0336,48,0.21,0.21,7476.0,28124.0,0.79,8,Não,0.206461
P000436,3,0.205044,NEGAR,0.0336,36,0.21,0.21,9723.0,36577.0,0.79,2,Não,0.196577
P000437,1,0.580404,NEGAR,0.035,48,0.21,0.21,4620.0,17380.0,0.79,5,Sim,0.472319
P000438,10,0.025044,APROVAR,0.0227,48,0.0,0.3294,20818.08,42381.92,0.6706,2,Não,0.025044
P000439,9,0.037054,APROVAR,0.0236,24,0.0,0.0728,3174.08,40425.92,0.9272,1,Sim,0.037054
P000440,8,0.048995,APROVAR,0.0247,48,0.0,0.1495,3468.4,19731.6,0.8505,7,Não,0.048995
P000441,1,0.321812,NEGAR,0.035,48,0.21,0.2424,6229.68,19470.32,0.7576,12,Sim,0.321812
P000442,3,0.180214,NEGAR,0.0336,36,0.21,0.21,11109.0,41791.0,0.79,3,Não,0.171097
P000443,5,0.096265,APROVAR,0.0282,36,0.21,0.21,6699.0,25201.0,0.79,2,Não,0.054621
P000444,1,0.36888,NEGAR,0.035,60,0.21,0.21,4620.0,17380.0,0.79,12,Sim,0.32256
P000445,4,0.127109,NEGAR,0.0303,48,0.21,0.21,17031.0,64069.0,0.79,5,Não,0.106175
P000446,5,0.105465,APROVAR,0.0282,24,0.21,0.21,12558.0,47242.0,0.79,4,Sim,0.105303
P000447,1,0.847901,NEGAR,0.035,60,0.21,0.21,6993.0,26307.0,0.79,4,Não,0.836621
P000448,2,0.238918,NEGAR,0.035,24,0.21,0.21,6573.0,24727.0,0.79,4,Não,0.250363
P000449,3,0.182393,NEGAR,0.0336,36,0.21,0.3221,14462.29,30437.71,0.6779,2,Não,0.182393
P000450,9,0.037779,APROVAR,0.0236,36,0.0,0.2994,13173.6,30826.4,0.7006,1,Não,0.037779
P000451,2,0.244448,NEGAR,0.035,48,0.21,0.4769,11207.15,12292.85,0.5231,2,Não,0.244448
P000452,2,0.272059,NEGAR,0.035,48,0.21,0.21,4620.0,17380.0,0.79,8,Não,0.264283
P000453,1,0.469965,NEGAR,0.035,60,0.21,0.21,7833.0,29467.0,0.79,7,Sim,0.473894
P000454,4,0.109032,NEGAR,0.0303,48,0.21,0.21,4620.0,17380.0,0.79,2,Não,0.062591
P000455,7,0.058882,APROVAR,0.0256,48,0.0,0.0779,9527.17,112772.83,0.9221,2,Não,0.058882
P000456,1,0.568901,NEGAR,0.035,24,0.21,0.2719,7395.68,19804.32,0.7281,12,Sim,0.568901
P000457,2,0.278278,NEGAR,0.035,60,0.21,0.21,19446.0,73154.0,0.79,1,Sim,0.29086
P000458,2,0.25851,NEGAR,0.035,48,0.21,0.3212,7066.4,14933.6,0.6788,3,Sim,0.25851
P000459,9,0.040209,APROVAR,0.0236,24,0.0,0.1338,9432.9,61067.1,0.8662,1,Não,0.040209
P000460,5,0.085138,APROVAR,0.0282,36,0.21,0.2753,8259.0,21741.0,0.7247,6,Não,0.085138
P000461,6,0.068577,APROVAR,0.0265,36,0.21,0.21,17220.0,64780.0,0.79,4,Sim,0.060195
P000462,10,0.035784,APROVAR,0.0227,36,0.0,0.1981,4655.35,18844.65,0.8019,2,Não,0.035784
P000463,10,0.036724,APROVAR,0.0227,24,0.0,0.358,22017.0,39483.0,0.642,1,Não,0.036724
P000464,6,0.067183,APROVAR,0.0265,24,0.21,0.2214,14457.42,50842.58,0.7786,1,Não,0.067183
P000465,1,0.529577,NEGAR,0.035,36,0.21,0.21,5901.0,22199.0,0.79,2,Sim,0.557158
P000466,3,0.151869,NEGAR,0.0336,24,0.21,0.21,8694.0,32706.0,0.79,4,Não,0.139896
P000467,3,0.149655,NEGAR,0.0336,48,0.21,0.2176,6789.12,24410.88,0.7824,3,Não,0.149655
P000468,10,0.034549,APROVAR,0.0227,48,0.0,0.2678,21557.9,58942.1,0.7322,2,Não,0.034549
P000469,5,0.090242,APROVAR,0.0282,48,0.21,0.2786,6129.2,15870.8,0.7214,2,Não,0.090242
P000470,1,0.494419,NEGAR,0.035,60,0.21,0.21,9891.0,37209.0,0.79,1,Não,0.468559
P000471,7,0.06323,APROVAR,0.0256,48,0.0,0.2096,9746.4,36753.6,0.7904,8,Não,0.06323
P000472,8,0.05047,APROVAR,0.0247,60,0.0,0.376,11994.4,19905.6,0.624,4,Sim,0.05047
P000473,4,0.138111,NEGAR,0.0303,48,0.21,0.4893,10764.6,11235.4,0.5107,5,Não,0.138111
P000474,8,0.049072,APROVAR,0.0247,24,0.0,0.1822,5302.02,23797.98,0.8178,1,Não,0.049072
P000475,3,0.190985,NEGAR,0.0336,36,0.21,0.4084,8984.8,13015.2,0.5916,2,Sim,0.190985
P000476,10,0.024216,APROVAR,0.0227,36,0.0,0.3388,31067.96,60632.04,0.6612,1,Não,0.024216
P000477,4,0.120332,NEGAR,0.0303,24,0.21,0.21,11298.0,42502.0,0.79,8,Não,0.118546
P000478,1,0.371837,NEGAR,0.035,60,0.21,0.21,8946.0,33654.0,0.79,3,Não,0.325485
P000479,3,0.196886,NEGAR,0.0336,60,0.21,0.4183,12005.21,16694.79,0.5817,1,Sim,0.196886
P000480,7,0.061705,APROVAR,0.0256,24,0.0,0.4212,19880.64,27319.36,0.5788,3,Não,0.061705
P000481,2,0.233961,NEGAR,0.035,36,0.21,0.21,6993.0,26307.0,0.79,2,Sim,0.246579
P000482,5,0.084225,APROVAR,0.0282,60,0.21,0.21,4620.0,17380.0,0.79,3,Não,0.084626
P000483,7,0.057887,APROVAR,0.0256,48,0.0,0.4143,14997.66,21202.34,0.5857,12,Não,0.057887
P000484,9,0.038445,APROVAR,0.0236,60,0.0,0.1566,6984.36,37615.64,0.8434,3,Não,0.038445
P000485,2,0.239825,NEGAR,0.035,36,0.21,0.21,20601.0,77499.0,0.79,3,Sim,0.17601
P000486,3,0.172372,NEGAR,0.0336,36,0.21,0.21,13251.0,49849.0,0.79,7,Não,0.181403
P000487,4,0.128513,NEGAR,0.0303,60,0.21,0.21,4620.0,17380.0,0.79,10,Não,0.126991
P000488,2,0.215245,NEGAR,0.035,36,0.21,0.2149,12206.32,44593.68,0.7851,7,Não,0.215245
P000489,3,0.149918,NEGAR,0.0336,48,0.21,0.21,10899.0,41001.0,0.79,0,Não,0.145485
P000490,2,0.25614,NEGAR,0.035,48,0.21,0.21,12705.0,47795.0,0.79,1,Não,0.253111
P000491,6,0.070407,APROVAR,0.0265,48,0.21,0.4934,21216.2,21783.8,0.5066,6,Não,0.070407
P000492,3,0.155516,NEGAR,0.0336,48,0.21,0.2343,10145.19,33154.81,0.7657,6,Não,0.155516
P000493,3,0.187916,NEGAR,0.0336,60,0.21,0.2457,15429.96,47370.04,0.7543,5,Sim,0.187916
P000494,1,0.451558,NEGAR,0.035,60,0.21,0.311,7339.6,16260.4,0.689,5,Sim,0.451558
P000495,6,0.082827,APROVAR,0.0265,48,0.21,0.3269,29813.28,61386.72,0.6731,3,Não,0.082827
P000496,1,0.504162,NEGAR,0.035,60,0.21,0.21,9324.0,35076.0,0.79,12,Sim,0.502341
P000497,9,0.043564,APROVAR,0.0236,48,0.0,0.3647,28410.13,49489.87,0.6353,1,Não,0.043564
P000498,5,0.098366,APROVAR,0.0282,24,0.21,0.4596,13742.04,16157.96,0.5404,1,Não,0.098366
P000499,3,0.156523,NEGAR,0.0336,60,0.21,0.21,4620.0,17380.0,0.79,12,Não,0.158885
P000500,3,0.144621,NEGAR,0.0336,36,0.21,0.21,6216.0,23384.0,0.79,4,Não,0.140368
P000501,4,0.121053,NEGAR,0.0303,48,0.21,0.21,8904.0,33496.0,0.79,2,Não,0.064442
P000502,7,0.062657,APROVAR,0.0256,24,0.0,0.0335,1182.55,34117.45,0.9665,2,Não,0.062657
P000503,10,0.034175,APROVAR,0.0227,60,0.0,0.5814,24709.5,17790.5,0.4186,5,Não,0.034175
P000504,2,0.237893,NEGAR,0.035,36,0.21,0.21,8400.0,31600.0,0.79,1,Sim,0.10167
P000505,3,0.198394,NEGAR,0.0336,60,0.21,0.21,7917.0,29783.0,0.79,11,Não,0.198229
P000506,5,0.104375,APROVAR,0.0282,36,0.21,0.21,7266.0,27334.0,0.79,5,Não,0.113783
P000507,9,0.040906,APROVAR,0.0236,36,0.0,0.1138,5507.92,42892.08,0.8862,1,Não,0.040906
P000508,3,0.195548,NEGAR,0.0336,24,0.21,0.21,4620.0,17380.0,0.79,6,Sim,0.149779
P000509,1,0.359716,NEGAR,0.035,60,0.21,0.2236,4919.2,17080.8,0.7764,3,Sim,0.359716
P000510,2,0.221917,NEGAR,0.035,48,0.21,0.415,9130.0,12870.0,0.585,7,Sim,0.221917
P000511,4,0.121709,NEGAR,0.0303,48,0.21,0.21,6678.0,25122.0,0.79,6,Não,0.116158
P000512,2,0.278406,NEGAR,0.035,48,0.21,0.21,4620.0,17380.0,0.79,5,Sim,0.26885
P000513,10,0.032202,APROVAR,0.0227,60,0.0,0.3444,12880.56,24519.44,0.6556,1,Sim,0.032202
P000514,9,0.042242,APROVAR,0.0236,24,0.0,0.3435,11129.4,21270.6,0.6565,4,Não,0.042242
P000515,8,0.050068,APROVAR,0.0247,48,0.0,0.386,31960.8,50839.2,0.614,0,Não,0.050068
P000516,8,0.052703,APROVAR,0.0247,24,0.0,0.2789,11100.22,28699.78,0.7211,12,Não,0.052703
P000517,3,0.167258,NEGAR,0.0336,36,0.21,0.21,11529.0,43371.0,0.79,7,Sim,0.166151
P000518,7,0.060648,APROVAR,0.0256,60,0.0,0.2063,10521.3,40478.7,0.7937,5,Sim,0.060648
P000519,2,0.243653,NEGAR,0.035,48,0.21,0.21,4620.0,17380.0,0.79,1,Não,0.245848
P000520,3,0.176451,NEGAR,0.0336,48,0.21,0.3012,12801.0,29699.0,0.6988,1,Não,0.176451
P000521,4,0.109937,NEGAR,0.0303,24,0.21,0.21,6972.0,26228.0,0.79,7,Não,0.073622
P000522,4,0.136594,NEGAR,0.0303,60,0.21,0.263,10467.4,29332.6,0.737,3,Não,0.136594
P000523,2,0.230484,NEGAR,0.035,48,0.21,0.2476,10993.44,33406.56,0.7524,3,Não,0.230484
P000524,2,0.237258,NEGAR,0.035,36,0.21,0.21,11109.0,41791.0,0.79,8,Sim,0.196641
P000525,9,0.040807,APROVAR,0.0236,36,0.0,0.2056,15008.8,57991.2,0.7944,0,Não,0.040807
P000526,6,0.076951,APROVAR,0.0265,48,0.21,0.21,10038.0,37762.0,0.79,6,Não,0.057044
P000527,2,0.249664,NEGAR,0.035,60,0.21,0.3583,15335.24,27464.76,0.6417,4,Não,0.249664
P000528,10,0.03339,APROVAR,0.0227,24,0.0,0.3336,13243.92,26456.08,0.6664,5,Não,0.03339
P000529,4,0.118754,NEGAR,0.0303,36,0.21,0.21,15414.0,57986.0,0.79,0,Não,0.122506
P000530,3,0.177828,NEGAR,0.0336,24,0.21,0.2137,13334.88,49065.12,0.7863,3,Não,0.177828
P000531,8,0.048438,APROVAR,0.0247,48,0.0,0.3036,7498.92,17201.08,0.6964,0,Não,0.048438
P000532,5,0.095302,APROVAR,0.0282,36,0.21,0.21,9597.0,36103.0,0.79,8,Não,0.065379
P000533,6,0.066783,APROVAR,0.0265,48,0.21,0.21,10521.0,39579.0,0.79,3,Não,0.045416
P000534,8,0.049296,APROVAR,0.0247,48,0.0,0.1085,5761.35,47338.65,0.8915,10,Não,0.049296
P000535,4,0.114884,NEGAR,0.0303,48,0.21,0.21,6174.0,23226.0,0.79,5,Não,0.124645
P000536,9,0.039853,APROVAR,0.0236,24,0.0,0.2451,7818.69,24081.31,0.7549,5,Não,0.039853
P000537,4,0.117959,NEGAR,0.0303,24,0.21,0.3603,28283.55,50216.45,0.6397,12,Não,0.117959
P000538,1,0.661883,NEGAR,0.035,60,0.21,0.21,9324.0,35076.0,0.79,3,Não,0.644889
P000539,4,0.13298,NEGAR,0.0303,48,0.21,0.21,14154.0,53246.0,0.79,2,Sim,0.134045
P000540,9,0.044504,APROVAR,0.0236,36,0.0,0.2234,12443.38,43256.62,0.7766,2,Não,0.044504
P000541,2,0.300806,NEGAR,0.035,60,0.21,0.21,4620.0,17380.0,0.79,4,Sim,0.302961
P000542,1,0.682627,NEGAR,0.035,60,0.21,0.3097,7370.86,16429.14,0.6903,3,Não,0.682627
P000543,1,0.657776,NEGAR,0.035,60,0.21,0.2793,11004.42,28395.58,0.7207,5,Não,0.657776
P000544,2,0.228812,NEGAR,0.035,48,0.21,0.3303,8852.04,17947.96,0.6697,5,Sim,0.228812
P000545,6,0.077901,APROVAR,0.0265,36,0.21,0.21,8694.0,32706.0,0.79,3,Não,0.071673
P000546,2,0.254137,NEGAR,0.035,24,0.21,0.2193,7214.97,25685.03,0.7807,2,Não,0.254137
P000547,3,0.15236,NEGAR,0.0336,60,0.21,0.21,13692.0,51508.0,0.79,3,Não,0.120513
P000548,1,0.318106,NEGAR,0.035,48,0.21,0.2133,5887.08,21712.92,0.7867,3,Sim,0.318106
P000549,10,0.030277,APROVAR,0.0227,60,0.0,0.0855,4984.65,53315.35,0.9145,1,Não,0.030277
P000550,2,0.24912,NEGAR,0.035,48,0.21,0.21,14133.0,53167.0,0.79,1,Não,0.250033
P000551,2,0.278439,NEGAR,0.035,24,0.21,0.2865,23292.45,58007.55,0.7135,3,Não,0.278439
P000552,5,0.090707,APROVAR,0.0282,48,0.21,0.3269,14416.29,29683.71,0.6731,7,Sim,0.090707
P000553,5,0.104822,APROVAR,0.0282,24,0.21,0.21,14007.0,52693.0,0.79,3,Não,0.107271
P000554,2,0.288295,NEGAR,0.035,60,0.21,0.4509,19208.34,23391.66,0.5491,3,Não,0.288295
P000555,2,0.270909,NEGAR,0.035,48,0.21,0.21,4620.0,17380.0,0.79,3,Sim,0.205517
P000556,7,0.06539,APROVAR,0.0256,36,0.0,0.1285,6116.6,41483.4,0.8715,5,Não,0.06539
P000557,9,0.038022,APROVAR,0.0236,48,0.0,0.4269,26425.11,35474.89,0.5731,0,Não,0.038022
P000558,10,0.027072,APROVAR,0.0227,24,0.0,0.157,8870.5,47629.5,0.843,4,Não,0.027072
P000559,1,0.367519,NEGAR,0.035,48,0.21,0.21,4620.0,17380.0,0.79,6,Não,0.284142
P000560,9,0.04233,APROVAR,0.0236,60,0.0,0.3134,18396.58,40303.42,0.6866,1,Não,0.04233
P000561,7,0.060607,APROVAR,0.0256,60,0.0,0.0751,3251.83,40048.17,0.9249,5,Não,0.060607
P000562,2,0.248726,NEGAR,0.035,36,0.21,0.5233,17949.19,16350.81,0.4767,7,Sim,0.248726
P000563,6,0.069824,APROVAR,0.0265,48,0.21,0.21,7791.0,29309.0,0.79,1,Não,0.074672
P000564,3,0.146399,NEGAR,0.0336,48,0.21,0.21,5103.0,19197.0,0.79,2,Não,0.149851
P000565,10,0.03574,APROVAR,0.0227,36,0.0,0.4104,14446.08,20753.92,0.5896,4,Não,0.03574
P000566,1,0.383787,NEGAR,0.035,36,0.21,0.21,4620.0,17380.0,0.79,3,Não,0.378999
P000567,7,0.055977,APROVAR,0.0256,60,0.0,0.1208,4493.76,32706.24,0.8792,4,Não,0.055977
P000568,8,0.046606,APROVAR,0.0247,24,0.0,0.0764,4308.96,52091.04,0.9236,3,Sim,0.046606
P000569,3,0.171384,NEGAR,0.0336,24,0.21,0.4139,15479.86,21920.14,0.5861,3,Sim,0.171384
P000570,10,0.033815,APROVAR,0.0227,60,0.0,0.5176,15735.04,14664.96,0.4824,1,Não,0.033815
P000571,10,0.034223,APROVAR,0.0227,36,0.0,0.3294,12714.84,25885.16,0.6706,1,Não,0.034223
P000572,2,0.277334,NEGAR,0.035,60,0.21,0.21,6258.0,23542.0,0.79,3,Não,0.199052
P000573,6,0.079741,APROVAR,0.0265,36,0.21,0.3836,15190.56,24409.44,0.6164,2,Não,0.079741
P000574,6,0.069876,APROVAR,0.0265,48,0.21,0.4809,46887.75,50612.25,0.5191,5,Não,0.069876
P000575,1,0.417756,NEGAR,0.035,24,0.21,0.2563,5638.6,16361.4,0.7437,6,Sim,0.417756
P000576,6,0.077873,APROVAR,0.0265,60,0.21,0.3199,7037.8,14962.2,0.6801,4,Não,0.077873
P000577,2,0.238602,NEGAR,0.035,48,0.21,0.21,6153.0,23147.0,0.79,10,Sim,0.241922
P000578,1,0.391467,NEGAR,0.035,60,0.21,0.21,6930.0,26070.0,0.79,3,Não,0.418695
P000579,6,0.073424,APROVAR,0.0265,48,0.21,0.21,6489.0,24411.0,0.79,5,Não,0.040916
P000580,10,0.032629,APROVAR,0.0227,48,0.0,0.3446,7925.8,15074.2,0.6554,4,Não,0.032629
P000581,5,0.09979,APROVAR,0.0282,60,0.21,0.21,5439.0,20461.0,0.79,12,Não,0.099213
P000582,10,0.030088,APROVAR,0.0227,36,0.0,0.5714,12570.8,9429.2,0.4286,2,Não,0.030088
P000583,1,0.354605,NEGAR,0.035,48,0.21,0.21,16023.0,60277.0,0.79,4,Não,0.18642
P000584,1,0.318763,NEGAR,0.035,48,0.21,0.21,4620.0,17380.0,0.79,3,Não,0.322227
P000585,1,0.325144,NEGAR,0.035,60,0.21,0.2254,9173.78,31526.22,0.7746,9,Sim,0.325144
P000586,5,0.100004,APROVAR,0.0282,48,0.21,0.21,16212.0,60988.0,0.79,2,Não,0.078158
P000587,10,0.025458,APROVAR,0.0227,60,0.0,0.4376,23849.2,30650.8,0.5624,2,Não,0.025458
P000588,8,0.047028,APROVAR,0.0247,36,0.0,0.2412,9840.96,30959.04,0.7588,3,Não,0.047028
P000589,9,0.041236,APROVAR,0.0236,48,0.0,0.1475,6637.5,38362.5,0.8525,10,Não,0.041236
P000590,2,0.222391,NEGAR,0.035,60,0.21,0.21,4620.0,17380.0,0.79,6,Não,0.224647
P000591,5,0.100114,APROVAR,0.0282,36,0.21,0.4757,11559.51,12740.49,0.5243,12,Não,0.100114
P000592,3,0.208772,NEGAR,0.0336,48,0.21,0.5946,15756.9,10743.1,0.4054,2,Não,0.208772
P000593,5,0.101981,APROVAR,0.0282,60,0.21,0.21,11172.0,42028.0,0.79,7,Não,0.060829
P000594,1,0.302787,NEGAR,0.035,48,0.21,0.21,5586.0,21014.0,0.79,5,Sim,0.317352
P000595,7,0.057559,APROVAR,0.0256,60,0.0,0.2677,12796.06,35003.94,0.7323,3,Não,0.057559
P000596,10,0.020717,APROVAR,0.0227,36,0.0,0.1234,4146.24,29453.76,0.8766,12,Não,0.020717
P000597,1,0.588452,NEGAR,0.035,60,0.21,0.21,4767.0,17933.0,0.79,7,Sim,0.532178
P000598,2,0.261022,NEGAR,0.035,48,0.21,0.21,5712.0,21488.0,0.79,9,Sim,0.286051
P000599,7,0.066295,APROVAR,0.0256,48,0.0,0.5132,17346.16,16453.84,0.4868,12,Não,0.066295
P000600,9,0.042195,APROVAR,0.0236,36,0.0,0.1439,3424.82,20375.18,0.8561,3,Não,0.042195
P000601,8,0.053219,APROVAR,0.0247,36,0.0,0.1869,4111.8,17888.2,0.8131,8,Não,0.053219
P000602,3,0.179006,NEGAR,0.0336,48,0.21,0.21,6069.0,22831.0,0.79,4,Sim,0.206932
P000603,4,0.128013,NEGAR,0.0303,48,0.21,0.21,7308.0,27492.0,0.79,3,Não,0.127553
P000604,10,0.035519,APROVAR,0.0227,48,0.0,0.1654,8997.76,45402.24,0.8346,2,Sim,0.035519
P000605,1,0.49476,NEGAR,0.035,60,0.21,0.21,4620.0,17380.0,0.79,2,Não,0.420786
P000606,1,0.362206,NEGAR,0.035,60,0.21,0.4457,9805.4,12194.6,0.5543,4,Não,0.362206
P000607,5,0.087032,APROVAR,0.0282,24,0.21,0.2441,18820.11,58279.89,0.7559,6,Sim,0.087032
P000608,2,0.211349,NEGAR,0.035,60,0.21,0.2132,5841.68,21558.32,0.7868,2,Sim,0.211349
P000609,1,0.574612,NEGAR,0.035,48,0.21,0.21,8043.0,30257.0,0.79,3,Não,0.384226
P000610,9,0.044291,APROVAR,0.0236,48,0.0,0.3028,20227.04,46572.96,0.6972,6,Sim,0.044291
P000611,2,0.227317,NEGAR,0.035,48,0.21,0.21,7476.0,28124.0,0.79,2,Sim,0.185128
P000612,10,0.03612,APROVAR,0.0227,60,0.0,0.1907,11556.42,49043.58,0.8093,1,Não,0.03612
P000613,7,0.056362,APROVAR,0.0256,36,0.0,0.1783,8915.0,41085.0,0.8217,4,Não,0.056362
P000614,1,0.479767,NEGAR,0.035,24,0.21,0.21,5460.0,20540.0,0.79,11,Sim,0.484445
P000615,10,0.033413,APROVAR,0.0227,24,0.0,0.153,10281.6,56918.4,0.847,7,Não,0.033413
P000616,6,0.066539,APROVAR,0.0265,36,0.21,0.21,4620.0,17380.0,0.79,5,Sim,0.066603
P000617,6,0.078444,APROVAR,0.0265,24,0.21,0.21,5355.0,20145.0,0.79,1,Não,0.039229
P000618,6,0.073831,APROVAR,0.0265,24,0.21,0.3539,22720.38,41479.62,0.6461,4,Não,0.073831
P000619,3,0.194859,NEGAR,0.0336,36,0.21,0.21,6153.0,23147.0,0.79,7,Sim,0.201508
P000620,5,0.104893,APROVAR,0.0282,36,0.21,0.4207,24610.95,33889.05,0.5793,9,Não,0.104893
P000621,5,0.087541,APROVAR,0.0282,60,0.21,0.21,30765.0,115735.0,0.79,4,Não,0.075306
P000622,2,0.258203,NEGAR,0.035,60,0.21,0.2602,5724.4,16275.6,0.7398,12,Sim,0.258203
P000623,6,0.067978,APROVAR,0.0265,48,0.21,0.268,11524.0,31476.0,0.732,9,Sim,0.067978
P000624,7,0.054804,APROVAR,0.0256,48,0.0,0.2607,10480.14,29719.86,0.7393,4,Não,0.054804
P000625,2,0.231158,NEGAR,0.035,60,0.21,0.21,11634.0,43766.0,0.79,5,Sim,0.230725
P000626,6,0.077209,APROVAR,0.0265,48,0.21,0.395,18367.5,28132.5,0.605,4,Não,0.077209
P000627,1,0.41516,NEGAR,0.035,36,0.21,0.21,5145.0,19355.0,0.79,8,Não,0.338256
P000628,8,0.044911,APROVAR,0.0247,48,0.0,0.2372,10175.88,32724.12,0.7628,4,Sim,0.044911
P000629,9,0.044087,APROVAR,0.0236,36,0.0,0.1034,3308.8,28691.2,0.8966,1,Sim,0.044087
P000630,7,0.056951,APROVAR,0.0256,48,0.0,0.3612,18312.84,32387.16,0.6388,3,Não,0.056951
P000631,10,0.033173,APROVAR,0.0227,36,0.0,0.5133,32543.22,30856.78,0.4867,1,Não,0.033173
P000632,10,0.035218,APROVAR,0.0227,48,0.0,0.4291,46643.17,62056.83,0.5709,0,Não,0.035218
P000633,7,0.055978,APROVAR,0.0256,36,0.0,0.1301,11526.86,77073.14,0.8699,5,Não,0.055978
P000634,2,0.272256,NEGAR,0.035,60,0.21,0.2139,8213.76,30186.24,0.7861,6,Não,0.272256
P000635,4,0.114941,NEGAR,0.0303,48,0.21,0.3993,14215.08,21384.92,0.6007,7,Não,0.114941
P000636,5,0.086265,APROVAR,0.0282,60,0.21,0.21,7140.0,26860.0,0.79,5,Sim,0.105149
P000637,3,0.190865,NEGAR,0.0336,60,0.21,0.5529,14154.24,11445.76,0.4471,1,Não,0.190865
P000638,7,0.055203,APROVAR,0.0256,48,0.0,0.3736,11992.56,20107.44,0.6264,2,Não,0.055203
P000639,1,0.303223,NEGAR,0.035,24,0.21,0.21,5460.0,20540.0,0.79,7,Não,0.328717
P000640,7,0.062812,APROVAR,0.0256,60,0.0,0.2666,8344.58,22955.42,0.7334,1,Não,0.062812
P000641,1,0.406863,NEGAR,0.035,48,0.21,0.2339,5145.8,16854.2,0.7661,6,Não,0.406863
P000642,1,0.45681,NEGAR,0.035,60,0.21,0.21,4620.0,17380.0,0.79,4,Não,0.330104
P000643,6,0.08306,APROVAR,0.0265,60,0.21,0.21,14028.0,52772.0,0.79,2,Não,0.080401
P000644,9,0.043917,APROVAR,0.0236,48,0.0,0.078,4758.0,56242.0,0.922,4,Não,0.043917
P000645,7,0.060056,APROVAR,0.0256,36,0.0,0.0994,5655.86,51244.14,0.9006,11,Não,0.060056
P000646,9,0.042559,APROVAR,0.0236,60,0.0,0.2504,8288.24,24811.76,0.7496,2,Não,0.042559
P000647,4,0.136539,NEGAR,0.0303,36,0.21,0.21,9219.0,34681.0,0.79,5,Sim,0.136539
P000648,10,0.033739,APROVAR,0.0227,48,0.0,0.0787,2896.16,33903.84,0.9213,1,Não,0.033739
P000649,1,0.327134,NEGAR,0.035,48,0.21,0.21,4620.0,17380.0,0.79,7,Sim,0.309191
P000650,10,0.028136,APROVAR,0.0227,60,0.0,0.2801,10503.75,26996.25,0.7199,4,Não,0.028136
P000651,8,0.053412,APROVAR,0.0247,24,0.0,0.2116,6623.08,24676.92,0.7884,2,Sim,0.053412
P000652,4,0.117746,NEGAR,0.0303,48,0.21,0.21,18501.0,69599.0,0.79,2,Não,0.051312
P000653,3,0.156991,NEGAR,0.0336,48,0.21,0.21,5712.0,21488.0,0.79,6,Não,0.163859
P000654,3,0.158939,NEGAR,0.0336,60,0.21,0.3609,17828.46,31571.54,0.6391,5,Sim,0.158939
P000655,4,0.115591,NEGAR,0.0303,48,0.21,0.452,25809.2,31290.8,0.548,8,Sim,0.115591
P000656,4,0.118835,NEGAR,0.0303,36,0.21,0.21,11403.0,42897.0,0.79,9,Sim,0.112423
P000657,8,0.048677,APROVAR,0.0247,60,0.0,0.2513,15027.74,44772.26,0.7487,3,Sim,0.048677
P000658,2,0.271471,NEGAR,0.035,48,0.21,0.3205,13268.7,28131.3,0.6795,2,Não,0.271471
P000659,2,0.263149,NEGAR,0.035,48,0.21,0.21,7455.0,28045.0,0.79,9,Não,0.304727
P000660,4,0.140109,NEGAR,0.0303,60,0.21,0.21,12579.0,47321.0,0.79,1,Sim,0.130093
P000661,1,0.45157,NEGAR,0.035,48,0.21,0.21,12411.0,46689.0,0.79,6,Não,0.466143
P000662,2,0.29857,NEGAR,0.035,24,0.21,0.3395,7469.0,14531.0,0.6605,5,Sim,0.29857
P000663,3,0.192551,NEGAR,0.0336,24,0.21,0.21,7665.0,28835.0,0.79,5,Não,0.202183
P000664,6,0.071861,APROVAR,0.0265,60,0.21,0.21,9366.0,35234.0,0.79,6,Não,0.06213
P000665,7,0.065765,APROVAR,0.0256,60,0.0,0.2608,7745.76,21954.24,0.7392,3,Não,0.065765
P000666,1,0.460054,NEGAR,0.035,36,0.21,0.21,7812.0,29388.0,0.79,6,Não,0.508316
P000667,8,0.049633,APROVAR,0.0247,48,0.0,0.0804,3947.64,45152.36,0.9196,5,Não,0.049633
P000668,1,0.527538,NEGAR,0.035,60,0.21,0.21,6825.0,25675.0,0.79,4,Não,0.526697
P000669,2,0.262326,NEGAR,0.035,36,0.21,0.21,8673.0,32627.0,0.79,2,Não,0.214627
P000670,9,0.038212,APROVAR,0.0236,48,0.0,0.1546,7791.84,42608.16,0.8454,3,Não,0.038212
P000671,3,0.170089,NEGAR,0.0336,36,0.21,0.21,11004.0,41396.0,0.79,1,Sim,0.166786
P000672,6,0.066776,APROVAR,0.0265,60,0.21,0.21,4620.0,17380.0,0.79,6,Não,0.053651
P000673,9,0.036982,APROVAR,0.0236,36,0.0,0.4284,21934.08,29265.92,0.5716,4,Não,0.036982
P000674,7,0.054974,APROVAR,0.0256,60,0.0,0.02,1804.0,88396.0,0.98,1,Sim,0.054974
P000675,3,0.207481,NEGAR,0.0336,36,0.21,0.21,9450.0,35550.0,0.79,4,Não,0.107809
P000676,1,0.456534,NEGAR,0.035,48,0.21,0.21,4620.0,17380.0,0.79,7,Não,0.448556
P000677,10,0.032207,APROVAR,0.0227,48,0.0,0.3118,19643.4,43356.6,0.6882,2,Sim,0.032207
P000678,3,0.1981,NEGAR,0.0336,48,0.21,0.23,5060.0,16940.0,0.77,4,Não,0.1981
P000679,10,0.026173,APROVAR,0.0227,60,0.0,0.1482,8002.8,45997.2,0.8518,4,Não,0.026173
P000680,10,0.029263,APROVAR,0.0227,48,0.0,0.7406,28587.16,10012.84,0.2594,3,Não,0.029263
P000681,9,0.040599,APROVAR,0.0236,48,0.0,0.274,6767.8,17932.2,0.726,8,Não,0.040599
P000682,1,0.312391,NEGAR,0.035,24,0.21,0.2658,5847.6,16152.4,0.7342,1,Sim,0.312391
P000683,9,0.037586,APROVAR,0.0236,36,0.0,0.5525,24641.5,19958.5,0.4475,9,Não,0.037586
P000684,1,0.304364,NEGAR,0.035,48,0.21,0.2719,7857.91,21042.09,0.7281,8,Não,0.304364
P000685,6,0.08347,APROVAR,0.0265,48,0.21,0.21,16128.0,60672.0,0.79,3,Sim,0.076658
P000686,7,0.058854,APROVAR,0.0256,60,0.0,0.3845,16956.45,27143.55,0.6155,7,Não,0.058854
P000687,9,0.040662,APROVAR,0.0236,24,0.0,0.3423,15916.95,30583.05,0.6577,2,Sim,0.040662
P000688,9,0.041355,APROVAR,0.0236,36,0.0,0.4119,10750.59,15349.41,0.5881,3,Não,0.041355
P000689,9,0.042002,APROVAR,0.0236,60,0.0,0.1203,5509.74,40290.26,0.8797,5,Não,0.042002
P000690,7,0.066063,APROVAR,0.0256,48,0.0,0.1362,4331.16,27468.84,0.8638,7,Não,0.066063
P000691,6,0.081065,APROVAR,0.0265,48,0.21,0.3203,7911.41,16788.59,0.6797,1,Não,0.081065
P000692,10,0.021843,APROVAR,0.0227,48,0.0,0.3458,7607.6,14392.4,0.6542,12,Não,0.021843
P000693,8,0.046851,APROVAR,0.0247,36,0.0,0.4309,22062.08,29137.92,0.5691,3,Não,0.046851
P000694,2,0.265665,NEGAR,0.035,48,0.21,0.21,6468.0,24332.0,0.79,1,Não,0.158672
P000695,10,0.033411,APROVAR,0.0227,48,0.0,0.5568,47940.48,38159.52,0.4432,2,Não,0.033411
P000696,4,0.127657,NEGAR,0.0303,48,0.21,0.4913,10808.6,11191.4,0.5087,9,Sim,0.127657
P000697,10,0.030116,APROVAR,0.0227,48,0.0,0.5922,34288.38,23611.62,0.4078,5,Não,0.030116
P000698,3,0.186789,NEGAR,0.0336,36,0.21,0.21,9114.0,34286.0,0.79,3,Não,0.167589
P000699,3,0.164515,NEGAR,0.0336,48,0.21,0.3495,12686.85,23613.15,0.6505,2,Não,0.164515
P000700,1,0.307229,NEGAR,0.035,60,0.21,0.21,4620.0,17380.0,0.79,1,Sim,0.307727
P000701,8,0.047984,APROVAR,0.0247,48,0.0,0.1913,7231.14,30568.86,0.8087,5,Não,0.047984
P000702,8,0.046877,APROVAR,0.0247,36,0.0,0.1318,7473.06,49226.94,0.8682,2,Não,0.046877
P000703,2,0.210757,NEGAR,0.035,60,0.21,0.21,7518.0,28282.0,0.79,4,Sim,0.221137
P000704,2,0.268604,NEGAR,0.035,48,0.21,0.3717,9032.31,15267.69,0.6283,7,Não,0.268604
P000705,10,0.033129,APROVAR,0.0227,48,0.0,0.5206,25821.76,23778.24,0.4794,3,Não,0.033129
P000706,7,0.063474,APROVAR,0.0256,24,0.0,0.2915,19239.0,46761.0,0.7085,5,Não,0.063474
P000707,1,0.332889,NEGAR,0.035,36,0.21,0.21,6888.0,25912.0,0.79,3,Não,0.297162
P000708,1,0.83218,NEGAR,0.035,60,0.21,0.21,4620.0,17380.0,0.79,6,Não,0.83218
P000709,2,0.287246,NEGAR,0.035,60,0.21,0.21,4620.0,17380.0,0.79,1,Não,0.305449
P000710,4,0.132591,NEGAR,0.0303,48,0.21,0.21,9156.0,34444.0,0.79,1,Não,0.128684
P000711,1,0.41771,NEGAR,0.035,60,0.21,0.21,4620.0,17380.0,0.79,12,Sim,0.303105
P000712,4,0.132573,NEGAR,0.0303,24,0.21,0.3489,7675.8,14324.2,0.6511,7,Sim,0.132573
P000713,3,0.173821,NEGAR,0.0336,60,0.21,0.21,10080.0,37920.0,0.79,1,Sim,0.173821
P000714,2,0.290541,NEGAR,0.035,48,0.21,0.21,5187.0,19513.0,0.79,1,Sim,0.295427
P000715,10,0.029085,APROVAR,0.0227,48,0.0,0.3493,22879.15,42620.85,0.6507,1,Não,0.029085
P000716,3,0.179216,NEGAR,0.0336,36,0.21,0.21,17598.0,66202.0,0.79,2,Não,0.089888
P000717,8,0.046872,APROVAR,0.0247,60,0.0,0.1742,3832.4,18167.6,0.8258,5,Não,0.046872
P000718,3,0.169088,NEGAR,0.0336,60,0.21,0.2162,14961.04,54238.96,0.7838,1,Não,0.169088
P000719,7,0.054392,APROVAR,0.0256,48,0.0,0.2816,17149.44,43750.56,0.7184,5,Não,0.054392
P000720,3,0.17328,NEGAR,0.0336,24,0.21,0.2454,6503.1,19996.9,0.7546,5,Não,0.17328
P000721,9,0.040225,APROVAR,0.0236,48,0.0,0.1153,3136.16,24063.84,0.8847,2,Não,0.040225
P000722,7,0.057167,APROVAR,0.0256,60,0.0,0.1293,3633.33,24466.67,0.8707,5,Não,0.057167
P000723,3,0.179665,NEGAR,0.0336,24,0.21,0.21,7833.0,29467.0,0.79,8,Sim,0.197951
P000724,3,0.18948,NEGAR,0.0336,48,0.21,0.21,18228.0,68572.0,0.79,4,Não,0.206722
P000725,10,0.030598,APROVAR,0.0227,36,0.0,0.3393,14318.46,27881.54,0.6607,6,Não,0.030598
P000726,9,0.04043,APROVAR,0.0236,48,0.0,0.2498,15312.74,45987.26,0.7502,2,Sim,0.04043
P000727,6,0.075267,APROVAR,0.0265,48,0.21,0.4661,22326.19,25573.81,0.5339,2,Não,0.075267
P000728,1,0.370072,NEGAR,0.035,48,0.21,0.21,4620.0,17380.0,0.79,12,Não,0.306159
P000729,10,0.03618,APROVAR,0.0227,48,0.0,0.299,27059.5,63440.5,0.701,5,Sim,0.03618
P000730,4,0.136454,NEGAR,0.0303,36,0.21,0.21,5817.0,21883.0,0.79,1,Não,0.125649
P000731,10,0.030934,APROVAR,0.0227,24,0.0,0.4364,25136.64,32463.36,0.5636,4,Não,0.030934
P000732,3,0.197929,NEGAR,0.0336,48,0.21,0.3078,20037.78,45062.22,0.6922,7,Não,0.197929
P000733,1,0.302867,NEGAR,0.035,48,0.21,0.2277,6512.22,22087.78,0.7723,3,Não,0.302867
P000734,7,0.059365,APROVAR,0.0256,24,0.0,0.1689,3850.92,18949.08,0.8311,1,Não,0.059365
P000735,2,0.217481,NEGAR,0.035,60,0.21,0.21,8169.0,30731.0,0.79,7,Não,0.181483
P000736,1,0.774541,NEGAR,0.035,60,0.21,0.21,7056.0,26544.0,0.79,3,Sim,0.797321
P000737,2,0.25396,NEGAR,0.035,36,0.21,0.21,5733.0,21567.0,0.79,1,Sim,0.281808
P000738,10,0.034022,APROVAR,0.0227,36,0.0,0.2935,21983.15,52916.85,0.7065,1,Não,0.034022
P000739,9,0.038454,APROVAR,0.0236,24,0.0,0.1163,5280.02,40119.98,0.8837,3,Não,0.038454
P000740,1,0.638818,NEGAR,0.035,60,0.21,0.21,6699.0,25201.0,0.79,5,Não,0.629243
P000741,7,0.063682,APROVAR,0.0256,48,0.0,0.3764,9786.4,16213.6,0.6236,6,Não,0.063682
P000742,4,0.121795,NEGAR,0.0303,48,0.21,0.21,8442.0,31758.0,0.79,4,Sim,0.108573
P000743,3,0.195663,NEGAR,0.0336,24,0.21,0.21,12327.0,46373.0,0.79,5,Não,0.203856
P000744,8,0.04665,APROVAR,0.0247,48,0.0,0.4258,17032.0,22968.0,0.5742,5,Não,0.04665
P000745,8,0.05262,APROVAR,0.0247,48,0.0,0.2035,13390.3,52409.7,0.7965,1,Não,0.05262
P000746,8,0.053534,APROVAR,0.0247,36,0.0,0.1966,5072.28,20727.72,0.8034,1,Não,0.053534
P000747,5,0.085402,APROVAR,0.0282,24,0.21,0.21,6951.0,26149.0,0.79,2,Não,0.085402
P000748,2,0.212838,NEGAR,0.035,60,0.21,0.446,11819.0,14681.0,0.554,2,Não,0.212838
P000749,1,0.405625,NEGAR,0.035,60,0.21,0.21,4620.0,17380.0,0.79,6,Sim,0.236775
P000750,3,0.173824,NEGAR,0.0336,48,0.21,0.21,5607.0,21093.0,0.79,8,Sim,0.166305
P000751,8,0.04982,APROVAR,0.0247,48,0.0,0.3856,8483.2,13516.8,0.6144,5,Não,0.04982
P000752,3,0.165886,NEGAR,0.0336,48,0.21,0.4469,34679.44,42920.56,0.5531,2,Não,0.165886
P000753,10,0.030266,APROVAR,0.0227,36,0.0,0.1783,3922.6,18077.4,0.8217,10,Não,0.030266
P000754,1,0.455147,NEGAR,0.035,48,0.21,0.2492,10865.12,32734.88,0.7508,4,Não,0.455147
P000755,10,0.030619,APROVAR,0.0227,36,0.0,0.1784,9419.52,43380.48,0.8216,3,Não,0.030619
P000756,6,0.06831,APROVAR,0.0265,24,0.21,0.257,13184.1,38115.9,0.743,5,Não,0.06831
P000757,4,0.131486,NEGAR,0.0303,36,0.21,0.21,5691.0,21409.0,0.79,5,Não,0.073909
P000758,4,0.141645,NEGAR,0.0303,48,0.21,0.2232,6919.2,24080.8,0.7768,6,Sim,0.141645
P000759,1,0.312658,NEGAR,0.035,36,0.21,0.21,6237.0,23463.0,0.79,10,Não,0.315855
P000760,3,0.180216,NEGAR,0.0336,48,0.21,0.21,4620.0,17380.0,0.79,12,Sim,0.177588
P000761,10,0.022831,APROVAR,0.0227,48,0.0,0.4658,31907.3,36592.7,0.5342,6,Não,0.022831
P000762,9,0.038671,APROVAR,0.0236,36,0.0,0.4328,18394.0,24106.0,0.5672,2,Não,0.038671
P000763,6,0.07205,APROVAR,0.0265,36,0.21,0.21,6195.0,23305.0,0.79,2,Sim,0.032284
P000764,3,0.168075,NEGAR,0.0336,24,0.21,0.2978,15545.16,36654.84,0.7022,2,Não,0.168075
P000765,10,0.025789,APROVAR,0.0227,24,0.0,0.1111,2488.64,19911.36,0.8889,5,Não,0.025789
P000766,10,0.032291,APROVAR,0.0227,60,0.0,0.2095,19797.75,74702.25,0.7905,2,Não,0.032291
P000767,3,0.146436,NEGAR,0.0336,48,0.21,0.21,11004.0,41396.0,0.79,2,Sim,0.145125
P000768,3,0.163748,NEGAR,0.0336,48,0.21,0.2865,8193.9,20406.1,0.7135,5,Não,0.163748
P000769,10,0.032902,APROVAR,0.0227,60,0.0,0.5738,12623.6,9376.4,0.4262,5,Não,0.032902
P000770,2,0.222264,NEGAR,0.035,48,0.21,0.21,14448.0,54352.0,0.79,3,Não,0.236529
P000771,9,0.041984,APROVAR,0.0236,48,0.0,0.3048,19050.0,43450.0,0.6952,2,Não,0.041984
P000772,10,0.032457,APROVAR,0.0227,48,0.0,0.165,10791.0,54609.0,0.835,2,Não,0.032457
P000773,1,0.316349,NEGAR,0.035,48,0.21,0.4382,9947.14,12752.86,0.5618,4,Não,0.316349
P000774,10,0.031768,APROVAR,0.0227,36,0.0,0.4158,17879.4,25120.6,0.5842,1,Não,0.031768
P000775,1,0.393788,NEGAR,0.035,60,0.21,0.293,8204.0,19796.0,0.707,1,Sim,0.393788
P000776,9,0.038137,APROVAR,0.0236,48,0.0,0.3407,9948.44,19251.56,0.6593,6,Não,0.038137
P000777,10,0.027906,APROVAR,0.0227,36,0.0,0.176,8852.8,41447.2,0.824,7,Não,0.027906
P000778,6,0.067296,APROVAR,0.0265,60,0.21,0.21,6321.0,23779.0,0.79,5,Não,0.06703
P000779,7,0.063615,APROVAR,0.0256,36,0.0,0.23,22287.0,74613.0,0.77,4,Não,0.063615
P000780,7,0.061986,APROVAR,0.0256,60,0.0,0.3116,14302.44,31597.56,0.6884,4,Não,0.061986
P000781,6,0.083845,APROVAR,0.0265,60,0.21,0.2501,7202.88,21597.12,0.7499,10,Não,0.083845
P000782,1,0.30697,NEGAR,0.035,48,0.21,0.3127,6910.67,15189.33,0.6873,12,Não,0.30697
P000783,2,0.300078,NEGAR,0.035,60,0.21,0.21,17598.0,66202.0,0.79,2,Não,0.233854
P000784,3,0.207512,NEGAR,0.0336,60,0.21,0.5169,32874.84,30725.16,0.4831,4,Não,0.207512
P000785,4,0.126107,NEGAR,0.0303,36,0.21,0.444,27306.0,34194.0,0.556,4,Não,0.126107
P000786,6,0.069021,APROVAR,0.0265,24,0.21,0.21,4935.0,18565.0,0.79,3,Não,0.069145
P000787,9,0.042832,APROVAR,0.0236,36,0.0,0.0793,2164.89,25135.11,0.9207,2,Não,0.042832
P000788,2,0.295149,NEGAR,0.035,60,0.21,0.21,5565.0,20935.0,0.79,7,Não,0.304236
P000789,9,0.042274,APROVAR,0.0236,60,0.0,0.3567,12734.19,22965.81,0.6433,1,Não,0.042274
P000790,5,0.084412,APROVAR,0.0282,36,0.21,0.21,6804.0,25596.0,0.79,3,Sim,0.079231
P000791,1,0.627055,NEGAR,0.035,36,0.21,0.21,5313.0,19987.0,0.79,7,Sim,0.544811
P000792,6,0.069849,APROVAR,0.0265,48,0.21,0.21,5985.0,22515.0,0.79,12,Não,0.07253
P000793,8,0.048894,APROVAR,0.0247,36,0.0,0.1055,5528.2,46871.8,0.8945,1,Não,0.048894
P000794,2,0.214163,NEGAR,0.035,60,0.21,0.3457,12272.35,23227.65,0.6543,9,Não,0.214163
P000795,2,0.274114,NEGAR,0.035,48,0.21,0.21,4620.0,17380.0,0.79,5,Sim,0.294405
P000796,1,0.378935,NEGAR,0.035,36,0.21,0.21,9177.0,34523.0,0.79,5,Sim,0.376436
P000797,9,0.043636,APROVAR,0.0236,60,0.0,0.3569,18665.87,33634.13,0.6431,2,Não,0.043636
P000798,4,0.108683,NEGAR,0.0303,48,0.21,0.2297,5443.89,18256.11,0.7703,3,Não,0.108683
P000799,8,0.052096,APROVAR,0.0247,36,0.0,0.4456,25622.0,31878.0,0.5544,4,Sim,0.052096
P000800,9,0.042881,APROVAR,0.0236,24,0.0,0.4185,19167.3,26632.7,0.5815,6,Não,0.042881
P000801,8,0.053311,APROVAR,0.0247,36,0.0,0.4068,23635.08,34464.92,0.5932,1,Não,0.053311
P000802,3,0.150588,NEGAR,0.0336,24,0.21,0.21,9303.0,34997.0,0.79,2,Não,0.150588
P000803,8,0.046596,APROVAR,0.0247,24,0.0,0.0759,4189.68,51010.32,0.9241,0,Não,0.046596
P000804,7,0.057794,APROVAR,0.0256,60,0.0,0.2235,9811.65,34088.35,0.7765,8,Não,0.057794
P000805,10,0.029894,APROVAR,0.0227,60,0.0,0.3055,19215.95,43684.05,0.6945,5,Não,0.029894
P000806,2,0.280835,NEGAR,0.035,60,0.21,0.212,5830.0,21670.0,0.788,10,Não,0.280835
P000807,8,0.045023,APROVAR,0.0247,60,0.0,0.2039,8298.73,32401.27,0.7961,1,Não,0.045023
P000808,2,0.278473,NEGAR,0.035,36,0.21,0.306,8200.8,18599.2,0.694,12,Não,0.278473
P000809,10,0.036872,APROVAR,0.0227,60,0.0,0.2069,5234.57,20065.43,0.7931,2,Não,0.036872
P000810,5,0.09132,APROVAR,0.0282,36,0.21,0.3262,7339.5,15160.5,0.6738,5,Não,0.09132
P000811,1,0.318626,NEGAR,0.035,48,0.21,0.21,5418.0,20382.0,0.79,6,Sim,0.335581
P000812,9,0.041037,APROVAR,0.0236,36,0.0,0.0939,4234.89,40865.11,0.9061,2,Não,0.041037
P000813,4,0.120427,NEGAR,0.0303,48,0.21,0.21,5523.0,20777.0,0.79,5,Sim,0.061388
P000814,2,0.288531,NEGAR,0.035,36,0.21,0.2523,5929.05,17570.95,0.7477,4,Sim,0.288531
P000815,10,0.03238,APROVAR,0.0227,36,0.0,0.4145,25077.25,35422.75,0.5855,3,Sim,0.03238
P000816,1,0.33273,NEGAR,0.035,36,0.21,0.21,5439.0,20461.0,0.79,8,Não,0.258884
P000817,4,0.127396,NEGAR,0.0303,48,0.21,0.4351,21363.41,27736.59,0.5649,5,Não,0.127396
P000818,1,0.324211,NEGAR,0.035,48,0.21,0.2877,13378.05,33121.95,0.7123,10,Não,0.324211
P000819,6,0.071356,APROVAR,0.0265,24,0.21,0.21,4977.0,18723.0,0.79,4,Não,0.071356
P000820,7,0.060875,APROVAR,0.0256,48,0.0,0.1905,16059.15,68240.85,0.8095,8,Não,0.060875
P000821,8,0.05103,APROVAR,0.0247,24,0.0,0.2448,10599.84,32700.16,0.7552,2,Não,0.05103
P000822,10,0.027164,APROVAR,0.0227,36,0.0,0.1681,5698.59,28201.41,0.8319,3,Não,0.027164
P000823,5,0.102608,APROVAR,0.0282,36,0.21,0.2595,11807.25,33692.75,0.7405,5,Não,0.102608
P000824,3,0.198932,NEGAR,0.0336,36,0.21,0.2698,23904.28,64695.72,0.7302,3,Não,0.198932
P000825,9,0.038512,APROVAR,0.0236,36,0.0,0.2348,14557.6,47442.4,0.7652,1,Sim,0.038512
P000826,1,0.464584,NEGAR,0.035,60,0.21,0.21,6069.0,22831.0,0.79,12,Não,0.46356
P000827,9,0.040883,APROVAR,0.0236,36,0.0,0.1166,7077.62,53622.38,0.8834,4,Não,0.040883
P000828,3,0.185369,NEGAR,0.0336,36,0.21,0.2106,10719.54,40180.46,0.7894,4,Sim,0.185369
P000829,2,0.26509,NEGAR,0.035,48,0.21,0.21,8757.0,32943.0,0.79,4,Sim,0.255942
P000830,2,0.299,NEGAR,0.035,60,0.21,0.2428,12892.68,40207.32,0.7572,2,Não,0.299
P000831,6,0.080616,APROVAR,0.0265,36,0.21,0.21,17934.0,67466.0,0.79,2,Não,0.079169
P000832,9,0.041454,APROVAR,0.0236,36,0.0,0.2196,4831.2,17168.8,0.7804,12,Não,0.041454
P000833,6,0.071279,APROVAR,0.0265,24,0.21,0.21,7791.0,29309.0,0.79,0,Não,0.06793
P000834,3,0.154472,NEGAR,0.0336,60,0.21,0.21,10731.0,40369.0,0.79,3,Não,0.132834
P000835,8,0.045555,APROVAR,0.0247,24,0.0,0.2934,29134.62,70165.38,0.7066,4,Sim,0.045555
P000836,8,0.054017,APROVAR,0.0247,24,0.0,0.1082,2564.34,21135.66,0.8918,2,Sim,0.054017
P000837,3,0.184691,NEGAR,0.0336,24,0.21,0.21,11718.0,44082.0,0.79,0,Não,0.173721
P000838,6,0.079412,APROVAR,0.0265,36,0.21,0.21,5439.0,20461.0,0.79,4,Não,0.084626
P000839,1,0.385209,NEGAR,0.035,60,0.21,0.21,4620.0,17380.0,0.79,4,Não,0.385209
P000840,6,0.066557,APROVAR,0.0265,48,0.21,0.3903,12723.78,19876.22,0.6097,8,Não,0.066557
P000841,9,0.042987,APROVAR,0.0236,48,0.0,0.2083,6165.68,23434.32,0.7917,3,Não,0.042987
P000842,8,0.047284,APROVAR,0.0247,36,0.0,0.3419,19898.58,38301.42,0.6581,3,Não,0.047284
P000843,5,0.106198,APROVAR,0.0282,24,0.21,0.21,5187.0,19513.0,0.79,10,Sim,0.065038
P000844,7,0.066274,APROVAR,0.0256,48,0.0,0.237,5214.0,16786.0,0.763,3,Sim,0.066274
P000845,6,0.072874,APROVAR,0.0265,48,0.21,0.21,5250.0,19750.0,0.79,2,Não,0.073081
P000846,1,0.484753,NEGAR,0.035,24,0.21,0.21,4620.0,17380.0,0.79,7,Sim,0.492456
P000847,7,0.061514,APROVAR,0.0256,36,0.0,0.1449,4057.2,23942.8,0.8551,1,Não,0.061514
P000848,7,0.06337,APROVAR,0.0256,36,0.0,0.1694,9638.86,47261.14,0.8306,9,Não,0.06337
P000849,4,0.107054,NEGAR,0.0303,48,0.21,0.21,10752.0,40448.0,0.79,1,Não,0.098806
P000850,10,0.026996,APROVAR,0.0227,36,0.0,0.3246,25805.7,53694.3,0.6754,4,Não,0.026996
P000851,2,0.290558,NEGAR,0.035,36,0.21,0.3551,7812.2,14187.8,0.6449,7,Não,0.290558
P000852,6,0.075586,APROVAR,0.0265,24,0.21,0.21,10794.0,40606.0,0.79,4,Não,0.075586
P000853,5,0.098147,APROVAR,0.0282,48,0.21,0.3102,39767.64,88432.36,0.6898,0,Não,0.098147
P000854,4,0.132138,NEGAR,0.0303,36,0.21,0.21,7833.0,29467.0,0.79,4,Não,0.133012
P000855,5,0.098228,APROVAR,0.0282,24,0.21,0.21,16149.0,60751.0,0.79,4,Não,0.069613
P000856,10,0.034332,APROVAR,0.0227,24,0.0,0.2463,16083.39,49216.61,0.7537,7,Não,0.034332
P000857,9,0.043242,APROVAR,0.0236,24,0.0,0.0503,1906.37,35993.63,0.9497,3,Sim,0.043242
P000858,7,0.063056,APROVAR,0.0256,60,0.0,0.1831,9081.76,40518.24,0.8169,1,Não,0.063056
P000859,6,0.070911,APROVAR,0.0265,48,0.21,0.21,6783.0,25517.0,0.79,2,Não,0.046552
P000860,6,0.077541,APROVAR,0.0265,48,0.21,0.2978,29035.5,68464.5,0.7022,6,Não,0.077541
P000861,8,0.047428,APROVAR,0.0247,36,0.0,0.4278,15229.68,20370.32,0.5722,2,Não,0.047428
P000862,6,0.08333,APROVAR,0.0265,60,0.21,0.21,10689.0,40211.0,0.79,9,Não,0.082828
P000863,4,0.109828,NEGAR,0.0303,36,0.21,0.2706,5953.2,16046.8,0.7294,7,Não,0.109828
P000864,7,0.064341,APROVAR,0.0256,48,0.0,0.3188,10074.08,21525.92,0.6812,12,Não,0.064341
P000865,4,0.129922,NEGAR,0.0303,36,0.21,0.3451,28815.85,54684.15,0.6549,2,Não,0.129922
P000866,3,0.15814,NEGAR,0.0336,36,0.21,0.21,6783.0,25517.0,0.79,6,Não,0.181113
P000867,6,0.071773,APROVAR,0.0265,24,0.21,0.21,13272.0,49928.0,0.79,1,Não,0.072497
P000868,10,0.023196,APROVAR,0.0227,60,0.0,0.2788,11625.96,30074.04,0.7212,3,Não,0.023196
P000869,6,0.079959,APROVAR,0.0265,48,0.21,0.21,5670.0,21330.0,0.79,1,Sim,0.087183
P000870,2,0.213199,NEGAR,0.035,24,0.21,0.2909,6399.8,15600.2,0.7091,1,Sim,0.213199
P000871,2,0.297718,NEGAR,0.035,24,0.21,0.21,7161.0,26939.0,0.79,6,Sim,0.248078
P000872,6,0.067878,APROVAR,0.0265,24,0.21,0.21,8442.0,31758.0,0.79,2,Não,0.062863
P000873,2,0.292563,NEGAR,0.035,60,0.21,0.21,6384.0,24016.0,0.79,7,Não,0.281227
P000874,4,0.125742,NEGAR,0.0303,36,0.21,0.21,14616.0,54984.0,0.79,8,Não,0.130913
P000875,1,0.317213,NEGAR,0.035,24,0.21,0.21,4620.0,17380.0,0.79,9,Não,0.240057
P000876,4,0.109389,NEGAR,0.0303,48,0.21,0.21,4620.0,17380.0,0.79,5,Sim,0.108069
P000877,3,0.175405,NEGAR,0.0336,24,0.21,0.2963,17066.88,40533.12,0.7037,10,Não,0.175405
P000878,1,0.394599,NEGAR,0.035,60,0.21,0.21,4620.0,17380.0,0.79,9,Sim,0.305989
P000879,2,0.265032,NEGAR,0.035,24,0.21,0.21,4620.0,17380.0,0.79,4,Não,0.277466
P000880,10,0.035404,APROVAR,0.0227,36,0.0,0.2121,4878.3,18121.7,0.7879,2,Não,0.035404
P000881,5,0.084257,APROVAR,0.0282,48,0.21,0.21,4620.0,17380.0,0.79,1,Não,0.085494
P000882,4,0.113952,NEGAR,0.0303,48,0.21,0.2886,8658.0,21342.0,0.7114,2,Sim,0.113952
P000883,3,0.180243,NEGAR,0.0336,24,0.21,0.4237,22837.43,31062.57,0.5763,3,Não,0.180243
P000884,4,0.114339,NEGAR,0.0303,36,0.21,0.21,11172.0,42028.0,0.79,3,Não,0.099993
P000885,6,0.066641,APROVAR,0.0265,36,0.21,0.4112,33142.72,47457.28,0.5888,5,Não,0.066641
P000886,8,0.047023,APROVAR,0.0247,36,0.0,0.1465,7705.9,44894.1,0.8535,3,Não,0.047023
P000887,8,0.048642,APROVAR,0.0247,60,0.0,0.1624,10507.28,54192.72,0.8376,5,Não,0.048642
P000888,5,0.105699,APROVAR,0.0282,24,0.21,0.21,9933.0,37367.0,0.79,3,Não,0.050141
P000889,7,0.058265,APROVAR,0.0256,24,0.0,0.0907,2022.61,20277.39,0.9093,2,Sim,0.058265
P000890,2,0.232418,NEGAR,0.035,60,0.21,0.5649,42932.4,33067.6,0.4351,7,Não,0.232418
P000891,6,0.076789,APROVAR,0.0265,36,0.21,0.21,6426.0,24174.0,0.79,1,Não,0.038362
P000892,6,0.07898,APROVAR,0.0265,48,0.21,0.21,7938.0,29862.0,0.79,5,Não,0.077829
P000893,9,0.039472,APROVAR,0.0236,48,0.0,0.0996,3137.4,28362.6,0.9004,5,Não,0.039472
P000894,4,0.127679,NEGAR,0.0303,60,0.21,0.3187,24189.33,51710.67,0.6813,7,Não,0.127679
P000895,4,0.114661,NEGAR,0.0303,60,0.21,0.21,4620.0,17380.0,0.79,12,Não,0.075523
P000896,7,0.061668,APROVAR,0.0256,48,0.0,0.1645,10610.25,53889.75,0.8355,2,Não,0.061668
P000897,1,0.428609,NEGAR,0.035,60,0.21,0.21,4620.0,17380.0,0.79,5,Não,0.366602
P000898,9,0.037099,APROVAR,0.0236,24,0.0,0.1002,4789.56,43010.44,0.8998,1,Não,0.037099
P000899,2,0.266724,NEGAR,0.035,48,0.21,0.4617,22346.28,26053.72,0.5383,4,Sim,0.266724
P000900,1,0.325854,NEGAR,0.035,60,0.21,0.21,5397.0,20303.0,0.79,4,Não,0.291844
P000901,6,0.068156,APROVAR,0.0265,36,0.21,0.21,6825.0,25675.0,0.79,12,Não,0.05939
P000902,9,0.040082,APROVAR,0.0236,48,0.0,0.336,13104.0,25896.0,0.664,8,Sim,0.040082
P000903,8,0.045523,APROVAR,0.0247,60,0.0,0.1628,12063.48,62036.52,0.8372,2,Sim,0.045523
P000904,3,0.184724,NEGAR,0.0336,48,0.21,0.21,10500.0,39500.0,0.79,4,Não,0.101935
P000905,4,0.126382,NEGAR,0.0303,36,0.21,0.21,4620.0,17380.0,0.79,1,Não,0.11489
P000906,3,0.174616,NEGAR,0.0336,24,0.21,0.4221,13085.1,17914.9,0.5779,11,Sim,0.174616
P000907,1,0.426269,NEGAR,0.035,48,0.21,0.21,4620.0,17380.0,0.79,6,Sim,0.423874
P000908,7,0.06395,APROVAR,0.0256,36,0.0,0.0794,2509.04,29090.96,0.9206,5,Não,0.06395
P000909,1,0.38828,NEGAR,0.035,36,0.21,0.21,11550.0,43450.0,0.79,7,Não,0.281227
P000910,6,0.06773,APROVAR,0.0265,36,0.21,0.2366,14054.04,45345.96,0.7634,2,Não,0.06773
P000911,2,0.251469,NEGAR,0.035,48,0.21,0.21,4620.0,17380.0,0.79,3,Não,0.251583
P000912,1,0.39959,NEGAR,0.035,60,0.21,0.21,4662.0,17538.0,0.79,5,Não,0.401868
P000913,7,0.054448,APROVAR,0.0256,48,0.0,0.2287,5557.41,18742.59,0.7713,3,Não,0.054448
P000914,8,0.050673,APROVAR,0.0247,48,0.0,0.3279,11181.39,22918.61,0.6721,4,Não,0.050673
P000915,6,0.073695,APROVAR,0.0265,48,0.21,0.21,7245.0,27255.0,0.79,11,Não,0.080751
P000916,6,0.07211,APROVAR,0.0265,36,0.21,0.3634,13191.42,23108.58,0.6366,7,Não,0.07211
P000917,2,0.219751,NEGAR,0.035,60,0.21,0.2804,12253.48,31446.52,0.7196,11,Não,0.219751
P000918,6,0.077908,APROVAR,0.0265,24,0.21,0.21,10101.0,37999.0,0.79,7,Não,0.079267
P000919,7,0.064987,APROVAR,0.0256,48,0.0,0.1479,16047.15,92452.85,0.8521,2,Não,0.064987
P000920,3,0.161419,NEGAR,0.0336,48,0.21,0.21,6342.0,23858.0,0.79,5,Não,0.154735
P000921,5,0.105612,APROVAR,0.0282,60,0.21,0.4743,13090.68,14509.32,0.5257,1,Não,0.105612
P000922,1,0.316919,NEGAR,0.035,36,0.21,0.2243,10317.8,35682.2,0.7757,3,Não,0.316919
P000923,6,0.076278,APROVAR,0.0265,24,0.21,0.21,23646.0,88954.0,0.79,4,Sim,0.070632
P000924,4,0.131264,NEGAR,0.0303,36,0.21,0.21,6741.0,25359.0,0.79,5,Não,0.127131
P000925,10,0.033185,APROVAR,0.0227,24,0.0,0.1589,8072.12,42727.88,0.8411,12,Não,0.033185
P000926,7,0.060617,APROVAR,0.0256,36,0.0,0.2201,8826.01,31273.99,0.7799,1,Não,0.060617
P000927,2,0.287185,NEGAR,0.035,48,0.21,0.21,7056.0,26544.0,0.79,4,Não,0.16971
P000928,7,0.055728,APROVAR,0.0256,48,0.0,0.1869,4952.85,21547.15,0.8131,3,Não,0.055728
P000929,2,0.230764,NEGAR,0.035,60,0.21,0.21,20391.0,76709.0,0.79,7,Sim,0.221415
P000930,10,0.02291,APROVAR,0.0227,36,0.0,0.5796,32457.6,23542.4,0.4204,1,Não,0.02291
P000931,8,0.049911,APROVAR,0.0247,24,0.0,0.2293,21233.18,71366.82,0.7707,8,Não,0.049911
P000932,1,0.536642,NEGAR,0.035,48,0.21,0.21,10542.0,39658.0,0.79,6,Sim,0.346309
P000933,3,0.152837,NEGAR,0.0336,48,0.21,0.2981,6558.2,15441.8,0.7019,4,Sim,0.152837
P000934,8,0.047393,APROVAR,0.0247,60,0.0,0.114,7786.2,60513.8,0.886,9,Não,0.047393
P000935,5,0.103675,APROVAR,0.0282,24,0.21,0.21,4620.0,17380.0,0.79,4,Não,0.09212
P000936,10,0.030869,APROVAR,0.0227,48,0.0,0.1271,6380.42,43819.58,0.8729,4,Não,0.030869
P000937,1,0.321448,NEGAR,0.035,60,0.21,0.21,4620.0,17380.0,0.79,5,Sim,0.299384
P000938,8,0.050869,APROVAR,0.0247,36,0.0,0.0915,4904.4,48695.6,0.9085,3,Não,0.050869
P000939,7,0.063482,APROVAR,0.0256,36,0.0,0.4187,25415.09,35284.91,0.5813,2,Não,0.063482
P000940,6,0.068109,APROVAR,0.0265,60,0.21,0.21,5082.0,19118.0,0.79,9,Não,0.06851
P000941,3,0.143775,NEGAR,0.0336,36,0.21,0.2422,10002.86,31297.14,0.7578,1,Não,0.143775
P000942,5,0.102556,APROVAR,0.0282,24,0.21,0.21,28959.0,108941.0,0.79,6,Não,0.096827
P000943,7,0.059456,APROVAR,0.0256,48,0.0,0.1589,3495.8,18504.2,0.8411,2,Não,0.059456
P000944,10,0.031583,APROVAR,0.0227,36,0.0,0.4705,23148.6,26051.4,0.5295,5,Não,0.031583
P000945,8,0.048816,APROVAR,0.0247,60,0.0,0.2017,8209.19,32490.81,0.7983,2,Não,0.048816
P000946,4,0.138605,NEGAR,0.0303,48,0.21,0.3286,8510.74,17389.26,0.6714,6,Sim,0.138605
P000947,1,0.362281,NEGAR,0.035,60,0.21,0.236,11823.6,38276.4,0.764,2,Não,0.362281
P000948,1,0.498881,NEGAR,0.035,24,0.21,0.2202,5945.4,21054.6,0.7798,3,Sim,0.498881
P000949,5,0.094153,APROVAR,0.0282,48,0.21,0.21,5418.0,20382.0,0.79,5,Não,0.094153
P000950,4,0.107406,NEGAR,0.0303,60,0.21,0.2335,13192.75,43307.25,0.7665,0,Não,0.107406
P000951,8,0.051217,APROVAR,0.0247,48,0.0,0.5007,17073.87,17026.13,0.4993,4,Não,0.051217
P000952,8,0.051012,APROVAR,0.0247,36,0.0,0.1249,7369.1,51630.9,0.8751,0,Não,0.051012
P000953,7,0.056636,APROVAR,0.0256,48,0.0,0.3847,13272.15,21227.85,0.6153,3,Não,0.056636
P000954,10,0.032336,APROVAR,0.0227,48,0.0,0.2165,23338.7,84461.3,0.7835,2,Não,0.032336
P000955,8,0.052489,APROVAR,0.0247,48,0.0,0.3212,14229.16,30070.84,0.6788,1,Não,0.052489
P000956,2,0.262849,NEGAR,0.035,48,0.21,0.21,4620.0,17380.0,0.79,4,Sim,0.189697
P000957,10,0.028743,APROVAR,0.0227,48,0.0,0.4797,33818.85,36681.15,0.5203,1,Não,0.028743
P000958,2,0.23677,NEGAR,0.035,60,0.21,0.27,5940.0,16060.0,0.73,6,Não,0.23677
P000959,7,0.065818,APROVAR,0.0256,24,0.0,0.2054,8914.36,34485.64,0.7946,3,Não,0.065818
P000960,8,0.054165,APROVAR,0.0247,24,0.0,0.2633,8162.3,22837.7,0.7367,5,Não,0.054165
P000961,1,0.496284,NEGAR,0.035,60,0.21,0.21,5775.0,21725.0,0.79,1,Sim,0.530989
P000962,10,0.035118,APROVAR,0.0227,60,0.0,0.1948,9486.76,39213.24,0.8052,6,Não,0.035118
P000963,9,0.038066,APROVAR,0.0236,60,0.0,0.3989,10092.17,15207.83,0.6011,7,Não,0.038066
P000964,3,0.181103,NEGAR,0.0336,36,0.21,0.21,6573.0,24727.0,0.79,4,Não,0.199182
P000965,10,0.036299,APROVAR,0.0227,24,0.0,0.3095,19900.85,44399.15,0.6905,3,Não,0.036299
P000966,4,0.115595,NEGAR,0.0303,24,0.21,0.2781,9399.78,24400.22,0.7219,2,Sim,0.115595
P000967,3,0.166021,NEGAR,0.0336,48,0.21,0.21,6405.0,24095.0,0.79,1,Sim,0.12761
P000968,1,0.388662,NEGAR,0.035,36,0.21,0.21,12285.0,46215.0,0.79,2,Não,0.370606
P000969,10,0.025077,APROVAR,0.0227,24,0.0,0.2369,20207.57,65092.43,0.7631,0,Não,0.025077
P000970,10,0.027717,APROVAR,0.0227,48,0.0,0.4142,22698.16,32101.84,0.5858,2,Não,0.027717
P000971,1,0.44445,NEGAR,0.035,60,0.21,0.2209,4859.8,17140.2,0.7791,4,Sim,0.44445
P000972,2,0.266287,NEGAR,0.035,60,0.21,0.21,4620.0,17380.0,0.79,2,Sim,0.273744
P000973,8,0.047733,APROVAR,0.0247,60,0.0,0.3229,11624.4,24375.6,0.6771,2,Não,0.047733
P000974,10,0.029982,APROVAR,0.0227,24,0.0,0.4646,39909.14,45990.86,0.5354,2,Não,0.029982
P000975,1,0.433814,NEGAR,0.035,36,0.21,0.21,6090.0,22910.0,0.79,5,Não,0.414322
P000976,8,0.050958,APROVAR,0.0247,24,0.0,0.1367,6903.35,43596.65,0.8633,5,Não,0.050958
P000977,10,0.026865,APROVAR,0.0227,48,0.0,0.2722,12548.42,33551.58,0.7278,1,Não,0.026865
P000978,6,0.083042,APROVAR,0.0265,36,0.21,0.21,14469.0,54431.0,0.79,5,Não,0.05462
P000979,7,0.054565,APROVAR,0.0256,36,0.0,0.1434,6797.16,40602.84,0.8566,4,Sim,0.054565
P000980,4,0.112666,NEGAR,0.0303,48,0.21,0.21,5439.0,20461.0,0.79,2,Sim,0.114324
P000981,7,0.064247,APROVAR,0.0256,36,0.0,0.3307,8895.83,18004.17,0.6693,3,Sim,0.064247
P000982,6,0.080263,APROVAR,0.0265,36,0.21,0.4863,18236.25,19263.75,0.5137,0,Sim,0.080263
P000983,10,0.029498,APROVAR,0.0227,48,0.0,0.4739,48432.58,53767.42,0.5261,3,Não,0.029498
P000984,8,0.048151,APROVAR,0.0247,24,0.0,0.436,32220.4,41679.6,0.564,3,Não,0.048151
P000985,5,0.085328,APROVAR,0.0282,24,0.21,0.21,5796.0,21804.0,0.79,3,Sim,0.082319
P000986,6,0.074488,APROVAR,0.0265,60,0.21,0.2638,31471.34,87828.66,0.7362,1,Sim,0.074488
P000987,8,0.046128,APROVAR,0.0247,36,0.0,0.1576,10338.56,55261.44,0.8424,1,Não,0.046128
P000988,5,0.095178,APROVAR,0.0282,60,0.21,0.4264,11981.84,16118.16,0.5736,4,Não,0.095178
P000989,10,0.030411,APROVAR,0.0227,48,0.0,0.2902,25334.46,61965.54,0.7098,0,Não,0.030411
P000990,3,0.156072,NEGAR,0.0336,24,0.21,0.21,4620.0,17380.0,0.79,8,Não,0.121065
P000991,6,0.081769,APROVAR,0.0265,48,0.21,0.21,4620.0,17380.0,0.79,5,Sim,0.076397
P000992,9,0.042442,APROVAR,0.0236,36,0.0,0.5423,11930.6,10069.4,0.4577,10,Não,0.042442
P000993,6,0.071257,APROVAR,0.0265,36,0.21,0.21,14490.0,54510.0,0.79,2,Não,0.064115
P000994,8,0.045416,APROVAR,0.0247,36,0.0,0.1989,8731.71,35168.29,0.8011,4,Não,0.045416
P000995,10,0.031635,APROVAR,0.0227,60,0.0,0.4716,25230.6,28269.4,0.5284,4,Não,0.031635
P000996,10,0.032683,APROVAR,0.0227,48,0.0,0.3607,13129.48,23270.52,0.6393,3,Não,0.032683
P000997,3,0.193198,NEGAR,0.0336,48,0.21,0.21,7434.0,27966.0,0.79,2,Sim,0.20737
P000998,2,0.213804,NEGAR,0.035,24,0.21,0.21,6594.0,24806.0,0.79,4,Não,0.236595
P000999,7,0.061573,APROVAR,0.0256,48,0.0,0.1965,6818.55,27881.45,0.8035,4,Não,0.061573
P001000,2,0.245294,NEGAR,0.035,48,0.21,0.4948,14448.16,14751.84,0.5052,5,Sim,0.245294
P001001,5,0.103995,APROVAR,0.0282,24,0.21,0.21,7350.0,27650.0,0.79,3,Não,0.086912
P001002,2,0.297736,NEGAR,0.035,60,0.21,0.21,4746.0,17854.0,0.79,4,Sim,0.3122
P001003,7,0.057641,APROVAR,0.0256,36,0.0,0.0951,3404.58,32395.42,0.9049,2,Sim,0.057641
P001004,2,0.297337,NEGAR,0.035,36,0.21,0.21,4998.0,18802.0,0.79,12,Sim,0.296425
P001005,10,0.031777,APROVAR,0.0227,60,0.0,0.249,14342.4,43257.6,0.751,5,Não,0.031777
P001006,6,0.076707,APROVAR,0.0265,60,0.21,0.5233,20775.01,18924.99,0.4767,3,Não,0.076707
P001007,3,0.200444,NEGAR,0.0336,36,0.21,0.21,5040.0,18960.0,0.79,3,Sim,0.180863
P001008,3,0.185216,NEGAR,0.0336,48,0.21,0.21,4620.0,17380.0,0.79,6,Sim,0.188588
P001009,7,0.061833,APROVAR,0.0256,24,0.0,0.392,21285.6,33014.4,0.608,3,Não,0.061833
P001010,9,0.04161,APROVAR,0.0236,24,0.0,0.3503,8722.47,16177.53,0.6497,4,Sim,0.04161
P001011,2,0.218016,NEGAR,0.035,48,0.21,0.21,11949.0,44951.0,0.79,9,Não,0.216728
P001012,10,0.035409,APROVAR,0.0227,48,0.0,0.1879,10372.08,44827.92,0.8121,3,Não,0.035409
P001013,10,0.029778,APROVAR,0.0227,60,0.0,0.0893,2393.24,24406.76,0.9107,2,Não,0.029778
P001014,2,0.280582,NEGAR,0.035,48,0.21,0.261,6890.4,19509.6,0.739,6,Não,0.280582
P001015,8,0.047784,APROVAR,0.0247,36,0.0,0.2243,7738.35,26761.65,0.7757,3,Não,0.047784
P001016,7,0.058072,APROVAR,0.0256,48,0.0,0.025,2995.0,116805.0,0.975,0,Não,0.058072
P001017,1,0.366761,NEGAR,0.035,48,0.21,0.21,4620.0,17380.0,0.79,3,Sim,0.325191
P001018,5,0.101575,APROVAR,0.0282,48,0.21,0.21,4620.0,17380.0,0.79,8,Sim,0.08947
P001019,1,0.321886,NEGAR,0.035,60,0.21,0.3059,6729.8,15270.2,0.6941,1,Não,0.321886
P001020,10,0.027933,APROVAR,0.0227,36,0.0,0.0801,5903.37,67796.63,0.9199,1,Não,0.027933
P001021,4,0.122771,NEGAR,0.0303,48,0.21,0.4642,16014.9,18485.1,0.5358,2,Não,0.122771
P001022,3,0.167507,NEGAR,0.0336,60,0.21,0.21,20622.0,77578.0,0.79,3,Não,0.075565
P001023,3,0.171411,NEGAR,0.0336,48,0.21,0.21,6846.0,25754.0,0.79,12,Não,0.171411
P001024,5,0.096003,APROVAR,0.0282,48,0.21,0.21,7161.0,26939.0,0.79,4,Não,0.101154
P001025,3,0.190526,NEGAR,0.0336,36,0.21,0.21,10332.0,38868.0,0.79,7,Não,0.175218
P001026,3,0.201666,NEGAR,0.0336,36,0.21,0.4162,17771.74,24928.26,0.5838,9,Sim,0.201666
P001027,1,0.725563,NEGAR,0.035,48,0.21,0.21,9828.0,36972.0,0.79,2,Sim,0.517308
P001028,10,0.024715,APROVAR,0.0227,24,0.0,0.509,22243.3,21456.7,0.491,6,Não,0.024715
P001029,2,0.225391,NEGAR,0.035,48,0.21,0.21,5061.0,19039.0,0.79,3,Sim,0.225391
P001030,4,0.133532,NEGAR,0.0303,24,0.21,0.21,5922.0,22278.0,0.79,8,Sim,0.100334
P001031,1,0.34647,NEGAR,0.035,60,0.21,0.21,5208.0,19592.0,0.79,10,Sim,0.309557
P001032,10,0.032152,APROVAR,0.0227,24,0.0,0.2475,14627.25,44472.75,0.7525,3,Não,0.032152
P001033,2,0.218014,NEGAR,0.035,36,0.21,0.21,13524.0,50876.0,0.79,2,Sim,0.18707
P001034,4,0.13923,NEGAR,0.0303,36,0.21,0.21,8316.0,31284.0,0.79,5,Sim,0.103491
P001035,2,0.265495,NEGAR,0.035,36,0.21,0.21,8106.0,30494.0,0.79,5,Sim,0.255781
P001036,1,0.383427,NEGAR,0.035,60,0.21,0.21,4620.0,17380.0,0.79,5,Sim,0.386901
P001037,6,0.070913,APROVAR,0.0265,36,0.21,0.2968,13830.88,32769.12,0.7032,4,Não,0.070913
P001038,8,0.050487,APROVAR,0.0247,48,0.0,0.2705,14147.15,38152.85,0.7295,5,Sim,0.050487
P001039,2,0.273733,NEGAR,0.035,60,0.21,0.3497,7693.4,14306.6,0.6503,2,Sim,0.273733
P001040,3,0.175691,NEGAR,0.0336,36,0.21,0.21,7182.0,27018.0,0.79,3,Não,0.169693
P001041,10,0.024689,APROVAR,0.0227,36,0.0,0.2596,17315.32,49384.68,0.7404,2,Não,0.024689
P001042,2,0.217896,NEGAR,0.035,24,0.21,0.21,6825.0,25675.0,0.79,1,Sim,0.251885
P001043,5,0.090404,APROVAR,0.0282,60,0.21,0.21,4620.0,17380.0,0.79,2,Não,0.05251
P001044,8,0.05137,APROVAR,0.0247,24,0.0,0.5987,20176.19,13523.81,0.4013,1,Não,0.05137
P001045,6,0.067176,APROVAR,0.0265,36,0.21,0.21,5712.0,21488.0,0.79,8,Não,0.070609
P001046,2,0.249894,NEGAR,0.035,36,0.21,0.21,5124.0,19276.0,0.79,12,Não,0.254835
P001047,10,0.033365,APROVAR,0.0227,36,0.0,0.1113,5475.96,43724.04,0.8887,10,Não,0.033365
P001048,3,0.169754,NEGAR,0.0336,24,0.21,0.2146,8176.26,29923.74,0.7854,6,Não,0.169754
P001049,10,0.023325,APROVAR,0.0227,60,0.0,0.3757,54514.07,90585.93,0.6243,3,Não,0.023325
P001050,8,0.052578,APROVAR,0.0247,48,0.0,0.2575,8394.5,24205.5,0.7425,3,Não,0.052578
P001051,3,0.148768,NEGAR,0.0336,36,0.21,0.2619,8878.41,25021.59,0.7381,1,Não,0.148768
P001052,10,0.028553,APROVAR,0.0227,36,0.0,0.4985,30059.55,30240.45,0.5015,1,Não,0.028553
P001053,7,0.06234,APROVAR,0.0256,36,0.0,0.2892,17583.36,43216.64,0.7108,8,Sim,0.06234
P001054,2,0.265122,NEGAR,0.035,36,0.21,0.21,4620.0,17380.0,0.79,11,Sim,0.266184
P001055,1,0.51126,NEGAR,0.035,60,0.21,0.2509,5620.16,16779.84,0.7491,12,Não,0.51126
P001056,8,0.049707,APROVAR,0.0247,48,0.0,0.2388,7331.16,23368.84,0.7612,2,Não,0.049707
P001057,8,0.051073,APROVAR,0.0247,36,0.0,0.1383,3042.6,18957.4,0.8617,4,Não,0.051073
P001058,3,0.190922,NEGAR,0.0336,48,0.21,0.2966,8275.14,19624.86,0.7034,8,Não,0.190922
P001059,6,0.066906,APROVAR,0.0265,48,0.21,0.21,9975.0,37525.0,0.79,7,Não,0.064917
P001060,4,0.141352,NEGAR,0.0303,36,0.21,0.21,7602.0,28598.0,0.79,3,Não,0.14572
P001061,2,0.25059,NEGAR,0.035,60,0.21,0.4285,41950.15,55949.85,0.5715,2,Não,0.25059
P001062,3,0.143416,NEGAR,0.0336,24,0.21,0.21,11319.0,42581.0,0.79,5,Não,0.068382
P001063,6,0.078122,APROVAR,0.0265,48,0.21,0.21,8694.0,32706.0,0.79,9,Não,0.070626
P001064,10,0.034761,APROVAR,0.0227,48,0.0,0.4378,15191.66,19508.34,0.5622,9,Não,0.034761
P001065,2,0.284169,NEGAR,0.035,60,0.21,0.3824,9445.28,15254.72,0.6176,4,Não,0.284169
P001066,1,0.30346,NEGAR,0.035,60,0.21,0.21,11130.0,41870.0,0.79,10,Não,0.203488
P001067,5,0.094101,APROVAR,0.0282,60,0.21,0.2464,8032.64,24567.36,0.7536,4,Não,0.094101
P001068,2,0.277107,NEGAR,0.035,36,0.21,0.21,4620.0,17380.0,0.79,5,Sim,0.22331
P001069,10,0.034981,APROVAR,0.0227,24,0.0,0.406,14900.2,21799.8,0.594,7,Não,0.034981
P001070,1,0.349192,NEGAR,0.035,60,0.21,0.3664,9929.44,17170.56,0.6336,5,Não,0.349192
P001071,4,0.115079,NEGAR,0.0303,24,0.21,0.3826,14806.62,23893.38,0.6174,3,Não,0.123533
P001072,1,0.430403,NEGAR,0.035,60,0.21,0.2345,5159.0,16841.0,0.7655,3,Sim,0.430403
P001073,9,0.04317,APROVAR,0.0236,36,0.0,0.0895,5378.95,54721.05,0.9105,2,Não,0.04317
P001074,8,0.050065,APROVAR,0.0247,36,0.0,0.1583,6411.15,34088.85,0.8417,4,Sim,0.050065
P001075,6,0.082506,APROVAR,0.0265,36,0.21,0.21,4977.0,18723.0,0.79,1,Sim,0.080333
P001076,5,0.091178,APROVAR,0.0282,48,0.21,0.3444,22007.16,41892.84,0.6556,4,Não,0.091178
P001077,9,0.037691,APROVAR,0.0236,36,0.0,0.5679,12777.75,9722.25,0.4321,6,Não,0.037691
P001078,3,0.201609,NEGAR,0.0336,48,0.21,0.21,8967.0,33733.0,0.79,7,Não,0.181467
P001079,2,0.277521,NEGAR,0.035,24,0.21,0.3583,11823.9,21176.1,0.6417,8,Não,0.277521
P001080,4,0.122874,NEGAR,0.0303,36,0.21,0.21,9219.0,34681.0,0.79,2,Não,0.125071
P001081,1,0.567684,NEGAR,0.035,48,0.21,0.3083,8447.42,18952.58,0.6917,8,Não,0.567684
P001082,4,0.131332,NEGAR,0.0303,48,0.21,0.21,8085.0,30415.0,0.79,5,Não,0.129592
P001083,3,0.151141,NEGAR,0.0336,60,0.21,0.3288,15683.76,32016.24,0.6712,3,Não,0.151141
P001084,3,0.200288,NEGAR,0.0336,48,0.21,0.21,4620.0,17380.0,0.79,4,Não,0.201604
P001085,2,0.272646,NEGAR,0.035,24,0.21,0.2679,7474.41,20425.59,0.7321,12,Não,0.272646
P001086,9,0.043962,APROVAR,0.0236,24,0.0,0.5878,15341.58,10758.42,0.4122,3,Não,0.043962
P001087,6,0.067071,APROVAR,0.0265,48,0.21,0.21,12348.0,46452.0,0.79,4,Não,0.066188
P001088,4,0.114649,NEGAR,0.0303,60,0.21,0.4809,15004.08,16195.92,0.5191,8,Não,0.114649
P001089,5,0.100214,APROVAR,0.0282,60,0.21,0.21,6342.0,23858.0,0.79,1,Não,0.090121
P001090,9,0.044085,APROVAR,0.0236,48,0.0,0.1699,6099.41,29800.59,0.8301,3,Não,0.044085
P001091,2,0.247358,NEGAR,0.035,60,0.21,0.3094,6806.8,15193.2,0.6906,2,Não,0.247358
P001092,10,0.019883,APROVAR,0.0227,48,0.0,0.4192,26409.6,36590.4,0.5808,1,Não,0.019883
P001093,9,0.039506,APROVAR,0.0236,36,0.0,0.155,7099.0,38701.0,0.845,6,Não,0.039506
P001094,2,0.217185,NEGAR,0.035,48,0.21,0.21,5166.0,19434.0,0.79,2,Não,0.184959
P001095,8,0.053087,APROVAR,0.0247,48,0.0,0.1155,5278.35,40421.65,0.8845,5,Sim,0.053087
P001096,2,0.214485,NEGAR,0.035,60,0.21,0.2868,15745.32,39154.68,0.7132,5,Sim,0.214485
P001097,3,0.184908,NEGAR,0.0336,60,0.21,0.21,9870.0,37130.0,0.79,8,Sim,0.185398
P001098,8,0.051833,APROVAR,0.0247,48,0.0,0.2691,5920.2,16079.8,0.7309,5,Não,0.051833
P001099,2,0.240278,NEGAR,0.035,60,0.21,0.21,4620.0,17380.0,0.79,12,Não,0.234314
P001100,10,0.031433,APROVAR,0.0227,48,0.0,0.091,3357.9,33542.1,0.909,1,Sim,0.031433
P001101,1,0.382049,NEGAR,0.035,48,0.21,0.21,4620.0,17380.0,0.79,2,Sim,0.379103
P001102,2,0.291208,NEGAR,0.035,60,0.21,0.2639,10476.83,29223.17,0.7361,4,Não,0.291208
P001103,9,0.040081,APROVAR,0.0236,48,0.0,0.3009,7432.23,17267.77,0.6991,3,Não,0.040081
P001104,2,0.255361,NEGAR,0.035,48,0.21,0.21,8232.0,30968.0,0.79,0,Sim,0.174605
P001105,1,0.430211,NEGAR,0.035,48,0.21,0.2744,6613.04,17486.96,0.7256,6,Não,0.430211
P001106,4,0.108343,NEGAR,0.0303,36,0.21,0.21,7602.0,28598.0,0.79,2,Sim,0.105051
P001107,7,0.061993,APROVAR,0.0256,48,0.0,0.1877,4129.4,17870.6,0.8123,3,Sim,0.061993
P001108,1,0.328349,NEGAR,0.035,60,0.21,0.21,4620.0,17380.0,0.79,5,Não,0.247634
P001109,5,0.090849,APROVAR,0.0282,48,0.21,0.21,11466.0,43134.0,0.79,9,Não,0.052455
P001110,4,0.137293,NEGAR,0.0303,48,0.21,0.3258,31309.38,64790.62,0.6742,12,Não,0.137293
P001111,1,0.311092,NEGAR,0.035,48,0.21,0.266,6596.8,18203.2,0.734,7,Sim,0.311092
P001112,7,0.061079,APROVAR,0.0256,48,0.0,0.1371,3756.54,23643.46,0.8629,5,Não,0.061079
P001113,3,0.163758,NEGAR,0.0336,24,0.21,0.2456,15079.84,46320.16,0.7544,4,Não,0.163758
P001114,3,0.170991,NEGAR,0.0336,24,0.21,0.227,4994.0,17006.0,0.773,4,Sim,0.170991
P001115,6,0.072738,APROVAR,0.0265,24,0.21,0.3578,15850.54,28449.46,0.6422,4,Não,0.072738
P001116,9,0.038415,APROVAR,0.0236,24,0.0,0.2922,9350.4,22649.6,0.7078,6,Não,0.038415
P001117,4,0.109222,NEGAR,0.0303,36,0.21,0.21,6447.0,24253.0,0.79,5,Sim,0.105869
P001118,4,0.123459,NEGAR,0.0303,60,0.21,0.21,12390.0,46610.0,0.79,6,Não,0.104193
P001119,2,0.226935,NEGAR,0.035,48,0.21,0.21,17052.0,64148.0,0.79,1,Sim,0.178084
P001120,4,0.107574,NEGAR,0.0303,36,0.21,0.6155,28066.8,17533.2,0.3845,1,Não,0.107574
P001121,9,0.041607,APROVAR,0.0236,48,0.0,0.0729,4031.37,51268.63,0.9271,2,Sim,0.041607
P001122,2,0.279745,NEGAR,0.035,60,0.21,0.2541,26121.48,76678.52,0.7459,1,Não,0.279745
P001123,3,0.157029,NEGAR,0.0336,36,0.21,0.21,6006.0,22594.0,0.79,12,Não,0.122161
P001124,6,0.082796,APROVAR,0.0265,60,0.21,0.21,6741.0,25359.0,0.79,5,Sim,0.081277
P001125,10,0.033359,APROVAR,0.0227,48,0.0,0.3181,21249.08,45550.92,0.6819,12,Sim,0.033359
P001126,10,0.02942,APROVAR,0.0227,36,0.0,0.309,20981.1,46918.9,0.691,3,Não,0.02942
P001127,9,0.037628,APROVAR,0.0236,48,0.0,0.1861,4280.3,18719.7,0.8139,5,Não,0.037628
P001128,5,0.097311,APROVAR,0.0282,36,0.21,0.21,7014.0,26386.0,0.79,7,Sim,0.049855
P001129,1,0.536032,NEGAR,0.035,48,0.21,0.2646,5821.2,16178.8,0.7354,7,Não,0.536032
P001130,10,0.035195,APROVAR,0.0227,48,0.0,0.4828,11152.68,11947.32,0.5172,7,Não,0.035195
P001131,1,0.305712,NEGAR,0.035,36,0.21,0.21,20937.0,78763.0,0.79,4,Não,0.234047
P001132,2,0.294324,NEGAR,0.035,36,0.21,0.21,9093.0,34207.0,0.79,8,Não,0.26048
P001133,1,0.333734,NEGAR,0.035,60,0.21,0.21,4977.0,18723.0,0.79,1,Sim,0.2725
P001134,2,0.264085,NEGAR,0.035,60,0.21,0.21,4620.0,17380.0,0.79,5,Não,0.266134
P001135,8,0.045074,APROVAR,0.0247,48,0.0,0.1887,9529.35,40970.65,0.8113,6,Sim,0.045074
P001136,1,0.310605,NEGAR,0.035,24,0.21,0.21,8505.0,31995.0,0.79,12,Sim,0.22567
P001137,10,0.027628,APROVAR,0.0227,60,0.0,0.5039,31191.41,30708.59,0.4961,12,Não,0.027628
P001138,10,0.025423,APROVAR,0.0227,60,0.0,0.4422,30467.58,38432.42,0.5578,3,Não,0.025423
P001139,6,0.081657,APROVAR,0.0265,48,0.21,0.2722,19407.86,51892.14,0.7278,5,Não,0.081657
P001140,6,0.068666,APROVAR,0.0265,48,0.21,0.2212,8737.4,30762.6,0.7788,5,Não,0.068666
P001141,8,0.049986,APROVAR,0.0247,24,0.0,0.2415,8186.85,25713.15,0.7585,3,Não,0.049986
P001142,6,0.07507,APROVAR,0.0265,48,0.21,0.21,10332.0,38868.0,0.79,8,Não,0.070756
P001143,8,0.053934,APROVAR,0.0247,24,0.0,0.2056,11698.64,45201.36,0.7944,12,Não,0.053934
P001144,1,0.579989,NEGAR,0.035,60,0.21,0.21,4620.0,17380.0,0.79,6,Sim,0.437047
P001145,7,0.056846,APROVAR,0.0256,48,0.0,0.0494,1812.98,34887.02,0.9506,2,Não,0.056846
P001146,5,0.086332,APROVAR,0.0282,60,0.21,0.2539,7033.03,20666.97,0.7461,8,Não,0.086332
P001147,4,0.133967,NEGAR,0.0303,36,0.21,0.4146,13515.96,19084.04,0.5854,4,Não,0.133967
P001148,3,0.160695,NEGAR,0.0336,24,0.21,0.21,4620.0,17380.0,0.79,7,Não,0.160861
P001149,9,0.03712,APROVAR,0.0236,60,0.0,0.2166,12129.6,43870.4,0.7834,2,Não,0.03712
P001150,10,0.032807,APROVAR,0.0227,36,0.0,0.1029,5422.83,47277.17,0.8971,3,Não,0.032807
P001151,3,0.199449,NEGAR,0.0336,36,0.21,0.21,7287.0,27413.0,0.79,1,Não,0.199393
P001152,3,0.197515,NEGAR,0.0336,36,0.21,0.21,4620.0,17380.0,0.79,3,Não,0.208161
P001153,6,0.082335,APROVAR,0.0265,48,0.21,0.21,11823.0,44477.0,0.79,8,Não,0.055059
P001154,4,0.11614,NEGAR,0.0303,36,0.21,0.3016,8716.24,20183.76,0.6984,11,Sim,0.11614
P001155,4,0.129663,NEGAR,0.0303,24,0.21,0.21,11655.0,43845.0,0.79,10,Não,0.079976
P001156,5,0.09222,APROVAR,0.0282,60,0.21,0.21,7140.0,26860.0,0.79,1,Não,0.089132
P001157,1,0.34032,NEGAR,0.035,48,0.21,0.2954,6498.8,15501.2,0.7046,12,Sim,0.34032
P001158,6,0.075578,APROVAR,0.0265,48,0.21,0.21,13608.0,51192.0,0.79,2,Não,0.054968
P001159,6,0.077186,APROVAR,0.0265,36,0.21,0.21,15582.0,58618.0,0.79,4,Não,0.024942
P001160,3,0.202877,NEGAR,0.0336,48,0.21,0.4435,10422.25,13077.75,0.5565,3,Sim,0.202877
P001161,2,0.24883,NEGAR,0.035,48,0.21,0.21,4620.0,17380.0,0.79,1,Não,0.252673
P001162,9,0.037086,APROVAR,0.0236,36,0.0,0.1172,2777.64,20922.36,0.8828,8,Sim,0.037086
P001163,3,0.175934,NEGAR,0.0336,36,0.21,0.3249,12346.2,25653.8,0.6751,4,Sim,0.175934
P001164,2,0.237557,NEGAR,0.035,48,0.21,0.21,9324.0,35076.0,0.79,6,Não,0.199127
P001165,4,0.142458,NEGAR,0.0303,24,0.21,0.21,8484.0,31916.0,0.79,6,Não,0.135046
P001166,8,0.045083,APROVAR,0.0247,24,0.0,0.3049,20550.26,46849.74,0.6951,10,Não,0.045083
P001167,2,0.232001,NEGAR,0.035,36,0.21,0.21,6027.0,22673.0,0.79,3,Sim,0.25495
P001168,8,0.050592,APROVAR,0.0247,48,0.0,0.2556,7284.6,21215.4,0.7444,4,Não,0.050592
P001169,1,0.693981,NEGAR,0.035,60,0.21,0.21,5754.0,21646.0,0.79,0,Sim,0.68472
P001170,9,0.037387,APROVAR,0.0236,60,0.0,0.2274,6640.08,22559.92,0.7726,2,Sim,0.037387
P001171,7,0.057787,APROVAR,0.0256,60,0.0,0.3266,24397.02,50302.98,0.6734,4,Sim,0.057787
P001172,3,0.206377,NEGAR,0.0336,48,0.21,0.2246,6288.8,21711.2,0.7754,4,Não,0.206377
P001173,10,0.025335,APROVAR,0.0227,60,0.0,0.3287,28596.9,58403.1,0.6713,3,Não,0.025335
P001174,8,0.054137,APROVAR,0.0247,24,0.0,0.3393,13809.51,26890.49,0.6607,5,Não,0.054137
P001175,5,0.100931,APROVAR,0.0282,36,0.21,0.21,6762.0,25438.0,0.79,12,Não,0.107784
P001176,2,0.228078,NEGAR,0.035,48,0.21,0.21,14742.0,55458.0,0.79,4,Não,0.108136
P001177,6,0.071557,APROVAR,0.0265,60,0.21,0.21,5775.0,21725.0,0.79,5,Não,0.070737
P001178,6,0.075572,APROVAR,0.0265,24,0.21,0.21,19278.0,72522.0,0.79,4,Não,0.063673
P001179,5,0.103051,APROVAR,0.0282,36,0.21,0.21,4620.0,17380.0,0.79,9,Não,0.103051
P001180,3,0.171265,NEGAR,0.0336,60,0.21,0.21,5040.0,18960.0,0.79,9,Sim,0.165436
P001181,7,0.06398,APROVAR,0.0256,24,0.0,0.0994,4363.66,39536.34,0.9006,0,Não,0.06398
P001182,9,0.037706,APROVAR,0.0236,24,0.0,0.5095,50797.15,48902.85,0.4905,1,Não,0.037706
P001183,10,0.035683,APROVAR,0.0227,36,0.0,0.3134,9590.04,21009.96,0.6866,1,Não,0.035683
P001184,3,0.1588,NEGAR,0.0336,36,0.21,0.3734,28341.06,47558.94,0.6266,6,Não,0.1588
P001185,5,0.105408,APROVAR,0.0282,24,0.21,0.21,7308.0,27492.0,0.79,2,Não,0.099007
P001186,6,0.077882,APROVAR,0.0265,48,0.21,0.3177,9054.45,19445.55,0.6823,4,Não,0.077882
P001187,1,0.403229,NEGAR,0.035,60,0.21,0.21,4620.0,17380.0,0.79,8,Não,0.395092
P001188,8,0.04864,APROVAR,0.0247,36,0.0,0.4572,44302.68,52597.32,0.5428,6,Sim,0.04864
P001189,1,0.417703,NEGAR,0.035,48,0.21,0.21,4620.0,17380.0,0.79,1,Sim,0.272237
P001190,4,0.116018,NEGAR,0.0303,48,0.21,0.3208,13698.16,29001.84,0.6792,8,Não,0.116018
P001191,3,0.142882,NEGAR,0.0336,36,0.21,0.2481,7120.47,21579.53,0.7519,5,Não,0.142882
P001192,4,0.118146,NEGAR,0.0303,48,0.21,0.21,8694.0,32706.0,0.79,2,Não,0.106984
P001193,1,0.367146,NEGAR,0.035,48,0.21,0.3711,8164.2,13835.8,0.6289,4,Sim,0.367146
P001194,5,0.09831,APROVAR,0.0282,24,0.21,0.4085,18913.55,27386.45,0.5915,9,Sim,0.09831
P001195,8,0.053038,APROVAR,0.0247,24,0.0,0.3477,7649.4,14350.6,0.6523,12,Não,0.053038
P001196,9,0.043058,APROVAR,0.0236,60,0.0,0.0649,2239.05,32260.95,0.9351,6,Não,0.043058
P001197,8,0.052405,APROVAR,0.0247,60,0.0,0.2172,8470.8,30529.2,0.7828,3,Não,0.052405
P001198,3,0.167106,NEGAR,0.0336,48,0.21,0.2439,7024.32,21775.68,0.7561,4,Não,0.167106
P001199,6,0.069061,APROVAR,0.0265,36,0.21,0.21,4620.0,17380.0,0.79,9,Não,0.063086
P001200,9,0.041964,APROVAR,0.0236,24,0.0,0.093,4231.5,41268.5,0.907,3,Não,0.041964
P001201,3,0.200557,NEGAR,0.0336,48,0.21,0.2268,8799.84,30000.16,0.7732,4,Não,0.200557
P001202,8,0.046106,APROVAR,0.0247,60,0.0,0.5756,19800.64,14599.36,0.4244,8,Não,0.046106
P001203,3,0.205446,NEGAR,0.0336,48,0.21,0.3877,8529.4,13470.6,0.6123,0,Sim,0.205446
P001204,9,0.038192,APROVAR,0.0236,48,0.0,0.112,9049.6,71750.4,0.888,3,Sim,0.038192
P001205,2,0.2646,NEGAR,0.035,60,0.21,0.4596,26610.84,31289.16,0.5404,3,Não,0.2646
P001206,2,0.29895,NEGAR,0.035,48,0.21,0.2255,5163.95,17736.05,0.7745,4,Não,0.29895
P001207,5,0.090028,APROVAR,0.0282,36,0.21,0.21,4620.0,17380.0,0.79,4,Não,0.090174
P001208,1,0.659817,NEGAR,0.035,60,0.21,0.21,5187.0,19513.0,0.79,1,Sim,0.666862
P001209,8,0.051009,APROVAR,0.0247,48,0.0,0.4654,34486.14,39613.86,0.5346,1,Não,0.051009
P001210,1,0.301945,NEGAR,0.035,36,0.21,0.21,11025.0,41475.0,0.79,2,Não,0.224145
P001211,10,0.029206,APROVAR,0.0227,36,0.0,0.2123,6071.78,22528.22,0.7877,4,Sim,0.029206
P001212,10,0.034127,APROVAR,0.0227,48,0.0,0.1048,5921.2,50578.8,0.8952,2,Não,0.034127
P001213,4,0.121509,NEGAR,0.0303,36,0.21,0.2469,5431.8,16568.2,0.7531,3,Não,0.121509
P001214,1,0.437453,NEGAR,0.035,60,0.21,0.21,9765.0,36735.0,0.79,3,Não,0.387203
P001215,10,0.035413,APROVAR,0.0227,60,0.0,0.1616,8597.12,44602.88,0.8384,6,Não,0.035413
P001216,2,0.297672,NEGAR,0.035,60,0.21,0.4497,17898.06,21901.94,0.5503,3,Não,0.297672
P001217,3,0.207091,NEGAR,0.0336,48,0.21,0.21,4620.0,17380.0,0.79,2,Sim,0.067749
P001218,1,0.439522,NEGAR,0.035,60,0.21,0.2424,7562.88,23637.12,0.7576,12,Não,0.439522
P001219,8,0.05297,APROVAR,0.0247,24,0.0,0.2689,8712.36,23687.64,0.7311,5,Não,0.05297
P001220,6,0.083157,APROVAR,0.0265,60,0.21,0.21,9681.0,36419.0,0.79,2,Não,0.081423
P001221,2,0.233647,NEGAR,0.035,36,0.21,0.21,4620.0,17380.0,0.79,8,Não,0.234114
P001222,5,0.088521,APROVAR,0.0282,48,0.21,0.3398,11349.32,22050.68,0.6602,8,Sim,0.088521
P001223,1,0.416766,NEGAR,0.035,36,0.21,0.21,11235.0,42265.0,0.79,5,Sim,0.323332
P001224,1,0.397962,NEGAR,0.035,48,0.21,0.3828,8421.6,13578.4,0.6172,8,Sim,0.397962
P001225,9,0.04113,APROVAR,0.0236,48,0.0,0.2831,8606.24,21793.76,0.7169,1,Não,0.04113
P001226,6,0.070302,APROVAR,0.0265,24,0.21,0.21,8337.0,31363.0,0.79,3,Sim,0.039523
P001227,6,0.078245,APROVAR,0.0265,36,0.21,0.2276,5576.2,18923.8,0.7724,5,Sim,0.078245
P001228,2,0.220925,NEGAR,0.035,36,0.21,0.21,16527.0,62173.0,0.79,1,Não,0.182539
P001229,4,0.118717,NEGAR,0.0303,24,0.21,0.3089,6795.8,15204.2,0.6911,0,Não,0.118717
P001230,2,0.300351,NEGAR,0.035,24,0.21,0.21,13419.0,50481.0,0.79,2,Não,0.194214
P001231,10,0.028315,APROVAR,0.0227,48,0.0,0.2189,8208.75,29291.25,0.7811,4,Não,0.028315
P001232,2,0.210152,NEGAR,0.035,60,0.21,0.3116,9940.04,21959.96,0.6884,7,Sim,0.210152
P001233,6,0.067006,APROVAR,0.0265,36,0.21,0.2814,10074.12,25725.88,0.7186,3,Não,0.067006
P001234,6,0.075109,APROVAR,0.0265,24,0.21,0.21,16842.0,63358.0,0.79,3,Sim,0.076397
P001235,2,0.236065,NEGAR,0.035,36,0.21,0.21,5166.0,19434.0,0.79,5,Não,0.23291
P001236,8,0.049242,APROVAR,0.0247,36,0.0,0.3121,6866.2,15133.8,0.6879,3,Não,0.049242
P001237,9,0.041271,APROVAR,0.0236,60,0.0,0.0798,4995.48,57604.52,0.9202,1,Sim,0.041271
P001238,1,0.384321,NEGAR,0.035,60,0.21,0.21,5901.0,22199.0,0.79,5,Não,0.397622
P001239,8,0.049485,APROVAR,0.0247,24,0.0,0.1631,6670.79,34229.21,0.8369,6,Não,0.049485
P001240,3,0.176365,NEGAR,0.0336,48,0.21,0.2214,9077.4,31922.6,0.7786,3,Não,0.176365
P001241,7,0.056223,APROVAR,0.0256,48,0.0,0.4094,19364.62,27935.38,0.5906,2,Não,0.056223
P001242,1,0.323462,NEGAR,0.035,60,0.21,0.3235,8443.35,17656.65,0.6765,2,Não,0.323462
P001243,5,0.105564,APROVAR,0.0282,48,0.21,0.2377,6940.84,22259.16,0.7623,2,Sim,0.105564
P001244,9,0.038244,APROVAR,0.0236,36,0.0,0.3872,21567.04,34132.96,0.6128,3,Não,0.038244
P001245,3,0.17961,NEGAR,0.0336,48,0.21,0.21,11361.0,42739.0,0.79,2,Sim,0.163185
P001246,1,0.363668,NEGAR,0.035,24,0.21,0.21,8337.0,31363.0,0.79,10,Sim,0.320119
P001247,8,0.049501,APROVAR,0.0247,48,0.0,0.3774,18152.94,29947.06,0.6226,3,Sim,0.049501
P001248,7,0.05667,APROVAR,0.0256,24,0.0,0.2492,10117.52,30482.48,0.7508,12,Não,0.05667
P001249,8,0.049555,APROVAR,0.0247,36,0.0,0.1596,5314.68,27985.32,0.8404,8,Não,0.049555
P001250,6,0.070285,APROVAR,0.0265,60,0.21,0.5539,35781.94,28818.06,0.4461,1,Não,0.070285
P001251,10,0.031378,APROVAR,0.0227,48,0.0,0.3431,21169.27,40530.73,0.6569,1,Não,0.031378
P001252,9,0.037565,APROVAR,0.0236,60,0.0,0.1943,17273.27,71626.73,0.8057,1,Não,0.037565
P001253,2,0.241922,NEGAR,0.035,60,0.21,0.21,8211.0,30889.0,0.79,3,Não,0.165245
P001254,3,0.163545,NEGAR,0.0336,36,0.21,0.3749,16270.66,27129.34,0.6251,6,Não,0.163545
P001255,6,0.077414,APROVAR,0.0265,24,0.21,0.2977,9556.17,22543.83,0.7023,3,Não,0.077414
P001256,10,0.018931,APROVAR,0.0227,36,0.0,0.4468,38514.16,47685.84,0.5532,2,Não,0.018931
P001257,10,0.03612,APROVAR,0.0227,60,0.0,0.0743,4881.51,60818.49,0.9257,3,Não,0.03612
P001258,3,0.198454,NEGAR,0.0336,60,0.21,0.21,10017.0,37683.0,0.79,4,Não,0.179727
P001259,1,0.485836,NEGAR,0.035,24,0.21,0.21,4872.0,18328.0,0.79,5,Sim,0.441799
P001260,8,0.045808,APROVAR,0.0247,24,0.0,0.1332,13772.88,89627.12,0.8668,7,Não,0.045808
P001261,8,0.047688,APROVAR,0.0247,24,0.0,0.2529,11254.05,33245.95,0.7471,9,Não,0.047688
P001262,5,0.100409,APROVAR,0.0282,24,0.21,0.21,6195.0,23305.0,0.79,4,Não,0.079381
P001263,7,0.056811,APROVAR,0.0256,24,0.0,0.0519,1141.8,20858.2,0.9481,1,Não,0.056811
P001264,10,0.030878,APROVAR,0.0227,60,0.0,0.1185,7655.1,56944.9,0.8815,0,Sim,0.030878
P001265,2,0.255451,NEGAR,0.035,48,0.21,0.21,8442.0,31758.0,0.79,1,Não,0.180492
P001266,2,0.272752,NEGAR,0.035,36,0.21,0.2808,9856.08,25243.92,0.7192,9,Não,0.272752
P001267,2,0.222962,NEGAR,0.035,60,0.21,0.2461,11517.48,35282.52,0.7539,0,Não,0.222962
P001268,2,0.29365,NEGAR,0.035,60,0.21,0.21,4620.0,17380.0,0.79,10,Não,0.294418
P001269,7,0.064708,APROVAR,0.0256,24,0.0,0.0917,4034.8,39965.2,0.9083,4,Sim,0.064708
P001270,3,0.154367,NEGAR,0.0336,48,0.21,0.21,4620.0,17380.0,0.79,8,Não,0.155771
P001271,9,0.040798,APROVAR,0.0236,24,0.0,0.4281,23759.55,31740.45,0.5719,2,Não,0.040798
P001272,2,0.212826,NEGAR,0.035,60,0.21,0.455,10010.0,11990.0,0.545,5,Não,0.212826
P001273,6,0.066306,APROVAR,0.0265,36,0.21,0.21,15687.0,59013.0,0.79,4,Não,0.062307
P001274,3,0.170558,NEGAR,0.0336,36,0.21,0.21,6321.0,23779.0,0.79,1,Sim,0.197448
P001275,6,0.076871,APROVAR,0.0265,36,0.21,0.5297,26537.97,23562.03,0.4703,2,Não,0.076871
P001276,10,0.032533,APROVAR,0.0227,36,0.0,0.1797,4169.04,19030.96,0.8203,5,Não,0.032533
P001277,3,0.15303,NEGAR,0.0336,24,0.21,0.21,7014.0,26386.0,0.79,1,Não,0.177714
P001278,2,0.260555,NEGAR,0.035,36,0.21,0.21,14616.0,54984.0,0.79,2,Não,0.214596
P001279,7,0.063557,APROVAR,0.0256,60,0.0,0.2166,13775.76,49824.24,0.7834,7,Não,0.063557
P001280,1,0.304741,NEGAR,0.035,36,0.21,0.21,7539.0,28361.0,0.79,0,Não,0.306624
P001281,1,0.428116,NEGAR,0.035,48,0.21,0.4282,16999.54,22700.46,0.5718,1,Sim,0.428116
P001282,10,0.03605,APROVAR,0.0227,24,0.0,0.1112,4703.76,37596.24,0.8888,1,Não,0.03605
P001283,10,0.030951,APROVAR,0.0227,60,0.0,0.7036,17308.56,7291.44,0.2964,2,Não,0.030951
P001284,2,0.296844,NEGAR,0.035,36,0.21,0.21,8589.0,32311.0,0.79,1,Não,0.235419
P001285,9,0.040074,APROVAR,0.0236,36,0.0,0.136,4256.8,27043.2,0.864,6,Não,0.040074
P001286,8,0.049009,APROVAR,0.0247,24,0.0,0.3202,7044.4,14955.6,0.6798,4,Não,0.049009
P001287,3,0.153143,NEGAR,0.0336,48,0.21,0.21,8316.0,31284.0,0.79,5,Sim,0.091826
P001288,3,0.201358,NEGAR,0.0336,60,0.21,0.21,6363.0,23937.0,0.79,4,Não,0.213034
P001289,2,0.278691,NEGAR,0.035,60,0.21,0.21,4998.0,18802.0,0.79,3,Sim,0.283465
P001290,4,0.108383,NEGAR,0.0303,36,0.21,0.21,6384.0,24016.0,0.79,8,Sim,0.110809
P001291,9,0.042529,APROVAR,0.0236,24,0.0,0.2395,10035.05,31864.95,0.7605,8,Não,0.042529
P001292,1,0.310991,NEGAR,0.035,60,0.21,0.21,5628.0,21172.0,0.79,3,Sim,0.314171
P001293,1,0.329775,NEGAR,0.035,36,0.21,0.21,7770.0,29230.0,0.79,8,Sim,0.345674
P001294,3,0.149147,NEGAR,0.0336,48,0.21,0.21,5313.0,19987.0,0.79,9,Não,0.150701
P001295,2,0.228224,NEGAR,0.035,36,0.21,0.21,6741.0,25359.0,0.79,5,Sim,0.295669
P001296,9,0.041115,APROVAR,0.0236,24,0.0,0.443,22770.2,28629.8,0.557,2,Não,0.041115
P001297,1,0.495631,NEGAR,0.035,60,0.21,0.21,7014.0,26386.0,0.79,1,Não,0.532229
P001298,10,0.026998,APROVAR,0.0227,48,0.0,0.2616,29351.52,82848.48,0.7384,1,Não,0.026998
P001299,3,0.20603,NEGAR,0.0336,24,0.21,0.335,15477.0,30723.0,0.665,3,Não,0.20603
P001300,1,0.349603,NEGAR,0.035,48,0.21,0.21,5376.0,20224.0,0.79,10,Sim,0.317822
P001301,2,0.216111,NEGAR,0.035,36,0.21,0.21,4620.0,17380.0,0.79,3,Sim,0.211986
P001302,2,0.226183,NEGAR,0.035,36,0.21,0.21,8295.0,31205.0,0.79,4,Sim,0.201506
P001303,6,0.068872,APROVAR,0.0265,24,0.21,0.3411,25241.4,48758.6,0.6589,3,Não,0.068872
P001304,7,0.064344,APROVAR,0.0256,36,0.0,0.1598,11585.5,60914.5,0.8402,2,Não,0.064344
P001305,1,0.345968,NEGAR,0.035,48,0.21,0.21,4620.0,17380.0,0.79,4,Não,0.28464
P001306,4,0.129094,NEGAR,0.0303,36,0.21,0.21,10899.0,41001.0,0.79,1,Não,0.121273
P001307,10,0.02935,APROVAR,0.0227,36,0.0,0.4694,25676.18,29023.82,0.5306,7,Não,0.02935
P001308,6,0.081231,APROVAR,0.0265,36,0.21,0.2133,9065.25,33434.75,0.7867,3,Não,0.081231
P001309,2,0.256443,NEGAR,0.035,24,0.21,0.21,4620.0,17380.0,0.79,7,Sim,0.255797
P001310,1,0.339353,NEGAR,0.035,48,0.21,0.21,4725.0,17775.0,0.79,9,Não,0.311286
P001311,1,0.322024,NEGAR,0.035,60,0.21,0.3112,15560.0,34440.0,0.6888,3,Não,0.322024
P001312,5,0.095779,APROVAR,0.0282,48,0.21,0.4766,14440.98,15859.02,0.5234,1,Não,0.095779
P001313,3,0.152702,NEGAR,0.0336,36,0.21,0.21,7917.0,29783.0,0.79,1,Não,0.143646
P001314,8,0.045782,APROVAR,0.0247,60,0.0,0.046,2497.8,51802.2,0.954,1,Não,0.045782
P001315,3,0.199672,NEGAR,0.0336,60,0.21,0.21,5502.0,20698.0,0.79,2,Sim,0.21488
P001316,10,0.025941,APROVAR,0.0227,60,0.0,0.5042,21428.5,21071.5,0.4958,2,Não,0.025941
P001317,1,0.351051,NEGAR,0.035,48,0.21,0.21,4620.0,17380.0,0.79,11,Não,0.35714
P001318,1,0.412629,NEGAR,0.035,48,0.21,0.2929,11481.68,27718.32,0.7071,2,Não,0.412629
P001319,4,0.129272,NEGAR,0.0303,48,0.21,0.21,11508.0,43292.0,0.79,4,Não,0.080909
P001320,4,0.134972,NEGAR,0.0303,24,0.21,0.21,9555.0,35945.0,0.79,3,Não,0.13911
P001321,5,0.095149,APROVAR,0.0282,36,0.21,0.21,12327.0,46373.0,0.79,3,Não,0.082879
P001322,3,0.174482,NEGAR,0.0336,48,0.21,0.243,6342.3,19757.7,0.757,5,Não,0.174482
P001323,10,0.024249,APROVAR,0.0227,36,0.0,0.4954,23531.5,23968.5,0.5046,3,Não,0.024249
P001324,9,0.037885,APROVAR,0.0236,60,0.0,0.1777,9382.56,43417.44,0.8223,4,Não,0.037885
P001325,2,0.249676,NEGAR,0.035,48,0.21,0.21,7728.0,29072.0,0.79,2,Sim,0.272108
P001326,7,0.062782,APROVAR,0.0256,60,0.0,0.2431,9043.32,28156.68,0.7569,10,Não,0.062782
P001327,7,0.061552,APROVAR,0.0256,48,0.0,0.0874,3242.54,33857.46,0.9126,3,Não,0.061552
P001328,8,0.046869,APROVAR,0.0247,36,0.0,0.0745,2898.05,36001.95,0.9255,6,Não,0.046869
P001329,10,0.027107,APROVAR,0.0227,60,0.0,0.2044,16433.76,63966.24,0.7956,2,Não,0.027107
P001330,1,0.30884,NEGAR,0.035,24,0.21,0.2734,6014.8,15985.2,0.7266,11,Não,0.30884
P001331,6,0.071178,APROVAR,0.0265,60,0.21,0.3706,20938.9,35561.1,0.6294,1,Não,0.071178
P001332,8,0.046045,APROVAR,0.0247,48,0.0,0.1757,7133.42,33466.58,0.8243,3,Sim,0.046045
P001333,1,0.348175,NEGAR,0.035,60,0.21,0.3008,6617.6,15382.4,0.6992,4,Sim,0.348175
P001334,6,0.075418,APROVAR,0.0265,60,0.21,0.3977,8749.4,13250.6,0.6023,3,Não,0.075418
P001335,6,0.081605,APROVAR,0.0265,36,0.21,0.21,12411.0,46689.0,0.79,3,Não,0.042869
P001336,2,0.24207,NEGAR,0.035,48,0.21,0.5746,15169.44,11230.56,0.4254,7,Não,0.24207
P001337,7,0.056776,APROVAR,0.0256,60,0.0,0.3971,27360.19,41539.81,0.6029,6,Não,0.056776
P001338,7,0.058135,APROVAR,0.0256,48,0.0,0.3928,20818.4,32181.6,0.6072,1,Não,0.058135
P001339,6,0.079766,APROVAR,0.0265,24,0.21,0.21,9933.0,37367.0,0.79,6,Não,0.073673
P001340,1,0.367108,NEGAR,0.035,60,0.21,0.21,4620.0,17380.0,0.79,7,Sim,0.293126
P001341,1,0.375766,NEGAR,0.035,36,0.21,0.2912,19743.36,48056.64,0.7088,7,Não,0.375766
P001342,1,0.304915,NEGAR,0.035,36,0.21,0.21,7686.0,28914.0,0.79,7,Sim,0.250435
P001343,8,0.046161,APROVAR,0.0247,36,0.0,0.3891,20661.21,32438.79,0.6109,0,Não,0.046161
P001344,4,0.115849,NEGAR,0.0303,36,0.21,0.21,6888.0,25912.0,0.79,3,Sim,0.121147
P001345,10,0.036553,APROVAR,0.0227,60,0.0,0.1386,7803.18,48496.82,0.8614,1,Sim,0.036553
P001346,8,0.047143,APROVAR,0.0247,24,0.0,0.4082,18613.92,26986.08,0.5918,3,Não,0.047143
P001347,2,0.266412,NEGAR,0.035,36,0.21,0.3443,7574.6,14425.4,0.6557,4,Não,0.266412
P001348,2,0.262403,NEGAR,0.035,36,0.21,0.21,9261.0,34839.0,0.79,0,Sim,0.243257
P001349,10,0.028152,APROVAR,0.0227,36,0.0,0.2016,25784.64,102115.36,0.7984,3,Não,0.028152
P001350,3,0.168046,NEGAR,0.0336,24,0.21,0.21,8799.0,33101.0,0.79,1,Não,0.164965
P001351,6,0.070481,APROVAR,0.0265,48,0.21,0.21,17451.0,65649.0,0.79,2,Não,0.070481
P001352,4,0.13946,NEGAR,0.0303,24,0.21,0.21,7896.0,29704.0,0.79,3,Não,0.133238
P001353,9,0.040122,APROVAR,0.0236,60,0.0,0.3353,11467.26,22732.74,0.6647,2,Não,0.040122
P001354,5,0.087889,APROVAR,0.0282,36,0.21,0.2936,8396.96,20203.04,0.7064,1,Não,0.087889
P001355,3,0.206338,NEGAR,0.0336,48,0.21,0.21,4914.0,18486.0,0.79,4,Sim,0.20302
P001356,1,0.644832,NEGAR,0.035,60,0.21,0.21,18312.0,68888.0,0.79,12,Sim,0.587067
P001357,1,0.385632,NEGAR,0.035,24,0.21,0.3362,35233.76,69566.24,0.6638,6,Sim,0.385632
P001358,1,0.498438,NEGAR,0.035,48,0.21,0.21,4620.0,17380.0,0.79,9,Sim,0.469943
P001359,2,0.298072,NEGAR,0.035,36,0.21,0.3769,12400.01,20499.99,0.6231,10,Não,0.298072
P001360,2,0.244961,NEGAR,0.035,60,0.21,0.21,5817.0,21883.0,0.79,2,Não,0.246921
P001361,4,0.114188,NEGAR,0.0303,24,0.21,0.2762,6076.4,15923.6,0.7238,2,Não,0.114188
P001362,2,0.245006,NEGAR,0.035,60,0.21,0.21,10248.0,38552.0,0.79,1,Não,0.174601
P001363,10,0.035347,APROVAR,0.0227,48,0.0,0.276,19016.4,49883.6,0.724,10,Não,0.035347
P001364,9,0.044429,APROVAR,0.0236,36,0.0,0.3719,30012.33,50687.67,0.6281,4,Não,0.044429
P001365,9,0.040572,APROVAR,0.0236,48,0.0,0.4897,20420.49,21279.51,0.5103,12,Não,0.040572
P001366,10,0.027314,APROVAR,0.0227,60,0.0,0.1624,7519.12,38780.88,0.8376,1,Não,0.027314
P001367,9,0.03821,APROVAR,0.0236,48,0.0,0.206,9908.6,38191.4,0.794,6,Não,0.03821
P001368,5,0.092794,APROVAR,0.0282,48,0.21,0.21,4620.0,17380.0,0.79,1,Não,0.094624
P001369,1,0.576602,NEGAR,0.035,60,0.21,0.21,10605.0,39895.0,0.79,6,Não,0.557135
P001370,1,0.643193,NEGAR,0.035,60,0.21,0.21,10227.0,38473.0,0.79,3,Sim,0.62612
P001371,3,0.176723,NEGAR,0.0336,48,0.21,0.3308,16804.64,33995.36,0.6692,10,Não,0.176723
P001372,2,0.232249,NEGAR,0.035,36,0.21,0.21,4851.0,18249.0,0.79,6,Não,0.232249
P001373,2,0.249697,NEGAR,0.035,24,0.21,0.21,12180.0,45820.0,0.79,7,Sim,0.257924
P001374,2,0.256236,NEGAR,0.035,48,0.21,0.21,6594.0,24806.0,0.79,5,Não,0.199156
P001375,9,0.040302,APROVAR,0.0236,60,0.0,0.123,6396.0,45604.0,0.877,7,Não,0.040302
P001376,1,0.50743,NEGAR,0.035,36,0.21,0.2422,10317.72,32282.28,0.7578,2,Não,0.50743
P001377,7,0.056723,APROVAR,0.0256,48,0.0,0.4652,14653.8,16846.2,0.5348,6,Sim,0.056723
P001378,5,0.093418,APROVAR,0.0282,36,0.21,0.21,37443.0,140857.0,0.79,3,Sim,0.052166
P001379,4,0.115489,NEGAR,0.0303,24,0.21,0.21,4872.0,18328.0,0.79,8,Não,0.115866
P001380,7,0.056631,APROVAR,0.0256,60,0.0,0.1846,7439.38,32860.62,0.8154,3,Não,0.056631
P001381,10,0.036846,APROVAR,0.0227,48,0.0,0.2379,5233.8,16766.2,0.7621,4,Sim,0.036846
P001382,3,0.157122,NEGAR,0.0336,36,0.21,0.21,10164.0,38236.0,0.79,4,Sim,0.148895
P001383,2,0.290778,NEGAR,0.035,48,0.21,0.552,12144.0,9856.0,0.448,2,Não,0.290778
P001384,1,0.318605,NEGAR,0.035,60,0.21,0.21,7959.0,29941.0,0.79,12,Sim,0.328086
P001385,3,0.150666,NEGAR,0.0336,60,0.21,0.21,5418.0,20382.0,0.79,9,Não,0.150972
P001386,9,0.039701,APROVAR,0.0236,36,0.0,0.2902,11462.9,28037.1,0.7098,3,Não,0.039701
P001387,2,0.225681,NEGAR,0.035,48,0.21,0.21,6363.0,23937.0,0.79,3,Não,0.24086
P001388,6,0.081906,APROVAR,0.0265,36,0.21,0.21,23604.0,88796.0,0.79,4,Não,0.043132
P001389,3,0.190785,NEGAR,0.0336,24,0.21,0.21,8883.0,33417.0,0.79,5,Não,0.178944
P001390,5,0.091712,APROVAR,0.0282,48,0.21,0.4218,30496.14,41803.86,0.5782,2,Não,0.091712
P001391,3,0.19748,NEGAR,0.0336,36,0.21,0.4761,10474.2,11525.8,0.5239,0,Não,0.19748
P001392,2,0.215267,NEGAR,0.035,36,0.21,0.4636,10199.2,11800.8,0.5364,5,Não,0.215267
P001393,2,0.230255,NEGAR,0.035,36,0.21,0.21,7875.0,29625.0,0.79,1,Não,0.229293
P001394,8,0.050441,APROVAR,0.0247,24,0.0,0.2482,5460.4,16539.6,0.7518,7,Sim,0.050441
P001395,10,0.031913,APROVAR,0.0227,60,0.0,0.4557,42471.24,50728.76,0.5443,4,Não,0.031913
P001396,5,0.093581,APROVAR,0.0282,24,0.21,0.3393,17372.16,33827.84,0.6607,3,Não,0.093581
P001397,8,0.050492,APROVAR,0.0247,24,0.0,0.211,19264.3,72035.7,0.789,2,Não,0.050492
P001398,1,0.333541,NEGAR,0.035,60,0.21,0.2679,7876.26,21523.74,0.7321,1,Sim,0.333541
P001399,3,0.194065,NEGAR,0.0336,48,0.21,0.4091,24218.72,34981.28,0.5909,9,Não,0.194065
P001400,6,0.074221,APROVAR,0.0265,60,0.21,0.21,6930.0,26070.0,0.79,1,Não,0.073293
P001401,8,0.050274,APROVAR,0.0247,48,0.0,0.1218,6418.86,46281.14,0.8782,8,Não,0.050274
P001402,3,0.144605,NEGAR,0.0336,36,0.21,0.4038,20957.22,30942.78,0.5962,2,Não,0.144605
P001403,9,0.04272,APROVAR,0.0236,24,0.0,0.1481,8456.51,48643.49,0.8519,3,Não,0.04272
P001404,6,0.074524,APROVAR,0.0265,60,0.21,0.21,7014.0,26386.0,0.79,5,Sim,0.073491
P001405,1,0.302363,NEGAR,0.035,60,0.21,0.21,5901.0,22199.0,0.79,6,Não,0.305188
P001406,10,0.02186,APROVAR,0.0227,36,0.0,0.4849,25505.74,27094.26,0.5151,4,Não,0.02186
P001407,1,0.572298,NEGAR,0.035,48,0.21,0.21,8085.0,30415.0,0.79,7,Não,0.581564
P001408,8,0.048223,APROVAR,0.0247,60,0.0,0.2136,5318.64,19581.36,0.7864,5,Não,0.048223
P001409,3,0.201749,NEGAR,0.0336,60,0.21,0.21,4620.0,17380.0,0.79,4,Não,0.199887
P001410,7,0.062315,APROVAR,0.0256,60,0.0,0.077,4273.5,51226.5,0.923,1,Não,0.062315
P001411,7,0.059568,APROVAR,0.0256,24,0.0,0.5577,19798.35,15701.65,0.4423,11,Não,0.059568
P001412,10,0.02579,APROVAR,0.0227,36,0.0,0.1942,8719.58,36180.42,0.8058,4,Não,0.02579
P001413,1,0.322906,NEGAR,0.035,60,0.21,0.2191,12028.59,42871.41,0.7809,5,Sim,0.322906
P001414,6,0.066987,APROVAR,0.0265,24,0.21,0.3079,10961.24,24638.76,0.6921,1,Não,0.066987
P001415,9,0.039637,APROVAR,0.0236,36,0.0,0.3688,8187.36,14012.64,0.6312,7,Não,0.039637
P001416,6,0.068401,APROVAR,0.0265,24,0.21,0.21,10563.0,39737.0,0.79,1,Sim,0.030676
P001417,2,0.24109,NEGAR,0.035,36,0.21,0.25,5500.0,16500.0,0.75,2,Não,0.24109
P001418,6,0.07937,APROVAR,0.0265,36,0.21,0.21,8232.0,30968.0,0.79,5,Não,0.074349
P001419,10,0.035573,APROVAR,0.0227,24,0.0,0.1643,10613.78,53986.22,0.8357,1,Não,0.035573
P001420,7,0.065659,APROVAR,0.0256,48,0.0,0.0501,2059.11,39040.89,0.9499,8,Não,0.065659
P001421,6,0.069979,APROVAR,0.0265,36,0.21,0.21,7476.0,28124.0,0.79,7,Não,0.034604
P001422,4,0.135139,NEGAR,0.0303,24,0.21,0.2851,8923.63,22376.37,0.7149,3,Não,0.135139
P001423,2,0.21492,NEGAR,0.035,48,0.21,0.21,7875.0,29625.0,0.79,5,Não,0.115993
P001424,4,0.132604,NEGAR,0.0303,60,0.21,0.21,20454.0,76946.0,0.79,2,Não,0.079093
P001425,10,0.027754,APROVAR,0.0227,48,0.0,0.2128,20790.56,76909.44,0.7872,1,Não,0.027754
P001426,7,0.054406,APROVAR,0.0256,24,0.0,0.1844,7873.88,34826.12,0.8156,3,Não,0.054406
P001427,3,0.155421,NEGAR,0.0336,60,0.21,0.21,10395.0,39105.0,0.79,4,Não,0.132585
P001428,2,0.248823,NEGAR,0.035,48,0.21,0.21,9156.0,34444.0,0.79,8,Sim,0.233044
P001429,6,0.075503,APROVAR,0.0265,60,0.21,0.21,8925.0,33575.0,0.79,3,Não,0.035764
P001430,4,0.113868,NEGAR,0.0303,36,0.21,0.21,10143.0,38157.0,0.79,2,Não,0.09957
P001431,6,0.072104,APROVAR,0.0265,36,0.21,0.5359,20417.79,17682.21,0.4641,4,Sim,0.072104
P001432,2,0.274584,NEGAR,0.035,48,0.21,0.21,4620.0,17380.0,0.79,4,Sim,0.270187
P001433,10,0.027091,APROVAR,0.0227,60,0.0,0.3568,35608.64,64191.36,0.6432,1,Não,0.027091
P001434,2,0.282195,NEGAR,0.035,60,0.21,0.21,5103.0,19197.0,0.79,5,Sim,0.283383
P001435,7,0.055231,APROVAR,0.0256,48,0.0,0.2424,7732.56,24167.44,0.7576,4,Não,0.055231
P001436,10,0.028902,APROVAR,0.0227,48,0.0,0.4662,41491.8,47508.2,0.5338,6,Não,0.028902
P001437,2,0.209936,NEGAR,0.035,48,0.21,0.2557,7415.3,21584.7,0.7443,3,Não,0.209936
P001438,10,0.034888,APROVAR,0.0227,48,0.0,0.316,15547.2,33652.8,0.684,5,Não,0.034888
P001439,10,0.024399,APROVAR,0.0227,60,0.0,0.2389,10511.6,33488.4,0.7611,3,Não,0.024399
P001440,8,0.053078,APROVAR,0.0247,48,0.0,0.4647,27649.65,31850.35,0.5353,3,Não,0.053078
P001441,3,0.144445,NEGAR,0.0336,24,0.21,0.3769,12098.49,20001.51,0.6231,12,Não,0.144445
P001442,3,0.182409,NEGAR,0.0336,48,0.21,0.21,4620.0,17380.0,0.79,3,Não,0.168655
P001443,7,0.059562,APROVAR,0.0256,24,0.0,0.1032,3354.0,29146.0,0.8968,3,Sim,0.059562
P001444,8,0.04974,APROVAR,0.0247,24,0.0,0.4358,14381.4,18618.6,0.5642,9,Não,0.04974
P001445,6,0.070241,APROVAR,0.0265,60,0.21,0.21,6615.0,24885.0,0.79,5,Sim,0.073998
P001446,3,0.160446,NEGAR,0.0336,60,0.21,0.3636,19598.04,34301.96,0.6364,12,Sim,0.160446
P001447,1,0.456133,NEGAR,0.035,60,0.21,0.21,4620.0,17380.0,0.79,6,Sim,0.335621
P001448,3,0.158409,NEGAR,0.0336,24,0.21,0.2342,6042.36,19757.64,0.7658,5,Não,0.158409
P001449,1,0.317939,NEGAR,0.035,36,0.21,0.21,5481.0,20619.0,0.79,9,Sim,0.334432
P001450,8,0.047823,APROVAR,0.0247,36,0.0,0.1229,8529.26,60870.74,0.8771,6,Não,0.047823
P001451,3,0.19547,NEGAR,0.0336,60,0.21,0.319,10527.0,22473.0,0.681,8,Sim,0.19547
P001452,1,0.354277,NEGAR,0.035,48,0.21,0.2438,5363.6,16636.4,0.7562,2,Não,0.354277
P001453,9,0.043135,APROVAR,0.0236,36,0.0,0.3451,8696.52,16503.48,0.6549,1,Não,0.043135
P001454,9,0.040145,APROVAR,0.0236,24,0.0,0.5593,39430.65,31069.35,0.4407,2,Não,0.040145
P001455,9,0.03922,APROVAR,0.0236,48,0.0,0.2957,13424.78,31975.22,0.7043,2,Não,0.03922
P001456,6,0.07426,APROVAR,0.0265,48,0.21,0.4186,48222.72,66977.28,0.5814,0,Não,0.07426
P001457,9,0.038745,APROVAR,0.0236,48,0.0,0.2458,8455.52,25944.48,0.7542,3,Sim,0.038745
P001458,2,0.229545,NEGAR,0.035,48,0.21,0.21,9450.0,35550.0,0.79,4,Não,0.177925
P001459,1,0.356135,NEGAR,0.035,36,0.21,0.21,6846.0,25754.0,0.79,6,Não,0.339352
P001460,1,0.321917,NEGAR,0.035,48,0.21,0.2117,6795.57,25304.43,0.7883,2,Não,0.321917
P001461,6,0.067339,APROVAR,0.0265,36,0.21,0.21,12579.0,47321.0,0.79,11,Sim,0.068392
P001462,2,0.243231,NEGAR,0.035,60,0.21,0.3583,7882.6,14117.4,0.6417,9,Não,0.243231
P001463,10,0.036566,APROVAR,0.0227,60,0.0,0.194,15093.2,62706.8,0.806,4,Não,0.036566
P001464,1,0.328658,NEGAR,0.035,60,0.21,0.4327,12721.38,16678.62,0.5673,3,Não,0.328658
P001465,3,0.208761,NEGAR,0.0336,24,0.21,0.3995,15980.0,24020.0,0.6005,3,Não,0.208761
P001466,10,0.033053,APROVAR,0.0227,24,0.0,0.2184,10461.36,37438.64,0.7816,1,Não,0.033053
P001467,8,0.047059,APROVAR,0.0247,60,0.0,0.3892,18487.0,29013.0,0.6108,6,Não,0.047059
P001468,10,0.028931,APROVAR,0.0227,48,0.0,0.3808,30578.24,49721.76,0.6192,12,Não,0.028931
P001469,6,0.083623,APROVAR,0.0265,48,0.21,0.21,9093.0,34207.0,0.79,3,Sim,0.08317
P001470,2,0.229589,NEGAR,0.035,48,0.21,0.3592,12572.0,22428.0,0.6408,4,Não,0.229589
P001471,1,0.301868,NEGAR,0.035,48,0.21,0.21,10626.0,39974.0,0.79,3,Sim,0.221314
P001472,7,0.058973,APROVAR,0.0256,60,0.0,0.2216,6315.6,22184.4,0.7784,5,Não,0.058973
P001473,9,0.037904,APROVAR,0.0236,36,0.0,0.1247,3429.25,24070.75,0.8753,2,Não,0.037904
P001474,10,0.030475,APROVAR,0.0227,60,0.0,0.1206,11529.36,84070.64,0.8794,1,Não,0.030475
P001475,4,0.114547,NEGAR,0.0303,60,0.21,0.21,6342.0,23858.0,0.79,3,Sim,0.112687
P001476,10,0.033489,APROVAR,0.0227,36,0.0,0.1497,7589.79,43110.21,0.8503,7,Não,0.033489
P001477,10,0.033396,APROVAR,0.0227,48,0.0,0.5514,30106.44,24493.56,0.4486,2,Não,0.033396
P001478,1,0.397702,NEGAR,0.035,48,0.21,0.2672,9031.36,24768.64,0.7328,4,Não,0.397702
P001479,5,0.087229,APROVAR,0.0282,60,0.21,0.21,8526.0,32074.0,0.79,2,Não,0.080991
P001480,2,0.2657,NEGAR,0.035,48,0.21,0.21,9681.0,36419.0,0.79,4,Não,0.21304
P001481,3,0.207504,NEGAR,0.0336,60,0.21,0.2672,5878.4,16121.6,0.7328,7,Sim,0.207504
P001482,9,0.038152,APROVAR,0.0236,36,0.0,0.0813,4479.63,50620.37,0.9187,4,Não,0.038152
P001483,7,0.055435,APROVAR,0.0256,60,0.0,0.1487,7925.71,45374.29,0.8513,3,Não,0.055435
P001484,3,0.145103,NEGAR,0.0336,36,0.21,0.298,6794.4,16005.6,0.702,4,Não,0.145103
P001485,4,0.123025,NEGAR,0.0303,60,0.21,0.5429,19707.27,16592.73,0.4571,5,Sim,0.123025
P001486,8,0.049892,APROVAR,0.0247,36,0.0,0.2294,5046.8,16953.2,0.7706,4,Não,0.049892
P001487,8,0.050156,APROVAR,0.0247,36,0.0,0.2448,7392.96,22807.04,0.7552,2,Não,0.050156
P001488,5,0.085561,APROVAR,0.0282,36,0.21,0.2884,10238.2,25261.8,0.7116,1,Não,0.085561
P001489,6,0.074269,APROVAR,0.0265,36,0.21,0.3577,7905.17,14194.83,0.6423,0,Sim,0.074269
P001490,6,0.075636,APROVAR,0.0265,36,0.21,0.3147,12367.71,26932.29,0.6853,1,Sim,0.075636
P001491,10,0.027735,APROVAR,0.0227,24,0.0,0.4603,40782.58,47817.42,0.5397,3,Não,0.027735
P001492,8,0.046559,APROVAR,0.0247,48,0.0,0.2401,21152.81,66947.19,0.7599,7,Sim,0.046559
P001493,2,0.236893,NEGAR,0.035,36,0.21,0.21,7602.0,28598.0,0.79,3,Sim,0.245242
P001494,7,0.060126,APROVAR,0.0256,60,0.0,0.1683,6412.23,31687.77,0.8317,5,Não,0.060126
P001495,9,0.038881,APROVAR,0.0236,48,0.0,0.4289,30580.57,40719.43,0.5711,4,Não,0.038881
P001496,8,0.045987,APROVAR,0.0247,48,0.0,0.3794,37598.54,61501.46,0.6206,1,Não,0.045987
P001497,8,0.050817,APROVAR,0.0247,36,0.0,0.4591,16435.78,19364.22,0.5409,2,Não,0.050817
P001498,5,0.095016,APROVAR,0.0282,24,0.21,0.2471,8179.01,24920.99,0.7529,3,Não,0.095016
P001499,6,0.077843,APROVAR,0.0265,24,0.21,0.2519,8035.61,23864.39,0.7481,4,Não,0.077843
P001500,7,0.061569,APROVAR,0.0256,36,0.0,0.2877,6818.49,16881.51,0.7123,5,Sim,0.061569
P001501,10,0.034194,APROVAR,0.0227,36,0.0,0.4657,24449.25,28050.75,0.5343,1,Não,0.034194
P001502,4,0.130353,NEGAR,0.0303,24,0.21,0.21,10500.0,39500.0,0.79,11,Não,0.117064
P001503,8,0.046964,APROVAR,0.0247,24,0.0,0.2195,13433.4,47766.6,0.7805,1,Não,0.046964
P001504,1,0.32473,NEGAR,0.035,36,0.21,0.21,6993.0,26307.0,0.79,5,Não,0.314135
P001505,5,0.101808,APROVAR,0.0282,48,0.21,0.21,9219.0,34681.0,0.79,1,Não,0.086831
P001506,7,0.057797,APROVAR,0.0256,36,0.0,0.2282,11683.84,39516.16,0.7718,3,Não,0.057797
P001507,5,0.10487,APROVAR,0.0282,36,0.21,0.21,8757.0,32943.0,0.79,3,Não,0.092523
P001508,10,0.025948,APROVAR,0.0227,60,0.0,0.128,10585.6,72114.4,0.872,2,Não,0.025948
P001509,4,0.1169,NEGAR,0.0303,60,0.21,0.21,6342.0,23858.0,0.79,3,Não,0.121402
P001510,1,0.452717,NEGAR,0.035,60,0.21,0.2923,14351.93,34748.07,0.7077,3,Não,0.452717
P001511,4,0.108546,NEGAR,0.0303,48,0.21,0.21,6300.0,23700.0,0.79,3,Não,0.111865
P001512,10,0.033105,APROVAR,0.0227,48,0.0,0.092,4103.2,40496.8,0.908,1,Não,0.033105
P001513,2,0.282668,NEGAR,0.035,36,0.21,0.5143,11314.6,10685.4,0.4857,5,Sim,0.282668
P001514,3,0.201589,NEGAR,0.0336,36,0.21,0.4188,20563.08,28536.92,0.5812,4,Não,0.201589
P001515,4,0.138166,NEGAR,0.0303,48,0.21,0.21,4620.0,17380.0,0.79,12,Sim,0.137806
P001516,2,0.254232,NEGAR,0.035,60,0.21,0.21,4620.0,17380.0,0.79,1,Sim,0.2358
P001517,8,0.053579,APROVAR,0.0247,60,0.0,0.1291,3175.86,21424.14,0.8709,11,Não,0.053579
P001518,1,0.519371,NEGAR,0.035,48,0.21,0.21,9156.0,34444.0,0.79,5,Não,0.530527
P001519,5,0.099806,APROVAR,0.0282,36,0.21,0.3705,8299.2,14100.8,0.6295,4,Não,0.099806
P001520,3,0.143874,NEGAR,0.0336,24,0.21,0.322,7084.0,14916.0,0.678,1,Não,0.143874
P001521,10,0.030438,APROVAR,0.0227,60,0.0,0.0863,2960.09,31339.91,0.9137,1,Não,0.030438
P001522,3,0.191496,NEGAR,0.0336,36,0.21,0.6257,13765.4,8234.6,0.3743,3,Não,0.191496
P001523,10,0.031534,APROVAR,0.0227,36,0.0,0.635,22733.0,13067.0,0.365,5,Não,0.031534
P001524,10,0.033001,APROVAR,0.0227,48,0.0,0.4642,17778.86,20521.14,0.5358,5,Não,0.033001
P001525,4,0.11944,NEGAR,0.0303,48,0.21,0.3577,21032.76,37767.24,0.6423,2,Não,0.11944
P001526,2,0.21019,NEGAR,0.035,48,0.21,0.3788,22879.52,37520.48,0.6212,9,Não,0.21019
P001527,1,0.577423,NEGAR,0.035,60,0.21,0.2349,5167.8,16832.2,0.7651,8,Não,0.577423
P001528,3,0.192378,NEGAR,0.0336,36,0.21,0.21,9513.0,35787.0,0.79,5,Não,0.185095
P001529,10,0.034395,APROVAR,0.0227,36,0.0,0.3654,15419.88,26780.12,0.6346,4,Não,0.034395
P001530,3,0.160413,NEGAR,0.0336,60,0.21,0.21,5943.0,22357.0,0.79,8,Não,0.170098
P001531,2,0.275764,NEGAR,0.035,48,0.21,0.2252,7116.32,24483.68,0.7748,1,Não,0.275764
P001532,9,0.043406,APROVAR,0.0236,36,0.0,0.1833,8065.2,35934.8,0.8167,3,Não,0.043406
P001533,2,0.29575,NEGAR,0.035,60,0.21,0.21,4620.0,17380.0,0.79,6,Não,0.297514
P001534,2,0.292879,NEGAR,0.035,24,0.21,0.21,18480.0,69520.0,0.79,3,Não,0.288276
P001535,10,0.036532,APROVAR,0.0227,48,0.0,0.0938,6003.2,57996.8,0.9062,0,Não,0.036532
P001536,8,0.047268,APROVAR,0.0247,24,0.0,0.2816,17008.64,43391.36,0.7184,2,Não,0.047268
P001537,1,0.429549,NEGAR,0.035,48,0.21,0.21,12054.0,45346.0,0.79,3,Não,0.296186
P001538,6,0.070778,APROVAR,0.0265,60,0.21,0.3014,6781.5,15718.5,0.6986,5,Não,0.070778
P001539,9,0.044576,APROVAR,0.0236,48,0.0,0.3435,17724.6,33875.4,0.6565,1,Não,0.044576
P001540,10,0.034167,APROVAR,0.0227,24,0.0,0.1291,8675.52,58524.48,0.8709,0,Não,0.034167
P001541,9,0.04306,APROVAR,0.0236,60,0.0,0.3184,12608.64,26991.36,0.6816,2,Não,0.04306
P001542,5,0.085261,APROVAR,0.0282,48,0.21,0.3618,26700.84,47099.16,0.6382,2,Não,0.085261
P001543,7,0.062425,APROVAR,0.0256,24,0.0,0.2388,6113.28,19486.72,0.7612,5,Não,0.062425
P001544,1,0.590323,NEGAR,0.035,60,0.21,0.21,8232.0,30968.0,0.79,8,Não,0.517053
P001545,10,0.036098,APROVAR,0.0227,24,0.0,0.2197,13247.91,47052.09,0.7803,4,Não,0.036098
P001546,9,0.038931,APROVAR,0.0236,48,0.0,0.3996,15224.76,22875.24,0.6004,6,Não,0.038931
P001547,3,0.15619,NEGAR,0.0336,36,0.21,0.21,7938.0,29862.0,0.79,3,Não,0.097993
P001548,6,0.080512,APROVAR,0.0265,48,0.21,0.21,7098.0,26702.0,0.79,1,Sim,0.061019
P001549,8,0.053415,APROVAR,0.0247,36,0.0,0.5572,18164.72,14435.28,0.4428,4,Não,0.053415
P001550,1,0.510028,NEGAR,0.035,48,0.21,0.21,6237.0,23463.0,0.79,2,Sim,0.518354
P001551,10,0.034055,APROVAR,0.0227,24,0.0,0.1171,5023.59,37876.41,0.8829,6,Não,0.034055
P001552,8,0.053613,APROVAR,0.0247,48,0.0,0.3834,47656.62,76643.38,0.6166,2,Não,0.053613
P001553,8,0.052756,APROVAR,0.0247,36,0.0,0.1615,4538.15,23561.85,0.8385,7,Não,0.052756
P001554,8,0.049555,APROVAR,0.0247,60,0.0,0.2617,7222.92,20377.08,0.7383,4,Não,0.049555
P001555,4,0.119748,NEGAR,0.0303,60,0.21,0.21,8295.0,31205.0,0.79,7,Não,0.063082
P001556,9,0.043766,APROVAR,0.0236,48,0.0,0.1512,7212.24,40487.76,0.8488,8,Não,0.043766
P001557,2,0.227334,NEGAR,0.035,36,0.21,0.3419,7795.32,15004.68,0.6581,3,Sim,0.227334
P001558,4,0.141559,NEGAR,0.0303,60,0.21,0.21,9786.0,36814.0,0.79,2,Não,0.077342
P001559,4,0.122587,NEGAR,0.0303,24,0.21,0.2487,9773.91,29526.09,0.7513,1,Não,0.122587
P001560,4,0.108133,NEGAR,0.0303,48,0.21,0.2274,9096.0,30904.0,0.7726,6,Sim,0.108133
P001561,9,0.037059,APROVAR,0.0236,48,0.0,0.1569,3859.74,20740.26,0.8431,12,Não,0.037059
P001562,4,0.122716,NEGAR,0.0303,24,0.21,0.2694,15571.32,42228.68,0.7306,1,Sim,0.122716
P001563,8,0.046786,APROVAR,0.0247,60,0.0,0.3786,8329.2,13670.8,0.6214,1,Não,0.046786
P001564,1,0.462138,NEGAR,0.035,60,0.21,0.21,7497.0,28203.0,0.79,7,Não,0.476723
P001565,2,0.289666,NEGAR,0.035,60,0.21,0.21,6216.0,23384.0,0.79,3,Sim,0.297042
P001566,8,0.051769,APROVAR,0.0247,48,0.0,0.1655,6090.4,30709.6,0.8345,3,Sim,0.051769
P001567,5,0.09486,APROVAR,0.0282,24,0.21,0.21,19782.0,74418.0,0.79,3,Sim,0.102354
P001568,8,0.044926,APROVAR,0.0247,36,0.0,0.1237,7211.71,51088.29,0.8763,5,Não,0.044926
P001569,8,0.045066,APROVAR,0.0247,60,0.0,0.2215,8062.6,28337.4,0.7785,4,Não,0.045066
P001570,10,0.036641,APROVAR,0.0227,24,0.0,0.1893,4448.55,19051.45,0.8107,4,Não,0.036641
P001571,1,0.313271,NEGAR,0.035,24,0.21,0.21,6069.0,22831.0,0.79,8,Não,0.313271
P001572,5,0.089785,APROVAR,0.0282,60,0.21,0.21,12663.0,47637.0,0.79,1,Não,0.092032
P001573,6,0.075175,APROVAR,0.0265,48,0.21,0.21,8442.0,31758.0,0.79,2,Não,0.065596
P001574,5,0.089357,APROVAR,0.0282,60,0.21,0.5714,28627.14,21472.86,0.4286,3,Não,0.089357
P001575,10,0.036306,APROVAR,0.0227,36,0.0,0.097,3084.6,28715.4,0.903,2,Não,0.036306
P001576,10,0.030052,APROVAR,0.0227,48,0.0,0.2091,5185.68,19614.32,0.7909,2,Não,0.030052
P001577,5,0.102623,APROVAR,0.0282,24,0.21,0.21,8988.0,33812.0,0.79,10,Não,0.066928
P001578,4,0.130634,NEGAR,0.0303,48,0.21,0.21,10185.0,38315.0,0.79,2,Não,0.076626
P001579,10,0.030609,APROVAR,0.0227,36,0.0,0.2757,16073.31,42226.69,0.7243,4,Não,0.030609
P001580,8,0.051741,APROVAR,0.0247,48,0.0,0.3672,37234.08,64165.92,0.6328,4,Não,0.051741
P001581,5,0.094172,APROVAR,0.0282,48,0.21,0.21,5481.0,20619.0,0.79,4,Sim,0.056815
P001582,1,0.324884,NEGAR,0.035,48,0.21,0.2282,6024.48,20375.52,0.7718,10,Não,0.324884
P001583,4,0.138255,NEGAR,0.0303,48,0.21,0.4921,11465.93,11834.07,0.5079,0,Não,0.138255
P001584,9,0.039443,APROVAR,0.0236,24,0.0,0.1815,13394.7,60405.3,0.8185,1,Não,0.039443
P001585,9,0.042548,APROVAR,0.0236,36,0.0,0.1549,8147.74,44452.26,0.8451,1,Sim,0.042548
P001586,2,0.218001,NEGAR,0.035,36,0.21,0.2304,6704.64,22395.36,0.7696,8,Não,0.218001
P001587,8,0.045317,APROVAR,0.0247,24,0.0,0.2627,18100.03,50799.97,0.7373,1,Não,0.045317
P001588,2,0.253897,NEGAR,0.035,48,0.21,0.21,4620.0,17380.0,0.79,3,Sim,0.252539
P001589,2,0.213404,NEGAR,0.035,60,0.21,0.21,6825.0,25675.0,0.79,3,Sim,0.244571
P001590,3,0.177032,NEGAR,0.0336,48,0.21,0.21,5628.0,21172.0,0.79,12,Sim,0.190232
P001591,2,0.256499,NEGAR,0.035,36,0.21,0.21,6552.0,24648.0,0.79,7,Não,0.306424
P001592,8,0.048945,APROVAR,0.0247,36,0.0,0.1556,5928.36,32171.64,0.8444,5,Não,0.048945
P001593,9,0.038195,APROVAR,0.0236,60,0.0,0.3195,14697.0,31303.0,0.6805,5,Sim,0.038195
P001594,8,0.047184,APROVAR,0.0247,48,0.0,0.08,2976.0,34224.0,0.92,8,Não,0.047184
P001595,1,0.347213,NEGAR,0.035,60,0.21,0.4567,23520.05,27979.95,0.5433,7,Sim,0.347213
P001596,10,0.030352,APROVAR,0.0227,48,0.0,0.2715,22018.65,59081.35,0.7285,1,Não,0.030352
P001597,3,0.156148,NEGAR,0.0336,48,0.21,0.21,26817.0,100883.0,0.79,8,Não,0.14783
P001598,9,0.044607,APROVAR,0.0236,24,0.0,0.2839,14564.07,36735.93,0.7161,6,Não,0.044607
P001599,7,0.059655,APROVAR,0.0256,48,0.0,0.2692,22047.48,59852.52,0.7308,2,Não,0.059655
P001600,10,0.036858,APROVAR,0.0227,48,0.0,0.1684,4934.12,24365.88,0.8316,3,Não,0.036858
P001601,1,0.479382,NEGAR,0.035,60,0.21,0.2814,11087.16,28312.84,0.7186,2,Não,0.479382
P001602,1,0.389765,NEGAR,0.035,60,0.21,0.3496,7691.2,14308.8,0.6504,9,Não,0.389765
P001603,9,0.037023,APROVAR,0.0236,36,0.0,0.3055,14266.85,32433.15,0.6945,7,Não,0.037023
P001604,1,0.319935,NEGAR,0.035,24,0.21,0.21,4809.0,18091.0,0.79,2,Sim,0.255723
P001605,10,0.030883,APROVAR,0.0227,48,0.0,0.0978,2288.52,21111.48,0.9022,4,Não,0.030883
P001606,2,0.296688,NEGAR,0.035,36,0.21,0.21,4620.0,17380.0,0.79,6,Não,0.296688
P001607,6,0.082427,APROVAR,0.0265,48,0.21,0.21,7203.0,27097.0,0.79,5,Não,0.0823
P001608,6,0.077489,APROVAR,0.0265,60,0.21,0.3924,26604.72,41195.28,0.6076,2,Não,0.077489
P001609,10,0.032278,APROVAR,0.0227,36,0.0,0.3292,30483.92,62116.08,0.6708,2,Não,0.032278
P001610,6,0.083181,APROVAR,0.0265,48,0.21,0.21,9807.0,36893.0,0.79,2,Não,0.07985
P001611,9,0.039808,APROVAR,0.0236,48,0.0,0.4016,12007.84,17892.16,0.5984,1,Não,0.039808
P001612,7,0.062133,APROVAR,0.0256,48,0.0,0.4186,9209.2,12790.8,0.5814,5,Não,0.062133
P001613,9,0.038743,APROVAR,0.0236,60,0.0,0.1605,10143.6,53056.4,0.8395,5,Não,0.038743
P001614,1,0.378886,NEGAR,0.035,36,0.21,0.21,6384.0,24016.0,0.79,12,Sim,0.323442
P001615,10,0.025844,APROVAR,0.0227,60,0.0,0.149,12814.0,73186.0,0.851,2,Não,0.025844
P001616,2,0.275149,NEGAR,0.035,48,0.21,0.2988,14491.8,34008.2,0.7012,5,Não,0.275149
P001617,2,0.265949,NEGAR,0.035,60,0.21,0.21,7980.0,30020.0,0.79,9,Não,0.284404
P001618,3,0.154432,NEGAR,0.0336,60,0.21,0.2953,7116.73,16983.27,0.7047,8,Não,0.154432
P001619,8,0.053262,APROVAR,0.0247,36,0.0,0.183,4026.0,17974.0,0.817,12,Sim,0.053262
P001620,9,0.043174,APROVAR,0.0236,36,0.0,0.5046,28509.9,27990.1,0.4954,2,Não,0.043174
P001621,2,0.240865,NEGAR,0.035,36,0.21,0.21,9996.0,37604.0,0.79,4,Não,0.182676
P001622,2,0.26171,NEGAR,0.035,48,0.21,0.21,6258.0,23542.0,0.79,6,Sim,0.25974
P001623,6,0.077761,APROVAR,0.0265,24,0.21,0.21,4620.0,17380.0,0.79,7,Não,0.047316
P001624,2,0.265459,NEGAR,0.035,48,0.21,0.21,10983.0,41317.0,0.79,8,Sim,0.248014
P001625,5,0.096445,APROVAR,0.0282,24,0.21,0.21,20265.0,76235.0,0.79,3,Sim,0.09038
P001626,9,0.041725,APROVAR,0.0236,60,0.0,0.0921,3094.56,30505.44,0.9079,5,Sim,0.041725
P001627,4,0.120807,NEGAR,0.0303,24,0.21,0.21,7623.0,28677.0,0.79,7,Não,0.136419
P001628,1,0.67474,NEGAR,0.035,60,0.21,0.21,4620.0,17380.0,0.79,6,Não,0.676943
P001629,7,0.062738,APROVAR,0.0256,60,0.0,0.2152,4734.4,17265.6,0.7848,2,Não,0.062738
P001630,3,0.192294,NEGAR,0.0336,24,0.21,0.21,10164.0,38236.0,0.79,7,Sim,0.189654
P001631,5,0.09436,APROVAR,0.0282,48,0.21,0.2169,5682.78,20517.22,0.7831,2,Sim,0.09436
P001632,2,0.300998,NEGAR,0.035,48,0.21,0.3817,11107.47,17992.53,0.6183,9,Não,0.300998
P001633,1,0.47473,NEGAR,0.035,24,0.21,0.2321,5106.2,16893.8,0.7679,2,Não,0.47473
P001634,7,0.05853,APROVAR,0.0256,36,0.0,0.0749,4494.0,55506.0,0.9251,1,Não,0.05853
P001635,2,0.295182,NEGAR,0.035,48,0.21,0.21,7560.0,28440.0,0.79,3,Não,0.210383
P001636,6,0.066592,APROVAR,0.0265,24,0.21,0.2303,29939.0,100061.0,0.7697,6,Não,0.066592
P001637,5,0.102094,APROVAR,0.0282,24,0.21,0.3669,16363.74,28236.26,0.6331,6,Sim,0.102094
P001638,6,0.07092,APROVAR,0.0265,60,0.21,0.21,8715.0,32785.0,0.79,4,Sim,0.065398
P001639,9,0.040003,APROVAR,0.0236,36,0.0,0.4532,17312.24,20887.76,0.5468,6,Não,0.040003
P001640,9,0.042597,APROVAR,0.0236,60,0.0,0.1067,5687.11,47612.89,0.8933,1,Sim,0.042597
P001641,3,0.143812,NEGAR,0.0336,60,0.21,0.21,9114.0,34286.0,0.79,1,Não,0.126264
P001642,10,0.033461,APROVAR,0.0227,60,0.0,0.4124,11134.8,15865.2,0.5876,12,Não,0.033461
P001643,10,0.034006,APROVAR,0.0227,60,0.0,0.2513,9172.45,27327.55,0.7487,6,Não,0.034006
P001644,10,0.032167,APROVAR,0.0227,60,0.0,0.135,3982.5,25517.5,0.865,5,Não,0.032167
P001645,3,0.202844,NEGAR,0.0336,48,0.21,0.21,4620.0,17380.0,0.79,9,Não,0.191636
P001646,4,0.119795,NEGAR,0.0303,48,0.21,0.2117,8086.94,30113.06,0.7883,3,Sim,0.119795
P001647,4,0.109923,NEGAR,0.0303,36,0.21,0.21,6909.0,25991.0,0.79,2,Sim,0.126987
P001648,10,0.032808,APROVAR,0.0227,60,0.0,0.4117,29683.57,42416.43,0.5883,3,Não,0.032808
P001649,9,0.043149,APROVAR,0.0236,36,0.0,0.376,8272.0,13728.0,0.624,4,Não,0.043149
P001650,3,0.145796,NEGAR,0.0336,24,0.21,0.4235,10502.8,14297.2,0.5765,6,Não,0.145796
P001651,6,0.070836,APROVAR,0.0265,24,0.21,0.21,16359.0,61541.0,0.79,7,Não,0.04112
P001652,2,0.21494,NEGAR,0.035,48,0.21,0.21,4977.0,18723.0,0.79,4,Não,0.160064
P001653,10,0.035815,APROVAR,0.0227,60,0.0,0.1654,15316.04,77283.96,0.8346,2,Não,0.035815
P001654,4,0.141094,NEGAR,0.0303,60,0.21,0.21,9996.0,37604.0,0.79,4,Não,0.128573
P001655,5,0.096099,APROVAR,0.0282,36,0.21,0.2795,7462.65,19237.35,0.7205,1,Não,0.096099
P001656,10,0.031574,APROVAR,0.0227,48,0.0,0.6679,31524.88,15675.12,0.3321,3,Não,0.031574
P001657,2,0.240955,NEGAR,0.035,48,0.21,0.21,4620.0,17380.0,0.79,4,Sim,0.247829
P001658,8,0.048682,APROVAR,0.0247,60,0.0,0.0755,4967.9,60832.1,0.9245,3,Não,0.048682
P001659,2,0.213563,NEGAR,0.035,36,0.21,0.3161,11632.48,25167.52,0.6839,2,Não,0.213563
P001660,7,0.056346,APROVAR,0.0256,48,0.0,0.3911,15565.78,24234.22,0.6089,3,Não,0.056346
P001661,1,0.77385,NEGAR,0.035,60,0.21,0.462,10164.0,11836.0,0.538,0,Sim,0.77385
P001662,8,0.048896,APROVAR,0.0247,24,0.0,0.2791,8540.46,22059.54,0.7209,6,Não,0.048896
P001663,5,0.092052,APROVAR,0.0282,36,0.21,0.2554,15247.38,44452.62,0.7446,2,Não,0.092052
P001664,8,0.051161,APROVAR,0.0247,36,0.0,0.3404,12288.44,23811.56,0.6596,6,Não,0.051161
P001665,9,0.041952,APROVAR,0.0236,24,0.0,0.3986,9526.54,14373.46,0.6014,4,Não,0.041952
P001666,3,0.192891,NEGAR,0.0336,36,0.21,0.2883,10695.93,26404.07,0.7117,5,Não,0.192891
P001667,1,0.337179,NEGAR,0.035,60,0.21,0.21,7665.0,28835.0,0.79,6,Sim,0.365433
P001668,7,0.061351,APROVAR,0.0256,36,0.0,0.151,7731.2,43468.8,0.849,4,Sim,0.061351
P001669,1,0.428028,NEGAR,0.035,36,0.21,0.2535,8035.95,23664.05,0.7465,4,Sim,0.428028
P001670,1,0.383653,NEGAR,0.035,24,0.21,0.21,7896.0,29704.0,0.79,4,Não,0.261115
P001671,6,0.067388,APROVAR,0.0265,24,0.21,0.21,11172.0,42028.0,0.79,2,Não,0.05758
P001672,3,0.174306,NEGAR,0.0336,24,0.21,0.2607,13608.54,38591.46,0.7393,3,Sim,0.174306
P001673,2,0.210182,NEGAR,0.035,60,0.21,0.21,11361.0,42739.0,0.79,2,Sim,0.211573
P001674,8,0.053964,APROVAR,0.0247,36,0.0,0.1051,2312.2,19687.8,0.8949,2,Não,0.053964
P001675,1,0.419556,NEGAR,0.035,48,0.21,0.21,5859.0,22041.0,0.79,7,Sim,0.346654
P001676,2,0.27007,NEGAR,0.035,48,0.21,0.21,7140.0,26860.0,0.79,2,Sim,0.208073
P001677,3,0.170852,NEGAR,0.0336,24,0.21,0.21,11046.0,41554.0,0.79,1,Não,0.170522
P001678,3,0.146772,NEGAR,0.0336,48,0.21,0.3286,18105.86,36994.14,0.6714,1,Sim,0.146772
P001679,1,0.371603,NEGAR,0.035,48,0.21,0.21,4620.0,17380.0,0.79,8,Sim,0.267587
P001680,7,0.06431,APROVAR,0.0256,48,0.0,0.1917,4217.4,17782.6,0.8083,5,Não,0.06431
P001681,9,0.0433,APROVAR,0.0236,60,0.0,0.0933,2705.7,26294.3,0.9067,1,Não,0.0433
P001682,2,0.292834,NEGAR,0.035,48,0.21,0.6179,18289.84,11310.16,0.3821,5,Não,0.292834
P001683,3,0.203723,NEGAR,0.0336,60,0.21,0.2633,8478.26,23721.74,0.7367,5,Não,0.203723
P001684,9,0.038878,APROVAR,0.0236,36,0.0,0.3401,32275.49,62624.51,0.6599,5,Não,0.038878
P001685,7,0.061472,APROVAR,0.0256,48,0.0,0.2778,10584.18,27515.82,0.7222,1,Sim,0.061472
P001686,1,0.302644,NEGAR,0.035,60,0.21,0.21,4620.0,17380.0,0.79,4,Não,0.302644
P001687,10,0.035616,APROVAR,0.0227,36,0.0,0.2598,13483.62,38416.38,0.7402,2,Não,0.035616
P001688,3,0.148948,NEGAR,0.0336,24,0.21,0.21,5859.0,22041.0,0.79,7,Não,0.161415
P001689,6,0.071504,APROVAR,0.0265,48,0.21,0.3453,28521.78,54078.22,0.6547,8,Não,0.071504
P001690,2,0.295153,NEGAR,0.035,48,0.21,0.21,6027.0,22673.0,0.79,2,Não,0.290196
P001691,3,0.155059,NEGAR,0.0336,60,0.21,0.2471,18235.98,55564.02,0.7529,4,Não,0.155059
P001692,3,0.17159,NEGAR,0.0336,48,0.21,0.2226,14535.78,50764.22,0.7774,12,Sim,0.17159
P001693,9,0.038126,APROVAR,0.0236,48,0.0,0.2806,8670.54,22229.46,0.7194,4,Não,0.038126
P001694,6,0.076362,APROVAR,0.0265,24,0.21,0.6279,13813.8,8186.2,0.3721,0,Não,0.076362
P001695,6,0.071151,APROVAR,0.0265,36,0.21,0.6815,20513.15,9586.85,0.3185,3,Não,0.071151
P001696,4,0.136588,NEGAR,0.0303,36,0.21,0.21,7980.0,30020.0,0.79,9,Não,0.100427
P001697,6,0.081322,APROVAR,0.0265,36,0.21,0.21,6342.0,23858.0,0.79,9,Sim,0.084167
P001698,2,0.266593,NEGAR,0.035,24,0.21,0.21,20958.0,78842.0,0.79,2,Sim,0.217798
P001699,3,0.190855,NEGAR,0.0336,36,0.21,0.3026,8382.02,19317.98,0.6974,4,Sim,0.190855
P001700,1,0.392443,NEGAR,0.035,60,0.21,0.21,10458.0,39342.0,0.79,7,Sim,0.382329
P001701,9,0.043406,APROVAR,0.0236,48,0.0,0.407,19576.7,28523.3,0.593,0,Não,0.043406
P001702,6,0.073738,APROVAR,0.0265,24,0.21,0.21,19572.0,73628.0,0.79,5,Sim,0.074201
P001703,8,0.044919,APROVAR,0.0247,48,0.0,0.209,11954.8,45245.2,0.791,2,Não,0.044919
P001704,6,0.069143,APROVAR,0.0265,36,0.21,0.21,4977.0,18723.0,0.79,4,Sim,0.069265
P001705,1,0.307183,NEGAR,0.035,48,0.21,0.21,5376.0,20224.0,0.79,3,Sim,0.255105
P001706,7,0.063814,APROVAR,0.0256,60,0.0,0.2417,8000.27,25099.73,0.7583,1,Não,0.063814
P001707,7,0.063478,APROVAR,0.0256,36,0.0,0.0515,1395.65,25704.35,0.9485,1,Não,0.063478
P001708,10,0.023638,APROVAR,0.0227,24,0.0,0.117,5545.8,41854.2,0.883,3,Não,0.023638
P001709,1,0.345377,NEGAR,0.035,48,0.21,0.2918,16953.58,41146.42,0.7082,3,Sim,0.345377
P001710,10,0.033743,APROVAR,0.0227,24,0.0,0.2734,14052.76,37347.24,0.7266,4,Não,0.033743
P001711,9,0.044414,APROVAR,0.0236,48,0.0,0.2247,14538.09,50161.91,0.7753,2,Não,0.044414
P001712,2,0.297721,NEGAR,0.035,48,0.21,0.21,6804.0,25596.0,0.79,11,Sim,0.346031
P001713,3,0.147474,NEGAR,0.0336,36,0.21,0.21,4620.0,17380.0,0.79,2,Não,0.114923
P001714,6,0.082895,APROVAR,0.0265,24,0.21,0.21,7539.0,28361.0,0.79,12,Não,0.039577
P001715,8,0.053549,APROVAR,0.0247,48,0.0,0.083,2124.8,23475.2,0.917,2,Sim,0.053549
P001716,2,0.294969,NEGAR,0.035,48,0.21,0.2904,6388.8,15611.2,0.7096,2,Sim,0.294969
P001717,8,0.050473,APROVAR,0.0247,48,0.0,0.3165,10919.25,23580.75,0.6835,0,Sim,0.050473
P001718,5,0.101978,APROVAR,0.0282,60,0.21,0.21,8253.0,31047.0,0.79,6,Sim,0.092468
P001719,4,0.123996,NEGAR,0.0303,48,0.21,0.3603,13078.89,23221.11,0.6397,9,Não,0.123996
P001720,9,0.038539,APROVAR,0.0236,36,0.0,0.3578,17317.52,31082.48,0.6422,2,Sim,0.038539
P001721,6,0.068965,APROVAR,0.0265,48,0.21,0.3945,18620.4,28579.6,0.6055,3,Não,0.068965
P001722,5,0.100458,APROVAR,0.0282,36,0.21,0.5278,19634.16,17565.84,0.4722,2,Não,0.100458
P001723,2,0.255855,NEGAR,0.035,60,0.21,0.238,6878.2,22021.8,0.762,5,Não,0.255855
P001724,9,0.042184,APROVAR,0.0236,60,0.0,0.1077,12299.34,101900.66,0.8923,4,Não,0.042184
P001725,5,0.088745,APROVAR,0.0282,48,0.21,0.21,5229.0,19671.0,0.79,6,Não,0.088847
P001726,10,0.028556,APROVAR,0.0227,48,0.0,0.2528,26973.76,79726.24,0.7472,5,Não,0.028556
P001727,7,0.064442,APROVAR,0.0256,48,0.0,0.1385,6412.55,39887.45,0.8615,7,Não,0.064442
P001728,8,0.05011,APROVAR,0.0247,24,0.0,0.5838,20666.52,14733.48,0.4162,0,Sim,0.05011
P001729,8,0.052085,APROVAR,0.0247,60,0.0,0.3573,7860.6,14139.4,0.6427,8,Não,0.052085
P001730,6,0.077232,APROVAR,0.0265,60,0.21,0.21,5796.0,21804.0,0.79,12,Não,0.079525
P001731,1,0.511315,NEGAR,0.035,36,0.21,0.21,8253.0,31047.0,0.79,10,Não,0.452165
P001732,10,0.03535,APROVAR,0.0227,60,0.0,0.1205,5687.6,41512.4,0.8795,1,Não,0.03535
P001733,3,0.150067,NEGAR,0.0336,48,0.21,0.21,14385.0,54115.0,0.79,6,Não,0.153173
P001734,5,0.092338,APROVAR,0.0282,60,0.21,0.3844,12147.04,19452.96,0.6156,7,Não,0.092338
P001735,10,0.035868,APROVAR,0.0227,48,0.0,0.1314,6478.02,42821.98,0.8686,1,Não,0.035868
P001736,9,0.042502,APROVAR,0.0236,48,0.0,0.3566,17723.02,31976.98,0.6434,2,Não,0.042502
P001737,1,0.480263,NEGAR,0.035,24,0.21,0.21,8190.0,30810.0,0.79,3,Sim,0.437137
P001738,7,0.058932,APROVAR,0.0256,60,0.0,0.5459,20416.66,16983.34,0.4541,2,Não,0.058932
P001739,9,0.037864,APROVAR,0.0236,60,0.0,0.1354,5172.28,33027.72,0.8646,1,Não,0.037864
P001740,7,0.060826,APROVAR,0.0256,60,0.0,0.1198,4037.26,29662.74,0.8802,2,Não,0.060826
P001741,4,0.110842,NEGAR,0.0303,36,0.21,0.21,11781.0,44319.0,0.79,1,Não,0.110842
P001742,7,0.063854,APROVAR,0.0256,48,0.0,0.3991,10177.05,15322.95,0.6009,6,Não,0.063854
P001743,2,0.22242,NEGAR,0.035,48,0.21,0.3321,17534.88,35265.12,0.6679,3,Não,0.22242
P001744,6,0.074572,APROVAR,0.0265,48,0.21,0.21,4620.0,17380.0,0.79,9,Não,0.046913
P001745,2,0.272755,NEGAR,0.035,48,0.21,0.21,11403.0,42897.0,0.79,7,Não,0.263311
P001746,3,0.181191,NEGAR,0.0336,36,0.21,0.2733,11888.55,31611.45,0.7267,3,Não,0.181191
P001747,8,0.050075,APROVAR,0.0247,48,0.0,0.0807,1775.4,20224.6,0.9193,6,Não,0.050075
P001748,8,0.050721,APROVAR,0.0247,36,0.0,0.4625,18361.25,21338.75,0.5375,1,Não,0.050721
P001749,3,0.188956,NEGAR,0.0336,48,0.21,0.2141,5009.94,18390.06,0.7859,12,Sim,0.188956
P001750,10,0.034231,APROVAR,0.0227,60,0.0,0.3548,17314.24,31485.76,0.6452,4,Sim,0.034231
P001751,6,0.078801,APROVAR,0.0265,24,0.21,0.21,6006.0,22594.0,0.79,5,Não,0.082543
P001752,3,0.196278,NEGAR,0.0336,24,0.21,0.21,7707.0,28993.0,0.79,10,Sim,0.23231
P001753,7,0.064866,APROVAR,0.0256,36,0.0,0.4172,13976.2,19523.8,0.5828,10,Não,0.064866
P001754,1,0.5087,NEGAR,0.035,60,0.21,0.21,10605.0,39895.0,0.79,5,Sim,0.475945
P001755,8,0.047918,APROVAR,0.0247,36,0.0,0.3802,18933.96,30866.04,0.6198,4,Não,0.047918
P001756,1,0.316844,NEGAR,0.035,60,0.21,0.21,8925.0,33575.0,0.79,4,Não,0.325509
P001757,7,0.058609,APROVAR,0.0256,48,0.0,0.2555,18855.9,54944.1,0.7445,1,Não,0.058609
P001758,1,0.377746,NEGAR,0.035,36,0.21,0.21,5754.0,21646.0,0.79,6,Sim,0.29298
P001759,6,0.069303,APROVAR,0.0265,48,0.21,0.289,10837.5,26662.5,0.711,3,Não,0.069303
P001760,5,0.088956,APROVAR,0.0282,60,0.21,0.21,10038.0,37762.0,0.79,2,Não,0.077145
P001761,2,0.274977,NEGAR,0.035,48,0.21,0.2283,5273.73,17826.27,0.7717,11,Não,0.274977
P001762,1,0.592375,NEGAR,0.035,60,0.21,0.21,5712.0,21488.0,0.79,4,Sim,0.516207
P001763,1,0.325967,NEGAR,0.035,60,0.21,0.21,4620.0,17380.0,0.79,3,Não,0.338687
P001764,10,0.031623,APROVAR,0.0227,36,0.0,0.3542,23129.26,42170.74,0.6458,2,Não,0.031623
P001765,3,0.188023,NEGAR,0.0336,60,0.21,0.2355,7276.95,23623.05,0.7645,3,Não,0.188023
P001766,10,0.032876,APROVAR,0.0227,36,0.0,0.2451,23946.27,73753.73,0.7549,1,Não,0.032876
P001767,7,0.060728,APROVAR,0.0256,36,0.0,0.2691,19725.03,53574.97,0.7309,1,Não,0.060728
P001768,3,0.182906,NEGAR,0.0336,48,0.21,0.21,8862.0,33338.0,0.79,4,Sim,0.173656
P001769,9,0.041539,APROVAR,0.0236,36,0.0,0.4397,26469.94,33730.06,0.5603,2,Não,0.041539
P001770,10,0.032792,APROVAR,0.0227,60,0.0,0.1955,19256.75,79243.25,0.8045,4,Não,0.032792
P001771,8,0.046026,APROVAR,0.0247,48,0.0,0.2484,10706.04,32393.96,0.7516,2,Não,0.046026
P001772,3,0.190185,NEGAR,0.0336,48,0.21,0.21,11256.0,42344.0,0.79,6,Sim,0.186925
P001773,10,0.031034,APROVAR,0.0227,60,0.0,0.147,11480.7,66619.3,0.853,2,Sim,0.031034
P001774,7,0.062515,APROVAR,0.0256,24,0.0,0.3952,21538.4,32961.6,0.6048,4,Não,0.062515
P001775,9,0.038464,APROVAR,0.0236,24,0.0,0.3256,10744.8,22255.2,0.6744,2,Não,0.038464
P001776,1,0.319107,NEGAR,0.035,36,0.21,0.2767,6087.4,15912.6,0.7233,2,Sim,0.319107
P001777,1,0.334653,NEGAR,0.035,60,0.21,0.21,4620.0,17380.0,0.79,2,Não,0.334573
P001778,6,0.08006,APROVAR,0.0265,36,0.21,0.4684,21218.52,24081.48,0.5316,2,Não,0.08006
P001779,8,0.049039,APROVAR,0.0247,48,0.0,0.2255,11883.85,40816.15,0.7745,1,Não,0.049039
P001780,9,0.041665,APROVAR,0.0236,36,0.0,0.3839,10442.08,16757.92,0.6161,7,Sim,0.041665
P001781,9,0.043527,APROVAR,0.0236,60,0.0,0.2684,15218.28,41481.72,0.7316,0,Não,0.043527
P001782,3,0.208161,NEGAR,0.0336,48,0.21,0.21,4620.0,17380.0,0.79,2,Sim,0.206624
P001783,6,0.07412,APROVAR,0.0265,48,0.21,0.21,4620.0,17380.0,0.79,9,Não,0.065094
P001784,2,0.24875,NEGAR,0.035,48,0.21,0.21,4620.0,17380.0,0.79,2,Não,0.227476
P001785,1,0.698795,NEGAR,0.035,60,0.21,0.21,6699.0,25201.0,0.79,5,Sim,0.705649
P001786,10,0.033254,APROVAR,0.0227,60,0.0,0.2041,19858.93,77441.07,0.7959,1,Não,0.033254
P001787,6,0.06733,APROVAR,0.0265,36,0.21,0.21,5334.0,20066.0,0.79,1,Não,0.066778
P001788,9,0.042219,APROVAR,0.0236,48,0.0,0.33,12342.0,25058.0,0.67,8,Não,0.042219
P001789,10,0.027596,APROVAR,0.0227,36,0.0,0.1981,9013.55,36486.45,0.8019,1,Não,0.027596
P001790,1,0.38344,NEGAR,0.035,60,0.21,0.21,4620.0,17380.0,0.79,4,Sim,0.302083
P001791,7,0.059728,APROVAR,0.0256,60,0.0,0.1847,5744.17,25355.83,0.8153,5,Não,0.059728
P001792,10,0.028898,APROVAR,0.0227,36,0.0,0.2532,7368.12,21731.88,0.7468,6,Sim,0.028898
P001793,2,0.226836,NEGAR,0.035,24,0.21,0.21,24402.0,91798.0,0.79,3,Sim,0.20026
P001794,9,0.040412,APROVAR,0.0236,24,0.0,0.2197,12149.41,43150.59,0.7803,1,Não,0.040412
P001795,3,0.18816,NEGAR,0.0336,48,0.21,0.21,4620.0,17380.0,0.79,4,Não,0.188594
P001796,7,0.054934,APROVAR,0.0256,60,0.0,0.045,1048.5,22251.5,0.955,12,Sim,0.054934
P001797,2,0.216775,NEGAR,0.035,48,0.21,0.21,4620.0,17380.0,0.79,3,Sim,0.200798
P001798,2,0.217077,NEGAR,0.035,24,0.21,0.21,16968.0,63832.0,0.79,4,Não,0.207029
P001799,10,0.02934,APROVAR,0.0227,60,0.0,0.3605,14420.0,25580.0,0.6395,9,Não,0.02934
P001800,6,0.073208,APROVAR,0.0265,60,0.21,0.21,7287.0,27413.0,0.79,1,Sim,0.076299
P001801,1,0.39742,NEGAR,0.035,24,0.21,0.21,6384.0,24016.0,0.79,8,Sim,0.411847
P001802,2,0.268304,NEGAR,0.035,48,0.21,0.3776,12800.64,21099.36,0.6224,3,Não,0.268304
P001803,10,0.034679,APROVAR,0.0227,48,0.0,0.2492,20309.8,61190.2,0.7508,1,Não,0.034679
P001804,10,0.036101,APROVAR,0.0227,24,0.0,0.1957,5009.92,20590.08,0.8043,2,Não,0.036101
P001805,6,0.078695,APROVAR,0.0265,48,0.21,0.21,6069.0,22831.0,0.79,5,Sim,0.082448
P001806,3,0.151242,NEGAR,0.0336,48,0.21,0.3087,6791.4,15208.6,0.6913,1,Sim,0.151242
P001807,7,0.060414,APROVAR,0.0256,24,0.0,0.3915,9787.5,15212.5,0.6085,9,Sim,0.060414
P001808,4,0.137967,NEGAR,0.0303,48,0.21,0.21,5523.0,20777.0,0.79,3,Sim,0.1211
P001809,2,0.246919,NEGAR,0.035,48,0.21,0.2236,9860.76,34239.24,0.7764,1,Não,0.246919
P001810,6,0.077065,APROVAR,0.0265,48,0.21,0.2365,5203.0,16797.0,0.7635,7,Não,0.077065
P001811,3,0.200632,NEGAR,0.0336,24,0.21,0.21,8337.0,31363.0,0.79,1,Não,0.138264
P001812,6,0.069683,APROVAR,0.0265,24,0.21,0.21,10017.0,37683.0,0.79,2,Não,0.062694
P001813,3,0.175481,NEGAR,0.0336,60,0.21,0.3603,8575.14,15224.86,0.6397,7,Sim,0.175481
P001814,5,0.094583,APROVAR,0.0282,24,0.21,0.21,4620.0,17380.0,0.79,3,Sim,0.04959
P001815,6,0.079085,APROVAR,0.0265,24,0.21,0.3266,14533.7,29966.3,0.6734,2,Sim,0.079085
P001816,2,0.22568,NEGAR,0.035,60,0.21,0.21,7560.0,28440.0,0.79,4,Não,0.251475
P001817,3,0.149017,NEGAR,0.0336,24,0.21,0.2296,8724.8,29275.2,0.7704,1,Não,0.149017
P001818,5,0.106036,APROVAR,0.0282,48,0.21,0.3487,7671.4,14328.6,0.6513,9,Não,0.106036
P001819,2,0.217876,NEGAR,0.035,48,0.21,0.2684,12963.72,35336.28,0.7316,3,Não,0.217876
P001820,1,0.619251,NEGAR,0.035,36,0.21,0.21,4620.0,17380.0,0.79,2,Não,0.586317
P001821,2,0.280801,NEGAR,0.035,60,0.21,0.21,4620.0,17380.0,0.79,2,Sim,0.265278
P001822,1,0.374257,NEGAR,0.035,24,0.21,0.21,4746.0,17854.0,0.79,7,Não,0.374257
P001823,2,0.258071,NEGAR,0.035,36,0.21,0.21,6426.0,24174.0,0.79,2,Não,0.243685
P001824,1,0.398714,NEGAR,0.035,36,0.21,0.3966,11660.04,17739.96,0.6034,9,Não,0.398714
P001825,9,0.043684,APROVAR,0.0236,24,0.0,0.127,5969.0,41031.0,0.873,4,Sim,0.043684
P001826,3,0.19942,NEGAR,0.0336,60,0.21,0.4145,18611.05,26288.95,0.5855,10,Sim,0.19942
P001827,4,0.1374,NEGAR,0.0303,48,0.21,0.4508,12892.88,15707.12,0.5492,1,Sim,0.1374
P001828,4,0.140181,NEGAR,0.0303,36,0.21,0.2581,6917.08,19882.92,0.7419,1,Não,0.140181
P001829,4,0.108346,NEGAR,0.0303,24,0.21,0.4482,16493.76,20306.24,0.5518,1,Sim,0.108346
P001830,2,0.299599,NEGAR,0.035,48,0.21,0.2638,5803.6,16196.4,0.7362,8,Não,0.299599
P001831,1,0.76066,NEGAR,0.035,60,0.21,0.21,6678.0,25122.0,0.79,2,Não,0.76066
P001832,2,0.252308,NEGAR,0.035,60,0.21,0.2724,8853.0,23647.0,0.7276,5,Sim,0.252308
P001833,8,0.049473,APROVAR,0.0247,36,0.0,0.0424,1225.36,27674.64,0.9576,3,Não,0.049473
P001834,10,0.034955,APROVAR,0.0227,48,0.0,0.2832,19824.0,50176.0,0.7168,6,Sim,0.034955
P001835,7,0.0567,APROVAR,0.0256,36,0.0,0.2907,16366.41,39933.59,0.7093,6,Não,0.0567
P001836,3,0.169036,NEGAR,0.0336,48,0.21,0.6518,14339.6,7660.4,0.3482,12,Sim,0.169036
P001837,7,0.061809,APROVAR,0.0256,36,0.0,0.2583,20689.83,59410.17,0.7417,1,Não,0.061809
P001838,3,0.173943,NEGAR,0.0336,48,0.21,0.21,11319.0,42581.0,0.79,1,Sim,0.163558
P001839,2,0.253675,NEGAR,0.035,48,0.21,0.24,13392.0,42408.0,0.76,2,Não,0.253675
P001840,2,0.215926,NEGAR,0.035,60,0.21,0.21,11025.0,41475.0,0.79,4,Sim,0.198785
P001841,10,0.035813,APROVAR,0.0227,36,0.0,0.4104,32873.04,47226.96,0.5896,1,Não,0.035813
P001842,1,0.317338,NEGAR,0.035,60,0.21,0.2245,5859.45,20240.55,0.7755,3,Não,0.317338
P001843,6,0.077934,APROVAR,0.0265,36,0.21,0.21,11277.0,42423.0,0.79,1,Não,0.054537
P001844,2,0.249437,NEGAR,0.035,48,0.21,0.3462,8204.94,15495.06,0.6538,1,Não,0.249437
P001845,7,0.065644,APROVAR,0.0256,60,0.0,0.1758,4922.4,23077.6,0.8242,4,Não,0.065644
P001846,8,0.047827,APROVAR,0.0247,60,0.0,0.1632,10216.32,52383.68,0.8368,3,Não,0.047827
P001847,3,0.169091,NEGAR,0.0336,60,0.21,0.21,4620.0,17380.0,0.79,2,Não,0.147408
P001848,4,0.109214,NEGAR,0.0303,48,0.21,0.21,9324.0,35076.0,0.79,4,Não,0.097986
P001849,2,0.275914,NEGAR,0.035,36,0.21,0.3557,7825.4,14174.6,0.6443,8,Não,0.275914
P001850,5,0.089076,APROVAR,0.0282,48,0.21,0.21,6741.0,25359.0,0.79,2,Não,0.098809
P001851,7,0.057668,APROVAR,0.0256,24,0.0,0.383,29376.1,47323.9,0.617,1,Não,0.057668
P001852,4,0.132648,NEGAR,0.0303,36,0.21,0.3445,12712.05,24187.95,0.6555,12,Não,0.132648
P001853,9,0.040945,APROVAR,0.0236,48,0.0,0.1278,6747.84,46052.16,0.8722,1,Não,0.040945
P001854,5,0.102441,APROVAR,0.0282,36,0.21,0.21,5271.0,19829.0,0.79,5,Sim,0.090396
P001855,6,0.080774,APROVAR,0.0265,48,0.21,0.21,41517.0,156183.0,0.79,3,Não,0.068898
P001856,10,0.026329,APROVAR,0.0227,60,0.0,0.4071,30817.47,44882.53,0.5929,3,Não,0.026329
P001857,9,0.04187,APROVAR,0.0236,48,0.0,0.5649,14687.4,11312.6,0.4351,1,Não,0.04187
P001858,6,0.081588,APROVAR,0.0265,36,0.21,0.21,10017.0,37683.0,0.79,2,Não,0.074586
P001859,2,0.266357,NEGAR,0.035,60,0.21,0.21,5943.0,22357.0,0.79,0,Não,0.233619
P001860,7,0.059137,APROVAR,0.0256,36,0.0,0.5196,11431.2,10568.8,0.4804,1,Não,0.059137
P001861,3,0.197062,NEGAR,0.0336,48,0.21,0.21,7203.0,27097.0,0.79,1,Não,0.189871
P001862,4,0.141887,NEGAR,0.0303,48,0.21,0.21,15834.0,59566.0,0.79,2,Sim,0.165586
P001863,3,0.192359,NEGAR,0.0336,36,0.21,0.3361,10183.83,20116.17,0.6639,1,Não,0.192359
P001864,10,0.029844,APROVAR,0.0227,48,0.0,0.3131,13588.54,29811.46,0.6869,4,Não,0.029844
P001865,8,0.04657,APROVAR,0.0247,48,0.0,0.2363,13988.96,45211.04,0.7637,12,Não,0.04657
P001866,5,0.094498,APROVAR,0.0282,60,0.21,0.21,6783.0,25517.0,0.79,3,Não,0.094266
P001867,6,0.070124,APROVAR,0.0265,48,0.21,0.21,11907.0,44793.0,0.79,0,Sim,0.031998
P001868,3,0.163706,NEGAR,0.0336,36,0.21,0.2997,8721.27,20378.73,0.7003,2,Sim,0.163706
P001869,2,0.273982,NEGAR,0.035,36,0.21,0.75,24750.0,8250.0,0.25,2,Sim,0.273982
P001870,1,0.533547,NEGAR,0.035,48,0.21,0.21,4809.0,18091.0,0.79,5,Sim,0.47794
P001871,1,0.304782,NEGAR,0.035,24,0.21,0.3457,11235.25,21264.75,0.6543,1,Não,0.304782
P001872,1,0.311402,NEGAR,0.035,36,0.21,0.3408,8145.12,15754.88,0.6592,2,Não,0.311402
P001873,10,0.03633,APROVAR,0.0227,24,0.0,0.3708,18836.64,31963.36,0.6292,6,Não,0.03633
P001874,2,0.262415,NEGAR,0.035,48,0.21,0.21,4620.0,17380.0,0.79,8,Não,0.263334
P001875,9,0.039636,APROVAR,0.0236,48,0.0,0.3707,12529.66,21270.34,0.6293,2,Não,0.039636
P001876,1,0.36434,NEGAR,0.035,48,0.21,0.2169,4771.8,17228.2,0.7831,2,Não,0.36434
P001877,2,0.294676,NEGAR,0.035,36,0.21,0.2447,6264.32,19335.68,0.7553,1,Não,0.294676
P001878,7,0.066286,APROVAR,0.0256,48,0.0,0.1579,19737.5,105262.5,0.8421,4,Não,0.066286
P001879,6,0.070783,APROVAR,0.0265,36,0.21,0.21,8967.0,33733.0,0.79,6,Sim,0.074622
P001880,1,0.355928,NEGAR,0.035,36,0.21,0.21,4620.0,17380.0,0.79,6,Sim,0.356462
P001881,6,0.070096,APROVAR,0.0265,60,0.21,0.21,22302.0,83898.0,0.79,0,Não,0.060359
P001882,9,0.041289,APROVAR,0.0236,24,0.0,0.0966,3583.86,33516.14,0.9034,7,Não,0.041289
P001883,9,0.039342,APROVAR,0.0236,48,0.0,0.6576,25383.36,13216.64,0.3424,2,Não,0.039342
P001884,4,0.133094,NEGAR,0.0303,48,0.21,0.3787,9088.8,14911.2,0.6213,1,Não,0.133094
P001885,10,0.028716,APROVAR,0.0227,36,0.0,0.2648,7149.6,19850.4,0.7352,10,Não,0.028716
P001886,8,0.052158,APROVAR,0.0247,48,0.0,0.0702,2660.58,35239.42,0.9298,4,Não,0.052158
P001887,9,0.04446,APROVAR,0.0236,48,0.0,0.3033,21018.69,48281.31,0.6967,4,Não,0.04446
P001888,1,0.914869,NEGAR,0.035,60,0.21,0.21,4620.0,17380.0,0.79,5,Sim,0.827754
P001889,2,0.291143,NEGAR,0.035,60,0.21,0.5226,16827.72,15372.28,0.4774,4,Não,0.291143
P001890,5,0.098108,APROVAR,0.0282,36,0.21,0.21,8463.0,31837.0,0.79,4,Sim,0.052937
P001891,10,0.027344,APROVAR,0.0227,48,0.0,0.1506,6897.48,38902.52,0.8494,2,Não,0.027344
P001892,6,0.081417,APROVAR,0.0265,48,0.21,0.3984,13067.52,19732.48,0.6016,0,Não,0.081417
P001893,8,0.049581,APROVAR,0.0247,24,0.0,0.6349,30729.16,17670.84,0.3651,1,Sim,0.049581
P001894,10,0.034577,APROVAR,0.0227,60,0.0,0.2816,9039.36,23060.64,0.7184,6,Não,0.034577
P001895,2,0.213062,NEGAR,0.035,36,0.21,0.5683,22675.17,17224.83,0.4317,1,Não,0.213062
P001896,2,0.262774,NEGAR,0.035,48,0.21,0.3679,8093.8,13906.2,0.6321,10,Não,0.262774
P001897,7,0.056068,APROVAR,0.0256,48,0.0,0.1816,4394.72,19805.28,0.8184,12,Não,0.056068
P001898,10,0.034102,APROVAR,0.0227,60,0.0,0.5218,23376.64,21423.36,0.4782,7,Não,0.034102
P001899,3,0.183017,NEGAR,0.0336,60,0.21,0.21,4620.0,17380.0,0.79,4,Não,0.148668
P001900,4,0.115208,NEGAR,0.0303,60,0.21,0.2614,9541.1,26958.9,0.7386,11,Sim,0.115208
P001901,2,0.292491,NEGAR,0.035,24,0.21,0.21,7308.0,27492.0,0.79,6,Sim,0.259173
P001902,2,0.226468,NEGAR,0.035,48,0.21,0.3242,12741.06,26558.94,0.6758,1,Não,0.226468
P001903,8,0.04849,APROVAR,0.0247,60,0.0,0.4724,10392.8,11607.2,0.5276,3,Não,0.04849
P001904,7,0.055454,APROVAR,0.0256,60,0.0,0.1342,8145.94,52554.06,0.8658,2,Não,0.055454
P001905,7,0.061865,APROVAR,0.0256,48,0.0,0.3438,16227.36,30972.64,0.6562,3,Não,0.061865
P001906,5,0.106285,APROVAR,0.0282,36,0.21,0.21,13818.0,51982.0,0.79,2,Não,0.108519
P001907,5,0.085393,APROVAR,0.0282,36,0.21,0.21,21819.0,82081.0,0.79,1,Não,0.0813
P001908,3,0.191657,NEGAR,0.0336,24,0.21,0.21,6930.0,26070.0,0.79,1,Não,0.217031
P001909,2,0.226183,NEGAR,0.035,60,0.21,0.21,5796.0,21804.0,0.79,3,Sim,0.234441
P001910,8,0.051363,APROVAR,0.0247,60,0.0,0.295,10118.5,24181.5,0.705,1,Não,0.051363
P001911,3,0.165988,NEGAR,0.0336,36,0.21,0.21,8358.0,31442.0,0.79,3,Não,0.160592
P001912,2,0.240359,NEGAR,0.035,36,0.21,0.21,12285.0,46215.0,0.79,9,Não,0.240231
P001913,5,0.087034,APROVAR,0.0282,36,0.21,0.21,4620.0,17380.0,0.79,3,Não,0.086831
P001914,3,0.188929,NEGAR,0.0336,24,0.21,0.21,4620.0,17380.0,0.79,5,Não,0.144529
P001915,3,0.196703,NEGAR,0.0336,48,0.21,0.21,12306.0,46294.0,0.79,1,Não,0.186372
P001916,5,0.096609,APROVAR,0.0282,24,0.21,0.21,4620.0,17380.0,0.79,4,Não,0.064333
P001917,2,0.248503,NEGAR,0.035,36,0.21,0.21,15645.0,58855.0,0.79,2,Não,0.095153
P001918,3,0.171015,NEGAR,0.0336,36,0.21,0.21,10101.0,37999.0,0.79,11,Não,0.115605
P001919,2,0.236205,NEGAR,0.035,36,0.21,0.3019,6641.8,15358.2,0.6981,6,Sim,0.236205
P001920,6,0.079534,APROVAR,0.0265,60,0.21,0.21,10584.0,39816.0,0.79,3,Não,0.07608
P001921,2,0.258388,NEGAR,0.035,48,0.21,0.21,10689.0,40211.0,0.79,7,Não,0.196628
P001922,4,0.139918,NEGAR,0.0303,24,0.21,0.21,5754.0,21646.0,0.79,1,Sim,0.139043
P001923,10,0.035443,APROVAR,0.0227,60,0.0,0.1728,4337.28,20762.72,0.8272,2,Não,0.035443
P001924,3,0.148481,NEGAR,0.0336,60,0.21,0.21,4620.0,17380.0,0.79,5,Não,0.150424
P001925,3,0.170044,NEGAR,0.0336,48,0.21,0.21,6006.0,22594.0,0.79,2,Sim,0.172924
P001926,1,0.429231,NEGAR,0.035,48,0.21,0.21,5334.0,20066.0,0.79,8,Sim,0.414409
P001927,1,0.401499,NEGAR,0.035,24,0.21,0.4591,10100.2,11899.8,0.5409,4,Sim,0.401499
P001928,10,0.030494,APROVAR,0.0227,24,0.0,0.1964,11293.0,46207.0,0.8036,1,Não,0.030494
P001929,9,0.03812,APROVAR,0.0236,48,0.0,0.1668,4486.92,22413.08,0.8332,4,Não,0.03812
P001930,2,0.299169,NEGAR,0.035,48,0.21,0.21,10269.0,38631.0,0.79,2,Sim,0.295047
P001931,2,0.212683,NEGAR,0.035,48,0.21,0.21,4620.0,17380.0,0.79,1,Não,0.21222
P001932,7,0.062986,APROVAR,0.0256,24,0.0,0.3056,6723.2,15276.8,0.6944,2,Não,0.062986
P001933,9,0.039713,APROVAR,0.0236,48,0.0,0.5269,37620.66,33779.34,0.4731,0,Não,0.039713
P001934,2,0.248134,NEGAR,0.035,48,0.21,0.21,4872.0,18328.0,0.79,1,Não,0.227187
P001935,2,0.289474,NEGAR,0.035,60,0.21,0.21,4620.0,17380.0,0.79,3,Não,0.278888
P001936,9,0.039264,APROVAR,0.0236,48,0.0,0.1625,6142.5,31657.5,0.8375,4,Não,0.039264
P001937,3,0.196879,NEGAR,0.0336,24,0.21,0.3921,20232.36,31367.64,0.6079,3,Não,0.196879
P001938,8,0.050389,APROVAR,0.0247,48,0.0,0.0883,3328.91,34371.09,0.9117,2,Não,0.050389
P001939,10,0.031529,APROVAR,0.0227,60,0.0,0.13,6292.0,42108.0,0.87,4,Não,0.031529
P001940,2,0.211767,NEGAR,0.035,48,0.21,0.4381,12091.56,15508.44,0.5619,7,Não,0.211767
P001941,9,0.042093,APROVAR,0.0236,24,0.0,0.1629,12608.46,64791.54,0.8371,2,Não,0.042093
P001942,1,0.376767,NEGAR,0.035,24,0.21,0.21,10941.0,41159.0,0.79,10,Sim,0.329383
P001943,7,0.064466,APROVAR,0.0256,36,0.0,0.2033,6485.27,25414.73,0.7967,7,Não,0.064466
P001944,1,0.47206,NEGAR,0.035,60,0.21,0.2855,9278.75,23221.25,0.7145,7,Sim,0.47206
P001945,8,0.047036,APROVAR,0.0247,60,0.0,0.0727,5314.37,67785.63,0.9273,3,Não,0.047036
P001946,2,0.284505,NEGAR,0.035,48,0.21,0.21,4620.0,17380.0,0.79,4,Não,0.206912
P001947,8,0.053321,APROVAR,0.0247,36,0.0,0.15,9960.0,56440.0,0.85,3,Não,0.053321
P001948,2,0.230561,NEGAR,0.035,36,0.21,0.2219,4881.8,17118.2,0.7781,12,Não,0.230561
P001949,1,0.455167,NEGAR,0.035,60,0.21,0.2354,5178.8,16821.2,0.7646,7,Sim,0.455167
P001950,1,0.429191,NEGAR,0.035,36,0.21,0.21,7035.0,26465.0,0.79,12,Sim,0.415752
P001951,10,0.035844,APROVAR,0.0227,24,0.0,0.0778,3392.08,40207.92,0.9222,1,Não,0.035844
P001952,7,0.065408,APROVAR,0.0256,48,0.0,0.1304,6154.88,41045.12,0.8696,2,Não,0.065408
P001953,5,0.084617,APROVAR,0.0282,36,0.21,0.2446,6115.0,18885.0,0.7554,1,Sim,0.084617
P001954,1,0.447759,NEGAR,0.035,48,0.21,0.21,6153.0,23147.0,0.79,6,Não,0.425402
P001955,3,0.156018,NEGAR,0.0336,60,0.21,0.21,10122.0,38078.0,0.79,12,Não,0.072819
P001956,4,0.123685,NEGAR,0.0303,36,0.21,0.243,5904.9,18395.1,0.757,4,Não,0.123685
P001957,8,0.048352,APROVAR,0.0247,36,0.0,0.0683,2103.64,28696.36,0.9317,2,Não,0.048352
P001958,8,0.053013,APROVAR,0.0247,36,0.0,0.2564,5640.8,16359.2,0.7436,3,Sim,0.053013
P001959,1,0.319041,NEGAR,0.035,48,0.21,0.2531,5568.2,16431.8,0.7469,6,Não,0.319041
P001960,1,0.32405,NEGAR,0.035,48,0.21,0.3408,7497.6,14502.4,0.6592,0,Não,0.32405
P001961,1,0.479409,NEGAR,0.035,24,0.21,0.21,6174.0,23226.0,0.79,3,Sim,0.487374
P001962,2,0.224845,NEGAR,0.035,48,0.21,0.21,4620.0,17380.0,0.79,2,Sim,0.230437
P001963,1,0.33307,NEGAR,0.035,48,0.21,0.21,4620.0,17380.0,0.79,3,Não,0.331625
P001964,3,0.179869,NEGAR,0.0336,48,0.21,0.21,5670.0,21330.0,0.79,7,Sim,0.188171
P001965,5,0.0897,APROVAR,0.0282,36,0.21,0.21,5775.0,21725.0,0.79,4,Não,0.052173
P001966,2,0.282257,NEGAR,0.035,60,0.21,0.21,7917.0,29783.0,0.79,2,Não,0.163027
P001967,9,0.043786,APROVAR,0.0236,48,0.0,0.2657,14586.93,40313.07,0.7343,4,Não,0.043786
P001968,6,0.080759,APROVAR,0.0265,36,0.21,0.2322,17554.32,58045.68,0.7678,6,Não,0.080759
P001969,5,0.102425,APROVAR,0.0282,48,0.21,0.21,4830.0,18170.0,0.79,2,Não,0.101256
P001970,1,0.575062,NEGAR,0.035,48,0.21,0.2376,7223.04,23176.96,0.7624,6,Não,0.575062
P001971,3,0.155196,NEGAR,0.0336,36,0.21,0.21,4620.0,17380.0,0.79,6,Sim,0.152268
P001972,6,0.066859,APROVAR,0.0265,24,0.21,0.2207,5340.94,18859.06,0.7793,3,Sim,0.066859
P001973,2,0.228336,NEGAR,0.035,48,0.21,0.21,4620.0,17380.0,0.79,3,Não,0.224454
P001974,5,0.094771,APROVAR,0.0282,24,0.21,0.21,16191.0,60909.0,0.79,8,Não,0.078078
P001975,4,0.113045,NEGAR,0.0303,36,0.21,0.21,6006.0,22594.0,0.79,8,Não,0.121439
P001976,7,0.058633,APROVAR,0.0256,60,0.0,0.032,2131.2,64468.8,0.968,1,Não,0.058633
P001977,3,0.155562,NEGAR,0.0336,24,0.21,0.4596,10111.2,11888.8,0.5404,7,Não,0.155562
P001978,4,0.121019,NEGAR,0.0303,48,0.21,0.4023,11344.86,16855.14,0.5977,9,Não,0.121019
P001979,9,0.044416,APROVAR,0.0236,24,0.0,0.1303,4808.07,32091.93,0.8697,7,Não,0.044416
P001980,6,0.07132,APROVAR,0.0265,24,0.21,0.3131,11647.32,25552.68,0.6869,1,Não,0.07132
P001981,10,0.031343,APROVAR,0.0227,48,0.0,0.3268,25555.76,52644.24,0.6732,2,Não,0.031343
P001982,3,0.187219,NEGAR,0.0336,60,0.21,0.4473,10377.36,12822.64,0.5527,3,Não,0.187219
P001983,10,0.029278,APROVAR,0.0227,60,0.0,0.265,15158.0,42042.0,0.735,1,Não,0.029278
P001984,3,0.203357,NEGAR,0.0336,24,0.21,0.21,4620.0,17380.0,0.79,6,Sim,0.203322
P001985,10,0.032469,APROVAR,0.0227,60,0.0,0.2327,7679.1,25320.9,0.7673,3,Não,0.032469
P001986,4,0.109572,NEGAR,0.0303,60,0.21,0.21,4620.0,17380.0,0.79,1,Não,0.109679
P001987,3,0.204669,NEGAR,0.0336,48,0.21,0.4861,20270.37,21429.63,0.5139,5,Sim,0.204669
P001988,5,0.104086,APROVAR,0.0282,48,0.21,0.3468,14600.28,27499.72,0.6532,6,Não,0.104086
P001989,10,0.021275,APROVAR,0.0227,60,0.0,0.4846,28446.02,30253.98,0.5154,9,Sim,0.021275
P001990,3,0.143275,NEGAR,0.0336,24,0.21,0.369,17527.5,29972.5,0.631,1,Não,0.143275
P001991,2,0.274778,NEGAR,0.035,60,0.21,0.2849,6296.29,15803.71,0.7151,6,Não,0.274778
P001992,1,0.708039,NEGAR,0.035,60,0.21,0.2263,6449.55,22050.45,0.7737,2,Sim,0.708039
P001993,8,0.05004,APROVAR,0.0247,36,0.0,0.2581,9343.22,26856.78,0.7419,2,Não,0.05004
P001994,2,0.237906,NEGAR,0.035,60,0.21,0.21,5229.0,19671.0,0.79,7,Não,0.237906
P001995,1,0.392397,NEGAR,0.035,48,0.21,0.21,6405.0,24095.0,0.79,5,Sim,0.337061
P001996,1,0.556858,NEGAR,0.035,60,0.21,0.266,7022.4,19377.6,0.734,3,Não,0.556858
P001997,10,0.028918,APROVAR,0.0227,24,0.0,0.1041,4642.86,39957.14,0.8959,6,Não,0.028918
P001998,4,0.123476,NEGAR,0.0303,60,0.21,0.21,14301.0,53799.0,0.79,4,Sim,0.05597
P001999,7,0.064192,APROVAR,0.0256,48,0.0,0.1817,5232.96,23567.04,0.8183,2,Não,0.064192
P002000,10,0.027378,APROVAR,0.0227,36,0.0,0.6947,32581.43,14318.57,0.3053,5,Não,0.027378
P002001,3,0.196685,NEGAR,0.0336,36,0.21,0.21,6048.0,22752.0,0.79,6,Não,0.149579
P002002,7,0.065066,APROVAR,0.0256,48,0.0,0.3881,34812.57,54887.43,0.6119,6,Sim,0.065066
P002003,3,0.208864,NEGAR,0.0336,24,0.21,0.21,13419.0,50481.0,0.79,4,Não,0.21212
P002004,8,0.051677,APROVAR,0.0247,24,0.0,0.1786,3929.2,18070.8,0.8214,11,Não,0.051677
P002005,2,0.267093,NEGAR,0.035,36,0.21,0.21,7686.0,28914.0,0.79,3,Não,0.277899
P002006,7,0.059121,APROVAR,0.0256,60,0.0,0.3773,13922.37,22977.63,0.6227,8,Não,0.059121
P002007,2,0.276025,NEGAR,0.035,24,0.21,0.21,5250.0,19750.0,0.79,3,Não,0.276849
P002008,7,0.064838,APROVAR,0.0256,48,0.0,0.1707,5086.86,24713.14,0.8293,5,Não,0.064838
P002009,9,0.042384,APROVAR,0.0236,60,0.0,0.3347,23261.65,46238.35,0.6653,1,Não,0.042384
P002010,1,0.456024,NEGAR,0.035,48,0.21,0.6763,14878.6,7121.4,0.3237,5,Não,0.456024
P002011,5,0.092655,APROVAR,0.0282,60,0.21,0.21,11739.0,44161.0,0.79,1,Não,0.092416
P002012,6,0.081835,APROVAR,0.0265,36,0.21,0.21,9975.0,37525.0,0.79,1,Não,0.073626
P002013,5,0.090305,APROVAR,0.0282,60,0.21,0.21,7980.0,30020.0,0.79,1,Não,0.087811
P002014,7,0.05426,APROVAR,0.0256,48,0.0,0.0642,2176.38,31723.62,0.9358,2,Não,0.05426
P002015,10,0.032037,APROVAR,0.0227,48,0.0,0.1456,6362.72,37337.28,0.8544,4,Não,0.032037
P002016,4,0.129983,NEGAR,0.0303,60,0.21,0.21,4620.0,17380.0,0.79,8,Sim,0.080236
P002017,10,0.03186,APROVAR,0.0227,48,0.0,0.0992,9443.84,85756.16,0.9008,1,Não,0.03186
P002018,7,0.055276,APROVAR,0.0256,60,0.0,0.368,25208.0,43292.0,0.632,4,Não,0.055276
P002019,2,0.231141,NEGAR,0.035,60,0.21,0.21,6384.0,24016.0,0.79,10,Sim,0.2352
P002020,5,0.103944,APROVAR,0.0282,48,0.21,0.21,6237.0,23463.0,0.79,9,Não,0.10704
P002021,4,0.115808,NEGAR,0.0303,48,0.21,0.3776,10837.12,17862.88,0.6224,5,Não,0.115808
P002022,2,0.298826,NEGAR,0.035,60,0.21,0.4445,14046.2,17553.8,0.5555,3,Não,0.298826
P002023,6,0.067626,APROVAR,0.0265,36,0.21,0.3038,21235.62,48664.38,0.6962,0,Não,0.067626
P002024,3,0.165527,NEGAR,0.0336,60,0.21,0.21,8085.0,30415.0,0.79,2,Não,0.176723
P002025,4,0.112269,NEGAR,0.0303,48,0.21,0.21,4620.0,17380.0,0.79,2,Não,0.109991
P002026,4,0.110487,NEGAR,0.0303,48,0.21,0.434,10763.2,14036.8,0.566,1,Não,0.110487
P002027,2,0.256201,NEGAR,0.035,48,0.21,0.2964,8328.84,19771.16,0.7036,10,Não,0.256201
P002028,1,0.349306,NEGAR,0.035,36,0.21,0.2671,10603.87,29096.13,0.7329,8,Sim,0.349306
P002029,6,0.071901,APROVAR,0.0265,60,0.21,0.2964,9633.0,22867.0,0.7036,4,Sim,0.071901
P002030,8,0.053384,APROVAR,0.0247,36,0.0,0.3075,11131.5,25068.5,0.6925,8,Não,0.053384
P002031,10,0.027371,APROVAR,0.0227,48,0.0,0.5929,35633.29,24466.71,0.4071,4,Não,0.027371
P002032,2,0.260148,NEGAR,0.035,24,0.21,0.2151,20800.17,75899.83,0.7849,3,Sim,0.260148
P002033,10,0.028035,APROVAR,0.0227,48,0.0,0.159,11654.7,61645.3,0.841,1,Não,0.028035
P002034,7,0.060021,APROVAR,0.0256,60,0.0,0.2347,9434.94,30765.06,0.7653,3,Não,0.060021
P002035,4,0.123656,NEGAR,0.0303,48,0.21,0.21,7854.0,29546.0,0.79,6,Não,0.063469
P002036,3,0.198424,NEGAR,0.0336,60,0.21,0.21,9303.0,34997.0,0.79,5,Não,0.190191
P002037,2,0.232614,NEGAR,0.035,48,0.21,0.21,5985.0,22515.0,0.79,8,Não,0.2557
P002038,4,0.133944,NEGAR,0.0303,24,0.21,0.2569,14360.71,41539.29,0.7431,1,Não,0.133944
P002039,9,0.037575,APROVAR,0.0236,24,0.0,0.1703,10728.9,52271.1,0.8297,4,Não,0.037575
P002040,9,0.03767,APROVAR,0.0236,60,0.0,0.1492,8668.52,49431.48,0.8508,5,Não,0.03767
P002041,2,0.25677,NEGAR,0.035,60,0.21,0.3914,8610.8,13389.2,0.6086,4,Não,0.25677
P002042,3,0.164593,NEGAR,0.0336,48,0.21,0.21,5292.0,19908.0,0.79,11,Não,0.163144
P002043,4,0.140284,NEGAR,0.0303,24,0.21,0.21,4620.0,17380.0,0.79,10,Não,0.143346
P002044,8,0.050862,APROVAR,0.0247,48,0.0,0.1376,3027.2,18972.8,0.8624,4,Sim,0.050862
P002045,9,0.040663,APROVAR,0.0236,36,0.0,0.3387,7485.27,14614.73,0.6613,4,Não,0.040663
P002046,3,0.192208,NEGAR,0.0336,48,0.21,0.21,8106.0,30494.0,0.79,7,Sim,0.194967
P002047,9,0.041804,APROVAR,0.0236,36,0.0,0.2747,8433.29,22266.71,0.7253,3,Não,0.041804
P002048,1,0.321526,NEGAR,0.035,48,0.21,0.21,4620.0,17380.0,0.79,2,Sim,0.321581
P002049,10,0.032335,APROVAR,0.0227,48,0.0,0.3297,27332.13,55567.87,0.6703,0,Não,0.032335
P002050,1,0.652956,NEGAR,0.035,60,0.21,0.21,5040.0,18960.0,0.79,8,Não,0.618687
P002051,6,0.068656,APROVAR,0.0265,24,0.21,0.21,7980.0,30020.0,0.79,7,Não,0.078301
P002052,1,0.304514,NEGAR,0.035,48,0.21,0.21,5166.0,19434.0,0.79,5,Sim,0.236023
P002053,3,0.143987,NEGAR,0.0336,48,0.21,0.2827,6219.4,15780.6,0.7173,3,Não,0.143987
P002054,9,0.041406,APROVAR,0.0236,48,0.0,0.1214,2731.5,19768.5,0.8786,8,Sim,0.041406
P002055,10,0.027129,APROVAR,0.0227,60,0.0,0.3805,24123.7,39276.3,0.6195,10,Não,0.027129
P002056,8,0.048001,APROVAR,0.0247,48,0.0,0.1311,8390.4,55609.6,0.8689,3,Sim,0.048001
P002057,5,0.0898,APROVAR,0.0282,48,0.21,0.5879,16461.2,11538.8,0.4121,5,Sim,0.0898
P002058,2,0.249939,NEGAR,0.035,60,0.21,0.21,8841.0,33259.0,0.79,3,Sim,0.231336
P002059,5,0.103867,APROVAR,0.0282,48,0.21,0.2224,10230.4,35769.6,0.7776,6,Sim,0.103867
P002060,9,0.040568,APROVAR,0.0236,48,0.0,0.2298,7583.4,25416.6,0.7702,1,Não,0.040568
P002061,5,0.08795,APROVAR,0.0282,36,0.21,0.21,5817.0,21883.0,0.79,2,Sim,0.094845
P002062,4,0.107486,NEGAR,0.0303,60,0.21,0.268,17393.2,47506.8,0.732,3,Não,0.107486
P002063,2,0.227145,NEGAR,0.035,48,0.21,0.21,4620.0,17380.0,0.79,4,Sim,0.226536
P002064,2,0.267757,NEGAR,0.035,60,0.21,0.21,4620.0,17380.0,0.79,2,Sim,0.267757
P002065,7,0.055294,APROVAR,0.0256,36,0.0,0.5348,17327.52,15072.48,0.4652,2,Não,0.055294
P002066,2,0.261434,NEGAR,0.035,24,0.21,0.21,4620.0,17380.0,0.79,8,Não,0.190485
P002067,4,0.122055,NEGAR,0.0303,48,0.21,0.21,7917.0,29783.0,0.79,6,Não,0.13124
P002068,3,0.143837,NEGAR,0.0336,24,0.21,0.21,10941.0,41159.0,0.79,1,Não,0.150834
P002069,3,0.159163,NEGAR,0.0336,60,0.21,0.403,9148.1,13551.9,0.597,5,Não,0.159163
P002070,3,0.155641,NEGAR,0.0336,36,0.21,0.3118,12066.66,26633.34,0.6882,6,Sim,0.155641
P002071,2,0.279698,NEGAR,0.035,60,0.21,0.257,7041.8,20358.2,0.743,1,Não,0.279698
P002072,10,0.031565,APROVAR,0.0227,60,0.0,0.1609,12405.39,64694.61,0.8391,4,Não,0.031565
P002073,7,0.064079,APROVAR,0.0256,36,0.0,0.0622,2021.5,30478.5,0.9378,6,Não,0.064079
P002074,1,0.326295,NEGAR,0.035,48,0.21,0.21,4620.0,17380.0,0.79,2,Não,0.325425
P002075,10,0.032312,APROVAR,0.0227,60,0.0,0.22,12540.0,44460.0,0.78,1,Não,0.032312
P002076,7,0.064459,APROVAR,0.0256,36,0.0,0.133,12382.3,80717.7,0.867,1,Não,0.064459
P002077,8,0.051872,APROVAR,0.0247,36,0.0,0.3355,8353.95,16546.05,0.6645,11,Não,0.051872
P002078,2,0.257765,NEGAR,0.035,24,0.21,0.21,4620.0,17380.0,0.79,1,Sim,0.2418
P002079,1,0.502913,NEGAR,0.035,60,0.21,0.21,4620.0,17380.0,0.79,4,Sim,0.42699
P002080,3,0.149845,NEGAR,0.0336,48,0.21,0.21,10311.0,38789.0,0.79,4,Não,0.117062
P002081,8,0.053638,APROVAR,0.0247,48,0.0,0.5856,17626.56,12473.44,0.4144,1,Não,0.053638
P002082,9,0.044023,APROVAR,0.0236,24,0.0,0.2181,14787.18,53012.82,0.7819,4,Não,0.044023
P002083,8,0.053184,APROVAR,0.0247,60,0.0,0.3366,35881.56,70718.44,0.6634,3,Não,0.053184
P002084,9,0.039751,APROVAR,0.0236,60,0.0,0.4329,14675.31,19224.69,0.5671,10,Sim,0.039751
P002085,3,0.171752,NEGAR,0.0336,48,0.21,0.2557,8233.54,23966.46,0.7443,4,Sim,0.171752
P002086,4,0.112718,NEGAR,0.0303,60,0.21,0.3299,11018.66,22381.34,0.6701,8,Não,0.112718
P002087,2,0.296719,NEGAR,0.035,48,0.21,0.21,8652.0,32548.0,0.79,1,Não,0.263455
P002088,3,0.146903,NEGAR,0.0336,24,0.21,0.2808,18701.28,47898.72,0.7192,5,Sim,0.146903
P002089,4,0.134405,NEGAR,0.0303,24,0.21,0.295,8791.0,21009.0,0.705,5,Não,0.134405
P002090,9,0.042477,APROVAR,0.0236,36,0.0,0.3552,27563.52,50036.48,0.6448,4,Não,0.042477
P002091,3,0.177906,NEGAR,0.0336,48,0.21,0.21,5922.0,22278.0,0.79,6,Sim,0.096341
P002092,1,0.429445,NEGAR,0.035,60,0.21,0.3735,10570.05,17729.95,0.6265,4,Não,0.429445
P002093,3,0.198303,NEGAR,0.0336,60,0.21,0.21,6552.0,24648.0,0.79,3,Não,0.197609
P002094,2,0.211565,NEGAR,0.035,48,0.21,0.21,14301.0,53799.0,0.79,1,Não,0.210841
P002095,2,0.234921,NEGAR,0.035,48,0.21,0.21,10752.0,40448.0,0.79,7,Não,0.202976
P002096,10,0.030367,APROVAR,0.0227,48,0.0,0.2475,14874.75,45225.25,0.7525,4,Não,0.030367
P002097,7,0.056815,APROVAR,0.0256,24,0.0,0.1521,4395.69,24504.31,0.8479,11,Não,0.056815
P002098,2,0.249281,NEGAR,0.035,48,0.21,0.3256,7423.68,15376.32,0.6744,1,Sim,0.249281
P002099,10,0.024174,APROVAR,0.0227,60,0.0,0.4995,29420.55,29479.45,0.5005,4,Sim,0.024174
P002100,1,0.332336,NEGAR,0.035,48,0.21,0.21,5523.0,20777.0,0.79,2,Sim,0.266958
P002101,9,0.038433,APROVAR,0.0236,48,0.0,0.4639,15772.6,18227.4,0.5361,8,Não,0.038433
P002102,10,0.032106,APROVAR,0.0227,36,0.0,0.2669,15667.03,43032.97,0.7331,9,Sim,0.032106
P002103,10,0.027579,APROVAR,0.0227,36,0.0,0.3325,15926.75,31973.25,0.6675,2,Não,0.027579
P002104,3,0.155188,NEGAR,0.0336,24,0.21,0.21,5523.0,20777.0,0.79,3,Não,0.148393
P002105,4,0.113962,NEGAR,0.0303,48,0.21,0.3592,15732.96,28067.04,0.6408,1,Não,0.113962
P002106,6,0.068668,APROVAR,0.0265,24,0.21,0.2478,9465.96,28734.04,0.7522,12,Não,0.068668
P002107,9,0.044762,APROVAR,0.0236,48,0.0,0.2526,15130.74,44769.26,0.7474,4,Sim,0.044762
P002108,10,0.029404,APROVAR,0.0227,48,0.0,0.3031,18125.38,41674.62,0.6969,1,Não,0.029404
P002109,2,0.283157,NEGAR,0.035,48,0.21,0.4514,16114.98,19585.02,0.5486,4,Sim,0.283157
P002110,9,0.042584,APROVAR,0.0236,36,0.0,0.1089,13035.33,106664.67,0.8911,5,Não,0.042584
P002111,3,0.186507,NEGAR,0.0336,60,0.21,0.21,4620.0,17380.0,0.79,5,Não,0.128177
P002112,7,0.061144,APROVAR,0.0256,48,0.0,0.2185,16059.75,57440.25,0.7815,1,Não,0.061144
P002113,5,0.092809,APROVAR,0.0282,48,0.21,0.21,4620.0,17380.0,0.79,3,Não,0.073383
P002114,6,0.081251,APROVAR,0.0265,24,0.21,0.21,5691.0,21409.0,0.79,6,Sim,0.083607
P002115,3,0.201317,NEGAR,0.0336,36,0.21,0.3751,10577.82,17622.18,0.6249,6,Sim,0.201317
P002116,5,0.094948,APROVAR,0.0282,24,0.21,0.21,19362.0,72838.0,0.79,0,Não,0.094948
P002117,3,0.165056,NEGAR,0.0336,24,0.21,0.21,10857.0,40843.0,0.79,6,Sim,0.170141
P002118,9,0.039792,APROVAR,0.0236,48,0.0,0.0529,1200.83,21499.17,0.9471,2,Não,0.039792
P002119,4,0.116716,NEGAR,0.0303,48,0.21,0.2202,7486.8,26513.2,0.7798,1,Não,0.116716
P002120,8,0.045639,APROVAR,0.0247,48,0.0,0.4825,21616.0,23184.0,0.5175,1,Não,0.045639
P002121,10,0.033808,APROVAR,0.0227,36,0.0,0.3105,19406.25,43093.75,0.6895,2,Não,0.033808
P002122,5,0.093087,APROVAR,0.0282,48,0.21,0.5541,13353.81,10746.19,0.4459,12,Não,0.093087
P002123,1,0.392045,NEGAR,0.035,60,0.21,0.21,7371.0,27729.0,0.79,5,Sim,0.421505
P002124,5,0.092983,APROVAR,0.0282,36,0.21,0.21,6993.0,26307.0,0.79,5,Sim,0.080868
P002125,7,0.054318,APROVAR,0.0256,36,0.0,0.2888,15421.92,37978.08,0.7112,8,Não,0.054318
P002126,2,0.254096,NEGAR,0.035,60,0.21,0.3114,13265.64,29334.36,0.6886,3,Não,0.254096
P002127,3,0.208738,NEGAR,0.0336,60,0.21,0.21,7854.0,29546.0,0.79,1,Não,0.218182
P002128,1,0.344827,NEGAR,0.035,48,0.21,0.21,4872.0,18328.0,0.79,8,Sim,0.346431
P002129,2,0.284229,NEGAR,0.035,36,0.21,0.2149,5694.85,20805.15,0.7851,4,Não,0.284229
P002130,3,0.158135,NEGAR,0.0336,36,0.21,0.21,4620.0,17380.0,0.79,11,Não,0.107341
P002131,7,0.06618,APROVAR,0.0256,24,0.0,0.3556,15717.52,28482.48,0.6444,3,Não,0.06618
P002132,3,0.20053,NEGAR,0.0336,48,0.21,0.3004,8561.4,19938.6,0.6996,9,Sim,0.20053
P002133,4,0.111729,NEGAR,0.0303,36,0.21,0.21,12222.0,45978.0,0.79,4,Sim,0.111494
P002134,3,0.180809,NEGAR,0.0336,48,0.21,0.21,8673.0,32627.0,0.79,4,Sim,0.130278
P002135,6,0.083447,APROVAR,0.0265,60,0.21,0.21,6951.0,26149.0,0.79,8,Não,0.090511
P002136,8,0.046841,APROVAR,0.0247,36,0.0,0.3329,26066.07,52233.93,0.6671,5,Não,0.046841
P002137,7,0.060334,APROVAR,0.0256,60,0.0,0.1588,3493.6,18506.4,0.8412,8,Não,0.060334
P002138,10,0.027131,APROVAR,0.0227,36,0.0,0.485,30749.0,32651.0,0.515,5,Não,0.027131
P002139,1,0.366759,NEGAR,0.035,60,0.21,0.21,4620.0,17380.0,0.79,5,Sim,0.298297
P002140,10,0.022852,APROVAR,0.0227,36,0.0,0.0746,2521.48,31278.52,0.9254,2,Sim,0.022852
P002141,3,0.169811,NEGAR,0.0336,60,0.21,0.21,5229.0,19671.0,0.79,8,Não,0.11771
P002142,2,0.226153,NEGAR,0.035,36,0.21,0.21,4620.0,17380.0,0.79,6,Não,0.230572
P002143,2,0.24295,NEGAR,0.035,36,0.21,0.21,5712.0,21488.0,0.79,8,Não,0.208857
P002144,8,0.044869,APROVAR,0.0247,48,0.0,0.133,6144.6,40055.4,0.867,9,Não,0.044869
P002145,10,0.036387,APROVAR,0.0227,36,0.0,0.2441,19454.77,60245.23,0.7559,1,Não,0.036387
P002146,10,0.034475,APROVAR,0.0227,60,0.0,0.186,9207.0,40293.0,0.814,2,Não,0.034475
P002147,10,0.033812,APROVAR,0.0227,48,0.0,0.2694,16110.12,43689.88,0.7306,5,Não,0.033812
P002148,4,0.107163,NEGAR,0.0303,36,0.21,0.21,7602.0,28598.0,0.79,6,Sim,0.066
P002149,1,0.308841,NEGAR,0.035,48,0.21,0.2243,4934.6,17065.4,0.7757,8,Sim,0.308841
P002150,7,0.059683,APROVAR,0.0256,36,0.0,0.183,9918.6,44281.4,0.817,1,Não,0.059683
P002151,4,0.123461,NEGAR,0.0303,48,0.21,0.3434,17582.08,33617.92,0.6566,11,Não,0.123461
P002152,1,0.527228,NEGAR,0.035,60,0.21,0.2281,6295.56,21304.44,0.7719,11,Sim,0.527228
P002153,7,0.054207,APROVAR,0.0256,48,0.0,0.2405,5291.0,16709.0,0.7595,9,Não,0.054207
P002154,10,0.0339,APROVAR,0.0227,24,0.0,0.0917,3548.79,35151.21,0.9083,1,Sim,0.0339
P002155,4,0.125388,NEGAR,0.0303,36,0.21,0.21,14511.0,54589.0,0.79,3,Não,0.127669
P002156,6,0.080735,APROVAR,0.0265,36,0.21,0.21,7182.0,27018.0,0.79,10,Não,0.08125
P002157,8,0.050155,APROVAR,0.0247,36,0.0,0.1109,6909.07,55390.93,0.8891,4,Não,0.050155
P002158,8,0.04628,APROVAR,0.0247,36,0.0,0.3197,11892.84,25307.16,0.6803,4,Não,0.04628
P002159,2,0.21097,NEGAR,0.035,36,0.21,0.3674,18443.48,31756.52,0.6326,5,Não,0.21097
P002160,4,0.112507,NEGAR,0.0303,60,0.21,0.21,5082.0,19118.0,0.79,9,Não,0.095113
P002161,1,0.584527,NEGAR,0.035,60,0.21,0.21,5796.0,21804.0,0.79,1,Sim,0.609045
P002162,10,0.035445,APROVAR,0.0227,24,0.0,0.3703,34437.9,58562.1,0.6297,3,Não,0.035445
P002163,1,0.541957,NEGAR,0.035,60,0.21,0.21,6573.0,24727.0,0.79,3,Sim,0.541957
P002164,7,0.058312,APROVAR,0.0256,60,0.0,0.475,14535.0,16065.0,0.525,2,Não,0.058312
P002165,7,0.058603,APROVAR,0.0256,60,0.0,0.3436,22505.8,42994.2,0.6564,2,Não,0.058603
P002166,10,0.033723,APROVAR,0.0227,60,0.0,0.1972,23525.96,95774.04,0.8028,3,Não,0.033723
P002167,10,0.026079,APROVAR,0.0227,24,0.0,0.2225,9656.5,33743.5,0.7775,0,Não,0.026079
P002168,2,0.270493,NEGAR,0.035,48,0.21,0.21,7497.0,28203.0,0.79,6,Não,0.305483
P002169,2,0.250096,NEGAR,0.035,48,0.21,0.3218,10555.04,22244.96,0.6782,12,Sim,0.250096
P002170,5,0.095214,APROVAR,0.0282,48,0.21,0.3977,8749.4,13250.6,0.6023,9,Não,0.095214
P002171,5,0.099719,APROVAR,0.0282,48,0.21,0.3039,8174.91,18725.09,0.6961,3,Não,0.099719
P002172,8,0.048241,APROVAR,0.0247,60,0.0,0.3657,23221.95,40278.05,0.6343,2,Não,0.048241
P002173,8,0.050134,APROVAR,0.0247,36,0.0,0.0798,2066.82,23833.18,0.9202,12,Não,0.050134
P002174,5,0.106063,APROVAR,0.0282,36,0.21,0.374,31042.0,51958.0,0.626,4,Não,0.106063
P002175,8,0.047894,APROVAR,0.0247,60,0.0,0.2765,10783.5,28216.5,0.7235,3,Não,0.047894
P002176,7,0.060458,APROVAR,0.0256,36,0.0,0.2805,9508.95,24391.05,0.7195,5,Não,0.060458
P002177,2,0.264749,NEGAR,0.035,36,0.21,0.2502,5504.4,16495.6,0.7498,8,Sim,0.264749
P002178,5,0.101497,APROVAR,0.0282,36,0.21,0.21,8883.0,33417.0,0.79,4,Não,0.091564
P002179,8,0.04481,APROVAR,0.0247,48,0.0,0.1921,7319.01,30780.99,0.8079,4,Não,0.04481
P002180,2,0.245699,NEGAR,0.035,48,0.21,0.21,10143.0,38157.0,0.79,6,Sim,0.192526
P002181,10,0.03468,APROVAR,0.0227,36,0.0,0.3301,16934.13,34365.87,0.6699,1,Não,0.03468
P002182,1,0.529058,NEGAR,0.035,36,0.21,0.21,11487.0,43213.0,0.79,5,Não,0.475021
P002183,1,0.73243,NEGAR,0.035,60,0.21,0.21,5964.0,22436.0,0.79,9,Sim,0.73243
P002184,7,0.055436,APROVAR,0.0256,24,0.0,0.2082,5059.26,19240.74,0.7918,1,Não,0.055436
P002185,6,0.079491,APROVAR,0.0265,36,0.21,0.2797,6153.4,15846.6,0.7203,6,Não,0.079491
P002186,2,0.265236,NEGAR,0.035,36,0.21,0.21,5355.0,20145.0,0.79,11,Não,0.221798
P002187,5,0.093729,APROVAR,0.0282,48,0.21,0.21,10248.0,38552.0,0.79,10,Não,0.093729
P002188,3,0.159209,NEGAR,0.0336,48,0.21,0.21,13440.0,50560.0,0.79,4,Não,0.150224
P002189,7,0.059718,APROVAR,0.0256,24,0.0,0.5006,25780.9,25719.1,0.4994,1,Não,0.059718
P002190,5,0.104451,APROVAR,0.0282,24,0.21,0.21,8442.0,31758.0,0.79,5,Não,0.094616
P002191,3,0.204245,NEGAR,0.0336,60,0.21,0.21,4620.0,17380.0,0.79,6,Não,0.205271
P002192,4,0.110169,NEGAR,0.0303,36,0.21,0.21,8778.0,33022.0,0.79,4,Não,0.066723
P002193,1,0.397912,NEGAR,0.035,48,0.21,0.21,5901.0,22199.0,0.79,4,Não,0.40725
P002194,4,0.108281,NEGAR,0.0303,24,0.21,0.21,5250.0,19750.0,0.79,12,Não,0.11255
P002195,2,0.220188,NEGAR,0.035,36,0.21,0.21,4620.0,17380.0,0.79,3,Sim,0.195904
P002196,7,0.05428,APROVAR,0.0256,60,0.0,0.4186,9209.2,12790.8,0.5814,1,Não,0.05428
P002197,10,0.024405,APROVAR,0.0227,60,0.0,0.293,16027.1,38672.9,0.707,12,Não,0.024405
P002198,2,0.253332,NEGAR,0.035,24,0.21,0.21,5943.0,22357.0,0.79,9,Não,0.213473
P002199,5,0.095479,APROVAR,0.0282,48,0.21,0.2314,7427.94,24672.06,0.7686,2,Não,0.095479
P002200,3,0.153201,NEGAR,0.0336,24,0.21,0.21,4620.0,17380.0,0.79,1,Não,0.153521
P002201,9,0.042653,APROVAR,0.0236,36,0.0,0.1638,11089.26,56610.74,0.8362,5,Não,0.042653
P002202,3,0.204824,NEGAR,0.0336,24,0.21,0.21,13020.0,48980.0,0.79,6,Não,0.208154
P002203,1,0.572961,NEGAR,0.035,60,0.21,0.21,6804.0,25596.0,0.79,5,Não,0.59864
P002204,10,0.023887,APROVAR,0.0227,48,0.0,0.3973,45411.39,68888.61,0.6027,1,Não,0.023887
P002205,8,0.045089,APROVAR,0.0247,60,0.0,0.0988,2173.6,19826.4,0.9012,1,Sim,0.045089
P002206,2,0.281038,NEGAR,0.035,48,0.21,0.21,5208.0,19592.0,0.79,1,Sim,0.210637
P002207,1,0.340285,NEGAR,0.035,48,0.21,0.21,19845.0,74655.0,0.79,2,Não,0.355095
P002208,2,0.250888,NEGAR,0.035,60,0.21,0.21,7644.0,28756.0,0.79,8,Não,0.256832
P002209,10,0.023771,APROVAR,0.0227,48,0.0,0.521,41523.7,38176.3,0.479,2,Não,0.023771
P002210,7,0.059681,APROVAR,0.0256,48,0.0,0.1644,9880.44,50219.56,0.8356,3,Não,0.059681
P002211,7,0.06278,APROVAR,0.0256,36,0.0,0.1604,4090.2,21409.8,0.8396,6,Não,0.06278
P002212,10,0.034434,APROVAR,0.0227,48,0.0,0.1777,7552.25,34947.75,0.8223,7,Não,0.034434
P002213,10,0.034749,APROVAR,0.0227,24,0.0,0.2197,18410.86,65389.14,0.7803,1,Não,0.034749
P002214,2,0.26337,NEGAR,0.035,48,0.21,0.21,11298.0,42502.0,0.79,1,Não,0.147709
P002215,5,0.104185,APROVAR,0.0282,48,0.21,0.2417,5317.4,16682.6,0.7583,5,Não,0.104185
P002216,3,0.196585,NEGAR,0.0336,24,0.21,0.21,4620.0,17380.0,0.79,3,Não,0.184355
P002217,1,0.526043,NEGAR,0.035,60,0.21,0.21,4977.0,18723.0,0.79,5,Não,0.526532
P002218,1,0.322379,NEGAR,0.035,48,0.21,0.3336,7339.2,14660.8,0.6664,1,Não,0.322379
P002219,10,0.029774,APROVAR,0.0227,48,0.0,0.0922,4351.84,42848.16,0.9078,4,Não,0.029774
P002220,1,0.454687,NEGAR,0.035,60,0.21,0.21,17325.0,65175.0,0.79,2,Sim,0.445496
P002221,3,0.188231,NEGAR,0.0336,60,0.21,0.21,10878.0,40922.0,0.79,2,Não,0.191508
P002222,3,0.171097,NEGAR,0.0336,24,0.21,0.21,7896.0,29704.0,0.79,2,Não,0.177141
P002223,3,0.195168,NEGAR,0.0336,36,0.21,0.21,4620.0,17380.0,0.79,9,Não,0.197382
P002224,8,0.053255,APROVAR,0.0247,24,0.0,0.4021,16164.42,24035.58,0.5979,8,Não,0.053255
P002225,2,0.265031,NEGAR,0.035,48,0.21,0.622,13870.6,8429.4,0.378,4,Não,0.265031
P002226,5,0.099356,APROVAR,0.0282,36,0.21,0.21,17031.0,64069.0,0.79,5,Não,0.041353
P002227,8,0.045591,APROVAR,0.0247,48,0.0,0.0635,3473.45,51226.55,0.9365,3,Não,0.045591
P002228,3,0.170667,NEGAR,0.0336,36,0.21,0.21,5250.0,19750.0,0.79,12,Não,0.1766
P002229,10,0.03354,APROVAR,0.0227,24,0.0,0.231,18179.7,60520.3,0.769,2,Não,0.03354
P002230,4,0.139364,NEGAR,0.0303,60,0.21,0.2702,5944.4,16055.6,0.7298,5,Sim,0.139364
P002231,4,0.130754,NEGAR,0.0303,24,0.21,0.21,9387.0,35313.0,0.79,7,Sim,0.109523
P002232,5,0.096055,APROVAR,0.0282,60,0.21,0.2383,10461.37,33438.63,0.7617,6,Não,0.096055
P002233,3,0.184487,NEGAR,0.0336,36,0.21,0.21,4620.0,17380.0,0.79,6,Não,0.18615
P002234,1,0.366674,NEGAR,0.035,48,0.21,0.21,6468.0,24332.0,0.79,5,Não,0.404331
P002235,10,0.03309,APROVAR,0.0227,60,0.0,0.125,13387.5,93712.5,0.875,4,Não,0.03309
P002236,10,0.031108,APROVAR,0.0227,48,0.0,0.2075,10831.5,41368.5,0.7925,1,Não,0.031108
P002237,3,0.187925,NEGAR,0.0336,24,0.21,0.21,10500.0,39500.0,0.79,3,Não,0.17231
P002238,8,0.047367,APROVAR,0.0247,36,0.0,0.0823,3341.38,37258.62,0.9177,2,Sim,0.047367
P002239,2,0.286809,NEGAR,0.035,60,0.21,0.21,8274.0,31126.0,0.79,9,Não,0.269561
P002240,1,0.339284,NEGAR,0.035,36,0.21,0.21,6594.0,24806.0,0.79,3,Sim,0.293019
P002241,9,0.043011,APROVAR,0.0236,48,0.0,0.3984,11832.48,17867.52,0.6016,4,Não,0.043011
P002242,7,0.062461,APROVAR,0.0256,48,0.0,0.156,10077.6,54522.4,0.844,2,Não,0.062461
P002243,1,0.749961,NEGAR,0.035,60,0.21,0.2306,6733.52,22466.48,0.7694,8,Não,0.749961
P002244,2,0.236729,NEGAR,0.035,48,0.21,0.3326,9213.02,18486.98,0.6674,1,Não,0.236729
P002245,8,0.048546,APROVAR,0.0247,36,0.0,0.2445,18728.7,57871.3,0.7555,2,Não,0.048546
P002246,5,0.098719,APROVAR,0.0282,36,0.21,0.21,5271.0,19829.0,0.79,3,Não,0.097345
P002247,2,0.294347,NEGAR,0.035,48,0.21,0.21,10563.0,39737.0,0.79,7,Não,0.298669
P002248,9,0.04328,APROVAR,0.0236,60,0.0,0.1996,11836.28,47463.72,0.8004,2,Não,0.04328
P002249,4,0.126207,NEGAR,0.0303,60,0.21,0.21,4620.0,17380.0,0.79,0,Sim,0.128898
P002250,7,0.058224,APROVAR,0.0256,48,0.0,0.1939,7775.39,32324.61,0.8061,8,Não,0.058224
P002251,6,0.069937,APROVAR,0.0265,48,0.21,0.21,6447.0,24253.0,0.79,4,Sim,0.041898
P002252,10,0.029635,APROVAR,0.0227,48,0.0,0.5282,48858.5,43641.5,0.4718,1,Não,0.029635
P002253,9,0.039167,APROVAR,0.0236,48,0.0,0.1883,13651.75,58848.25,0.8117,3,Não,0.039167
P002254,1,0.315137,NEGAR,0.035,60,0.21,0.2367,6745.95,21754.05,0.7633,2,Sim,0.315137
P002255,4,0.118304,NEGAR,0.0303,24,0.21,0.2196,10211.4,36288.6,0.7804,2,Sim,0.118304
P002256,10,0.024474,APROVAR,0.0227,24,0.0,0.6051,37092.63,24207.37,0.3949,7,Não,0.024474
P002257,1,0.358347,NEGAR,0.035,60,0.21,0.21,5712.0,21488.0,0.79,12,Não,0.364913
P002258,1,0.303453,NEGAR,0.035,60,0.21,0.21,8904.0,33496.0,0.79,3,Sim,0.297739
P002259,2,0.288559,NEGAR,0.035,24,0.21,0.21,4704.0,17696.0,0.79,9,Não,0.278304
P002260,1,0.338708,NEGAR,0.035,48,0.21,0.21,4620.0,17380.0,0.79,2,Sim,0.338387
P002261,8,0.045327,APROVAR,0.0247,48,0.0,0.3244,14046.52,29253.48,0.6756,1,Não,0.045327
P002262,8,0.045366,APROVAR,0.0247,60,0.0,0.4339,21781.78,28418.22,0.5661,8,Não,0.045366
P002263,9,0.037719,APROVAR,0.0236,24,0.0,0.3404,7897.28,15302.72,0.6596,5,Não,0.037719
P002264,7,0.062834,APROVAR,0.0256,36,0.0,0.2446,51219.24,158180.76,0.7554,3,Não,0.062834
P002265,7,0.056717,APROVAR,0.0256,24,0.0,0.0901,6018.68,60781.32,0.9099,4,Não,0.056717
P002266,9,0.04059,APROVAR,0.0236,60,0.0,0.23,6624.0,22176.0,0.77,2,Não,0.04059
P002267,3,0.175599,NEGAR,0.0336,48,0.21,0.21,9303.0,34997.0,0.79,5,Sim,0.171676
P002268,7,0.058328,APROVAR,0.0256,24,0.0,0.0327,902.52,26697.48,0.9673,12,Não,0.058328
P002269,10,0.03672,APROVAR,0.0227,60,0.0,0.3878,11440.1,18059.9,0.6122,3,Não,0.03672
P002270,10,0.029607,APROVAR,0.0227,36,0.0,0.1623,5453.28,28146.72,0.8377,6,Não,0.029607
P002271,3,0.185445,NEGAR,0.0336,48,0.21,0.21,6867.0,25833.0,0.79,4,Não,0.189453
P002272,3,0.166179,NEGAR,0.0336,60,0.21,0.3674,12748.78,21951.22,0.6326,6,Não,0.166179
P002273,2,0.257652,NEGAR,0.035,60,0.21,0.21,9324.0,35076.0,0.79,0,Não,0.156204
P002274,10,0.035758,APROVAR,0.0227,60,0.0,0.2275,8258.25,28041.75,0.7725,5,Não,0.035758
P002275,2,0.262576,NEGAR,0.035,60,0.21,0.21,5859.0,22041.0,0.79,5,Não,0.287298
P002276,2,0.238651,NEGAR,0.035,60,0.21,0.21,6489.0,24411.0,0.79,8,Sim,0.257791
P002277,2,0.241394,NEGAR,0.035,60,0.21,0.21,14238.0,53562.0,0.79,3,Sim,0.172219
P002278,8,0.045929,APROVAR,0.0247,24,0.0,0.0726,4043.82,51656.18,0.9274,2,Sim,0.045929
P002279,3,0.161913,NEGAR,0.0336,48,0.21,0.21,9324.0,35076.0,0.79,1,Não,0.166764
P002280,1,0.573246,NEGAR,0.035,36,0.21,0.2413,5308.6,16691.4,0.7587,4,Sim,0.573246
P002281,2,0.21615,NEGAR,0.035,36,0.21,0.21,4620.0,17380.0,0.79,4,Sim,0.172608
P002282,3,0.182309,NEGAR,0.0336,48,0.21,0.5381,11838.2,10161.8,0.4619,7,Não,0.182309
P002283,7,0.05578,APROVAR,0.0256,48,0.0,0.203,11895.8,46704.2,0.797,11,Não,0.05578
P002284,5,0.104914,APROVAR,0.0282,24,0.21,0.2264,7018.4,23981.6,0.7736,5,Não,0.104914
P002285,2,0.235455,NEGAR,0.035,60,0.21,0.21,18753.0,70547.0,0.79,5,Sim,0.179196
P002286,2,0.216498,NEGAR,0.035,36,0.21,0.21,16800.0,63200.0,0.79,1,Não,0.125947
P002287,4,0.127653,NEGAR,0.0303,36,0.21,0.21,9156.0,34444.0,0.79,3,Não,0.119271
P002288,1,0.462279,NEGAR,0.035,60,0.21,0.21,5418.0,20382.0,0.79,2,Sim,0.452518
P002289,2,0.295993,NEGAR,0.035,24,0.21,0.21,6636.0,24964.0,0.79,2,Não,0.295993
P002290,9,0.042133,APROVAR,0.0236,48,0.0,0.3369,29343.99,57756.01,0.6631,0,Não,0.042133
P002291,10,0.030008,APROVAR,0.0227,24,0.0,0.4122,24319.8,34680.2,0.5878,3,Não,0.030008
P002292,2,0.270656,NEGAR,0.035,24,0.21,0.21,10479.0,39421.0,0.79,6,Não,0.196671
P002293,1,0.308778,NEGAR,0.035,60,0.21,0.29,6380.0,15620.0,0.71,0,Não,0.308778
P002294,10,0.035055,APROVAR,0.0227,24,0.0,0.1288,5512.64,37287.36,0.8712,1,Sim,0.035055
P002295,3,0.203836,NEGAR,0.0336,48,0.21,0.21,11361.0,42739.0,0.79,1,Sim,0.203578
P002296,10,0.035975,APROVAR,0.0227,36,0.0,0.2071,10168.61,38931.39,0.7929,2,Não,0.035975
P002297,2,0.27255,NEGAR,0.035,60,0.21,0.21,9660.0,36340.0,0.79,4,Não,0.23926
P002298,6,0.071522,APROVAR,0.0265,36,0.21,0.3739,30846.75,51653.25,0.6261,9,Não,0.071522
P002299,4,0.107333,NEGAR,0.0303,48,0.21,0.2753,7543.22,19856.78,0.7247,5,Não,0.107333
P002300,9,0.03836,APROVAR,0.0236,36,0.0,0.0826,4906.44,54493.56,0.9174,5,Não,0.03836
P002301,10,0.032638,APROVAR,0.0227,36,0.0,0.3322,8637.2,17362.8,0.6678,2,Não,0.032638
P002302,10,0.035471,APROVAR,0.0227,36,0.0,0.6183,23557.23,14542.77,0.3817,2,Sim,0.035471
P002303,5,0.102646,APROVAR,0.0282,36,0.21,0.3312,20004.48,40395.52,0.6688,1,Não,0.102646
P002304,6,0.081653,APROVAR,0.0265,48,0.21,0.21,10878.0,40922.0,0.79,2,Sim,0.044842
P002305,3,0.183623,NEGAR,0.0336,48,0.21,0.21,4620.0,17380.0,0.79,5,Não,0.17734
P002306,6,0.067969,APROVAR,0.0265,60,0.21,0.21,11718.0,44082.0,0.79,4,Sim,0.057903
P002307,1,0.589591,NEGAR,0.035,48,0.21,0.21,10668.0,40132.0,0.79,12,Sim,0.564213
P002308,8,0.052427,APROVAR,0.0247,60,0.0,0.2623,7187.02,20212.98,0.7377,8,Não,0.052427
P002309,5,0.102095,APROVAR,0.0282,24,0.21,0.3116,6855.2,15144.8,0.6884,2,Não,0.102095
P002310,4,0.110795,NEGAR,0.0303,36,0.21,0.2253,15275.34,52524.66,0.7747,3,Não,0.110795
P002311,6,0.072481,APROVAR,0.0265,60,0.21,0.2939,16399.62,39400.38,0.7061,5,Não,0.072481
P002312,7,0.058372,APROVAR,0.0256,60,0.0,0.3183,7002.6,14997.4,0.6817,5,Não,0.058372
P002313,5,0.091818,APROVAR,0.0282,48,0.21,0.21,14364.0,54036.0,0.79,4,Sim,0.044785
P002314,7,0.062267,APROVAR,0.0256,60,0.0,0.1949,8575.6,35424.4,0.8051,0,Não,0.062267
P002315,5,0.086837,APROVAR,0.0282,48,0.21,0.2628,5860.44,16439.56,0.7372,2,Não,0.086837
P002316,8,0.048038,APROVAR,0.0247,24,0.0,0.3406,15735.72,30464.28,0.6594,6,Não,0.048038
P002317,2,0.2937,NEGAR,0.035,60,0.21,0.558,18358.2,14541.8,0.442,7,Não,0.2937
P002318,7,0.064527,APROVAR,0.0256,36,0.0,0.2548,7287.28,21312.72,0.7452,2,Não,0.064527
P002319,2,0.274994,NEGAR,0.035,48,0.21,0.3688,11137.76,19062.24,0.6312,2,Não,0.274994
P002320,2,0.271455,NEGAR,0.035,60,0.21,0.21,12453.0,46847.0,0.79,4,Não,0.208458
P002321,9,0.041378,APROVAR,0.0236,60,0.0,0.0977,7757.38,71642.62,0.9023,4,Não,0.041378
P002322,3,0.182427,NEGAR,0.0336,36,0.21,0.21,18459.0,69441.0,0.79,4,Não,0.184953
P002323,2,0.251744,NEGAR,0.035,60,0.21,0.2218,5567.18,19532.82,0.7782,11,Sim,0.251744
P002324,1,0.364359,NEGAR,0.035,48,0.21,0.3914,12642.22,19657.78,0.6086,3,Não,0.364359
P002325,1,0.310961,NEGAR,0.035,48,0.21,0.21,8106.0,30494.0,0.79,5,Sim,0.307186
P002326,7,0.066148,APROVAR,0.0256,60,0.0,0.3116,6855.2,15144.8,0.6884,0,Não,0.066148
P002327,1,0.518557,NEGAR,0.035,60,0.21,0.21,4620.0,17380.0,0.79,5,Não,0.521991
P002328,10,0.033269,APROVAR,0.0227,36,0.0,0.2423,21540.47,67359.53,0.7577,0,Não,0.033269
P002329,9,0.041198,APROVAR,0.0236,36,0.0,0.167,5961.9,29738.1,0.833,5,Não,0.041198
P002330,1,0.339805,NEGAR,0.035,48,0.21,0.21,6930.0,26070.0,0.79,12,Não,0.331872
P002331,9,0.042289,APROVAR,0.0236,48,0.0,0.251,7781.0,23219.0,0.749,5,Não,0.042289
P002332,3,0.203993,NEGAR,0.0336,48,0.21,0.21,4641.0,17459.0,0.79,5,Sim,0.206051
P002333,1,0.442061,NEGAR,0.035,48,0.21,0.3069,6751.8,15248.2,0.6931,4,Não,0.442061
P002334,9,0.038021,APROVAR,0.0236,48,0.0,0.169,12607.4,61992.6,0.831,1,Não,0.038021
P002335,8,0.047891,APROVAR,0.0247,48,0.0,0.4031,18099.19,26800.81,0.5969,4,Não,0.047891
P002336,9,0.03817,APROVAR,0.0236,48,0.0,0.2117,23096.47,86003.53,0.7883,1,Não,0.03817
P002337,1,0.492181,NEGAR,0.035,36,0.21,0.2382,7741.5,24758.5,0.7618,3,Não,0.492181
P002338,7,0.061827,APROVAR,0.0256,36,0.0,0.3112,10892.0,24108.0,0.6888,2,Sim,0.061827
P002339,1,0.44143,NEGAR,0.035,60,0.21,0.3403,12386.92,24013.08,0.6597,6,Não,0.44143
P002340,10,0.03688,APROVAR,0.0227,60,0.0,0.3481,12357.55,23142.45,0.6519,2,Não,0.03688
P002341,7,0.061496,APROVAR,0.0256,24,0.0,0.1517,5415.69,30284.31,0.8483,5,Não,0.061496
P002342,10,0.036696,APROVAR,0.0227,48,0.0,0.1236,5314.8,37685.2,0.8764,7,Não,0.036696
P002343,6,0.074085,APROVAR,0.0265,60,0.21,0.21,8043.0,30257.0,0.79,1,Sim,0.073633
P002344,4,0.127874,NEGAR,0.0303,48,0.21,0.21,12726.0,47874.0,0.79,2,Não,0.117676
P002345,7,0.060407,APROVAR,0.0256,48,0.0,0.1976,7765.68,31534.32,0.8024,3,Não,0.060407
P002346,9,0.038644,APROVAR,0.0236,24,0.0,0.1577,6765.33,36134.67,0.8423,2,Não,0.038644
P002347,2,0.249003,NEGAR,0.035,48,0.21,0.21,8799.0,33101.0,0.79,4,Não,0.239355
P002348,10,0.035601,APROVAR,0.0227,36,0.0,0.3315,10442.25,21057.75,0.6685,2,Não,0.035601
P002349,1,0.328041,NEGAR,0.035,60,0.21,0.2202,4844.4,17155.6,0.7798,6,Não,0.328041
P002350,9,0.04106,APROVAR,0.0236,48,0.0,0.2757,15797.61,41502.39,0.7243,4,Não,0.04106
P002351,6,0.069959,APROVAR,0.0265,36,0.21,0.3455,12265.25,23234.75,0.6545,12,Não,0.069959
P002352,2,0.21548,NEGAR,0.035,48,0.21,0.4332,24909.0,32591.0,0.5668,7,Sim,0.21548
P002353,4,0.139071,NEGAR,0.0303,24,0.21,0.21,6132.0,23068.0,0.79,3,Sim,0.152547
P002354,4,0.131411,NEGAR,0.0303,36,0.21,0.21,12852.0,48348.0,0.79,4,Não,0.132946
P002355,8,0.051833,APROVAR,0.0247,36,0.0,0.4389,15800.4,20199.6,0.5611,2,Não,0.051833
P002356,3,0.162338,NEGAR,0.0336,48,0.21,0.21,8841.0,33259.0,0.79,5,Não,0.150151
P002357,10,0.032488,APROVAR,0.0227,24,0.0,0.4115,19011.3,27188.7,0.5885,3,Não,0.032488
P002358,2,0.214939,NEGAR,0.035,48,0.21,0.21,4620.0,17380.0,0.79,6,Não,0.143317
P002359,8,0.047909,APROVAR,0.0247,60,0.0,0.1695,4746.0,23254.0,0.8305,3,Sim,0.047909
P002360,2,0.29339,NEGAR,0.035,24,0.21,0.2717,5977.4,16022.6,0.7283,7,Não,0.29339
P002361,5,0.085139,APROVAR,0.0282,48,0.21,0.2497,5493.4,16506.6,0.7503,3,Sim,0.085139
P002362,1,0.34795,NEGAR,0.035,60,0.21,0.21,7728.0,29072.0,0.79,4,Não,0.373434
P002363,3,0.155229,NEGAR,0.0336,60,0.21,0.4501,31732.05,38767.95,0.5499,3,Não,0.155229
P002364,8,0.051002,APROVAR,0.0247,36,0.0,0.5596,13822.12,10877.88,0.4404,5,Não,0.051002
P002365,8,0.050433,APROVAR,0.0247,60,0.0,0.0519,1951.44,35648.56,0.9481,4,Não,0.050433
P002366,2,0.287956,NEGAR,0.035,60,0.21,0.2479,7982.38,24217.62,0.7521,4,Não,0.287956
P002367,1,0.428263,NEGAR,0.035,60,0.21,0.3247,7143.4,14856.6,0.6753,2,Não,0.428263
P002368,6,0.083109,APROVAR,0.0265,24,0.21,0.4526,12310.72,14889.28,0.5474,3,Não,0.083109
P002369,3,0.156996,NEGAR,0.0336,60,0.21,0.21,12390.0,46610.0,0.79,2,Não,0.059538
P002370,4,0.14208,NEGAR,0.0303,48,0.21,0.2705,10414.25,28085.75,0.7295,7,Não,0.14208
P002371,1,0.424961,NEGAR,0.035,60,0.21,0.479,11352.3,12347.7,0.521,2,Sim,0.424961
P002372,9,0.042753,APROVAR,0.0236,48,0.0,0.2105,10272.4,38527.6,0.7895,2,Não,0.042753
P002373,8,0.048556,APROVAR,0.0247,36,0.0,0.1592,3502.4,18497.6,0.8408,8,Não,0.048556
P002374,10,0.033535,APROVAR,0.0227,36,0.0,0.3039,6685.8,15314.2,0.6961,3,Não,0.033535
P002375,1,0.509005,NEGAR,0.035,24,0.21,0.2433,5352.6,16647.4,0.7567,0,Sim,0.509005
P002376,8,0.049602,APROVAR,0.0247,48,0.0,0.1551,7925.61,43174.39,0.8449,3,Não,0.049602
P002377,6,0.076352,APROVAR,0.0265,48,0.21,0.21,11256.0,42344.0,0.79,6,Sim,0.070945
P002378,2,0.210276,NEGAR,0.035,48,0.21,0.21,7329.0,27571.0,0.79,1,Não,0.211665
P002379,1,0.381079,NEGAR,0.035,36,0.21,0.254,5588.0,16412.0,0.746,11,Sim,0.381079
P002380,6,0.072134,APROVAR,0.0265,60,0.21,0.2953,6496.6,15503.4,0.7047,1,Não,0.072134
P002381,1,0.325119,NEGAR,0.035,24,0.21,0.21,6888.0,25912.0,0.79,2,Sim,0.192748
P002382,10,0.035221,APROVAR,0.0227,24,0.0,0.3372,40160.52,78939.48,0.6628,1,Não,0.035221
P002383,10,0.034267,APROVAR,0.0227,60,0.0,0.187,12659.9,55040.1,0.813,4,Não,0.034267
P002384,5,0.085965,APROVAR,0.0282,48,0.21,0.6259,39556.88,23643.12,0.3741,9,Não,0.085965
P002385,1,0.3969,NEGAR,0.035,36,0.21,0.2912,13715.52,33384.48,0.7088,9,Não,0.3969
P002386,3,0.190216,NEGAR,0.0336,48,0.21,0.21,7539.0,28361.0,0.79,5,Sim,0.201208
P002387,2,0.294113,NEGAR,0.035,60,0.21,0.21,4620.0,17380.0,0.79,1,Sim,0.21001
P002388,1,0.409299,NEGAR,0.035,48,0.21,0.21,7203.0,27097.0,0.79,7,Não,0.43119
P002389,1,0.521694,NEGAR,0.035,60,0.21,0.21,16065.0,60435.0,0.79,1,Sim,0.496118
P002390,9,0.037302,APROVAR,0.0236,60,0.0,0.154,12889.8,70810.2,0.846,2,Sim,0.037302
P002391,3,0.186433,NEGAR,0.0336,36,0.21,0.3148,7492.24,16307.76,0.6852,5,Não,0.186433
P002392,3,0.153028,NEGAR,0.0336,60,0.21,0.21,7917.0,29783.0,0.79,12,Não,0.074068
P002393,10,0.032881,APROVAR,0.0227,36,0.0,0.1287,3899.61,26400.39,0.8713,1,Não,0.032881
P002394,4,0.122919,NEGAR,0.0303,48,0.21,0.21,22764.0,85636.0,0.79,3,Não,0.116807
P002395,8,0.049545,APROVAR,0.0247,24,0.0,0.1783,7435.11,34264.89,0.8217,7,Não,0.049545
P002396,2,0.2185,NEGAR,0.035,48,0.21,0.2528,9480.0,28020.0,0.7472,7,Não,0.2185
P002397,10,0.02471,APROVAR,0.0227,48,0.0,0.4397,28800.35,36699.65,0.5603,5,Não,0.02471
P002398,6,0.068661,APROVAR,0.0265,48,0.21,0.395,9993.5,15306.5,0.605,3,Não,0.068661
P002399,3,0.209024,NEGAR,0.0336,48,0.21,0.21,7224.0,27176.0,0.79,1,Não,0.211814
P002400,1,0.35443,NEGAR,0.035,36,0.21,0.3747,12290.16,20509.84,0.6253,0,Sim,0.35443
P002401,10,0.036745,APROVAR,0.0227,60,0.0,0.1779,8023.29,37076.71,0.8221,6,Não,0.036745
P002402,8,0.04657,APROVAR,0.0247,48,0.0,0.1405,3624.9,22175.1,0.8595,2,Não,0.04657
P002403,4,0.111551,NEGAR,0.0303,24,0.21,0.2491,12479.91,37620.09,0.7509,7,Não,0.111551
P002404,8,0.052978,APROVAR,0.0247,60,0.0,0.3306,10744.5,21755.5,0.6694,6,Sim,0.052978
P002405,4,0.115237,NEGAR,0.0303,36,0.21,0.3283,8141.84,16658.16,0.6717,5,Não,0.115237
P002406,1,0.536408,NEGAR,0.035,48,0.21,0.3484,7664.8,14335.2,0.6516,4,Não,0.536408
P002407,6,0.080635,APROVAR,0.0265,36,0.21,0.4631,15745.4,18254.6,0.5369,2,Não,0.080635
P002408,1,0.306456,NEGAR,0.035,24,0.21,0.23,5060.0,16940.0,0.77,7,Sim,0.306456
P002409,7,0.060055,APROVAR,0.0256,60,0.0,0.2012,7122.48,28277.52,0.7988,1,Não,0.060055
P002410,2,0.235902,NEGAR,0.035,48,0.21,0.3903,11552.88,18047.12,0.6097,3,Não,0.235902
P002411,8,0.049492,APROVAR,0.0247,24,0.0,0.3828,13436.28,21663.72,0.6172,3,Não,0.049492
P002412,2,0.232577,NEGAR,0.035,24,0.21,0.351,14812.2,27387.8,0.649,3,Não,0.232577
P002413,4,0.11288,NEGAR,0.0303,60,0.21,0.21,11067.0,41633.0,0.79,4,Não,0.112583
P002414,4,0.126254,NEGAR,0.0303,48,0.21,0.21,7119.0,26781.0,0.79,3,Não,0.130066
P002415,1,0.324103,NEGAR,0.035,48,0.21,0.21,4620.0,17380.0,0.79,3,Não,0.24391
P002416,10,0.024534,APROVAR,0.0227,24,0.0,0.2703,9055.05,24444.95,0.7297,12,Não,0.024534
P002417,8,0.046363,APROVAR,0.0247,24,0.0,0.0856,5683.84,60716.16,0.9144,5,Não,0.046363
P002418,9,0.042073,APROVAR,0.0236,24,0.0,0.3174,13648.2,29351.8,0.6826,2,Sim,0.042073
P002419,8,0.051742,APROVAR,0.0247,24,0.0,0.3446,12474.52,23725.48,0.6554,7,Não,0.051742
P002420,2,0.223884,NEGAR,0.035,24,0.21,0.21,4620.0,17380.0,0.79,3,Não,0.220579
P002421,3,0.164299,NEGAR,0.0336,48,0.21,0.21,10311.0,38789.0,0.79,6,Não,0.164705
P002422,7,0.065598,APROVAR,0.0256,48,0.0,0.0743,1716.33,21383.67,0.9257,3,Não,0.065598
P002423,9,0.038343,APROVAR,0.0236,36,0.0,0.1624,10604.72,54695.28,0.8376,2,Não,0.038343
P002424,3,0.160328,NEGAR,0.0336,24,0.21,0.41,27675.0,39825.0,0.59,3,Não,0.160328
P002425,1,0.30675,NEGAR,0.035,36,0.21,0.21,8022.0,30178.0,0.79,2,Não,0.345442
P002426,1,0.305796,NEGAR,0.035,48,0.21,0.21,4620.0,17380.0,0.79,5,Sim,0.306982
P002427,1,0.381729,NEGAR,0.035,60,0.21,0.393,38003.1,58696.9,0.607,2,Não,0.381729
P002428,9,0.038952,APROVAR,0.0236,36,0.0,0.134,5239.4,33860.6,0.866,2,Não,0.038952
P002429,1,0.36465,NEGAR,0.035,48,0.21,0.3019,12891.13,29808.87,0.6981,4,Não,0.36465
P002430,8,0.046707,APROVAR,0.0247,60,0.0,0.2687,9297.02,25302.98,0.7313,6,Não,0.046707
P002431,10,0.033656,APROVAR,0.0227,48,0.0,0.2642,9167.74,25532.26,0.7358,2,Não,0.033656
P002432,7,0.059427,APROVAR,0.0256,24,0.0,0.2135,4697.0,17303.0,0.7865,1,Não,0.059427
P002433,7,0.064683,APROVAR,0.0256,36,0.0,0.2608,5737.6,16262.4,0.7392,5,Não,0.064683
P002434,10,0.035611,APROVAR,0.0227,36,0.0,0.397,26519.6,40280.4,0.603,1,Não,0.035611
P002435,9,0.039513,APROVAR,0.0236,36,0.0,0.2224,9185.12,32114.88,0.7776,3,Não,0.039513
P002436,10,0.032218,APROVAR,0.0227,48,0.0,0.2768,25825.44,67474.56,0.7232,0,Não,0.032218
P002437,10,0.030906,APROVAR,0.0227,36,0.0,0.2231,17379.49,60520.51,0.7769,8,Não,0.030906
P002438,10,0.033586,APROVAR,0.0227,36,0.0,0.1674,15785.82,78514.18,0.8326,2,Não,0.033586
P002439,6,0.071202,APROVAR,0.0265,48,0.21,0.21,8946.0,33654.0,0.79,1,Não,0.062802
P002440,8,0.051459,APROVAR,0.0247,60,0.0,0.1344,4932.48,31767.52,0.8656,3,Não,0.051459
P002441,10,0.02722,APROVAR,0.0227,36,0.0,0.2337,10329.54,33870.46,0.7663,4,Não,0.02722
P002442,2,0.25349,NEGAR,0.035,36,0.21,0.2825,10254.75,26045.25,0.7175,4,Sim,0.25349
P002443,10,0.033989,APROVAR,0.0227,36,0.0,0.3565,20641.35,37258.65,0.6435,4,Não,0.033989
P002444,2,0.220976,NEGAR,0.035,36,0.21,0.21,5670.0,21330.0,0.79,6,Não,0.232892
P002445,7,0.060788,APROVAR,0.0256,60,0.0,0.4453,23556.37,29343.63,0.5547,2,Não,0.060788
P002446,1,0.325458,NEGAR,0.035,60,0.21,0.21,4620.0,17380.0,0.79,2,Não,0.267725
P002447,1,0.391517,NEGAR,0.035,60,0.21,0.3249,22255.65,46244.35,0.6751,10,Sim,0.391517
P002448,5,0.106399,APROVAR,0.0282,36,0.21,0.21,7602.0,28598.0,0.79,12,Não,0.066331
P002449,1,0.477155,NEGAR,0.035,24,0.21,0.3077,12092.61,27207.39,0.6923,3,Não,0.477155
P002450,8,0.04757,APROVAR,0.0247,48,0.0,0.1928,9003.76,37696.24,0.8072,1,Sim,0.04757
P002451,3,0.195904,NEGAR,0.0336,36,0.21,0.21,9555.0,35945.0,0.79,6,Não,0.198208
P002452,5,0.086733,APROVAR,0.0282,36,0.21,0.21,6867.0,25833.0,0.79,2,Não,0.076979
P002453,9,0.041986,APROVAR,0.0236,36,0.0,0.2547,10391.76,30408.24,0.7453,1,Não,0.041986
P002454,5,0.089978,APROVAR,0.0282,48,0.21,0.21,15645.0,58855.0,0.79,1,Não,0.089978
P002455,3,0.151437,NEGAR,0.0336,36,0.21,0.21,11214.0,42186.0,0.79,7,Sim,0.150489
P002456,4,0.1396,NEGAR,0.0303,36,0.21,0.2957,7924.76,18875.24,0.7043,0,Não,0.1396
P002457,1,0.448262,NEGAR,0.035,48,0.21,0.21,8757.0,32943.0,0.79,4,Sim,0.396325
P002458,5,0.08801,APROVAR,0.0282,60,0.21,0.21,7665.0,28835.0,0.79,4,Sim,0.088722
P002459,9,0.037781,APROVAR,0.0236,48,0.0,0.4587,30365.94,35834.06,0.5413,3,Sim,0.037781
P002460,3,0.15443,NEGAR,0.0336,60,0.21,0.2645,7194.4,20005.6,0.7355,12,Sim,0.15443
P002461,10,0.036553,APROVAR,0.0227,48,0.0,0.1067,2742.19,22957.81,0.8933,4,Não,0.036553
P002462,2,0.243267,NEGAR,0.035,48,0.21,0.21,9240.0,34760.0,0.79,8,Sim,0.231081
P002463,2,0.27955,NEGAR,0.035,36,0.21,0.3037,10750.98,24649.02,0.6963,4,Sim,0.27955
P002464,1,0.416758,NEGAR,0.035,36,0.21,0.21,4620.0,17380.0,0.79,6,Sim,0.408792
P002465,4,0.117971,NEGAR,0.0303,36,0.21,0.3557,11026.7,19973.3,0.6443,1,Não,0.117971
P002466,9,0.041167,APROVAR,0.0236,48,0.0,0.4847,35480.04,37719.96,0.5153,1,Não,0.041167
P002467,10,0.035554,APROVAR,0.0227,24,0.0,0.4019,16638.66,24761.34,0.5981,2,Não,0.035554
P002468,10,0.03292,APROVAR,0.0227,48,0.0,0.1574,10372.66,55527.34,0.8426,1,Não,0.03292
P002469,7,0.063535,APROVAR,0.0256,48,0.0,0.1034,5066.6,43933.4,0.8966,2,Não,0.063535
P002470,8,0.048379,APROVAR,0.0247,36,0.0,0.2434,11123.38,34576.62,0.7566,6,Não,0.048379
P002471,1,0.472919,NEGAR,0.035,60,0.21,0.4622,14836.62,17263.38,0.5378,10,Não,0.472919
P002472,5,0.09736,APROVAR,0.0282,60,0.21,0.3694,28702.38,48997.62,0.6306,2,Sim,0.09736
P002473,10,0.033059,APROVAR,0.0227,36,0.0,0.2737,9470.02,25129.98,0.7263,3,Sim,0.033059
P002474,3,0.151078,NEGAR,0.0336,24,0.21,0.2416,10606.24,33293.76,0.7584,4,Não,0.151078
P002475,3,0.191904,NEGAR,0.0336,36,0.21,0.21,4620.0,17380.0,0.79,2,Não,0.1919
P002476,6,0.068401,APROVAR,0.0265,36,0.21,0.2568,14920.08,43179.92,0.7432,4,Não,0.068401
P002477,2,0.260446,NEGAR,0.035,48,0.21,0.2506,6891.5,20608.5,0.7494,3,Não,0.260446
P002478,8,0.05352,APROVAR,0.0247,36,0.0,0.2389,5255.8,16744.2,0.7611,3,Não,0.05352
P002479,2,0.22212,NEGAR,0.035,60,0.21,0.21,4620.0,17380.0,0.79,11,Sim,0.222345
P002480,10,0.036761,APROVAR,0.0227,24,0.0,0.5893,24573.81,17126.19,0.4107,2,Não,0.036761
P002481,6,0.073837,APROVAR,0.0265,36,0.21,0.2365,5203.0,16797.0,0.7635,3,Não,0.073837
P002482,4,0.120525,NEGAR,0.0303,48,0.21,0.21,8715.0,32785.0,0.79,3,Não,0.113825
P002483,9,0.038413,APROVAR,0.0236,36,0.0,0.3648,20611.2,35888.8,0.6352,3,Não,0.038413
P002484,9,0.041813,APROVAR,0.0236,36,0.0,0.1052,8195.08,69704.92,0.8948,0,Não,0.041813
P002485,7,0.056082,APROVAR,0.0256,48,0.0,0.0682,3007.62,41092.38,0.9318,10,Não,0.056082
P002486,2,0.298893,NEGAR,0.035,48,0.21,0.21,4620.0,17380.0,0.79,7,Não,0.308807
P002487,7,0.055667,APROVAR,0.0256,24,0.0,0.1447,3183.4,18816.6,0.8553,2,Não,0.055667
P002488,10,0.030759,APROVAR,0.0227,36,0.0,0.2003,6629.93,26470.07,0.7997,7,Não,0.030759
P002489,10,0.035882,APROVAR,0.0227,60,0.0,0.2742,29449.08,77950.92,0.7258,4,Não,0.035882
P002490,3,0.149731,NEGAR,0.0336,48,0.21,0.21,14952.0,56248.0,0.79,2,Não,0.054126
P002491,6,0.069178,APROVAR,0.0265,48,0.21,0.21,6993.0,26307.0,0.79,1,Não,0.059751
P002492,1,0.314706,NEGAR,0.035,48,0.21,0.21,5964.0,22436.0,0.79,3,Não,0.261569
P002493,4,0.110818,NEGAR,0.0303,48,0.21,0.2943,7092.63,17007.37,0.7057,0,Não,0.110818
P002494,3,0.159251,NEGAR,0.0336,60,0.21,0.215,7697.0,28103.0,0.785,2,Não,0.159251
P002495,2,0.255423,NEGAR,0.035,36,0.21,0.2856,7968.24,19931.76,0.7144,3,Não,0.255423
P002496,10,0.029727,APROVAR,0.0227,36,0.0,0.2711,5964.2,16035.8,0.7289,12,Não,0.029727
P002497,2,0.252724,NEGAR,0.035,48,0.21,0.21,17430.0,65570.0,0.79,4,Sim,0.188251
P002498,1,0.387121,NEGAR,0.035,60,0.21,0.21,6678.0,25122.0,0.79,4,Não,0.393089
P002499,4,0.137551,NEGAR,0.0303,48,0.21,0.21,17010.0,63990.0,0.79,1,Não,0.099476
P002500,6,0.077475,APROVAR,0.0265,48,0.21,0.4322,14392.26,18907.74,0.5678,10,Não,0.077475
P002501,7,0.066157,APROVAR,0.0256,36,0.0,0.1324,6183.08,40516.92,0.8676,2,Não,0.066157
P002502,8,0.05031,APROVAR,0.0247,48,0.0,0.2879,15719.34,38880.66,0.7121,4,Não,0.05031
P002503,1,0.514071,NEGAR,0.035,24,0.21,0.21,4620.0,17380.0,0.79,3,Sim,0.418973
P002504,9,0.037592,APROVAR,0.0236,48,0.0,0.1487,4193.34,24006.66,0.8513,12,Sim,0.037592
P002505,7,0.054872,APROVAR,0.0256,60,0.0,0.0558,3710.7,62789.3,0.9442,3,Não,0.054872
P002506,7,0.06322,APROVAR,0.0256,36,0.0,0.2232,7611.12,26488.88,0.7768,1,Não,0.06322
P002507,1,0.314123,NEGAR,0.035,48,0.21,0.21,4620.0,17380.0,0.79,2,Não,0.314354
P002508,10,0.030286,APROVAR,0.0227,60,0.0,0.081,9347.4,106052.6,0.919,3,Sim,0.030286
P002509,4,0.134684,NEGAR,0.0303,48,0.21,0.21,6258.0,23542.0,0.79,1,Não,0.115679
P002510,10,0.019529,APROVAR,0.0227,36,0.0,0.3946,26477.66,40622.34,0.6054,4,Não,0.019529
P002511,10,0.026979,APROVAR,0.0227,36,0.0,0.3143,16815.05,36684.95,0.6857,6,Não,0.026979
P002512,1,0.589643,NEGAR,0.035,60,0.21,0.21,12096.0,45504.0,0.79,4,Não,0.613492
P002513,10,0.033097,APROVAR,0.0227,36,0.0,0.0979,7156.49,65943.51,0.9021,1,Sim,0.033097
P002514,9,0.044465,APROVAR,0.0236,36,0.0,0.2632,11159.68,31240.32,0.7368,8,Não,0.044465
P002515,10,0.035676,APROVAR,0.0227,24,0.0,0.3579,13457.04,24142.96,0.6421,2,Sim,0.035676
P002516,8,0.051418,APROVAR,0.0247,24,0.0,0.3145,26763.95,58336.05,0.6855,3,Não,0.051418
P002517,10,0.02819,APROVAR,0.0227,48,0.0,0.2407,11264.76,35535.24,0.7593,0,Não,0.02819
P002518,2,0.228972,NEGAR,0.035,24,0.21,0.2246,6041.74,20858.26,0.7754,5,Não,0.228972
P002519,3,0.168295,NEGAR,0.0336,60,0.21,0.21,5166.0,19434.0,0.79,6,Não,0.16982
P002520,2,0.265849,NEGAR,0.035,48,0.21,0.21,6489.0,24411.0,0.79,2,Sim,0.280622
P002521,2,0.230883,NEGAR,0.035,48,0.21,0.21,13041.0,49059.0,0.79,6,Não,0.21885
P002522,5,0.088024,APROVAR,0.0282,48,0.21,0.3118,12440.82,27459.18,0.6882,2,Não,0.088024
P002523,4,0.139249,NEGAR,0.0303,48,0.21,0.223,6712.3,23387.7,0.777,10,Não,0.139249
P002524,5,0.086704,APROVAR,0.0282,48,0.21,0.21,5607.0,21093.0,0.79,9,Não,0.095493
P002525,10,0.029982,APROVAR,0.0227,36,0.0,0.0952,5264.56,50035.44,0.9048,1,Não,0.029982
P002526,1,0.450714,NEGAR,0.035,24,0.21,0.2634,7217.16,20182.84,0.7366,9,Não,0.450714
P002527,3,0.193234,NEGAR,0.0336,48,0.21,0.21,5082.0,19118.0,0.79,3,Não,0.189657
P002528,5,0.090983,APROVAR,0.0282,24,0.21,0.2248,11352.4,39147.6,0.7752,12,Não,0.090983
P002529,2,0.300241,NEGAR,0.035,48,0.21,0.3012,7379.4,17120.6,0.6988,7,Não,0.300241
P002530,5,0.090302,APROVAR,0.0282,24,0.21,0.21,7350.0,27650.0,0.79,1,Não,0.057163
P002531,6,0.066326,APROVAR,0.0265,48,0.21,0.253,5566.0,16434.0,0.747,4,Sim,0.066326
P002532,2,0.288432,NEGAR,0.035,60,0.21,0.21,4893.0,18407.0,0.79,4,Não,0.288986
P002533,1,0.520545,NEGAR,0.035,60,0.21,0.21,8946.0,33654.0,0.79,8,Não,0.496823
P002534,7,0.055541,APROVAR,0.0256,48,0.0,0.1511,9806.39,55093.61,0.8489,2,Não,0.055541
P002535,5,0.098989,APROVAR,0.0282,60,0.21,0.21,12117.0,45583.0,0.79,3,Sim,0.098225
P002536,3,0.147708,NEGAR,0.0336,36,0.21,0.2461,16980.9,52019.1,0.7539,4,Sim,0.147708
P002537,3,0.149312,NEGAR,0.0336,48,0.21,0.21,4620.0,17380.0,0.79,7,Não,0.151374
P002538,4,0.115304,NEGAR,0.0303,60,0.21,0.3067,19475.45,44024.55,0.6933,3,Sim,0.115304
P002539,4,0.124599,NEGAR,0.0303,36,0.21,0.21,20034.0,75366.0,0.79,0,Não,0.124098
P002540,10,0.031317,APROVAR,0.0227,36,0.0,0.3687,11982.75,20517.25,0.6313,12,Não,0.031317
P002541,10,0.033319,APROVAR,0.0227,24,0.0,0.2438,8630.52,26769.48,0.7562,2,Não,0.033319
P002542,9,0.044563,APROVAR,0.0236,24,0.0,0.2341,8193.5,26806.5,0.7659,0,Não,0.044563
P002543,3,0.15465,NEGAR,0.0336,48,0.21,0.21,8862.0,33338.0,0.79,5,Sim,0.148994
P002544,2,0.249632,NEGAR,0.035,60,0.21,0.21,13020.0,48980.0,0.79,8,Não,0.214175
P002545,7,0.065803,APROVAR,0.0256,36,0.0,0.1529,7583.84,42016.16,0.8471,3,Não,0.065803
P002546,4,0.128383,NEGAR,0.0303,60,0.21,0.21,5082.0,19118.0,0.79,11,Não,0.104589
P002547,9,0.03897,APROVAR,0.0236,48,0.0,0.15,5955.0,33745.0,0.85,3,Não,0.03897
P002548,7,0.059947,APROVAR,0.0256,24,0.0,0.4375,16887.5,21712.5,0.5625,4,Não,0.059947
P002549,3,0.198638,NEGAR,0.0336,60,0.21,0.2705,13903.7,37496.3,0.7295,4,Não,0.198638
P002550,2,0.245251,NEGAR,0.035,36,0.21,0.21,7686.0,28914.0,0.79,4,Não,0.245803
P002551,2,0.221887,NEGAR,0.035,48,0.21,0.21,4977.0,18723.0,0.79,1,Sim,0.136696
P002552,1,0.311961,NEGAR,0.035,36,0.21,0.4756,10463.2,11536.8,0.5244,5,Não,0.311961
P002553,2,0.226497,NEGAR,0.035,36,0.21,0.21,13020.0,48980.0,0.79,1,Não,0.202467
P002554,4,0.131679,NEGAR,0.0303,36,0.21,0.21,5880.0,22120.0,0.79,11,Não,0.138353
P002555,10,0.028653,APROVAR,0.0227,24,0.0,0.3331,41304.4,82695.6,0.6669,3,Não,0.028653
P002556,6,0.067273,APROVAR,0.0265,60,0.21,0.2669,12250.71,33649.29,0.7331,4,Não,0.067273
P002557,10,0.02751,APROVAR,0.0227,36,0.0,0.3652,19830.36,34469.64,0.6348,3,Não,0.02751
P002558,3,0.204359,NEGAR,0.0336,48,0.21,0.21,10689.0,40211.0,0.79,7,Sim,0.221182
P002559,5,0.098023,APROVAR,0.0282,36,0.21,0.21,7434.0,27966.0,0.79,1,Sim,0.07211
P002560,10,0.020511,APROVAR,0.0227,60,0.0,0.4883,23291.91,24408.09,0.5117,6,Não,0.020511
P002561,5,0.106665,APROVAR,0.0282,60,0.21,0.2934,9682.2,23317.8,0.7066,5,Não,0.106665
P002562,1,0.304205,NEGAR,0.035,60,0.21,0.21,4620.0,17380.0,0.79,5,Não,0.302517
P002563,5,0.105564,APROVAR,0.0282,48,0.21,0.21,4620.0,17380.0,0.79,3,Não,0.107058
P002564,2,0.264912,NEGAR,0.035,48,0.21,0.2761,6074.2,15925.8,0.7239,8,Não,0.264912
P002565,10,0.035162,APROVAR,0.0227,36,0.0,0.2218,12065.92,42334.08,0.7782,7,Não,0.035162
P002566,3,0.162215,NEGAR,0.0336,60,0.21,0.21,6174.0,23226.0,0.79,8,Não,0.177305
P002567,3,0.183602,NEGAR,0.0336,48,0.21,0.4,9400.0,14100.0,0.6,5,Não,0.183602
P002568,2,0.235829,NEGAR,0.035,24,0.21,0.2922,20483.22,49616.78,0.7078,1,Sim,0.235829
P002569,7,0.066177,APROVAR,0.0256,36,0.0,0.2074,7300.48,27899.52,0.7926,5,Não,0.066177
P002570,10,0.03548,APROVAR,0.0227,60,0.0,0.2357,5185.4,16814.6,0.7643,12,Sim,0.03548
P002571,7,0.060095,APROVAR,0.0256,48,0.0,0.3736,8891.68,14908.32,0.6264,5,Não,0.060095
P002572,1,0.310953,NEGAR,0.035,48,0.21,0.21,4620.0,17380.0,0.79,6,Sim,0.309825
P002573,5,0.088433,APROVAR,0.0282,48,0.21,0.4615,55010.8,64189.2,0.5385,2,Não,0.088433
P002574,10,0.025501,APROVAR,0.0227,36,0.0,0.2287,6838.13,23061.87,0.7713,12,Não,0.025501
P002575,10,0.018635,APROVAR,0.0227,24,0.0,0.455,37492.0,44908.0,0.545,4,Não,0.018635
P002576,2,0.24859,NEGAR,0.035,60,0.21,0.21,4620.0,17380.0,0.79,4,Não,0.250593
P002577,3,0.170583,NEGAR,0.0336,36,0.21,0.21,7224.0,27176.0,0.79,2,Não,0.19186
P002578,6,0.081601,APROVAR,0.0265,48,0.21,0.21,11760.0,44240.0,0.79,7,Sim,0.076433
P002579,1,0.306898,NEGAR,0.035,60,0.21,0.2244,9985.8,34514.2,0.7756,12,Não,0.306898
P002580,2,0.234364,NEGAR,0.035,60,0.21,0.21,6720.0,25280.0,0.79,2,Não,0.214701
P002581,2,0.258582,NEGAR,0.035,60,0.21,0.2683,5902.6,16097.4,0.7317,10,Não,0.258582
P002582,5,0.084026,APROVAR,0.0282,60,0.21,0.3235,13910.5,29089.5,0.6765,6,Não,0.084026
P002583,4,0.131311,NEGAR,0.0303,24,0.21,0.2468,8860.12,27039.88,0.7532,5,Não,0.131311
P002584,1,0.652118,NEGAR,0.035,60,0.21,0.21,4956.0,18644.0,0.79,9,Não,0.61861
P002585,8,0.052439,APROVAR,0.0247,24,0.0,0.1686,7232.94,35667.06,0.8314,4,Sim,0.052439
P002586,6,0.070597,APROVAR,0.0265,48,0.21,0.21,9009.0,33891.0,0.79,2,Não,0.069216
P002587,8,0.05254,APROVAR,0.0247,24,0.0,0.3338,13452.14,26847.86,0.6662,1,Não,0.05254
P002588,1,0.312121,NEGAR,0.035,60,0.21,0.301,7765.8,18034.2,0.699,12,Sim,0.312121
P002589,9,0.037826,APROVAR,0.0236,24,0.0,0.278,15234.4,39565.6,0.722,3,Não,0.037826
P002590,5,0.08917,APROVAR,0.0282,24,0.21,0.21,8505.0,31995.0,0.79,11,Não,0.084504
P002591,10,0.035793,APROVAR,0.0227,24,0.0,0.4031,19953.45,29546.55,0.5969,1,Não,0.035793
P002592,9,0.041682,APROVAR,0.0236,60,0.0,0.1184,8311.68,61888.32,0.8816,1,Não,0.041682
P002593,9,0.042946,APROVAR,0.0236,36,0.0,0.1248,10670.4,74829.6,0.8752,5,Não,0.042946
P002594,8,0.047031,APROVAR,0.0247,36,0.0,0.2561,10833.03,31466.97,0.7439,2,Não,0.047031
P002595,1,0.307477,NEGAR,0.035,48,0.21,0.21,4641.0,17459.0,0.79,5,Não,0.250353
P002596,5,0.104654,APROVAR,0.0282,48,0.21,0.2905,27655.6,67544.4,0.7095,2,Não,0.104654
P002597,10,0.03392,APROVAR,0.0227,36,0.0,0.1696,6275.2,30724.8,0.8304,3,Não,0.03392
P002598,2,0.272814,NEGAR,0.035,48,0.21,0.2825,6215.0,15785.0,0.7175,3,Sim,0.272814
P002599,8,0.046556,APROVAR,0.0247,24,0.0,0.2373,6739.32,21660.68,0.7627,0,Não,0.046556
P002600,8,0.047835,APROVAR,0.0247,60,0.0,0.1702,10654.52,51945.48,0.8298,3,Não,0.047835
P002601,3,0.205241,NEGAR,0.0336,24,0.21,0.286,9209.2,22990.8,0.714,6,Sim,0.205241
P002602,10,0.024759,APROVAR,0.0227,60,0.0,0.4813,29263.04,31536.96,0.5187,7,Não,0.024759
P002603,8,0.048788,APROVAR,0.0247,48,0.0,0.1184,9448.32,70351.68,0.8816,3,Não,0.048788
P002604,9,0.040994,APROVAR,0.0236,48,0.0,0.4743,10434.6,11565.4,0.5257,4,Não,0.040994
P002605,8,0.045023,APROVAR,0.0247,48,0.0,0.2091,11876.88,44923.12,0.7909,2,Não,0.045023
P002606,10,0.035979,APROVAR,0.0227,48,0.0,0.2458,9758.26,29941.74,0.7542,3,Não,0.035979
P002607,3,0.192121,NEGAR,0.0336,36,0.21,0.21,9723.0,36577.0,0.79,3,Não,0.133761
P002608,2,0.245807,NEGAR,0.035,60,0.21,0.2915,12767.7,31032.3,0.7085,1,Não,0.245807
P002609,8,0.047982,APROVAR,0.0247,24,0.0,0.4288,17194.88,22905.12,0.5712,5,Não,0.047982
P002610,7,0.061597,APROVAR,0.0256,24,0.0,0.1021,4043.16,35556.84,0.8979,7,Sim,0.061597
P002611,5,0.088214,APROVAR,0.0282,48,0.21,0.21,7287.0,27413.0,0.79,1,Não,0.091273
P002612,10,0.03615,APROVAR,0.0227,36,0.0,0.4275,13893.75,18606.25,0.5725,6,Não,0.03615
P002613,1,0.59778,NEGAR,0.035,48,0.21,0.21,6804.0,25596.0,0.79,5,Sim,0.669099
P002614,4,0.126593,NEGAR,0.0303,36,0.21,0.2394,9791.46,31108.54,0.7606,5,Não,0.126593
P002615,2,0.284161,NEGAR,0.035,48,0.21,0.2463,5418.6,16581.4,0.7537,11,Sim,0.284161
P002616,1,0.394579,NEGAR,0.035,60,0.21,0.21,4620.0,17380.0,0.79,7,Não,0.29526
P002617,4,0.121667,NEGAR,0.0303,60,0.21,0.21,15162.0,57038.0,0.79,3,Sim,0.121667
P002618,9,0.043504,APROVAR,0.0236,48,0.0,0.1245,6561.15,46138.85,0.8755,2,Não,0.043504
P002619,6,0.075498,APROVAR,0.0265,36,0.21,0.2904,19543.92,47756.08,0.7096,1,Não,0.075498
P002620,1,0.407457,NEGAR,0.035,60,0.21,0.21,4620.0,17380.0,0.79,2,Não,0.407457
P002621,1,0.338554,NEGAR,0.035,48,0.21,0.4737,10421.4,11578.6,0.5263,12,Não,0.338554
P002622,8,0.052785,APROVAR,0.0247,48,0.0,0.2916,9097.92,22102.08,0.7084,1,Não,0.052785
P002623,2,0.225015,NEGAR,0.035,24,0.21,0.21,4620.0,17380.0,0.79,11,Sim,0.227274
P002624,4,0.1149,NEGAR,0.0303,60,0.21,0.21,4620.0,17380.0,0.79,2,Não,0.1149
P002625,1,0.633415,NEGAR,0.035,60,0.21,0.21,4620.0,17380.0,0.79,4,Sim,0.634221
P002626,10,0.035612,APROVAR,0.0227,48,0.0,0.0916,3242.64,32157.36,0.9084,2,Não,0.035612
P002627,3,0.198362,NEGAR,0.0336,24,0.21,0.21,8967.0,33733.0,0.79,1,Não,0.164248
P002628,4,0.140046,NEGAR,0.0303,48,0.21,0.21,5985.0,22515.0,0.79,1,Não,0.137439
P002629,1,0.315961,NEGAR,0.035,60,0.21,0.3284,8111.48,16588.52,0.6716,2,Não,0.315961
P002630,4,0.109811,NEGAR,0.0303,24,0.21,0.21,15015.0,56485.0,0.79,4,Não,0.113765
P002631,3,0.155959,NEGAR,0.0336,48,0.21,0.3023,17412.48,40187.52,0.6977,1,Não,0.155959
P002632,7,0.063391,APROVAR,0.0256,36,0.0,0.0901,2027.25,20472.75,0.9099,1,Sim,0.063391
P002633,4,0.107948,NEGAR,0.0303,24,0.21,0.21,14028.0,52772.0,0.79,6,Não,0.071334
P002634,1,0.332362,NEGAR,0.035,48,0.21,0.2946,9633.42,23066.58,0.7054,7,Não,0.332362
P002635,9,0.04459,APROVAR,0.0236,24,0.0,0.3118,20204.64,44595.36,0.6882,1,Sim,0.04459
P002636,3,0.188411,NEGAR,0.0336,60,0.21,0.21,9723.0,36577.0,0.79,3,Sim,0.188254
P002637,2,0.274047,NEGAR,0.035,36,0.21,0.21,4620.0,17380.0,0.79,2,Não,0.276474
P002638,2,0.275696,NEGAR,0.035,60,0.21,0.21,8358.0,31442.0,0.79,2,Sim,0.250261
P002639,7,0.062011,APROVAR,0.0256,48,0.0,0.1393,8859.48,54740.52,0.8607,8,Não,0.062011
P002640,2,0.224308,NEGAR,0.035,48,0.21,0.2553,7761.12,22638.88,0.7447,5,Sim,0.224308
P002641,7,0.056378,APROVAR,0.0256,48,0.0,0.1235,6841.9,48558.1,0.8765,1,Não,0.056378
P002642,2,0.280344,NEGAR,0.035,36,0.21,0.21,5985.0,22515.0,0.79,4,Sim,0.285384
P002643,5,0.085224,APROVAR,0.0282,36,0.21,0.21,6657.0,25043.0,0.79,12,Sim,0.094221
P002644,1,0.404991,NEGAR,0.035,48,0.21,0.21,7665.0,28835.0,0.79,4,Sim,0.356725
P002645,10,0.030268,APROVAR,0.0227,60,0.0,0.1188,10478.16,77721.84,0.8812,1,Não,0.030268
P002646,9,0.042086,APROVAR,0.0236,24,0.0,0.0565,2757.2,46042.8,0.9435,3,Não,0.042086
P002647,9,0.040285,APROVAR,0.0236,48,0.0,0.2891,22723.26,55876.74,0.7109,4,Não,0.040285
P002648,2,0.231112,NEGAR,0.035,36,0.21,0.21,12159.0,45741.0,0.79,2,Não,0.227757
P002649,10,0.033288,APROVAR,0.0227,36,0.0,0.3933,9203.22,14196.78,0.6067,3,Não,0.033288
P002650,8,0.049006,APROVAR,0.0247,60,0.0,0.2257,9524.54,32675.46,0.7743,1,Não,0.049006
P002651,10,0.022737,APROVAR,0.0227,48,0.0,0.4479,9853.8,12146.2,0.5521,12,Não,0.022737
P002652,9,0.043446,APROVAR,0.0236,36,0.0,0.1483,10232.7,58767.3,0.8517,6,Não,0.043446
P002653,10,0.036034,APROVAR,0.0227,24,0.0,0.214,10079.4,37020.6,0.786,2,Não,0.036034
P002654,6,0.08384,APROVAR,0.0265,24,0.21,0.21,5397.0,20303.0,0.79,7,Não,0.085484
P002655,4,0.132984,NEGAR,0.0303,36,0.21,0.21,9387.0,35313.0,0.79,8,Sim,0.084212
P002656,2,0.245293,NEGAR,0.035,24,0.21,0.21,11592.0,43608.0,0.79,2,Sim,0.244032
P002657,9,0.038177,APROVAR,0.0236,24,0.0,0.1029,2572.5,22427.5,0.8971,12,Não,0.038177
P002658,4,0.131907,NEGAR,0.0303,60,0.21,0.21,12873.0,48427.0,0.79,2,Não,0.138864
P002659,7,0.062345,APROVAR,0.0256,48,0.0,0.135,7047.0,45153.0,0.865,4,Sim,0.062345
P002660,6,0.067709,APROVAR,0.0265,60,0.21,0.21,18039.0,67861.0,0.79,3,Não,0.06566
P002661,7,0.061916,APROVAR,0.0256,48,0.0,0.0834,2593.74,28506.26,0.9166,9,Não,0.061916
P002662,7,0.058321,APROVAR,0.0256,36,0.0,0.2305,8436.3,28163.7,0.7695,4,Não,0.058321
P002663,10,0.035975,APROVAR,0.0227,24,0.0,0.1591,4788.91,25311.09,0.8409,1,Não,0.035975
P002664,10,0.030989,APROVAR,0.0227,36,0.0,0.4936,16486.24,16913.76,0.5064,9,Não,0.030989
P002665,6,0.081759,APROVAR,0.0265,60,0.21,0.3149,12344.08,26855.92,0.6851,3,Não,0.081759
P002666,10,0.028161,APROVAR,0.0227,24,0.0,0.2453,13025.43,40074.57,0.7547,2,Não,0.028161
P002667,2,0.291018,NEGAR,0.035,48,0.21,0.21,4620.0,17380.0,0.79,10,Não,0.287258
P002668,2,0.221262,NEGAR,0.035,48,0.21,0.21,8001.0,30099.0,0.79,9,Sim,0.248538
P002669,10,0.036153,APROVAR,0.0227,36,0.0,0.1632,4536.96,23263.04,0.8368,5,Não,0.036153
P002670,9,0.038035,APROVAR,0.0236,48,0.0,0.2297,6569.42,22030.58,0.7703,4,Não,0.038035
P002671,5,0.091197,APROVAR,0.0282,48,0.21,0.21,4620.0,17380.0,0.79,6,Não,0.092224
P002672,8,0.051499,APROVAR,0.0247,24,0.0,0.1588,3493.6,18506.4,0.8412,0,Não,0.051499
P002673,10,0.028033,APROVAR,0.0227,48,0.0,0.24,11184.0,35416.0,0.76,6,Não,0.028033
P002674,1,0.393892,NEGAR,0.035,48,0.21,0.21,4620.0,17380.0,0.79,4,Sim,0.258449
P002675,1,0.328732,NEGAR,0.035,48,0.21,0.21,6258.0,23542.0,0.79,5,Sim,0.350586
P002676,8,0.04901,APROVAR,0.0247,36,0.0,0.3351,18899.64,37500.36,0.6649,5,Não,0.04901
P002677,1,0.305684,NEGAR,0.035,48,0.21,0.21,7287.0,27413.0,0.79,8,Sim,0.311947
P002678,9,0.041321,APROVAR,0.0236,24,0.0,0.3014,12628.66,29271.34,0.6986,0,Não,0.041321
P002679,6,0.073026,APROVAR,0.0265,24,0.21,0.2384,7748.0,24752.0,0.7616,10,Não,0.073026
P002680,9,0.039108,APROVAR,0.0236,48,0.0,0.4732,50679.72,56420.28,0.5268,6,Não,0.039108
P002681,4,0.107141,NEGAR,0.0303,24,0.21,0.2386,13146.86,41953.14,0.7614,1,Sim,0.107141
P002682,1,0.451335,NEGAR,0.035,60,0.21,0.21,6279.0,23621.0,0.79,12,Não,0.44637
P002683,2,0.256209,NEGAR,0.035,48,0.21,0.2705,19232.55,51867.45,0.7295,2,Sim,0.256209
P002684,5,0.103387,APROVAR,0.0282,36,0.21,0.21,19257.0,72443.0,0.79,6,Não,0.111056
P002685,3,0.189182,NEGAR,0.0336,24,0.21,0.21,4620.0,17380.0,0.79,10,Não,0.189538
P002686,1,0.407917,NEGAR,0.035,36,0.21,0.2799,19425.06,49974.94,0.7201,3,Sim,0.407917
P002687,10,0.035951,APROVAR,0.0227,36,0.0,0.2976,32468.16,76631.84,0.7024,5,Não,0.035951
P002688,5,0.100553,APROVAR,0.0282,48,0.21,0.21,4620.0,17380.0,0.79,1,Não,0.110439
P002689,2,0.251639,NEGAR,0.035,60,0.21,0.2359,6817.51,22082.49,0.7641,3,Sim,0.251639
P002690,8,0.045757,APROVAR,0.0247,48,0.0,0.0565,4570.85,76329.15,0.9435,1,Não,0.045757
P002691,7,0.060576,APROVAR,0.0256,48,0.0,0.1355,10826.45,69073.55,0.8645,6,Não,0.060576
P002692,3,0.189007,NEGAR,0.0336,60,0.21,0.4161,27171.33,38128.67,0.5839,5,Não,0.189007
P002693,5,0.101492,APROVAR,0.0282,24,0.21,0.2407,9459.51,29840.49,0.7593,2,Sim,0.101492
P002694,7,0.06093,APROVAR,0.0256,24,0.0,0.0604,3134.76,48765.24,0.9396,5,Não,0.06093
P002695,1,0.305036,NEGAR,0.035,48,0.21,0.21,4620.0,17380.0,0.79,11,Sim,0.286413
P002696,9,0.042745,APROVAR,0.0236,48,0.0,0.1362,6401.4,40598.6,0.8638,0,Não,0.042745
P002697,10,0.030674,APROVAR,0.0227,48,0.0,0.5546,22405.84,17994.16,0.4454,7,Não,0.030674
P002698,9,0.043469,APROVAR,0.0236,60,0.0,0.5061,34364.19,33535.81,0.4939,7,Não,0.043469
P002699,9,0.038957,APROVAR,0.0236,36,0.0,0.3059,9544.08,21655.92,0.6941,3,Não,0.038957
P002700,7,0.057303,APROVAR,0.0256,48,0.0,0.1372,6174.0,38826.0,0.8628,2,Não,0.057303
P002701,2,0.255711,NEGAR,0.035,48,0.21,0.2274,5002.8,16997.2,0.7726,6,Não,0.255711
P002702,8,0.053065,APROVAR,0.0247,60,0.0,0.0435,2992.8,65807.2,0.9565,8,Não,0.053065
P002703,1,0.317262,NEGAR,0.035,48,0.21,0.6533,24172.1,12827.9,0.3467,5,Não,0.317262
P002704,10,0.035744,APROVAR,0.0227,36,0.0,0.1926,11498.22,48201.78,0.8074,3,Não,0.035744
P002705,5,0.095513,APROVAR,0.0282,60,0.21,0.21,5838.0,21962.0,0.79,6,Sim,0.059917
P002706,3,0.199218,NEGAR,0.0336,48,0.21,0.21,15204.0,57196.0,0.79,1,Sim,0.174272
P002707,9,0.043361,APROVAR,0.0236,24,0.0,0.3179,20949.61,44950.39,0.6821,2,Não,0.043361
P002708,8,0.051137,APROVAR,0.0247,24,0.0,0.1142,4887.76,37912.24,0.8858,3,Sim,0.051137
P002709,10,0.027487,APROVAR,0.0227,24,0.0,0.5162,32107.64,30092.36,0.4838,5,Não,0.027487
P002710,9,0.039621,APROVAR,0.0236,36,0.0,0.1257,5128.56,35671.44,0.8743,3,Não,0.039621
P002711,8,0.046133,APROVAR,0.0247,36,0.0,0.2849,10598.28,26601.72,0.7151,3,Não,0.046133
P002712,4,0.10793,NEGAR,0.0303,36,0.21,0.21,7728.0,29072.0,0.79,9,Não,0.101641
P002713,9,0.038866,APROVAR,0.0236,60,0.0,0.2567,11808.2,34191.8,0.7433,2,Não,0.038866
P002714,10,0.032925,APROVAR,0.0227,24,0.0,0.3009,22386.96,52013.04,0.6991,5,Não,0.032925
P002715,4,0.109517,NEGAR,0.0303,48,0.21,0.3585,11687.1,20912.9,0.6415,0,Não,0.109517
P002716,10,0.032199,APROVAR,0.0227,60,0.0,0.0808,6423.6,73076.4,0.9192,1,Não,0.032199
P002717,2,0.230314,NEGAR,0.035,24,0.21,0.21,5586.0,21014.0,0.79,6,Não,0.249856
P002718,2,0.23191,NEGAR,0.035,24,0.21,0.21,4620.0,17380.0,0.79,4,Sim,0.225141
P002719,10,0.034642,APROVAR,0.0227,24,0.0,0.5079,13459.35,13040.65,0.4921,9,Não,0.034642
P002720,2,0.226658,NEGAR,0.035,48,0.21,0.21,6867.0,25833.0,0.79,3,Não,0.267186
P002721,9,0.039091,APROVAR,0.0236,48,0.0,0.2955,9515.1,22684.9,0.7045,5,Não,0.039091
P002722,2,0.243935,NEGAR,0.035,36,0.21,0.21,4620.0,17380.0,0.79,11,Não,0.136244
P002723,6,0.074973,APROVAR,0.0265,48,0.21,0.21,7917.0,29783.0,0.79,2,Não,0.075798
P002724,10,0.032954,APROVAR,0.0227,48,0.0,0.3921,42386.01,65713.99,0.6079,2,Não,0.032954
P002725,3,0.174034,NEGAR,0.0336,36,0.21,0.21,9513.0,35787.0,0.79,8,Sim,0.177032
P002726,10,0.035969,APROVAR,0.0227,60,0.0,0.4527,24174.18,29225.82,0.5473,1,Não,0.035969
P002727,6,0.069814,APROVAR,0.0265,24,0.21,0.21,4620.0,17380.0,0.79,5,Não,0.069058
P002728,5,0.090944,APROVAR,0.0282,48,0.21,0.2134,5591.08,20608.92,0.7866,10,Não,0.090944
P002729,8,0.051687,APROVAR,0.0247,60,0.0,0.2843,14186.57,35713.43,0.7157,2,Não,0.051687
P002730,8,0.04753,APROVAR,0.0247,60,0.0,0.1014,6682.26,59217.74,0.8986,0,Não,0.04753
P002731,7,0.065013,APROVAR,0.0256,24,0.0,0.154,9317.0,51183.0,0.846,2,Não,0.065013
P002732,10,0.022851,APROVAR,0.0227,24,0.0,0.4196,24756.4,34243.6,0.5804,3,Não,0.022851
P002733,4,0.111594,NEGAR,0.0303,36,0.21,0.21,4620.0,17380.0,0.79,1,Sim,0.112663
P002734,3,0.155595,NEGAR,0.0336,60,0.21,0.21,6678.0,25122.0,0.79,5,Sim,0.161216
P002735,2,0.27042,NEGAR,0.035,48,0.21,0.21,4620.0,17380.0,0.79,2,Sim,0.248128
P002736,10,0.023889,APROVAR,0.0227,24,0.0,0.1532,23179.16,128120.84,0.8468,0,Não,0.023889
P002737,7,0.066276,APROVAR,0.0256,60,0.0,0.114,6304.2,48995.8,0.886,4,Não,0.066276
P002738,7,0.054257,APROVAR,0.0256,24,0.0,0.2624,6245.12,17554.88,0.7376,3,Não,0.054257
P002739,3,0.15473,NEGAR,0.0336,24,0.21,0.2574,5765.76,16634.24,0.7426,6,Não,0.15473
P002740,4,0.110553,NEGAR,0.0303,48,0.21,0.21,12222.0,45978.0,0.79,5,Sim,0.051677
P002741,1,0.33697,NEGAR,0.035,48,0.21,0.21,8988.0,33812.0,0.79,8,Sim,0.23294
P002742,2,0.244177,NEGAR,0.035,60,0.21,0.2104,6480.32,24319.68,0.7896,11,Não,0.244177
P002743,3,0.153332,NEGAR,0.0336,36,0.21,0.21,9870.0,37130.0,0.79,5,Não,0.137147
P002744,10,0.035332,APROVAR,0.0227,36,0.0,0.4132,29709.08,42190.92,0.5868,4,Não,0.035332
P002745,1,0.353613,NEGAR,0.035,48,0.21,0.21,6783.0,25517.0,0.79,8,Sim,0.284457
P002746,4,0.115506,NEGAR,0.0303,60,0.21,0.21,6783.0,25517.0,0.79,4,Não,0.096854
P002747,3,0.201222,NEGAR,0.0336,24,0.21,0.3089,14425.63,32274.37,0.6911,1,Não,0.201222
P002748,2,0.210699,NEGAR,0.035,36,0.21,0.21,5691.0,21409.0,0.79,6,Sim,0.190693
P002749,4,0.121199,NEGAR,0.0303,48,0.21,0.4246,18597.48,25202.52,0.5754,5,Não,0.121199
P002750,1,0.469146,NEGAR,0.035,36,0.21,0.21,4620.0,17380.0,0.79,5,Não,0.283713
P002751,8,0.045183,APROVAR,0.0247,48,0.0,0.1076,14170.92,117529.08,0.8924,0,Não,0.045183
P002752,9,0.038644,APROVAR,0.0236,48,0.0,0.5979,87054.24,58545.76,0.4021,1,Não,0.038644
P002753,10,0.032402,APROVAR,0.0227,60,0.0,0.4572,17510.76,20789.24,0.5428,2,Não,0.032402
P002754,6,0.083729,APROVAR,0.0265,48,0.21,0.3798,11621.88,18978.12,0.6202,9,Sim,0.083729
P002755,7,0.055462,APROVAR,0.0256,60,0.0,0.2271,6154.41,20945.59,0.7729,2,Não,0.055462
P002756,10,0.033152,APROVAR,0.0227,36,0.0,0.1473,3520.47,20379.53,0.8527,2,Não,0.033152
P002757,10,0.035015,APROVAR,0.0227,60,0.0,0.3226,12484.62,26215.38,0.6774,2,Não,0.035015
P002758,10,0.033337,APROVAR,0.0227,36,0.0,0.4015,16220.6,24179.4,0.5985,3,Não,0.033337
P002759,9,0.038253,APROVAR,0.0236,36,0.0,0.291,19817.1,48282.9,0.709,1,Não,0.038253
P002760,9,0.041342,APROVAR,0.0236,36,0.0,0.4158,14345.1,20154.9,0.5842,8,Não,0.041342
P002761,10,0.032738,APROVAR,0.0227,48,0.0,0.3557,13658.88,24741.12,0.6443,2,Não,0.032738
P002762,8,0.047406,APROVAR,0.0247,36,0.0,0.178,7778.6,35921.4,0.822,2,Não,0.047406
P002763,10,0.035454,APROVAR,0.0227,24,0.0,0.1443,5916.3,35083.7,0.8557,4,Sim,0.035454
P002764,6,0.083481,APROVAR,0.0265,48,0.21,0.21,5439.0,20461.0,0.79,12,Não,0.044102
P002765,8,0.045682,APROVAR,0.0247,60,0.0,0.1212,3478.44,25221.56,0.8788,4,Sim,0.045682
P002766,6,0.070766,APROVAR,0.0265,36,0.21,0.21,5712.0,21488.0,0.79,2,Sim,0.072458
P002767,1,0.364883,NEGAR,0.035,24,0.21,0.4345,9559.0,12441.0,0.5655,4,Sim,0.364883
P002768,1,0.455568,NEGAR,0.035,60,0.21,0.21,7749.0,29151.0,0.79,7,Não,0.425761
P002769,2,0.267254,NEGAR,0.035,36,0.21,0.2366,5205.2,16794.8,0.7634,1,Sim,0.267254
P002770,3,0.188547,NEGAR,0.0336,48,0.21,0.226,10396.0,35604.0,0.774,11,Não,0.188547
P002771,2,0.234386,NEGAR,0.035,48,0.21,0.21,7014.0,26386.0,0.79,9,Não,0.282298
P002772,2,0.265848,NEGAR,0.035,60,0.21,0.21,13545.0,50955.0,0.79,3,Não,0.20333
P002773,8,0.049965,APROVAR,0.0247,36,0.0,0.1043,7791.21,66908.79,0.8957,6,Não,0.049965
P002774,9,0.043656,APROVAR,0.0236,24,0.0,0.4984,24521.28,24678.72,0.5016,8,Não,0.043656
P002775,1,0.333034,NEGAR,0.035,60,0.21,0.21,6552.0,24648.0,0.79,7,Não,0.299592
P002776,6,0.074181,APROVAR,0.0265,48,0.21,0.21,11445.0,43055.0,0.79,5,Não,0.074043
P002777,1,0.495544,NEGAR,0.035,48,0.21,0.228,5016.0,16984.0,0.772,3,Sim,0.495544
P002778,9,0.042264,APROVAR,0.0236,48,0.0,0.1015,4790.8,42409.2,0.8985,7,Não,0.042264
P002779,6,0.07912,APROVAR,0.0265,60,0.21,0.3783,8322.6,13677.4,0.6217,1,Sim,0.07912
P002780,2,0.293116,NEGAR,0.035,24,0.21,0.21,6363.0,23937.0,0.79,3,Sim,0.183686
P002781,8,0.046761,APROVAR,0.0247,48,0.0,0.2548,11848.2,34651.8,0.7452,6,Não,0.046761
P002782,3,0.171321,NEGAR,0.0336,48,0.21,0.21,5313.0,19987.0,0.79,8,Não,0.174354
P002783,4,0.135182,NEGAR,0.0303,24,0.21,0.2651,20757.33,57542.67,0.7349,7,Não,0.135182
P002784,4,0.10805,NEGAR,0.0303,48,0.21,0.3437,9486.12,18113.88,0.6563,8,Sim,0.10805
P002785,6,0.073653,APROVAR,0.0265,36,0.21,0.21,7812.0,29388.0,0.79,2,Não,0.047621
P002786,9,0.03823,APROVAR,0.0236,36,0.0,0.2908,13289.56,32410.44,0.7092,6,Sim,0.03823
P002787,8,0.050309,APROVAR,0.0247,24,0.0,0.1674,3917.16,19482.84,0.8326,6,Não,0.050309
P002788,1,0.434906,NEGAR,0.035,60,0.21,0.3,11190.0,26110.0,0.7,7,Não,0.434906
P002789,5,0.102551,APROVAR,0.0282,48,0.21,0.4141,9110.2,12889.8,0.5859,7,Não,0.102551
P002790,6,0.082321,APROVAR,0.0265,24,0.21,0.6037,20767.28,13632.72,0.3963,5,Não,0.082321
P002791,5,0.091585,APROVAR,0.0282,60,0.21,0.2589,16207.14,46392.86,0.7411,1,Não,0.091585
P002792,8,0.05043,APROVAR,0.0247,60,0.0,0.3713,9171.11,15528.89,0.6287,4,Não,0.05043
P002793,10,0.031387,APROVAR,0.0227,24,0.0,0.1018,4662.44,41137.56,0.8982,1,Não,0.031387
P002794,10,0.03236,APROVAR,0.0227,24,0.0,0.2953,20641.47,49258.53,0.7047,1,Não,0.03236
P002795,5,0.090575,APROVAR,0.0282,24,0.21,0.4063,35835.66,52364.34,0.5937,7,Não,0.090575
P002796,1,0.335735,NEGAR,0.035,48,0.21,0.2841,6505.89,16394.11,0.7159,6,Sim,0.335735
P002797,9,0.039695,APROVAR,0.0236,36,0.0,0.1522,4718.2,26281.8,0.8478,3,Não,0.039695
P002798,8,0.053896,APROVAR,0.0247,24,0.0,0.1546,5952.1,32547.9,0.8454,6,Não,0.053896
P002799,2,0.229068,NEGAR,0.035,48,0.21,0.21,4620.0,17380.0,0.79,11,Não,0.176127
P002800,4,0.121479,NEGAR,0.0303,48,0.21,0.21,11193.0,42107.0,0.79,8,Não,0.123112
P002801,2,0.269493,NEGAR,0.035,48,0.21,0.6137,13869.62,8730.38,0.3863,7,Não,0.269493
P002802,1,0.81822,NEGAR,0.035,60,0.21,0.21,13062.0,49138.0,0.79,7,Não,0.716618
P002803,10,0.023828,APROVAR,0.0227,36,0.0,0.26,27014.0,76886.0,0.74,2,Não,0.023828
P002804,10,0.028549,APROVAR,0.0227,48,0.0,0.1032,3230.16,28069.84,0.8968,1,Não,0.028549
P002805,3,0.194818,NEGAR,0.0336,60,0.21,0.2804,14328.44,36771.56,0.7196,4,Não,0.194818
P002806,3,0.157366,NEGAR,0.0336,48,0.21,0.21,8568.0,32232.0,0.79,3,Não,0.137786
P002807,6,0.081989,APROVAR,0.0265,48,0.21,0.21,8274.0,31126.0,0.79,3,Não,0.077486
P002808,1,0.584535,NEGAR,0.035,48,0.21,0.21,6006.0,22594.0,0.79,3,Sim,0.398742
P002809,3,0.185476,NEGAR,0.0336,48,0.21,0.4132,13387.68,19012.32,0.5868,8,Sim,0.185476
P002810,3,0.204145,NEGAR,0.0336,36,0.21,0.21,9870.0,37130.0,0.79,4,Não,0.193033
P002811,1,0.606552,NEGAR,0.035,60,0.21,0.21,16716.0,62884.0,0.79,4,Não,0.524205
P002812,2,0.239566,NEGAR,0.035,24,0.21,0.21,4914.0,18486.0,0.79,5,Não,0.23989
P002813,8,0.047506,APROVAR,0.0247,36,0.0,0.2372,13971.08,44928.92,0.7628,3,Não,0.047506
P002814,2,0.212578,NEGAR,0.035,24,0.21,0.21,7875.0,29625.0,0.79,7,Sim,0.213948
P002815,10,0.029158,APROVAR,0.0227,36,0.0,0.4991,29696.45,29803.55,0.5009,4,Não,0.029158
P002816,10,0.034663,APROVAR,0.0227,24,0.0,0.3121,9612.68,21187.32,0.6879,4,Não,0.034663
P002817,2,0.220033,NEGAR,0.035,48,0.21,0.21,10311.0,38789.0,0.79,2,Não,0.211075
P002818,3,0.18657,NEGAR,0.0336,36,0.21,0.21,5985.0,22515.0,0.79,6,Não,0.19398
P002819,3,0.200155,NEGAR,0.0336,48,0.21,0.5024,11052.8,10947.2,0.4976,6,Sim,0.200155
P002820,5,0.104937,APROVAR,0.0282,48,0.21,0.21,10059.0,37841.0,0.79,3,Não,0.101537
P002821,8,0.046765,APROVAR,0.0247,48,0.0,0.3491,23040.6,42959.4,0.6509,7,Não,0.046765
P002822,1,0.394784,NEGAR,0.035,48,0.21,0.21,10542.0,39658.0,0.79,3,Não,0.16476
P002823,3,0.169343,NEGAR,0.0336,48,0.21,0.21,4620.0,17380.0,0.79,8,Não,0.158232
P002824,10,0.026026,APROVAR,0.0227,60,0.0,0.5335,29075.75,25424.25,0.4665,5,Não,0.026026
P002825,5,0.08721,APROVAR,0.0282,24,0.21,0.21,7161.0,26939.0,0.79,3,Não,0.084241
P002826,6,0.072619,APROVAR,0.0265,60,0.21,0.21,9534.0,35866.0,0.79,2,Não,0.039522
P002827,1,0.524039,NEGAR,0.035,48,0.21,0.2172,4778.4,17221.6,0.7828,6,Não,0.524039
P002828,2,0.277035,NEGAR,0.035,60,0.21,0.21,4620.0,17380.0,0.79,2,Sim,0.272756
P002829,1,0.562187,NEGAR,0.035,60,0.21,0.21,5271.0,19829.0,0.79,1,Não,0.5484
P002830,8,0.046977,APROVAR,0.0247,24,0.0,0.2021,10630.46,41969.54,0.7979,3,Não,0.046977
P002831,3,0.195357,NEGAR,0.0336,48,0.21,0.3363,7398.6,14601.4,0.6637,6,Não,0.195357
P002832,5,0.088757,APROVAR,0.0282,24,0.21,0.21,18627.0,70073.0,0.79,0,Não,0.067247
P002833,7,0.057211,APROVAR,0.0256,60,0.0,0.3893,9888.22,15511.78,0.6107,12,Não,0.057211
P002834,1,0.395796,NEGAR,0.035,60,0.21,0.3181,9097.66,19502.34,0.6819,3,Sim,0.395796
P002835,8,0.052063,APROVAR,0.0247,48,0.0,0.1462,4634.54,27065.46,0.8538,5,Não,0.052063
P002836,8,0.047137,APROVAR,0.0247,24,0.0,0.2726,12975.76,34624.24,0.7274,3,Não,0.047137
P002837,9,0.039641,APROVAR,0.0236,48,0.0,0.1759,3869.8,18130.2,0.8241,4,Não,0.039641
P002838,2,0.290137,NEGAR,0.035,48,0.21,0.21,5922.0,22278.0,0.79,10,Não,0.313831
P002839,4,0.110479,NEGAR,0.0303,36,0.21,0.21,16380.0,61620.0,0.79,0,Sim,0.0789
P002840,9,0.038006,APROVAR,0.0236,48,0.0,0.2622,8547.72,24052.28,0.7378,2,Não,0.038006
P002841,2,0.263558,NEGAR,0.035,48,0.21,0.21,6783.0,25517.0,0.79,6,Sim,0.281248
P002842,6,0.07995,APROVAR,0.0265,48,0.21,0.2937,19178.61,46121.39,0.7063,8,Não,0.07995
P002843,10,0.029172,APROVAR,0.0227,24,0.0,0.2293,5182.18,17417.82,0.7707,3,Não,0.029172
P002844,3,0.185056,NEGAR,0.0336,36,0.21,0.21,4620.0,17380.0,0.79,10,Não,0.17785
P002845,10,0.031463,APROVAR,0.0227,48,0.0,0.3082,18399.54,41300.46,0.6918,4,Não,0.031463
P002846,7,0.058679,APROVAR,0.0256,24,0.0,0.2646,35377.02,98322.98,0.7354,4,Não,0.058679
P002847,10,0.032616,APROVAR,0.0227,36,0.0,0.2342,16112.96,52687.04,0.7658,8,Não,0.032616
P002848,1,0.707758,NEGAR,0.035,24,0.21,0.21,4620.0,17380.0,0.79,7,Sim,0.676169
P002849,3,0.144159,NEGAR,0.0336,48,0.21,0.5317,15153.45,13346.55,0.4683,12,Sim,0.144159
P002850,6,0.069998,APROVAR,0.0265,24,0.21,0.2284,13521.28,45678.72,0.7716,2,Não,0.069998
P002851,6,0.073168,APROVAR,0.0265,48,0.21,0.21,4620.0,17380.0,0.79,4,Não,0.060634
P002852,8,0.048097,APROVAR,0.0247,48,0.0,0.2105,11409.1,42790.9,0.7895,2,Sim,0.048097
P002853,8,0.051232,APROVAR,0.0247,24,0.0,0.5138,18650.94,17649.06,0.4862,3,Não,0.051232
P002854,4,0.124459,NEGAR,0.0303,60,0.21,0.2632,12738.88,35661.12,0.7368,6,Não,0.124459
P002855,1,0.394677,NEGAR,0.035,48,0.21,0.21,4620.0,17380.0,0.79,3,Sim,0.313942
P002856,1,0.399863,NEGAR,0.035,36,0.21,0.21,4620.0,17380.0,0.79,7,Não,0.300331
P002857,2,0.224833,NEGAR,0.035,36,0.21,0.4717,10377.4,11622.6,0.5283,7,Não,0.224833
P002858,8,0.051972,APROVAR,0.0247,24,0.0,0.4063,25678.16,37521.84,0.5937,10,Não,0.051972
P002859,2,0.292912,NEGAR,0.035,36,0.21,0.3818,11988.52,19411.48,0.6182,10,Não,0.292912
P002860,3,0.192461,NEGAR,0.0336,48,0.21,0.21,12222.0,45978.0,0.79,0,Não,0.189365
P002861,6,0.073033,APROVAR,0.0265,48,0.21,0.21,15393.0,57907.0,0.79,12,Não,0.073647
P002862,10,0.033408,APROVAR,0.0227,48,0.0,0.5237,27232.4,24767.6,0.4763,0,Não,0.033408
P002863,1,0.490643,NEGAR,0.035,60,0.21,0.21,10563.0,39737.0,0.79,3,Não,0.425954
P002864,5,0.100801,APROVAR,0.0282,60,0.21,0.21,5481.0,20619.0,0.79,3,Não,0.102981
P002865,2,0.213661,NEGAR,0.035,48,0.21,0.3129,10888.92,23911.08,0.6871,3,Não,0.213661
P002866,1,0.348708,NEGAR,0.035,60,0.21,0.21,5943.0,22357.0,0.79,1,Sim,0.277148
P002867,4,0.114073,NEGAR,0.0303,36,0.21,0.5939,14847.5,10152.5,0.4061,9,Não,0.114073
P002868,10,0.034541,APROVAR,0.0227,48,0.0,0.3412,18083.6,34916.4,0.6588,1,Não,0.034541
P002869,2,0.217144,NEGAR,0.035,60,0.21,0.5555,34052.15,27247.85,0.4445,8,Não,0.217144
P002870,8,0.046917,APROVAR,0.0247,24,0.0,0.0391,2170.05,53329.95,0.9609,3,Não,0.046917
P002871,10,0.027457,APROVAR,0.0227,48,0.0,0.4003,29181.87,43718.13,0.5997,9,Não,0.027457
P002872,3,0.152457,NEGAR,0.0336,48,0.21,0.21,4620.0,17380.0,0.79,12,Não,0.153946
P002873,1,0.643862,NEGAR,0.035,60,0.21,0.3134,12097.24,26502.76,0.6866,9,Sim,0.643862
P002874,9,0.037075,APROVAR,0.0236,36,0.0,0.266,8512.0,23488.0,0.734,2,Não,0.037075
P002875,10,0.034278,APROVAR,0.0227,48,0.0,0.568,116780.8,88819.2,0.432,1,Não,0.034278
P002876,2,0.294753,NEGAR,0.035,24,0.21,0.4408,9697.6,12302.4,0.5592,7,Não,0.294753
P002877,7,0.0568,APROVAR,0.0256,24,0.0,0.2993,34000.48,79599.52,0.7007,2,Não,0.0568
P002878,1,0.690302,NEGAR,0.035,24,0.21,0.21,5817.0,21883.0,0.79,4,Não,0.712708
P002879,1,0.386615,NEGAR,0.035,36,0.21,0.21,8043.0,30257.0,0.79,12,Não,0.377216
P002880,5,0.086259,APROVAR,0.0282,60,0.21,0.3575,39575.25,71124.75,0.6425,0,Não,0.086259
P002881,6,0.077415,APROVAR,0.0265,36,0.21,0.21,13608.0,51192.0,0.79,6,Não,0.081145
P002882,1,0.669647,NEGAR,0.035,60,0.21,0.21,4620.0,17380.0,0.79,5,Não,0.672785
P002883,7,0.056054,APROVAR,0.0256,24,0.0,0.214,10036.6,36863.4,0.786,0,Não,0.056054
P002884,8,0.047008,APROVAR,0.0247,60,0.0,0.3692,33080.32,56519.68,0.6308,2,Não,0.047008
P002885,8,0.053311,APROVAR,0.0247,36,0.0,0.0866,2797.18,29502.82,0.9134,4,Não,0.053311
P002886,1,0.544633,NEGAR,0.035,24,0.21,0.3535,7777.0,14223.0,0.6465,12,Não,0.544633
P002887,1,0.392321,NEGAR,0.035,48,0.21,0.2222,8554.7,29945.3,0.7778,5,Não,0.392321
P002888,2,0.230895,NEGAR,0.035,48,0.21,0.21,8547.0,32153.0,0.79,6,Não,0.227018
P002889,3,0.153865,NEGAR,0.0336,36,0.21,0.2772,10727.64,27972.36,0.7228,5,Não,0.153865
P002890,4,0.131626,NEGAR,0.0303,36,0.21,0.2961,7817.04,18582.96,0.7039,9,Sim,0.131626
P002891,10,0.032973,APROVAR,0.0227,36,0.0,0.3888,24805.44,38994.56,0.6112,3,Não,0.032973
P002892,8,0.049815,APROVAR,0.0247,60,0.0,0.1529,6345.35,35154.65,0.8471,0,Não,0.049815
P002893,1,0.502928,NEGAR,0.035,60,0.21,0.2918,16078.18,39021.82,0.7082,7,Sim,0.502928
P002894,1,0.628365,NEGAR,0.035,60,0.21,0.21,4620.0,17380.0,0.79,12,Não,0.632721
P002895,2,0.26375,NEGAR,0.035,48,0.21,0.2786,6129.2,15870.8,0.7214,3,Não,0.26375
P002896,5,0.093819,APROVAR,0.0282,60,0.21,0.3018,10200.84,23599.16,0.6982,3,Sim,0.093819
P002897,4,0.12756,NEGAR,0.0303,48,0.21,0.3509,14878.16,27521.84,0.6491,7,Não,0.12756
P002898,2,0.245596,NEGAR,0.035,36,0.21,0.21,6363.0,23937.0,0.79,1,Sim,0.254535
P002899,3,0.190544,NEGAR,0.0336,48,0.21,0.21,5775.0,21725.0,0.79,12,Sim,0.197312
P002900,5,0.086681,APROVAR,0.0282,36,0.21,0.21,5061.0,19039.0,0.79,3,Não,0.086681
P002901,4,0.126148,NEGAR,0.0303,48,0.21,0.2809,11516.9,29483.1,0.7191,2,Não,0.126148
P002902,9,0.043733,APROVAR,0.0236,48,0.0,0.2617,24782.99,69917.01,0.7383,6,Não,0.043733
P002903,2,0.241555,NEGAR,0.035,60,0.21,0.21,16422.0,61778.0,0.79,4,Não,0.071642
P002904,2,0.245807,NEGAR,0.035,48,0.21,0.21,10500.0,39500.0,0.79,8,Não,0.153079
P002905,5,0.104745,APROVAR,0.0282,60,0.21,0.4306,12056.8,15943.2,0.5694,11,Não,0.104745
P002906,3,0.166715,NEGAR,0.0336,60,0.21,0.21,11319.0,42581.0,0.79,2,Não,0.16639
P002907,3,0.151346,NEGAR,0.0336,48,0.21,0.21,4725.0,17775.0,0.79,5,Sim,0.092037
P002908,10,0.035308,APROVAR,0.0227,24,0.0,0.3308,22362.08,45237.92,0.6692,2,Não,0.035308
P002909,5,0.096294,APROVAR,0.0282,48,0.21,0.21,8484.0,31916.0,0.79,3,Sim,0.085111
P002910,1,0.453229,NEGAR,0.035,60,0.21,0.21,4620.0,17380.0,0.79,4,Sim,0.338206
P002911,3,0.206578,NEGAR,0.0336,60,0.21,0.21,7035.0,26465.0,0.79,12,Não,0.213959
P002912,10,0.034751,APROVAR,0.0227,48,0.0,0.1291,6287.17,42412.83,0.8709,4,Não,0.034751
P002913,10,0.021083,APROVAR,0.0227,24,0.0,0.2784,20016.96,51883.04,0.7216,8,Não,0.021083
P002914,9,0.044339,APROVAR,0.0236,60,0.0,0.4951,10892.2,11107.8,0.5049,2,Não,0.044339
P002915,2,0.216516,NEGAR,0.035,36,0.21,0.21,4620.0,17380.0,0.79,8,Sim,0.198439
P002916,9,0.039994,APROVAR,0.0236,36,0.0,0.1089,7819.02,63980.98,0.8911,7,Não,0.039994
P002917,5,0.090791,APROVAR,0.0282,36,0.21,0.258,5676.0,16324.0,0.742,5,Sim,0.090791
P002918,2,0.240434,NEGAR,0.035,48,0.21,0.21,7665.0,28835.0,0.79,8,Não,0.27024
P002919,1,0.345112,NEGAR,0.035,48,0.21,0.21,5187.0,19513.0,0.79,7,Não,0.247627
P002920,10,0.030979,APROVAR,0.0227,48,0.0,0.124,10713.6,75686.4,0.876,5,Não,0.030979
P002921,9,0.041671,APROVAR,0.0236,36,0.0,0.3967,24674.74,37525.26,0.6033,10,Não,0.041671
P002922,10,0.035361,APROVAR,0.0227,36,0.0,0.2392,14758.64,46941.36,0.7608,3,Não,0.035361
P002923,1,0.438887,NEGAR,0.035,36,0.21,0.21,6321.0,23779.0,0.79,0,Não,0.434054
P002924,1,0.376375,NEGAR,0.035,48,0.21,0.5556,27446.64,21953.36,0.4444,12,Sim,0.376375
P002925,4,0.109407,NEGAR,0.0303,24,0.21,0.21,13587.0,51113.0,0.79,12,Não,0.120994
P002926,1,0.381543,NEGAR,0.035,60,0.21,0.21,11109.0,41791.0,0.79,2,Não,0.351836
P002927,1,0.319235,NEGAR,0.035,60,0.21,0.2782,6148.22,15951.78,0.7218,5,Não,0.319235
P002928,5,0.088502,APROVAR,0.0282,36,0.21,0.2515,5533.0,16467.0,0.7485,6,Não,0.088502
P002929,7,0.054934,APROVAR,0.0256,36,0.0,0.3182,11200.64,23999.36,0.6818,9,Não,0.054934
P002930,10,0.021747,APROVAR,0.0227,48,0.0,0.4576,25305.28,29994.72,0.5424,1,Não,0.021747
P002931,9,0.042651,APROVAR,0.0236,36,0.0,0.496,10912.0,11088.0,0.504,5,Sim,0.042651
P002932,2,0.229215,NEGAR,0.035,60,0.21,0.4229,9303.8,12696.2,0.5771,6,Não,0.229215
P002933,10,0.03176,APROVAR,0.0227,24,0.0,0.636,63727.2,36472.8,0.364,8,Não,0.03176
P002934,10,0.032674,APROVAR,0.0227,60,0.0,0.6965,21939.75,9560.25,0.3035,4,Sim,0.032674
P002935,10,0.026365,APROVAR,0.0227,36,0.0,0.3464,20541.52,38758.48,0.6536,4,Sim,0.026365
P002936,3,0.202361,NEGAR,0.0336,48,0.21,0.21,6699.0,25201.0,0.79,5,Não,0.202361
P002937,10,0.036574,APROVAR,0.0227,24,0.0,0.0955,5147.45,48752.55,0.9045,2,Não,0.036574
P002938,10,0.036865,APROVAR,0.0227,36,0.0,0.3008,13566.08,31533.92,0.6992,1,Não,0.036865
P002939,3,0.153662,NEGAR,0.0336,48,0.21,0.408,11424.0,16576.0,0.592,1,Não,0.153662
P002940,3,0.144533,NEGAR,0.0336,48,0.21,0.21,7476.0,28124.0,0.79,1,Sim,0.141578
P002941,4,0.128086,NEGAR,0.0303,24,0.21,0.21,6825.0,25675.0,0.79,6,Não,0.128086
P002942,6,0.073331,APROVAR,0.0265,24,0.21,0.2216,8575.92,30124.08,0.7784,4,Não,0.073331
P002943,2,0.29237,NEGAR,0.035,48,0.21,0.2794,13103.86,33796.14,0.7206,4,Não,0.29237
P002944,4,0.122284,NEGAR,0.0303,60,0.21,0.3054,19484.52,44315.48,0.6946,2,Não,0.122284
P002945,9,0.041508,APROVAR,0.0236,60,0.0,0.1308,2877.6,19122.4,0.8692,8,Não,0.041508
P002946,10,0.036783,APROVAR,0.0227,48,0.0,0.1527,9528.48,52871.52,0.8473,7,Não,0.036783
P002947,10,0.025192,APROVAR,0.0227,36,0.0,0.1724,8309.68,39890.32,0.8276,2,Não,0.025192
P002948,10,0.030428,APROVAR,0.0227,24,0.0,0.0793,2172.82,25227.18,0.9207,3,Sim,0.030428
P002949,10,0.032521,APROVAR,0.0227,24,0.0,0.1653,9091.5,45908.5,0.8347,4,Não,0.032521
P002950,10,0.034031,APROVAR,0.0227,36,0.0,0.2205,7673.4,27126.6,0.7795,4,Não,0.034031
P002951,2,0.260459,NEGAR,0.035,48,0.21,0.2666,6078.48,16721.52,0.7334,1,Não,0.260459
P002952,2,0.289244,NEGAR,0.035,60,0.21,0.21,4620.0,17380.0,0.79,4,Sim,0.222959
P002953,7,0.065675,APROVAR,0.0256,60,0.0,0.242,8591.0,26909.0,0.758,0,Não,0.065675
P002954,9,0.042808,APROVAR,0.0236,36,0.0,0.1758,5133.36,24066.64,0.8242,6,Não,0.042808
P002955,1,0.316209,NEGAR,0.035,48,0.21,0.4146,11981.94,16918.06,0.5854,2,Sim,0.316209
P002956,7,0.055099,APROVAR,0.0256,60,0.0,0.0748,1914.88,23685.12,0.9252,5,Sim,0.055099
P002957,7,0.055246,APROVAR,0.0256,48,0.0,0.2198,17737.86,62962.14,0.7802,2,Não,0.055246
P002958,2,0.231629,NEGAR,0.035,36,0.21,0.5297,11653.4,10346.6,0.4703,4,Não,0.231629
P002959,9,0.039614,APROVAR,0.0236,48,0.0,0.4932,46558.08,47841.92,0.5068,1,Não,0.039614
P002960,4,0.111184,NEGAR,0.0303,48,0.21,0.2386,8231.7,26268.3,0.7614,3,Não,0.111184
P002961,8,0.047476,APROVAR,0.0247,60,0.0,0.0787,3281.79,38418.21,0.9213,1,Não,0.047476
P002962,4,0.133137,NEGAR,0.0303,48,0.21,0.3163,15846.63,34253.37,0.6837,3,Não,0.133137
P002963,2,0.229452,NEGAR,0.035,36,0.21,0.21,4620.0,17380.0,0.79,7,Não,0.125449
P002964,9,0.037954,APROVAR,0.0236,36,0.0,0.101,3070.4,27329.6,0.899,3,Não,0.037954
P002965,4,0.112958,NEGAR,0.0303,48,0.21,0.6579,14473.8,7526.2,0.3421,8,Sim,0.112958
P002966,9,0.036949,APROVAR,0.0236,48,0.0,0.3359,11857.27,23442.73,0.6641,1,Não,0.036949
P002967,7,0.05558,APROVAR,0.0256,36,0.0,0.3694,27261.72,46538.28,0.6306,2,Não,0.05558
P002968,2,0.296928,NEGAR,0.035,36,0.21,0.21,6972.0,26228.0,0.79,1,Não,0.303887
P002969,1,0.608854,NEGAR,0.035,48,0.21,0.21,5964.0,22436.0,0.79,4,Não,0.604542
P002970,2,0.24507,NEGAR,0.035,60,0.21,0.2791,10438.34,26961.66,0.7209,3,Não,0.24507
P002971,2,0.271911,NEGAR,0.035,48,0.21,0.21,6426.0,24174.0,0.79,4,Sim,0.242636
P002972,6,0.083765,APROVAR,0.0265,24,0.21,0.7054,15800.96,6599.04,0.2946,3,Não,0.083765
P002973,2,0.234839,NEGAR,0.035,60,0.21,0.2754,19773.72,52026.28,0.7246,7,Não,0.234839
P002974,9,0.038877,APROVAR,0.0236,60,0.0,0.247,24230.7,73869.3,0.753,3,Sim,0.038877
P002975,9,0.040372,APROVAR,0.0236,48,0.0,0.326,10921.0,22579.0,0.674,2,Não,0.040372
P002976,1,0.422422,NEGAR,0.035,60,0.21,0.21,8883.0,33417.0,0.79,4,Não,0.379221
P002977,1,0.336567,NEGAR,0.035,60,0.21,0.21,4620.0,17380.0,0.79,5,Sim,0.340102
P002978,8,0.049327,APROVAR,0.0247,36,0.0,0.02,1108.0,54292.0,0.98,1,Não,0.049327
P002979,3,0.188332,NEGAR,0.0336,60,0.21,0.4137,17292.66,24507.34,0.5863,3,Não,0.188332
P002980,10,0.030818,APROVAR,0.0227,36,0.0,0.1023,6700.65,58799.35,0.8977,4,Não,0.030818
P002981,3,0.209427,NEGAR,0.0336,36,0.21,0.21,9072.0,34128.0,0.79,6,Não,0.202699
P002982,6,0.072549,APROVAR,0.0265,36,0.21,0.21,5985.0,22515.0,0.79,3,Não,0.04682
P002983,7,0.063114,APROVAR,0.0256,24,0.0,0.4647,13662.18,15737.82,0.5353,8,Não,0.063114
P002984,5,0.087896,APROVAR,0.0282,24,0.21,0.2301,16935.36,56664.64,0.7699,6,Não,0.087896
P002985,9,0.043624,APROVAR,0.0236,48,0.0,0.4705,24277.8,27322.2,0.5295,10,Não,0.043624
P002986,1,0.550325,NEGAR,0.035,48,0.21,0.21,5901.0,22199.0,0.79,5,Não,0.445891
P002987,7,0.058125,APROVAR,0.0256,36,0.0,0.3837,24134.73,38765.27,0.6163,12,Sim,0.058125
P002988,2,0.245678,NEGAR,0.035,60,0.21,0.2387,5585.58,17814.42,0.7613,3,Sim,0.245678
P002989,1,0.486742,NEGAR,0.035,48,0.21,0.21,9891.0,37209.0,0.79,7,Não,0.427836
P002990,1,0.570021,NEGAR,0.035,60,0.21,0.2951,6787.3,16212.7,0.7049,12,Sim,0.570021
P002991,7,0.065017,APROVAR,0.0256,36,0.0,0.1562,15573.14,84126.86,0.8438,9,Não,0.065017
P002992,7,0.054673,APROVAR,0.0256,24,0.0,0.3456,30205.44,57194.56,0.6544,5,Não,0.054673
P002993,2,0.209866,NEGAR,0.035,48,0.21,0.232,8328.8,27571.2,0.768,3,Não,0.209866
P002994,2,0.271331,NEGAR,0.035,60,0.21,0.3373,11097.17,21802.83,0.6627,1,Não,0.271331
P002995,3,0.193415,NEGAR,0.0336,60,0.21,0.21,11382.0,42818.0,0.79,3,Não,0.176258
P002996,8,0.050166,APROVAR,0.0247,36,0.0,0.1596,6064.8,31935.2,0.8404,4,Não,0.050166
P002997,2,0.21583,NEGAR,0.035,24,0.21,0.21,7707.0,28993.0,0.79,3,Não,0.231653
P002998,3,0.172363,NEGAR,0.0336,48,0.21,0.4593,19979.55,23520.45,0.5407,3,Não,0.172363
P002999,2,0.240219,NEGAR,0.035,60,0.21,0.21,5166.0,19434.0,0.79,11,Não,0.26447
P003000,9,0.040195,APROVAR,0.0236,24,0.0,0.1642,4499.08,22900.92,0.8358,5,Não,0.040195
P003001,2,0.258151,NEGAR,0.035,48,0.21,0.4224,15882.24,21717.76,0.5776,3,Sim,0.258151
P003002,9,0.044543,APROVAR,0.0236,24,0.0,0.2346,8023.32,26176.68,0.7654,1,Não,0.044543
P003003,3,0.171521,NEGAR,0.0336,60,0.21,0.291,10941.6,26658.4,0.709,2,Não,0.171521
P003004,1,0.692372,NEGAR,0.035,60,0.21,0.21,6720.0,25280.0,0.79,12,Sim,0.723291
P003005,8,0.050842,APROVAR,0.0247,48,0.0,0.4864,15321.6,16178.4,0.5136,12,Não,0.050842
P003006,10,0.034633,APROVAR,0.0227,36,0.0,0.3195,7029.0,14971.0,0.6805,12,Não,0.034633
P003007,10,0.032547,APROVAR,0.0227,60,0.0,0.1228,3905.04,27894.96,0.8772,3,Não,0.032547
P003008,8,0.051728,APROVAR,0.0247,60,0.0,0.1182,3746.94,27953.06,0.8818,1,Não,0.051728
P003009,9,0.043391,APROVAR,0.0236,48,0.0,0.2096,6560.48,24739.52,0.7904,0,Não,0.043391
P003010,8,0.04881,APROVAR,0.0247,24,0.0,0.1885,8765.25,37734.75,0.8115,2,Não,0.04881
P003011,7,0.055484,APROVAR,0.0256,48,0.0,0.1737,16623.09,79076.91,0.8263,1,Não,0.055484
P003012,10,0.034665,APROVAR,0.0227,60,0.0,0.0784,4108.16,48291.84,0.9216,5,Não,0.034665
P003013,8,0.049197,APROVAR,0.0247,24,0.0,0.284,8122.4,20477.6,0.716,1,Não,0.049197
P003014,2,0.213287,NEGAR,0.035,36,0.21,0.21,8778.0,33022.0,0.79,8,Sim,0.201859
P003015,2,0.282617,NEGAR,0.035,60,0.21,0.4054,14351.16,21048.84,0.5946,4,Sim,0.282617
P003016,1,0.33774,NEGAR,0.035,24,0.21,0.21,5586.0,21014.0,0.79,12,Sim,0.280336
P003017,6,0.071283,APROVAR,0.0265,60,0.21,0.21,7623.0,28677.0,0.79,7,Não,0.074629
P003018,1,0.655661,NEGAR,0.035,48,0.21,0.21,6216.0,23384.0,0.79,4,Sim,0.590411
P003019,2,0.273497,NEGAR,0.035,24,0.21,0.21,12831.0,48269.0,0.79,6,Não,0.280958
P003020,6,0.071575,APROVAR,0.0265,24,0.21,0.2499,15268.89,45831.11,0.7501,1,Não,0.071575
P003021,5,0.100762,APROVAR,0.0282,24,0.21,0.3295,7249.0,14751.0,0.6705,4,Não,0.100762
P003022,4,0.110459,NEGAR,0.0303,60,0.21,0.3896,9272.48,14527.52,0.6104,6,Não,0.110459
P003023,3,0.153751,NEGAR,0.0336,24,0.21,0.21,4620.0,17380.0,0.79,1,Não,0.153751
P003024,10,0.028129,APROVAR,0.0227,48,0.0,0.0397,2548.74,61651.26,0.9603,12,Não,0.028129
P003025,9,0.041939,APROVAR,0.0236,36,0.0,0.3822,21861.84,35338.16,0.6178,2,Sim,0.041939
P003026,4,0.138463,NEGAR,0.0303,24,0.21,0.3091,6800.2,15199.8,0.6909,12,Não,0.138463
P003027,7,0.060112,APROVAR,0.0256,36,0.0,0.0569,3630.22,60169.78,0.9431,1,Não,0.060112
P003028,1,0.817295,NEGAR,0.035,60,0.21,0.21,6384.0,24016.0,0.79,2,Sim,0.812622
P003029,2,0.247554,NEGAR,0.035,60,0.21,0.21,6888.0,25912.0,0.79,4,Não,0.245092
P003030,9,0.042115,APROVAR,0.0236,36,0.0,0.0568,1664.24,27635.76,0.9432,6,Não,0.042115
P003031,7,0.060866,APROVAR,0.0256,48,0.0,0.1379,9128.98,57071.02,0.8621,2,Não,0.060866
P003032,4,0.108492,NEGAR,0.0303,48,0.21,0.21,4620.0,17380.0,0.79,3,Não,0.10828
P003033,6,0.078315,APROVAR,0.0265,60,0.21,0.4309,19304.32,25495.68,0.5691,5,Não,0.078315
P003034,9,0.039345,APROVAR,0.0236,36,0.0,0.5163,19154.73,17945.27,0.4837,2,Sim,0.039345
P003035,1,0.666864,NEGAR,0.035,60,0.21,0.21,5040.0,18960.0,0.79,3,Não,0.666864
P003036,7,0.057418,APROVAR,0.0256,48,0.0,0.0724,2287.84,29312.16,0.9276,3,Sim,0.057418
P003037,10,0.021214,APROVAR,0.0227,48,0.0,0.5412,36747.48,31152.52,0.4588,5,Não,0.021214
P003038,2,0.249126,NEGAR,0.035,24,0.21,0.21,6531.0,24569.0,0.79,1,Não,0.148065
P003039,7,0.065402,APROVAR,0.0256,36,0.0,0.1078,13572.02,112327.98,0.8922,4,Não,0.065402
P003040,7,0.056721,APROVAR,0.0256,48,0.0,0.3367,18013.45,35486.55,0.6633,3,Não,0.056721
P003041,1,0.544935,NEGAR,0.035,60,0.21,0.2612,5746.4,16253.6,0.7388,0,Sim,0.544935
P003042,1,0.417162,NEGAR,0.035,48,0.21,0.21,4704.0,17696.0,0.79,4,Não,0.360024
P003043,8,0.05354,APROVAR,0.0247,24,0.0,0.1324,3760.16,24639.84,0.8676,1,Não,0.05354
P003044,8,0.052743,APROVAR,0.0247,48,0.0,0.0918,2331.72,23068.28,0.9082,6,Sim,0.052743
P003045,4,0.135077,NEGAR,0.0303,48,0.21,0.21,12117.0,45583.0,0.79,0,Não,0.145787
P003046,7,0.057477,APROVAR,0.0256,36,0.0,0.095,4341.5,41358.5,0.905,1,Sim,0.057477
P003047,2,0.292615,NEGAR,0.035,48,0.21,0.21,4620.0,17380.0,0.79,10,Sim,0.292615
P003048,6,0.067249,APROVAR,0.0265,60,0.21,0.21,8442.0,31758.0,0.79,5,Sim,0.047393
P003049,6,0.066659,APROVAR,0.0265,48,0.21,0.21,4620.0,17380.0,0.79,3,Não,0.06762
P003050,6,0.070819,APROVAR,0.0265,60,0.21,0.21,7371.0,27729.0,0.79,0,Não,0.064393
P003051,1,0.413662,NEGAR,0.035,48,0.21,0.21,5712.0,21488.0,0.79,8,Não,0.405922
P003052,10,0.022407,APROVAR,0.0227,60,0.0,0.1976,10907.52,44292.48,0.8024,0,Não,0.022407
P003053,8,0.045287,APROVAR,0.0247,60,0.0,0.1939,7911.12,32888.88,0.8061,6,Não,0.045287
P003054,8,0.052018,APROVAR,0.0247,60,0.0,0.1542,5504.94,30195.06,0.8458,8,Não,0.052018
P003055,1,0.303006,NEGAR,0.035,60,0.21,0.21,4956.0,18644.0,0.79,2,Sim,0.283336
P003056,1,0.407436,NEGAR,0.035,60,0.21,0.21,7119.0,26781.0,0.79,2,Sim,0.301538
P003057,10,0.03668,APROVAR,0.0227,24,0.0,0.285,6697.5,16802.5,0.715,1,Não,0.03668
P003058,9,0.039896,APROVAR,0.0236,36,0.0,0.2384,5244.8,16755.2,0.7616,12,Não,0.039896
P003059,7,0.059336,APROVAR,0.0256,24,0.0,0.2769,32120.4,83879.6,0.7231,3,Não,0.059336
P003060,9,0.039888,APROVAR,0.0236,24,0.0,0.4666,24543.16,28056.84,0.5334,0,Não,0.039888
P003061,5,0.092467,APROVAR,0.0282,48,0.21,0.2156,7201.04,26198.96,0.7844,8,Não,0.092467
P003062,2,0.277305,NEGAR,0.035,48,0.21,0.2168,4986.4,18013.6,0.7832,5,Sim,0.277305
P003063,10,0.026345,APROVAR,0.0227,24,0.0,0.2401,10876.53,34423.47,0.7599,3,Não,0.026345
P003064,6,0.080755,APROVAR,0.0265,60,0.21,0.5465,22187.9,18412.1,0.4535,3,Sim,0.080755
P003065,10,0.036877,APROVAR,0.0227,60,0.0,0.1836,5471.28,24328.72,0.8164,1,Não,0.036877
P003066,8,0.051008,APROVAR,0.0247,60,0.0,0.4062,19985.04,29214.96,0.5938,11,Não,0.051008
P003067,6,0.082751,APROVAR,0.0265,60,0.21,0.21,10290.0,38710.0,0.79,2,Não,0.052078
P003068,2,0.217939,NEGAR,0.035,48,0.21,0.21,9072.0,34128.0,0.79,7,Não,0.224287
P003069,10,0.024284,APROVAR,0.0227,24,0.0,0.7169,33550.92,13249.08,0.2831,1,Não,0.024284
P003070,1,0.355892,NEGAR,0.035,60,0.21,0.21,14049.0,52851.0,0.79,1,Sim,0.326748
P003071,8,0.052976,APROVAR,0.0247,60,0.0,0.2156,5217.52,18982.48,0.7844,3,Não,0.052976
P003072,3,0.19274,NEGAR,0.0336,24,0.21,0.3372,53513.64,105186.36,0.6628,2,Não,0.19274
P003073,3,0.168317,NEGAR,0.0336,60,0.21,0.21,4683.0,17617.0,0.79,7,Não,0.169891
P003074,2,0.233668,NEGAR,0.035,48,0.21,0.21,6867.0,25833.0,0.79,0,Sim,0.275436
P003075,7,0.065694,APROVAR,0.0256,36,0.0,0.2161,4754.2,17245.8,0.7839,5,Não,0.065694
P003076,3,0.20161,NEGAR,0.0336,48,0.21,0.21,6489.0,24411.0,0.79,6,Não,0.211322
P003077,2,0.262971,NEGAR,0.035,60,0.21,0.4602,10124.4,11875.6,0.5398,10,Não,0.262971
P003078,1,0.433934,NEGAR,0.035,60,0.21,0.21,5922.0,22278.0,0.79,4,Não,0.446358
P003079,1,0.484288,NEGAR,0.035,48,0.21,0.3969,18693.99,28406.01,0.6031,6,Não,0.484288
P003080,9,0.039949,APROVAR,0.0236,24,0.0,0.1992,4601.52,18498.48,0.8008,4,Não,0.039949
P003081,6,0.079524,APROVAR,0.0265,60,0.21,0.3151,23947.6,52052.4,0.6849,1,Não,0.079524
P003082,7,0.054912,APROVAR,0.0256,36,0.0,0.1735,7529.9,35870.1,0.8265,0,Não,0.054912
P003083,9,0.040448,APROVAR,0.0236,60,0.0,0.2414,9438.74,29661.26,0.7586,7,Não,0.040448
P003084,2,0.288026,NEGAR,0.035,36,0.21,0.2116,5967.12,22232.88,0.7884,9,Sim,0.288026
P003085,7,0.06248,APROVAR,0.0256,48,0.0,0.2766,6997.98,18302.02,0.7234,11,Não,0.06248
P003086,6,0.082362,APROVAR,0.0265,60,0.21,0.3386,10699.76,20900.24,0.6614,2,Não,0.082362
P003087,7,0.061677,APROVAR,0.0256,36,0.0,0.2603,6273.23,17826.77,0.7397,8,Não,0.061677
P003088,3,0.179797,NEGAR,0.0336,60,0.21,0.407,12210.0,17790.0,0.593,7,Não,0.179797
P003089,7,0.057597,APROVAR,0.0256,36,0.0,0.0913,2565.53,25534.47,0.9087,1,Não,0.057597
P003090,1,0.481034,NEGAR,0.035,60,0.21,0.5746,12641.2,9358.8,0.4254,2,Não,0.481034
P003091,10,0.027401,APROVAR,0.0227,60,0.0,0.2502,9707.76,29092.24,0.7498,5,Não,0.027401
P003092,1,0.533807,NEGAR,0.035,48,0.21,0.2731,6008.2,15991.8,0.7269,5,Não,0.533807
P003093,10,0.03584,APROVAR,0.0227,60,0.0,0.3796,18334.68,29965.32,0.6204,0,Não,0.03584
P003094,5,0.087211,APROVAR,0.0282,48,0.21,0.21,8232.0,30968.0,0.79,11,Sim,0.081121
P003095,6,0.069312,APROVAR,0.0265,24,0.21,0.3119,15813.33,34886.67,0.6881,0,Não,0.069312
P003096,2,0.292913,NEGAR,0.035,60,0.21,0.2605,8179.7,23220.3,0.7395,1,Não,0.292913
P003097,10,0.028891,APROVAR,0.0227,24,0.0,0.5218,25411.66,23288.34,0.4782,8,Não,0.028891
P003098,6,0.07017,APROVAR,0.0265,60,0.21,0.2807,7213.99,18486.01,0.7193,6,Não,0.07017
P003099,8,0.053504,APROVAR,0.0247,48,0.0,0.2805,13492.05,34607.95,0.7195,5,Não,0.053504
P003100,2,0.241718,NEGAR,0.035,48,0.21,0.21,5355.0,20145.0,0.79,7,Sim,0.240714
P003101,8,0.044857,APROVAR,0.0247,48,0.0,0.1476,4708.44,27191.56,0.8524,3,Não,0.044857
P003102,1,0.790974,NEGAR,0.035,60,0.21,0.2618,6099.94,17200.06,0.7382,12,Não,0.790974
P003103,1,0.51985,NEGAR,0.035,60,0.21,0.21,8253.0,31047.0,0.79,8,Sim,0.507091
P003104,3,0.195578,NEGAR,0.0336,36,0.21,0.21,8484.0,31916.0,0.79,5,Não,0.179668
P003105,8,0.046615,APROVAR,0.0247,60,0.0,0.1109,4125.48,33074.52,0.8891,3,Não,0.046615
P003106,10,0.032084,APROVAR,0.0227,36,0.0,0.2862,19490.22,48609.78,0.7138,6,Não,0.032084
P003107,5,0.103549,APROVAR,0.0282,60,0.21,0.4194,18537.48,25662.52,0.5806,1,Não,0.103549
P003108,4,0.138504,NEGAR,0.0303,60,0.21,0.21,7161.0,26939.0,0.79,5,Não,0.138507
P003109,5,0.100378,APROVAR,0.0282,60,0.21,0.5113,11248.6,10751.4,0.4887,2,Não,0.100378
P003110,8,0.047874,APROVAR,0.0247,48,0.0,0.4029,30459.24,45140.76,0.5971,6,Não,0.047874
P003111,3,0.1903,NEGAR,0.0336,24,0.21,0.21,5586.0,21014.0,0.79,9,Sim,0.145927
P003112,6,0.072261,APROVAR,0.0265,60,0.21,0.21,11319.0,42581.0,0.79,2,Não,0.044907
P003113,4,0.120001,NEGAR,0.0303,60,0.21,0.21,6846.0,25754.0,0.79,5,Não,0.123565
P003114,10,0.033215,APROVAR,0.0227,60,0.0,0.1565,4350.7,23449.3,0.8435,2,Não,0.033215
P003115,10,0.025013,APROVAR,0.0227,60,0.0,0.1927,27825.88,116574.12,0.8073,7,Não,0.025013
P003116,3,0.17487,NEGAR,0.0336,36,0.21,0.3379,7433.8,14566.2,0.6621,8,Não,0.17487
P003117,8,0.046284,APROVAR,0.0247,36,0.0,0.194,9253.8,38446.2,0.806,1,Não,0.046284
P003118,1,0.325155,NEGAR,0.035,24,0.21,0.21,4620.0,17380.0,0.79,7,Sim,0.239205
P003119,1,0.315829,NEGAR,0.035,48,0.21,0.21,5334.0,20066.0,0.79,11,Sim,0.317185
P003120,9,0.038131,APROVAR,0.0236,60,0.0,0.2443,8135.19,25164.81,0.7557,5,Não,0.038131
P003121,2,0.285282,NEGAR,0.035,48,0.21,0.21,4620.0,17380.0,0.79,1,Não,0.283757
P003122,9,0.037534,APROVAR,0.0236,36,0.0,0.2253,9192.24,31607.76,0.7747,1,Não,0.037534
P003123,1,0.517064,NEGAR,0.035,60,0.21,0.3006,8026.02,18673.98,0.6994,3,Não,0.517064
P003124,2,0.301223,NEGAR,0.035,60,0.21,0.2652,8804.64,24395.36,0.7348,5,Não,0.301223
P003125,10,0.028839,APROVAR,0.0227,48,0.0,0.3925,21705.25,33594.75,0.6075,1,Não,0.028839
P003126,5,0.090249,APROVAR,0.0282,24,0.21,0.21,12033.0,45267.0,0.79,7,Não,0.076686
P003127,2,0.286892,NEGAR,0.035,36,0.21,0.2206,10081.42,35618.58,0.7794,0,Sim,0.286892
P003128,2,0.243289,NEGAR,0.035,48,0.21,0.2477,5920.03,17979.97,0.7523,1,Não,0.243289
P003129,7,0.058151,APROVAR,0.0256,48,0.0,0.02,758.0,37142.0,0.98,7,Não,0.058151
P003130,6,0.072658,APROVAR,0.0265,36,0.21,0.4048,15827.68,23272.32,0.5952,2,Não,0.072658
P003131,3,0.151646,NEGAR,0.0336,60,0.21,0.21,8547.0,32153.0,0.79,2,Sim,0.090072
P003132,8,0.050467,APROVAR,0.0247,24,0.0,0.2939,8905.17,21394.83,0.7061,1,Não,0.050467
P003133,6,0.073741,APROVAR,0.0265,48,0.21,0.21,9429.0,35471.0,0.79,2,Não,0.071746
P003134,1,0.39613,NEGAR,0.035,60,0.21,0.3894,15965.4,25034.6,0.6106,2,Sim,0.39613
P003135,9,0.037451,APROVAR,0.0236,24,0.0,0.4986,15905.34,15994.66,0.5014,5,Não,0.037451
P003136,3,0.183102,NEGAR,0.0336,24,0.21,0.21,7728.0,29072.0,0.79,2,Não,0.20559
P003137,8,0.050084,APROVAR,0.0247,36,0.0,0.3427,24434.51,46865.49,0.6573,2,Não,0.050084
P003138,4,0.127532,NEGAR,0.0303,24,0.21,0.21,10017.0,37683.0,0.79,9,Não,0.117419
P003139,3,0.181185,NEGAR,0.0336,36,0.21,0.2891,6360.2,15639.8,0.7109,12,Não,0.181185
P003140,5,0.086927,APROVAR,0.0282,24,0.21,0.2597,21139.58,60260.42,0.7403,5,Não,0.086927
P003141,6,0.080967,APROVAR,0.0265,48,0.21,0.2606,12013.66,34086.34,0.7394,3,Não,0.080967
P003142,8,0.052842,APROVAR,0.0247,60,0.0,0.1573,8336.9,44663.1,0.8427,2,Não,0.052842
P003143,1,0.347031,NEGAR,0.035,48,0.21,0.5093,11204.6,10795.4,0.4907,7,Não,0.347031
P003144,3,0.178446,NEGAR,0.0336,60,0.21,0.4167,28085.58,39314.42,0.5833,5,Não,0.178446
P003145,5,0.10539,APROVAR,0.0282,48,0.21,0.21,6489.0,24411.0,0.79,10,Não,0.109435
P003146,3,0.161289,NEGAR,0.0336,24,0.21,0.21,5418.0,20382.0,0.79,12,Não,0.16434
P003147,1,0.381355,NEGAR,0.035,60,0.21,0.3159,12351.69,26748.31,0.6841,6,Não,0.381355
P003148,4,0.126822,NEGAR,0.0303,60,0.21,0.21,7203.0,27097.0,0.79,8,Não,0.125052
P003149,3,0.182368,NEGAR,0.0336,60,0.21,0.21,10794.0,40606.0,0.79,5,Sim,0.17032
P003150,2,0.25799,NEGAR,0.035,48,0.21,0.2716,15100.96,40499.04,0.7284,4,Sim,0.25799
P003151,10,0.035405,APROVAR,0.0227,24,0.0,0.2962,6901.46,16398.54,0.7038,5,Não,0.035405
P003152,3,0.205423,NEGAR,0.0336,60,0.21,0.21,5607.0,21093.0,0.79,3,Não,0.210897
P003153,2,0.211155,NEGAR,0.035,36,0.21,0.38,8512.0,13888.0,0.62,4,Não,0.211155
P003154,2,0.260808,NEGAR,0.035,60,0.21,0.3422,9170.96,17629.04,0.6578,2,Sim,0.260808
P003155,2,0.299336,NEGAR,0.035,36,0.21,0.21,12054.0,45346.0,0.79,0,Não,0.189108
P003156,1,0.412831,NEGAR,0.035,60,0.21,0.2282,8831.34,29868.66,0.7718,6,Não,0.412831
P003157,7,0.060167,APROVAR,0.0256,36,0.0,0.398,8756.0,13244.0,0.602,12,Não,0.060167
P003158,10,0.031924,APROVAR,0.0227,60,0.0,0.3618,17149.32,30250.68,0.6382,2,Não,0.031924
P003159,4,0.133441,NEGAR,0.0303,36,0.21,0.21,6930.0,26070.0,0.79,1,Não,0.139192
P003160,8,0.047857,APROVAR,0.0247,36,0.0,0.1989,7041.06,28358.94,0.8011,9,Não,0.047857
P003161,9,0.04078,APROVAR,0.0236,60,0.0,0.1196,8395.92,61804.08,0.8804,0,Não,0.04078
P003162,10,0.034793,APROVAR,0.0227,48,0.0,0.2191,13649.93,48650.07,0.7809,1,Não,0.034793
P003163,2,0.300815,NEGAR,0.035,36,0.21,0.21,4620.0,17380.0,0.79,4,Sim,0.222003
P003164,10,0.034479,APROVAR,0.0227,60,0.0,0.16,3952.0,20748.0,0.84,1,Não,0.034479
P003165,3,0.1926,NEGAR,0.0336,36,0.21,0.397,18619.3,28280.7,0.603,9,Sim,0.1926
P003166,5,0.093725,APROVAR,0.0282,24,0.21,0.21,9891.0,37209.0,0.79,8,Não,0.091295
P003167,3,0.177726,NEGAR,0.0336,48,0.21,0.5798,46384.0,33616.0,0.4202,6,Não,0.177726
P003168,3,0.152048,NEGAR,0.0336,24,0.21,0.21,12726.0,47874.0,0.79,1,Não,0.101479
P003169,1,0.373347,NEGAR,0.035,36,0.21,0.21,7434.0,27966.0,0.79,8,Sim,0.334038
P003170,10,0.031391,APROVAR,0.0227,24,0.0,0.1098,3151.26,25548.74,0.8902,7,Não,0.031391
P003171,4,0.113869,NEGAR,0.0303,36,0.21,0.21,7959.0,29941.0,0.79,2,Não,0.116608
P003172,7,0.064903,APROVAR,0.0256,36,0.0,0.3795,8349.0,13651.0,0.6205,6,Não,0.064903
P003173,9,0.037404,APROVAR,0.0236,60,0.0,0.1519,10633.0,59367.0,0.8481,7,Não,0.037404
P003174,2,0.21125,NEGAR,0.035,60,0.21,0.2675,9603.25,26296.75,0.7325,5,Não,0.21125
P003175,1,0.417145,NEGAR,0.035,48,0.21,0.21,6846.0,25754.0,0.79,4,Não,0.315393
P003176,10,0.031876,APROVAR,0.0227,60,0.0,0.2035,12148.95,47551.05,0.7965,2,Não,0.031876
P003177,2,0.231941,NEGAR,0.035,36,0.21,0.21,4620.0,17380.0,0.79,7,Não,0.20649
P003178,1,0.514296,NEGAR,0.035,60,0.21,0.21,8337.0,31363.0,0.79,4,Não,0.29292
P003179,3,0.155164,NEGAR,0.0336,60,0.21,0.21,7056.0,26544.0,0.79,5,Sim,0.119792
P003180,7,0.056363,APROVAR,0.0256,48,0.0,0.3249,48637.53,101062.47,0.6751,1,Não,0.056363
P003181,7,0.060165,APROVAR,0.0256,60,0.0,0.0664,2636.08,37063.92,0.9336,8,Sim,0.060165
P003182,1,0.498349,NEGAR,0.035,60,0.21,0.21,10353.0,38947.0,0.79,6,Sim,0.471172
P003183,3,0.19534,NEGAR,0.0336,60,0.21,0.3426,10997.46,21102.54,0.6574,9,Sim,0.19534
P003184,4,0.11102,NEGAR,0.0303,24,0.21,0.21,9744.0,36656.0,0.79,2,Não,0.074282
P003185,10,0.029164,APROVAR,0.0227,36,0.0,0.2662,10594.76,29205.24,0.7338,5,Não,0.029164
P003186,1,0.327902,NEGAR,0.035,60,0.21,0.21,15666.0,58934.0,0.79,6,Sim,0.285671
P003187,6,0.0738,APROVAR,0.0265,24,0.21,0.31,26474.0,58926.0,0.69,2,Não,0.0738
P003188,10,0.020361,APROVAR,0.0227,36,0.0,0.2127,10762.62,39837.38,0.7873,3,Não,0.020361
P003189,6,0.078395,APROVAR,0.0265,60,0.21,0.2998,16069.28,37530.72,0.7002,1,Não,0.078395
P003190,10,0.033912,APROVAR,0.0227,36,0.0,0.134,3028.4,19571.6,0.866,2,Sim,0.033912
P003191,1,0.330589,NEGAR,0.035,48,0.21,0.21,4620.0,17380.0,0.79,7,Sim,0.331069
P003192,7,0.061387,APROVAR,0.0256,60,0.0,0.2818,8876.7,22623.3,0.7182,6,Não,0.061387
P003193,2,0.260744,NEGAR,0.035,48,0.21,0.21,4620.0,17380.0,0.79,11,Sim,0.264331
P003194,4,0.139994,NEGAR,0.0303,60,0.21,0.2328,5121.6,16878.4,0.7672,2,Sim,0.139994
P003195,5,0.106104,APROVAR,0.0282,36,0.21,0.21,5187.0,19513.0,0.79,3,Não,0.052915
P003196,1,0.415113,NEGAR,0.035,48,0.21,0.4297,10012.01,13287.99,0.5703,1,Sim,0.415113
P003197,2,0.230715,NEGAR,0.035,36,0.21,0.307,11880.9,26819.1,0.693,5,Não,0.230715
P003198,10,0.031959,APROVAR,0.0227,60,0.0,0.2235,15019.2,52180.8,0.7765,6,Não,0.031959
P003199,9,0.039679,APROVAR,0.0236,36,0.0,0.0604,2651.56,41248.44,0.9396,4,Não,0.039679
P003200,5,0.099274,APROVAR,0.0282,48,0.21,0.21,6174.0,23226.0,0.79,3,Não,0.111289
P003201,7,0.055545,APROVAR,0.0256,48,0.0,0.0898,4579.8,46420.2,0.9102,2,Sim,0.055545
P003202,1,0.324479,NEGAR,0.035,36,0.21,0.2276,5985.88,20314.12,0.7724,8,Sim,0.324479
P003203,8,0.045928,APROVAR,0.0247,24,0.0,0.09,9738.0,98462.0,0.91,1,Não,0.045928
P003204,2,0.226716,NEGAR,0.035,48,0.21,0.21,4620.0,17380.0,0.79,4,Sim,0.229121
P003205,10,0.032028,APROVAR,0.0227,48,0.0,0.5374,58039.2,49960.8,0.4626,7,Não,0.032028
P003206,1,0.305544,NEGAR,0.035,60,0.21,0.21,7434.0,27966.0,0.79,1,Não,0.296864
P003207,6,0.073776,APROVAR,0.0265,24,0.21,0.21,10269.0,38631.0,0.79,6,Não,0.052895
P003208,7,0.063058,APROVAR,0.0256,60,0.0,0.2729,14873.05,39626.95,0.7271,1,Não,0.063058
P003209,10,0.028573,APROVAR,0.0227,36,0.0,0.4705,23430.9,26369.1,0.5295,6,Não,0.028573
P003210,6,0.068243,APROVAR,0.0265,48,0.21,0.3656,10858.32,18841.68,0.6344,3,Não,0.068243
P003211,10,0.026007,APROVAR,0.0227,48,0.0,0.4417,42668.22,53931.78,0.5583,1,Não,0.026007
P003212,10,0.035538,APROVAR,0.0227,48,0.0,0.3143,16437.89,35862.11,0.6857,6,Não,0.035538
P003213,8,0.052532,APROVAR,0.0247,48,0.0,0.2589,8983.83,25716.17,0.7411,8,Não,0.052532
P003214,8,0.048376,APROVAR,0.0247,60,0.0,0.2192,11069.6,39430.4,0.7808,4,Não,0.048376
P003215,7,0.057795,APROVAR,0.0256,48,0.0,0.2044,9545.48,37154.52,0.7956,4,Não,0.057795
P003216,3,0.205407,NEGAR,0.0336,60,0.21,0.21,15351.0,57749.0,0.79,3,Não,0.208406
P003217,1,0.323363,NEGAR,0.035,36,0.21,0.21,6216.0,23384.0,0.79,9,Sim,0.350623
P003218,10,0.034549,APROVAR,0.0227,60,0.0,0.1366,5013.22,31686.78,0.8634,10,Não,0.034549
P003219,8,0.049356,APROVAR,0.0247,60,0.0,0.3893,28379.97,44520.03,0.6107,5,Não,0.049356
P003220,3,0.193285,NEGAR,0.0336,48,0.21,0.3065,13700.55,30999.45,0.6935,5,Não,0.193285
P003221,1,0.384303,NEGAR,0.035,48,0.21,0.21,7077.0,26623.0,0.79,2,Não,0.384094
P003222,1,0.571831,NEGAR,0.035,48,0.21,0.4357,16251.61,21048.39,0.5643,3,Não,0.571831
P003223,2,0.257587,NEGAR,0.035,48,0.21,0.21,5250.0,19750.0,0.79,3,Sim,0.18198
P003224,2,0.272386,NEGAR,0.035,48,0.21,0.3397,7541.34,14658.66,0.6603,3,Sim,0.272386
P003225,8,0.045823,APROVAR,0.0247,36,0.0,0.149,3471.7,19828.3,0.851,11,Não,0.045823
P003226,5,0.093222,APROVAR,0.0282,48,0.21,0.21,4914.0,18486.0,0.79,7,Não,0.092606
P003227,4,0.135351,NEGAR,0.0303,60,0.21,0.21,7896.0,29704.0,0.79,1,Não,0.120608
P003228,8,0.052806,APROVAR,0.0247,24,0.0,0.3581,31405.37,56294.63,0.6419,2,Não,0.052806
P003229,9,0.044454,APROVAR,0.0236,48,0.0,0.5954,37748.36,25651.64,0.4046,5,Não,0.044454
P003230,6,0.082422,APROVAR,0.0265,48,0.21,0.3661,8713.18,15086.82,0.6339,6,Sim,0.082422
P003231,9,0.044518,APROVAR,0.0236,36,0.0,0.3804,9243.72,15056.28,0.6196,4,Não,0.044518
P003232,9,0.041774,APROVAR,0.0236,48,0.0,0.4396,14814.52,18885.48,0.5604,6,Não,0.041774
P003233,2,0.294055,NEGAR,0.035,48,0.21,0.21,4620.0,17380.0,0.79,11,Sim,0.298153
P003234,5,0.085631,APROVAR,0.0282,24,0.21,0.21,14028.0,52772.0,0.79,2,Não,0.033995
P003235,6,0.082114,APROVAR,0.0265,48,0.21,0.21,6447.0,24253.0,0.79,2,Não,0.083753
P003236,10,0.026427,APROVAR,0.0227,36,0.0,0.2289,11353.44,38246.56,0.7711,7,Não,0.026427
P003237,10,0.031939,APROVAR,0.0227,60,0.0,0.388,22232.4,35067.6,0.612,2,Não,0.031939
P003238,6,0.071888,APROVAR,0.0265,48,0.21,0.21,5187.0,19513.0,0.79,11,Sim,0.049871
P003239,7,0.056725,APROVAR,0.0256,36,0.0,0.12,5688.0,41712.0,0.88,6,Não,0.056725
P003240,7,0.057147,APROVAR,0.0256,48,0.0,0.6967,27101.63,11798.37,0.3033,1,Não,0.057147
P003241,8,0.050828,APROVAR,0.0247,48,0.0,0.3903,12645.72,19754.28,0.6097,2,Não,0.050828
P003242,3,0.154213,NEGAR,0.0336,60,0.21,0.2275,6370.0,21630.0,0.7725,5,Sim,0.154213
P003243,2,0.253641,NEGAR,0.035,48,0.21,0.21,5691.0,21409.0,0.79,7,Não,0.257128
P003244,1,0.481472,NEGAR,0.035,60,0.21,0.4311,20089.26,26510.74,0.5689,5,Não,0.481472
P003245,1,0.606376,NEGAR,0.035,60,0.21,0.21,4662.0,17538.0,0.79,5,Sim,0.60667
P003246,1,0.499777,NEGAR,0.035,60,0.21,0.21,7098.0,26702.0,0.79,8,Não,0.541131
P003247,2,0.213496,NEGAR,0.035,60,0.21,0.21,9009.0,33891.0,0.79,7,Sim,0.205624
P003248,6,0.080812,APROVAR,0.0265,24,0.21,0.4308,25460.28,33639.72,0.5692,2,Sim,0.080812
P003249,10,0.036626,APROVAR,0.0227,24,0.0,0.1365,4586.4,29013.6,0.8635,5,Não,0.036626
P003250,9,0.038283,APROVAR,0.0236,48,0.0,0.2943,10535.94,25264.06,0.7057,9,Sim,0.038283
P003251,2,0.26523,NEGAR,0.035,36,0.21,0.4026,8857.2,13142.8,0.5974,1,Não,0.26523
P003252,8,0.051157,APROVAR,0.0247,48,0.0,0.104,5720.0,49280.0,0.896,2,Não,0.051157
P003253,3,0.160637,NEGAR,0.0336,24,0.21,0.3342,7352.4,14647.6,0.6658,4,Não,0.160637
P003254,5,0.097456,APROVAR,0.0282,60,0.21,0.2313,11888.82,39511.18,0.7687,0,Não,0.097456
P003255,1,0.342117,NEGAR,0.035,36,0.21,0.21,7833.0,29467.0,0.79,3,Não,0.309998
P003256,2,0.300488,NEGAR,0.035,48,0.21,0.2547,5959.98,17440.02,0.7453,3,Não,0.300488
P003257,8,0.052415,APROVAR,0.0247,24,0.0,0.1901,9752.13,41547.87,0.8099,3,Não,0.052415
P003258,1,0.336133,NEGAR,0.035,60,0.21,0.4603,24487.96,28712.04,0.5397,11,Não,0.336133
P003259,2,0.245978,NEGAR,0.035,60,0.21,0.21,7896.0,29704.0,0.79,5,Não,0.229756
P003260,2,0.227537,NEGAR,0.035,36,0.21,0.21,4620.0,17380.0,0.79,2,Sim,0.227585
P003261,7,0.060859,APROVAR,0.0256,24,0.0,0.184,6219.2,27580.8,0.816,1,Não,0.060859
P003262,9,0.038815,APROVAR,0.0236,36,0.0,0.2302,10865.44,36334.56,0.7698,6,Não,0.038815
P003263,5,0.098159,APROVAR,0.0282,60,0.21,0.21,5460.0,20540.0,0.79,3,Não,0.100584
P003264,8,0.051744,APROVAR,0.0247,60,0.0,0.2152,7187.68,26212.32,0.7848,1,Não,0.051744
P003265,6,0.080499,APROVAR,0.0265,60,0.21,0.2297,10037.89,33662.11,0.7703,5,Não,0.080499
P003266,8,0.050138,APROVAR,0.0247,36,0.0,0.1645,4096.05,20803.95,0.8355,6,Não,0.050138
P003267,4,0.121731,NEGAR,0.0303,24,0.21,0.21,8106.0,30494.0,0.79,6,Sim,0.121358
P003268,3,0.200608,NEGAR,0.0336,36,0.21,0.21,4620.0,17380.0,0.79,2,Não,0.200608
P003269,4,0.131314,NEGAR,0.0303,24,0.21,0.2813,10323.71,26376.29,0.7187,7,Não,0.131314
P003270,8,0.045802,APROVAR,0.0247,60,0.0,0.3033,13314.87,30585.13,0.6967,1,Não,0.045802
P003271,7,0.061435,APROVAR,0.0256,48,0.0,0.2237,18455.25,64044.75,0.7763,1,Sim,0.061435
P003272,10,0.034929,APROVAR,0.0227,36,0.0,0.5031,46536.75,45963.25,0.4969,3,Não,0.034929
P003273,9,0.04272,APROVAR,0.0236,24,0.0,0.3918,10265.16,15934.84,0.6082,2,Não,0.04272
P003274,3,0.205899,NEGAR,0.0336,60,0.21,0.3482,22841.92,42758.08,0.6518,2,Não,0.205899
P003275,9,0.039301,APROVAR,0.0236,48,0.0,0.1085,6542.55,53757.45,0.8915,6,Não,0.039301
P003276,4,0.139564,NEGAR,0.0303,36,0.21,0.21,6048.0,22752.0,0.79,1,Sim,0.150076
P003277,7,0.062039,APROVAR,0.0256,36,0.0,0.5038,17884.9,17615.1,0.4962,1,Não,0.062039
P003278,1,0.366747,NEGAR,0.035,36,0.21,0.2936,6459.2,15540.8,0.7064,8,Sim,0.366747
P003279,9,0.043272,APROVAR,0.0236,36,0.0,0.4077,14677.2,21322.8,0.5923,2,Não,0.043272
P003280,6,0.069067,APROVAR,0.0265,36,0.21,0.21,10353.0,38947.0,0.79,4,Sim,0.039525
P003281,2,0.231927,NEGAR,0.035,36,0.21,0.21,8925.0,33575.0,0.79,6,Não,0.220559
P003282,5,0.091468,APROVAR,0.0282,24,0.21,0.2784,11191.68,29008.32,0.7216,3,Não,0.091468
P003283,1,0.339618,NEGAR,0.035,48,0.21,0.21,5460.0,20540.0,0.79,4,Não,0.291072
P003284,10,0.036751,APROVAR,0.0227,36,0.0,0.2067,12629.37,48470.63,0.7933,2,Não,0.036751
P003285,1,0.48184,NEGAR,0.035,48,0.21,0.2282,5020.4,16979.6,0.7718,3,Não,0.48184
P003286,3,0.160317,NEGAR,0.0336,36,0.21,0.5147,28823.2,27176.8,0.4853,2,Não,0.160317
P003287,1,0.454395,NEGAR,0.035,48,0.21,0.21,5649.0,21251.0,0.79,5,Sim,0.375643
P003288,8,0.050414,APROVAR,0.0247,24,0.0,0.2084,13275.08,50424.92,0.7916,0,Não,0.050414
P003289,10,0.034986,APROVAR,0.0227,36,0.0,0.5415,21768.3,18431.7,0.4585,5,Não,0.034986
P003290,7,0.058582,APROVAR,0.0256,24,0.0,0.0828,5622.12,62277.88,0.9172,6,Sim,0.058582
P003291,1,0.482979,NEGAR,0.035,48,0.21,0.21,4620.0,17380.0,0.79,10,Não,0.387224
P003292,9,0.041053,APROVAR,0.0236,60,0.0,0.2957,14311.88,34088.12,0.7043,7,Não,0.041053
P003293,6,0.067847,APROVAR,0.0265,24,0.21,0.2457,11990.16,36809.84,0.7543,5,Não,0.067847
P003294,1,0.431163,NEGAR,0.035,48,0.21,0.21,8589.0,32311.0,0.79,3,Sim,0.376651
P003295,7,0.054217,APROVAR,0.0256,24,0.0,0.0894,4738.2,48261.8,0.9106,2,Não,0.054217
P003296,2,0.271807,NEGAR,0.035,36,0.21,0.213,16699.2,61700.8,0.787,7,Não,0.271807
P003297,3,0.156188,NEGAR,0.0336,48,0.21,0.3035,13566.45,31133.55,0.6965,5,Não,0.156188
P003298,3,0.180839,NEGAR,0.0336,48,0.21,0.21,11340.0,42660.0,0.79,4,Não,0.180495
P003299,4,0.132365,NEGAR,0.0303,48,0.21,0.21,5481.0,20619.0,0.79,7,Não,0.132365
P003300,7,0.054369,APROVAR,0.0256,60,0.0,0.1389,8486.79,52613.21,0.8611,9,Não,0.054369
P003301,6,0.067495,APROVAR,0.0265,24,0.21,0.21,6573.0,24727.0,0.79,9,Sim,0.071439
P003302,4,0.125598,NEGAR,0.0303,60,0.21,0.21,4620.0,17380.0,0.79,6,Não,0.124477
P003303,5,0.092541,APROVAR,0.0282,60,0.21,0.2559,10926.93,31773.07,0.7441,4,Não,0.092541
P003304,7,0.063554,APROVAR,0.0256,24,0.0,0.1129,7936.87,62363.13,0.8871,5,Não,0.063554
P003305,1,0.583997,NEGAR,0.035,60,0.21,0.21,4620.0,17380.0,0.79,3,Não,0.583997
P003306,10,0.035933,APROVAR,0.0227,48,0.0,0.184,4048.0,17952.0,0.816,2,Não,0.035933
P003307,9,0.038921,APROVAR,0.0236,48,0.0,0.3861,14710.41,23389.59,0.6139,7,Não,0.038921
P003308,9,0.043148,APROVAR,0.0236,24,0.0,0.1729,5982.34,28617.66,0.8271,10,Não,0.043148
P003309,1,0.338157,NEGAR,0.035,36,0.21,0.6014,13230.8,8769.2,0.3986,10,Sim,0.338157
P003310,4,0.112613,NEGAR,0.0303,36,0.21,0.2714,5970.8,16029.2,0.7286,12,Não,0.112613
P003311,2,0.294571,NEGAR,0.035,48,0.21,0.21,4620.0,17380.0,0.79,1,Não,0.237351
P003312,2,0.219862,NEGAR,0.035,48,0.21,0.21,11466.0,43134.0,0.79,4,Sim,0.179236
P003313,9,0.03861,APROVAR,0.0236,36,0.0,0.1377,4213.62,26386.38,0.8623,12,Não,0.03861
P003314,1,0.366015,NEGAR,0.035,24,0.21,0.2355,15001.35,48698.65,0.7645,11,Não,0.366015
P003315,4,0.135203,NEGAR,0.0303,48,0.21,0.21,29316.0,110284.0,0.79,3,Não,0.085405
P003316,4,0.135702,NEGAR,0.0303,48,0.21,0.21,6804.0,25596.0,0.79,3,Não,0.142682
P003317,1,0.345249,NEGAR,0.035,48,0.21,0.21,13860.0,52140.0,0.79,2,Não,0.35888
P003318,1,0.364046,NEGAR,0.035,48,0.21,0.2606,9511.9,26988.1,0.7394,5,Sim,0.364046
P003319,8,0.048615,APROVAR,0.0247,24,0.0,0.4511,12540.58,15259.42,0.5489,6,Não,0.048615
P003320,8,0.053779,APROVAR,0.0247,36,0.0,0.2533,13855.51,40844.49,0.7467,2,Não,0.053779
P003321,9,0.04316,APROVAR,0.0236,60,0.0,0.4063,20315.0,29685.0,0.5937,2,Não,0.04316
P003322,6,0.06715,APROVAR,0.0265,24,0.21,0.21,6615.0,24885.0,0.79,2,Sim,0.057914
P003323,7,0.065972,APROVAR,0.0256,36,0.0,0.2257,7154.69,24545.31,0.7743,2,Não,0.065972
P003324,1,0.590346,NEGAR,0.035,48,0.21,0.21,8883.0,33417.0,0.79,1,Sim,0.51758
P003325,1,0.30569,NEGAR,0.035,36,0.21,0.21,7245.0,27255.0,0.79,9,Sim,0.347475
P003326,9,0.038297,APROVAR,0.0236,24,0.0,0.6635,16056.7,8143.3,0.3365,4,Não,0.038297
P003327,7,0.065287,APROVAR,0.0256,48,0.0,0.1168,13875.84,104924.16,0.8832,8,Sim,0.065287
P003328,8,0.050844,APROVAR,0.0247,48,0.0,0.1795,4325.95,19774.05,0.8205,4,Não,0.050844
P003329,9,0.037541,APROVAR,0.0236,24,0.0,0.2092,5439.2,20560.8,0.7908,3,Não,0.037541
P003330,4,0.125222,NEGAR,0.0303,24,0.21,0.3553,13075.04,23724.96,0.6447,2,Não,0.125222
P003331,1,0.327125,NEGAR,0.035,36,0.21,0.21,11928.0,44872.0,0.79,8,Não,0.336802
P003332,10,0.035155,APROVAR,0.0227,60,0.0,0.1641,18608.94,94791.06,0.8359,1,Sim,0.035155
P003333,2,0.24928,NEGAR,0.035,48,0.21,0.21,7518.0,28282.0,0.79,2,Sim,0.2043
P003334,4,0.107601,NEGAR,0.0303,36,0.21,0.24,7968.0,25232.0,0.76,12,Não,0.107601
P003335,2,0.223589,NEGAR,0.035,60,0.21,0.2132,6374.68,23525.32,0.7868,5,Sim,0.223589
P003336,6,0.06648,APROVAR,0.0265,48,0.21,0.3135,32165.1,70434.9,0.6865,11,Não,0.06648
P003337,2,0.291399,NEGAR,0.035,60,0.21,0.21,7434.0,27966.0,0.79,7,Não,0.300023
P003338,6,0.072674,APROVAR,0.0265,36,0.21,0.3897,21121.74,33078.26,0.6103,1,Sim,0.072674
P003339,1,0.329611,NEGAR,0.035,48,0.21,0.2137,8740.33,32159.67,0.7863,7,Sim,0.329611
P003340,2,0.21505,NEGAR,0.035,36,0.21,0.21,9093.0,34207.0,0.79,6,Não,0.204525
P003341,1,0.495776,NEGAR,0.035,24,0.21,0.3973,14620.64,22179.36,0.6027,4,Não,0.495776
P003342,1,0.330706,NEGAR,0.035,48,0.21,0.2705,7411.7,19988.3,0.7295,8,Não,0.330706
P003343,6,0.067284,APROVAR,0.0265,48,0.21,0.21,5775.0,21725.0,0.79,4,Sim,0.069624
P003344,2,0.27247,NEGAR,0.035,24,0.21,0.3991,8780.2,13219.8,0.6009,4,Sim,0.27247
P003345,4,0.113913,NEGAR,0.0303,24,0.21,0.21,6195.0,23305.0,0.79,6,Sim,0.122937
P003346,9,0.040836,APROVAR,0.0236,48,0.0,0.3589,29609.25,52890.75,0.6411,4,Sim,0.040836
P003347,10,0.029654,APROVAR,0.0227,60,0.0,0.3125,54781.25,120518.75,0.6875,5,Não,0.029654
P003348,1,0.561396,NEGAR,0.035,60,0.21,0.3162,9770.58,21129.42,0.6838,2,Não,0.561396
P003349,9,0.040728,APROVAR,0.0236,48,0.0,0.3025,9801.0,22599.0,0.6975,6,Não,0.040728
P003350,2,0.244421,NEGAR,0.035,36,0.21,0.21,4620.0,17380.0,0.79,2,Não,0.243759
P003351,1,0.578527,NEGAR,0.035,48,0.21,0.21,5607.0,21093.0,0.79,12,Sim,0.48736
P003352,7,0.06437,APROVAR,0.0256,48,0.0,0.1674,17627.22,87672.78,0.8326,4,Não,0.06437
P003353,8,0.054029,APROVAR,0.0247,48,0.0,0.1131,5824.65,45675.35,0.8869,2,Não,0.054029
P003354,8,0.050976,APROVAR,0.0247,36,0.0,0.4158,29022.84,40777.16,0.5842,5,Não,0.050976
P003355,1,0.334653,NEGAR,0.035,60,0.21,0.21,4641.0,17459.0,0.79,8,Não,0.229696
P003356,2,0.229007,NEGAR,0.035,36,0.21,0.21,7833.0,29467.0,0.79,3,Não,0.230342
P003357,8,0.050904,APROVAR,0.0247,60,0.0,0.077,5605.6,67194.4,0.923,3,Não,0.050904
P003358,7,0.064921,APROVAR,0.0256,48,0.0,0.0518,3102.82,56797.18,0.9482,2,Sim,0.064921
P003359,6,0.08325,APROVAR,0.0265,36,0.21,0.3299,10688.76,21711.24,0.6701,6,Não,0.08325
P003360,8,0.046506,APROVAR,0.0247,36,0.0,0.1557,11070.27,60029.73,0.8443,5,Não,0.046506
P003361,5,0.099056,APROVAR,0.0282,36,0.21,0.21,9282.0,34918.0,0.79,4,Não,0.096191
P003362,7,0.059195,APROVAR,0.0256,60,0.0,0.2198,8088.64,28711.36,0.7802,1,Não,0.059195
P003363,4,0.120991,NEGAR,0.0303,36,0.21,0.21,7497.0,28203.0,0.79,1,Sim,0.093612
P003364,7,0.056532,APROVAR,0.0256,36,0.0,0.2929,13795.59,33304.41,0.7071,4,Não,0.056532
P003365,1,0.395482,NEGAR,0.035,60,0.21,0.2133,7678.8,28321.2,0.7867,8,Não,0.395482
P003366,4,0.137839,NEGAR,0.0303,48,0.21,0.21,9177.0,34523.0,0.79,5,Não,0.095186
P003367,2,0.276403,NEGAR,0.035,48,0.21,0.21,5229.0,19671.0,0.79,3,Não,0.253526
P003368,2,0.215963,NEGAR,0.035,60,0.21,0.21,5628.0,21172.0,0.79,4,Sim,0.22131
P003369,2,0.236159,NEGAR,0.035,48,0.21,0.21,8127.0,30573.0,0.79,2,Sim,0.198131
P003370,5,0.084235,APROVAR,0.0282,48,0.21,0.6085,39674.2,25525.8,0.3915,2,Não,0.084235
P003371,5,0.102253,APROVAR,0.0282,48,0.21,0.2533,5800.57,17099.43,0.7467,5,Não,0.102253
P003372,9,0.039235,APROVAR,0.0236,60,0.0,0.112,4681.6,37118.4,0.888,0,Não,0.039235
P003373,9,0.040467,APROVAR,0.0236,48,0.0,0.0882,4886.28,50513.72,0.9118,2,Sim,0.040467
P003374,5,0.106014,APROVAR,0.0282,36,0.21,0.21,10563.0,39737.0,0.79,2,Não,0.095406
P003375,4,0.139826,NEGAR,0.0303,48,0.21,0.2445,12934.05,39965.95,0.7555,4,Sim,0.139826
P003376,5,0.087915,APROVAR,0.0282,48,0.21,0.3391,8816.6,17183.4,0.6609,3,Sim,0.087915
P003377,5,0.101023,APROVAR,0.0282,24,0.21,0.4656,15690.72,18009.28,0.5344,10,Não,0.101023
P003378,5,0.084879,APROVAR,0.0282,60,0.21,0.21,8547.0,32153.0,0.79,2,Não,0.05771
P003379,7,0.057147,APROVAR,0.0256,48,0.0,0.1916,9848.24,41551.76,0.8084,8,Não,0.057147
P003380,2,0.23964,NEGAR,0.035,24,0.21,0.21,16149.0,60751.0,0.79,5,Não,0.19362
P003381,10,0.028125,APROVAR,0.0227,60,0.0,0.3039,26196.18,60003.82,0.6961,3,Não,0.028125
P003382,2,0.298982,NEGAR,0.035,60,0.21,0.2232,5580.0,19420.0,0.7768,1,Não,0.298982
P003383,3,0.165237,NEGAR,0.0336,24,0.21,0.21,8589.0,32311.0,0.79,4,Sim,0.105405
P003384,1,0.544229,NEGAR,0.035,60,0.21,0.21,11907.0,44793.0,0.79,1,Sim,0.467038
P003385,5,0.084773,APROVAR,0.0282,36,0.21,0.2585,19103.15,54796.85,0.7415,4,Não,0.084773
P003386,4,0.114163,NEGAR,0.0303,60,0.21,0.5761,29611.54,21788.46,0.4239,5,Não,0.114163
P003387,1,0.634767,NEGAR,0.035,60,0.21,0.21,5481.0,20619.0,0.79,9,Não,0.64052
P003388,2,0.269167,NEGAR,0.035,48,0.21,0.21,9345.0,35155.0,0.79,8,Sim,0.263001
P003389,6,0.07195,APROVAR,0.0265,36,0.21,0.3527,7759.4,14240.6,0.6473,10,Não,0.07195
P003390,4,0.106713,NEGAR,0.0303,24,0.21,0.2405,7816.25,24683.75,0.7595,3,Não,0.106713
P003391,2,0.215183,NEGAR,0.035,48,0.21,0.21,7518.0,28282.0,0.79,2,Não,0.236726
P003392,3,0.194561,NEGAR,0.0336,60,0.21,0.2798,8142.18,20957.82,0.7202,12,Não,0.194561
P003393,5,0.090797,APROVAR,0.0282,36,0.21,0.21,5649.0,21251.0,0.79,9,Sim,0.097418
P003394,9,0.038614,APROVAR,0.0236,24,0.0,0.2914,6673.06,16226.94,0.7086,1,Não,0.038614
P003395,4,0.113605,NEGAR,0.0303,36,0.21,0.3107,11993.02,26606.98,0.6893,3,Não,0.113605
P003396,2,0.242317,NEGAR,0.035,48,0.21,0.21,4620.0,17380.0,0.79,2,Sim,0.243513
P003397,9,0.039647,APROVAR,0.0236,48,0.0,0.2475,13488.75,41011.25,0.7525,2,Não,0.039647
P003398,8,0.050443,APROVAR,0.0247,48,0.0,0.2519,16826.92,49973.08,0.7481,4,Não,0.050443
P003399,9,0.041097,APROVAR,0.0236,60,0.0,0.2394,11778.48,37421.52,0.7606,0,Não,0.041097
P003400,3,0.188444,NEGAR,0.0336,36,0.21,0.21,10269.0,38631.0,0.79,10,Não,0.132732
P003401,3,0.196626,NEGAR,0.0336,60,0.21,0.21,5628.0,21172.0,0.79,9,Não,0.080627
P003402,10,0.03568,APROVAR,0.0227,24,0.0,0.1384,8359.36,52040.64,0.8616,0,Não,0.03568
P003403,4,0.112903,NEGAR,0.0303,24,0.21,0.3179,7915.71,16984.29,0.6821,7,Não,0.112903
P003404,8,0.046458,APROVAR,0.0247,36,0.0,0.1135,2497.0,19503.0,0.8865,12,Sim,0.046458
P003405,8,0.047757,APROVAR,0.0247,24,0.0,0.1179,12768.57,95531.43,0.8821,1,Sim,0.047757
P003406,1,0.328616,NEGAR,0.035,60,0.21,0.2319,8812.2,29187.8,0.7681,3,Não,0.328616
P003407,7,0.056673,APROVAR,0.0256,24,0.0,0.0605,2601.5,40398.5,0.9395,2,Não,0.056673
P003408,5,0.100656,APROVAR,0.0282,24,0.21,0.21,4620.0,17380.0,0.79,10,Não,0.105002
P003409,3,0.182084,NEGAR,0.0336,60,0.21,0.21,6132.0,23068.0,0.79,7,Sim,0.20391
P003410,9,0.038826,APROVAR,0.0236,36,0.0,0.1474,8740.82,50559.18,0.8526,4,Não,0.038826
P003411,2,0.266565,NEGAR,0.035,36,0.21,0.21,4620.0,17380.0,0.79,3,Sim,0.247796
P003412,2,0.211621,NEGAR,0.035,48,0.21,0.21,9618.0,36182.0,0.79,3,Não,0.209947
P003413,3,0.143338,NEGAR,0.0336,24,0.21,0.2554,13102.02,38197.98,0.7446,6,Sim,0.143338
P003414,3,0.173504,NEGAR,0.0336,60,0.21,0.21,12243.0,46057.0,0.79,1,Sim,0.162191
P003415,1,0.36104,NEGAR,0.035,36,0.21,0.21,5922.0,22278.0,0.79,6,Não,0.34072
P003416,8,0.053252,APROVAR,0.0247,48,0.0,0.2621,13157.42,37042.58,0.7379,2,Não,0.053252
P003417,1,0.546699,NEGAR,0.035,24,0.21,0.21,9807.0,36893.0,0.79,8,Sim,0.443424
P003418,3,0.14992,NEGAR,0.0336,60,0.21,0.21,7119.0,26781.0,0.79,2,Não,0.123487
P003419,1,0.352662,NEGAR,0.035,48,0.21,0.21,10668.0,40132.0,0.79,8,Sim,0.34944
P003420,10,0.035242,APROVAR,0.0227,48,0.0,0.1815,9601.35,43298.65,0.8185,3,Não,0.035242
P003421,9,0.042706,APROVAR,0.0236,48,0.0,0.1064,3096.24,26003.76,0.8936,2,Não,0.042706
P003422,7,0.057947,APROVAR,0.0256,24,0.0,0.2118,4913.76,18286.24,0.7882,4,Sim,0.057947
P003423,2,0.24121,NEGAR,0.035,36,0.21,0.2666,6451.72,17748.28,0.7334,8,Não,0.24121
P003424,2,0.256481,NEGAR,0.035,48,0.21,0.21,6972.0,26228.0,0.79,10,Sim,0.222549
P003425,4,0.12291,NEGAR,0.0303,48,0.21,0.2417,5824.97,18275.03,0.7583,9,Não,0.12291
P003426,3,0.173989,NEGAR,0.0336,48,0.21,0.21,4620.0,17380.0,0.79,1,Sim,0.127689
P003427,7,0.066141,APROVAR,0.0256,48,0.0,0.2908,18872.92,46027.08,0.7092,2,Sim,0.066141
P003428,8,0.049729,APROVAR,0.0247,60,0.0,0.1046,5062.64,43337.36,0.8954,3,Não,0.049729
P003429,2,0.291983,NEGAR,0.035,48,0.21,0.21,4620.0,17380.0,0.79,6,Sim,0.299074
P003430,8,0.052751,APROVAR,0.0247,48,0.0,0.1416,9090.72,55109.28,0.8584,2,Sim,0.052751
P003431,6,0.079759,APROVAR,0.0265,36,0.21,0.21,8925.0,33575.0,0.79,3,Não,0.070474
P003432,9,0.041144,APROVAR,0.0236,24,0.0,0.1389,12445.44,77154.56,0.8611,5,Não,0.041144
P003433,2,0.238765,NEGAR,0.035,36,0.21,0.4336,15002.56,19597.44,0.5664,4,Não,0.238765
P003434,3,0.150656,NEGAR,0.0336,48,0.21,0.21,8841.0,33259.0,0.79,1,Não,0.051149
P003435,10,0.029661,APROVAR,0.0227,60,0.0,0.4763,17384.95,19115.05,0.5237,2,Não,0.029661
P003436,8,0.045999,APROVAR,0.0247,48,0.0,0.0738,4309.92,54090.08,0.9262,2,Não,0.045999
P003437,6,0.081994,APROVAR,0.0265,48,0.21,0.21,9177.0,34523.0,0.79,12,Não,0.073486
P003438,8,0.048777,APROVAR,0.0247,48,0.0,0.1451,14234.31,83865.69,0.8549,3,Não,0.048777
P003439,1,0.333407,NEGAR,0.035,48,0.21,0.2817,6197.4,15802.6,0.7183,3,Sim,0.333407
P003440,1,0.479608,NEGAR,0.035,60,0.21,0.2144,7589.76,27810.24,0.7856,3,Não,0.479608
P003441,3,0.14771,NEGAR,0.0336,48,0.21,0.3605,14131.6,25068.4,0.6395,12,Não,0.14771
P003442,4,0.124197,NEGAR,0.0303,48,0.21,0.21,6132.0,23068.0,0.79,7,Não,0.132423
P003443,6,0.070471,APROVAR,0.0265,48,0.21,0.324,15163.2,31636.8,0.676,2,Não,0.070471
P003444,10,0.03689,APROVAR,0.0227,48,0.0,0.463,38058.6,44141.4,0.537,3,Não,0.03689
P003445,7,0.058314,APROVAR,0.0256,48,0.0,0.3919,8621.8,13378.2,0.6081,10,Não,0.058314
P003446,1,0.315395,NEGAR,0.035,60,0.21,0.4393,18055.23,23044.77,0.5607,1,Não,0.315395
P003447,8,0.046799,APROVAR,0.0247,24,0.0,0.5605,12331.0,9669.0,0.4395,1,Não,0.046799
P003448,9,0.037974,APROVAR,0.0236,24,0.0,0.082,2197.6,24602.4,0.918,2,Não,0.037974
P003449,2,0.299824,NEGAR,0.035,60,0.21,0.21,13293.0,50007.0,0.79,3,Não,0.210771
P003450,5,0.091722,APROVAR,0.0282,48,0.21,0.21,9114.0,34286.0,0.79,0,Não,0.040816
P003451,10,0.032654,APROVAR,0.0227,24,0.0,0.3635,25445.0,44555.0,0.6365,5,Não,0.032654
P003452,8,0.050331,APROVAR,0.0247,24,0.0,0.4158,9563.4,13436.6,0.5842,2,Não,0.050331
P003453,3,0.158687,NEGAR,0.0336,60,0.21,0.21,8757.0,32943.0,0.79,3,Não,0.150437
P003454,9,0.039638,APROVAR,0.0236,48,0.0,0.2957,34212.49,81487.51,0.7043,5,Não,0.039638
P003455,1,0.334724,NEGAR,0.035,36,0.21,0.21,8253.0,31047.0,0.79,3,Sim,0.19565
P003456,9,0.039125,APROVAR,0.0236,24,0.0,0.5373,11820.6,10179.4,0.4627,3,Não,0.039125
P003457,5,0.094382,APROVAR,0.0282,48,0.21,0.21,4620.0,17380.0,0.79,2,Não,0.095557
P003458,5,0.097637,APROVAR,0.0282,60,0.21,0.3204,14514.12,30785.88,0.6796,8,Sim,0.097637
P003459,8,0.046367,APROVAR,0.0247,24,0.0,0.2481,10891.59,33008.41,0.7519,3,Não,0.046367
P003460,8,0.045622,APROVAR,0.0247,36,0.0,0.3622,24448.5,43051.5,0.6378,2,Não,0.045622
P003461,9,0.040973,APROVAR,0.0236,60,0.0,0.16,7200.0,37800.0,0.84,6,Sim,0.040973
P003462,3,0.158941,NEGAR,0.0336,36,0.21,0.4484,22330.32,27469.68,0.5516,2,Não,0.158941
P003463,10,0.028227,APROVAR,0.0227,36,0.0,0.0926,3000.24,29399.76,0.9074,12,Não,0.028227
P003464,1,0.587376,NEGAR,0.035,60,0.21,0.21,4620.0,17380.0,0.79,6,Sim,0.563633
P003465,4,0.142765,NEGAR,0.0303,48,0.21,0.4083,11105.76,16094.24,0.5917,6,Sim,0.142765
P003466,6,0.070155,APROVAR,0.0265,48,0.21,0.2367,5207.4,16792.6,0.7633,6,Não,0.070155
P003467,8,0.052771,APROVAR,0.0247,24,0.0,0.1397,6426.2,39573.8,0.8603,2,Não,0.052771
P003468,4,0.106757,NEGAR,0.0303,48,0.21,0.3261,14870.16,30729.84,0.6739,5,Não,0.106757
P003469,6,0.081266,APROVAR,0.0265,24,0.21,0.2625,7192.5,20207.5,0.7375,3,Não,0.081266
P003470,4,0.107733,NEGAR,0.0303,60,0.21,0.3765,18184.95,30115.05,0.6235,2,Não,0.107733
P003471,6,0.071717,APROVAR,0.0265,48,0.21,0.4546,36413.46,43686.54,0.5454,9,Não,0.071717
P003472,2,0.229885,NEGAR,0.035,48,0.21,0.2889,17622.9,43377.1,0.7111,4,Sim,0.229885
P003473,9,0.037975,APROVAR,0.0236,48,0.0,0.2,4780.0,19120.0,0.8,10,Não,0.037975
P003474,5,0.088363,APROVAR,0.0282,48,0.21,0.2297,15229.11,51070.89,0.7703,0,Não,0.088363
P003475,9,0.037148,APROVAR,0.0236,24,0.0,0.0972,4160.16,38639.84,0.9028,3,Não,0.037148
P003476,3,0.172961,NEGAR,0.0336,48,0.21,0.4502,21969.76,26830.24,0.5498,2,Não,0.172961
P003477,2,0.275316,NEGAR,0.035,48,0.21,0.21,4872.0,18328.0,0.79,6,Não,0.265506
P003478,7,0.057871,APROVAR,0.0256,48,0.0,0.5058,23013.9,22486.1,0.4942,1,Não,0.057871
P003479,1,0.314411,NEGAR,0.035,36,0.21,0.21,6636.0,24964.0,0.79,6,Não,0.300334
P003480,2,0.233849,NEGAR,0.035,24,0.21,0.21,9828.0,36972.0,0.79,2,Não,0.228298
P003481,1,0.390623,NEGAR,0.035,60,0.21,0.21,6972.0,26228.0,0.79,2,Não,0.3548
P003482,4,0.136168,NEGAR,0.0303,48,0.21,0.5786,45072.94,32827.06,0.4214,3,Não,0.136168
P003483,9,0.042455,APROVAR,0.0236,24,0.0,0.2054,7209.54,27890.46,0.7946,3,Não,0.042455
P003484,9,0.044035,APROVAR,0.0236,60,0.0,0.1009,10180.81,90719.19,0.8991,6,Não,0.044035
P003485,2,0.240395,NEGAR,0.035,60,0.21,0.3236,15273.92,31926.08,0.6764,6,Não,0.240395
P003486,7,0.054834,APROVAR,0.0256,36,0.0,0.034,2019.6,57380.4,0.966,4,Não,0.054834
P003487,4,0.110118,NEGAR,0.0303,60,0.21,0.75,30825.0,10275.0,0.25,3,Sim,0.110118
P003488,1,0.31492,NEGAR,0.035,48,0.21,0.2191,23684.71,84415.29,0.7809,1,Não,0.31492
P003489,3,0.195821,NEGAR,0.0336,24,0.21,0.21,5481.0,20619.0,0.79,3,Não,0.206687
P003490,9,0.042386,APROVAR,0.0236,48,0.0,0.0816,3125.28,35174.72,0.9184,5,Não,0.042386
P003491,8,0.049731,APROVAR,0.0247,36,0.0,0.2073,9349.23,35750.77,0.7927,6,Não,0.049731
P003492,10,0.032815,APROVAR,0.0227,36,0.0,0.1544,6407.6,35092.4,0.8456,1,Não,0.032815
P003493,10,0.035607,APROVAR,0.0227,60,0.0,0.3938,55919.6,86080.4,0.6062,4,Não,0.035607
P003494,9,0.042561,APROVAR,0.0236,60,0.0,0.1919,10017.18,42182.82,0.8081,7,Não,0.042561
P003495,7,0.056917,APROVAR,0.0256,48,0.0,0.1663,4157.5,20842.5,0.8337,7,Não,0.056917
P003496,4,0.142423,NEGAR,0.0303,48,0.21,0.21,4620.0,17380.0,0.79,12,Sim,0.121329
P003497,8,0.048746,APROVAR,0.0247,48,0.0,0.2739,8518.29,22581.71,0.7261,3,Sim,0.048746
P003498,10,0.036581,APROVAR,0.0227,24,0.0,0.1957,7025.63,28874.37,0.8043,3,Não,0.036581
P003499,7,0.066188,APROVAR,0.0256,60,0.0,0.1872,5896.8,25603.2,0.8128,8,Sim,0.066188
P003500,3,0.206115,NEGAR,0.0336,48,0.21,0.21,4620.0,17380.0,0.79,3,Não,0.206115
P003501,9,0.03828,APROVAR,0.0236,48,0.0,0.1932,19184.76,80115.24,0.8068,3,Não,0.03828
P003502,10,0.028461,APROVAR,0.0227,36,0.0,0.2031,10743.99,42156.01,0.7969,7,Sim,0.028461
P003503,4,0.119001,NEGAR,0.0303,48,0.21,0.21,8757.0,32943.0,0.79,5,Sim,0.065081
P003504,9,0.040904,APROVAR,0.0236,24,0.0,0.337,16074.9,31625.1,0.663,1,Sim,0.040904
P003505,10,0.033549,APROVAR,0.0227,48,0.0,0.6252,67709.16,40590.84,0.3748,5,Sim,0.033549
P003506,2,0.248157,NEGAR,0.035,48,0.21,0.21,8064.0,30336.0,0.79,9,Não,0.26074
P003507,7,0.062032,APROVAR,0.0256,24,0.0,0.2593,14131.85,40368.15,0.7407,1,Não,0.062032
P003508,3,0.17837,NEGAR,0.0336,60,0.21,0.21,12201.0,45899.0,0.79,4,Sim,0.17837
P003509,2,0.257805,NEGAR,0.035,60,0.21,0.21,11046.0,41554.0,0.79,8,Não,0.239069
P003510,10,0.035713,APROVAR,0.0227,24,0.0,0.2094,10030.26,37869.74,0.7906,9,Não,0.035713
P003511,4,0.108644,NEGAR,0.0303,36,0.21,0.21,9534.0,35866.0,0.79,8,Não,0.102206
P003512,3,0.157965,NEGAR,0.0336,36,0.21,0.21,7581.0,28519.0,0.79,4,Sim,0.16485
P003513,6,0.06776,APROVAR,0.0265,48,0.21,0.21,12684.0,47716.0,0.79,4,Não,0.070374
P003514,4,0.123585,NEGAR,0.0303,24,0.21,0.4444,15953.96,19946.04,0.5556,3,Não,0.123585
P003515,7,0.058843,APROVAR,0.0256,48,0.0,0.1779,5319.21,24580.79,0.8221,4,Não,0.058843
P003516,1,0.515704,NEGAR,0.035,48,0.21,0.5785,17355.0,12645.0,0.4215,4,Não,0.515704
P003517,10,0.027846,APROVAR,0.0227,60,0.0,0.4477,16833.52,20766.48,0.5523,3,Não,0.027846
P003518,7,0.055074,APROVAR,0.0256,48,0.0,0.2133,23676.3,87323.7,0.7867,1,Não,0.055074
P003519,1,0.344583,NEGAR,0.035,48,0.21,0.2463,5418.6,16581.4,0.7537,12,Não,0.344583
P003520,3,0.200154,NEGAR,0.0336,48,0.21,0.21,11004.0,41396.0,0.79,6,Não,0.09381
P003521,5,0.104559,APROVAR,0.0282,48,0.21,0.2467,12112.97,36987.03,0.7533,5,Não,0.104559
P003522,10,0.025547,APROVAR,0.0227,60,0.0,0.4577,11167.88,13232.12,0.5423,12,Não,0.025547
P003523,4,0.139131,NEGAR,0.0303,48,0.21,0.21,9786.0,36814.0,0.79,0,Não,0.116617
P003524,6,0.077187,APROVAR,0.0265,24,0.21,0.4514,16385.82,19914.18,0.5486,4,Não,0.077187
P003525,4,0.136334,NEGAR,0.0303,36,0.21,0.21,7371.0,27729.0,0.79,9,Não,0.161879
P003526,1,0.317183,NEGAR,0.035,24,0.21,0.21,10521.0,39579.0,0.79,5,Não,0.301153
P003527,9,0.043601,APROVAR,0.0236,36,0.0,0.2171,15587.78,56212.22,0.7829,1,Não,0.043601
P003528,3,0.180428,NEGAR,0.0336,24,0.21,0.2836,9273.72,23426.28,0.7164,4,Não,0.180428
P003529,3,0.181038,NEGAR,0.0336,60,0.21,0.3165,28358.4,61241.6,0.6835,1,Não,0.181038
P003530,10,0.028645,APROVAR,0.0227,36,0.0,0.1227,4184.07,29915.93,0.8773,5,Não,0.028645
P003531,10,0.036165,APROVAR,0.0227,24,0.0,0.2293,15821.7,53178.3,0.7707,1,Não,0.036165
P003532,8,0.052859,APROVAR,0.0247,48,0.0,0.1605,7543.5,39456.5,0.8395,10,Sim,0.052859
P003533,1,0.579496,NEGAR,0.035,24,0.21,0.21,6699.0,25201.0,0.79,11,Sim,0.541794
P003534,6,0.066746,APROVAR,0.0265,48,0.21,0.21,10416.0,39184.0,0.79,10,Não,0.064889
P003535,10,0.03527,APROVAR,0.0227,36,0.0,0.3442,18139.34,34560.66,0.6558,3,Não,0.03527
P003536,9,0.039864,APROVAR,0.0236,48,0.0,0.3664,17440.64,30159.36,0.6336,1,Não,0.039864
P003537,3,0.1961,NEGAR,0.0336,48,0.21,0.21,4620.0,17380.0,0.79,1,Sim,0.196566
P003538,8,0.048304,APROVAR,0.0247,36,0.0,0.3075,13284.0,29916.0,0.6925,5,Não,0.048304
P003539,1,0.516765,NEGAR,0.035,60,0.21,0.4286,19201.28,25598.72,0.5714,5,Não,0.516765
P003540,2,0.295113,NEGAR,0.035,48,0.21,0.2913,10515.93,25584.07,0.7087,4,Não,0.295113
P003541,1,0.526967,NEGAR,0.035,48,0.21,0.21,4620.0,17380.0,0.79,8,Sim,0.433902
P003542,9,0.04251,APROVAR,0.0236,24,0.0,0.2039,12091.27,47208.73,0.7961,8,Não,0.04251
P003543,6,0.070674,APROVAR,0.0265,60,0.21,0.21,6594.0,24806.0,0.79,12,Não,0.07268
P003544,4,0.111279,NEGAR,0.0303,36,0.21,0.4917,22864.05,23635.95,0.5083,6,Não,0.111279
P003545,2,0.297178,NEGAR,0.035,48,0.21,0.2703,5946.6,16053.4,0.7297,4,Sim,0.297178
P003546,5,0.085962,APROVAR,0.0282,36,0.21,0.4823,15819.44,16980.56,0.5177,3,Não,0.085962
P003547,1,0.598351,NEGAR,0.035,60,0.21,0.4299,13971.75,18528.25,0.5701,7,Não,0.598351
P003548,1,0.316508,NEGAR,0.035,60,0.21,0.21,5733.0,21567.0,0.79,9,Sim,0.286328
P003549,5,0.105959,APROVAR,0.0282,48,0.21,0.2638,5803.6,16196.4,0.7362,1,Não,0.105959
P003550,6,0.08046,APROVAR,0.0265,24,0.21,0.21,14910.0,56090.0,0.79,10,Não,0.039401
P003551,10,0.028527,APROVAR,0.0227,36,0.0,0.4117,25731.25,36768.75,0.5883,1,Sim,0.028527
P003552,1,0.471603,NEGAR,0.035,60,0.21,0.21,7245.0,27255.0,0.79,6,Sim,0.492204
P003553,1,0.308477,NEGAR,0.035,60,0.21,0.3331,11258.78,22541.22,0.6669,6,Sim,0.308477
P003554,8,0.047285,APROVAR,0.0247,24,0.0,0.3028,11900.04,27399.96,0.6972,4,Não,0.047285
P003555,3,0.187229,NEGAR,0.0336,24,0.21,0.21,4620.0,17380.0,0.79,8,Não,0.188759
P003556,3,0.17327,NEGAR,0.0336,60,0.21,0.21,6279.0,23621.0,0.79,1,Sim,0.173479
P003557,9,0.044036,APROVAR,0.0236,24,0.0,0.1484,9364.04,53735.96,0.8516,8,Não,0.044036
P003558,3,0.180878,NEGAR,0.0336,36,0.21,0.2677,15392.75,42107.25,0.7323,1,Não,0.180878
P003559,5,0.092828,APROVAR,0.0282,48,0.21,0.21,12579.0,47321.0,0.79,6,Não,0.096178
P003560,10,0.027295,APROVAR,0.0227,36,0.0,0.1212,5344.92,38755.08,0.8788,3,Não,0.027295
P003561,3,0.156681,NEGAR,0.0336,48,0.21,0.21,7161.0,26939.0,0.79,2,Sim,0.16582
P003562,7,0.056667,APROVAR,0.0256,36,0.0,0.1834,5850.46,26049.54,0.8166,7,Não,0.056667
P003563,6,0.071571,APROVAR,0.0265,36,0.21,0.2774,14924.12,38875.88,0.7226,5,Sim,0.071571
P003564,5,0.096285,APROVAR,0.0282,60,0.21,0.2869,6311.8,15688.2,0.7131,5,Não,0.096285
P003565,1,0.541409,NEGAR,0.035,36,0.21,0.2742,6032.4,15967.6,0.7258,2,Sim,0.541409
P003566,2,0.228081,NEGAR,0.035,48,0.21,0.21,4620.0,17380.0,0.79,12,Não,0.150699
P003567,9,0.041941,APROVAR,0.0236,36,0.0,0.0464,2255.04,46344.96,0.9536,2,Não,0.041941
P003568,8,0.049894,APROVAR,0.0247,24,0.0,0.3842,14061.72,22538.28,0.6158,2,Não,0.049894
P003569,5,0.101548,APROVAR,0.0282,48,0.21,0.21,11802.0,44398.0,0.79,3,Não,0.093773
P003570,1,0.320886,NEGAR,0.035,60,0.21,0.21,6468.0,24332.0,0.79,7,Sim,0.274712
P003571,4,0.141698,NEGAR,0.0303,36,0.21,0.21,4620.0,17380.0,0.79,7,Sim,0.126613
P003572,5,0.091102,APROVAR,0.0282,48,0.21,0.5634,12394.8,9605.2,0.4366,12,Não,0.091102
P003573,9,0.044147,APROVAR,0.0236,48,0.0,0.1026,3467.88,30332.12,0.8974,9,Não,0.044147
P003574,1,0.335909,NEGAR,0.035,48,0.21,0.2466,5425.2,16574.8,0.7534,9,Não,0.335909
P003575,6,0.072007,APROVAR,0.0265,60,0.21,0.2813,8439.0,21561.0,0.7187,5,Não,0.072007
P003576,7,0.063303,APROVAR,0.0256,36,0.0,0.2533,15552.62,45847.38,0.7467,7,Não,0.063303
P003577,1,0.317843,NEGAR,0.035,36,0.21,0.2567,6494.51,18805.49,0.7433,9,Sim,0.317843
P003578,2,0.246808,NEGAR,0.035,24,0.21,0.3728,8201.6,13798.4,0.6272,7,Não,0.246808
P003579,9,0.044428,APROVAR,0.0236,36,0.0,0.152,3845.6,21454.4,0.848,9,Não,0.044428
P003580,3,0.156831,NEGAR,0.0336,48,0.21,0.21,6867.0,25833.0,0.79,5,Não,0.156831
P003581,3,0.200781,NEGAR,0.0336,24,0.21,0.21,10647.0,40053.0,0.79,4,Não,0.184822
P003582,7,0.054388,APROVAR,0.0256,48,0.0,0.2733,16316.01,43383.99,0.7267,1,Não,0.054388
P003583,10,0.028132,APROVAR,0.0227,48,0.0,0.1546,5380.08,29419.92,0.8454,5,Não,0.028132
P003584,1,0.777143,NEGAR,0.035,60,0.21,0.3098,8178.72,18221.28,0.6902,3,Sim,0.777143
P003585,8,0.049771,APROVAR,0.0247,24,0.0,0.1591,5743.51,30356.49,0.8409,2,Não,0.049771
P003586,1,0.320896,NEGAR,0.035,60,0.21,0.21,4620.0,17380.0,0.79,1,Não,0.279196
P003587,5,0.086317,APROVAR,0.0282,24,0.21,0.21,7539.0,28361.0,0.79,1,Sim,0.078614
P003588,6,0.076151,APROVAR,0.0265,36,0.21,0.21,6111.0,22989.0,0.79,5,Não,0.049549
P003589,7,0.059596,APROVAR,0.0256,60,0.0,0.1539,7771.95,42728.05,0.8461,7,Não,0.059596
P003590,8,0.050972,APROVAR,0.0247,48,0.0,0.0628,2028.44,30271.56,0.9372,2,Não,0.050972
P003591,1,0.387803,NEGAR,0.035,60,0.21,0.4392,9662.4,12337.6,0.5608,5,Não,0.387803
P003592,9,0.03734,APROVAR,0.0236,24,0.0,0.389,25440.6,39959.4,0.611,3,Sim,0.03734
P003593,1,0.529011,NEGAR,0.035,60,0.21,0.21,8505.0,31995.0,0.79,2,Não,0.472583
P003594,2,0.243151,NEGAR,0.035,36,0.21,0.2122,4965.48,18434.52,0.7878,6,Não,0.243151
P003595,8,0.053521,APROVAR,0.0247,48,0.0,0.3629,37451.28,65748.72,0.6371,3,Não,0.053521
P003596,1,0.375589,NEGAR,0.035,48,0.21,0.21,4620.0,17380.0,0.79,8,Não,0.284655
P003597,1,0.374092,NEGAR,0.035,36,0.21,0.2866,6305.2,15694.8,0.7134,9,Não,0.374092
P003598,10,0.032614,APROVAR,0.0227,48,0.0,0.3939,11501.88,17698.12,0.6061,0,Não,0.032614
P003599,10,0.023895,APROVAR,0.0227,60,0.0,0.5122,40924.78,38975.22,0.4878,1,Não,0.023895
P003600,1,0.566465,NEGAR,0.035,48,0.21,0.2107,10556.07,39543.93,0.7893,5,Sim,0.566465
P003601,6,0.082731,APROVAR,0.0265,24,0.21,0.4169,14674.88,20525.12,0.5831,7,Não,0.082731
P003602,10,0.033209,APROVAR,0.0227,48,0.0,0.2459,9516.33,29183.67,0.7541,2,Sim,0.033209
P003603,2,0.247585,NEGAR,0.035,48,0.21,0.3529,9634.17,17665.83,0.6471,4,Sim,0.247585
P003604,1,0.336433,NEGAR,0.035,48,0.21,0.2355,5181.0,16819.0,0.7645,10,Sim,0.336433
P003605,1,0.312038,NEGAR,0.035,48,0.21,0.21,5733.0,21567.0,0.79,3,Não,0.339492
P003606,3,0.162917,NEGAR,0.0336,36,0.21,0.21,4620.0,17380.0,0.79,12,Sim,0.16324
P003607,2,0.23156,NEGAR,0.035,48,0.21,0.21,13692.0,51508.0,0.79,7,Não,0.2055
P003608,1,0.405124,NEGAR,0.035,48,0.21,0.3306,10843.68,21956.32,0.6694,5,Sim,0.405124
P003609,4,0.122822,NEGAR,0.0303,24,0.21,0.4885,20663.55,21636.45,0.5115,0,Não,0.122822
P003610,6,0.069514,APROVAR,0.0265,36,0.21,0.2148,17527.68,64072.32,0.7852,1,Não,0.069514
P003611,8,0.051039,APROVAR,0.0247,36,0.0,0.0746,2819.88,34980.12,0.9254,1,Não,0.051039
P003612,8,0.049752,APROVAR,0.0247,60,0.0,0.132,7418.4,48781.6,0.868,1,Não,0.049752
P003613,2,0.286365,NEGAR,0.035,60,0.21,0.21,5628.0,21172.0,0.79,6,Não,0.299062
P003614,9,0.043988,APROVAR,0.0236,48,0.0,0.2069,7158.74,27441.26,0.7931,1,Não,0.043988
P003615,10,0.030422,APROVAR,0.0227,36,0.0,0.2927,14283.76,34516.24,0.7073,4,Sim,0.030422
P003616,1,0.541,NEGAR,0.035,48,0.21,0.2505,5511.0,16489.0,0.7495,5,Não,0.541
P003617,2,0.231495,NEGAR,0.035,60,0.21,0.21,6636.0,24964.0,0.79,2,Não,0.239751
P003618,2,0.293321,NEGAR,0.035,48,0.21,0.21,13608.0,51192.0,0.79,3,Não,0.301878
P003619,5,0.099724,APROVAR,0.0282,60,0.21,0.3366,14776.74,29123.26,0.6634,3,Não,0.099724
P003620,2,0.212086,NEGAR,0.035,60,0.21,0.2601,10430.01,29669.99,0.7399,7,Não,0.212086
P003621,3,0.190541,NEGAR,0.0336,48,0.21,0.3124,8559.76,18840.24,0.6876,4,Sim,0.190541
P003622,3,0.187311,NEGAR,0.0336,48,0.21,0.2696,9112.48,24687.52,0.7304,1,Não,0.187311
P003623,10,0.034685,APROVAR,0.0227,24,0.0,0.4145,25325.95,35774.05,0.5855,1,Sim,0.034685
P003624,1,0.370508,NEGAR,0.035,60,0.21,0.21,9408.0,35392.0,0.79,3,Sim,0.25341
P003625,10,0.032466,APROVAR,0.0227,24,0.0,0.2757,13040.61,34259.39,0.7243,2,Não,0.032466
P003626,8,0.051835,APROVAR,0.0247,60,0.0,0.0723,2754.63,35345.37,0.9277,5,Não,0.051835
P003627,3,0.200012,NEGAR,0.0336,24,0.21,0.2794,6146.8,15853.2,0.7206,1,Não,0.200012
P003628,1,0.601407,NEGAR,0.035,60,0.21,0.21,10122.0,38078.0,0.79,7,Não,0.568227
P003629,2,0.266543,NEGAR,0.035,48,0.21,0.3643,8014.6,13985.4,0.6357,6,Não,0.266543
P003630,6,0.08248,APROVAR,0.0265,60,0.21,0.21,6027.0,22673.0,0.79,9,Não,0.069414
P003631,4,0.131527,NEGAR,0.0303,24,0.21,0.2789,6135.8,15864.2,0.7211,4,Sim,0.131527
P003632,10,0.017513,APROVAR,0.0227,60,0.0,0.3667,22368.7,38631.3,0.6333,12,Não,0.017513
P003633,4,0.121183,NEGAR,0.0303,60,0.21,0.21,4620.0,17380.0,0.79,3,Não,0.121183
P003634,6,0.072639,APROVAR,0.0265,24,0.21,0.2218,18387.22,64512.78,0.7782,1,Não,0.072639
P003635,3,0.18669,NEGAR,0.0336,48,0.21,0.21,8211.0,30889.0,0.79,3,Não,0.158165
P003636,1,0.343077,NEGAR,0.035,60,0.21,0.21,4620.0,17380.0,0.79,8,Sim,0.343914
P003637,3,0.153534,NEGAR,0.0336,48,0.21,0.21,6909.0,25991.0,0.79,9,Não,0.162006
P003638,4,0.141936,NEGAR,0.0303,24,0.21,0.21,5901.0,22199.0,0.79,1,Não,0.104139
P003639,7,0.056659,APROVAR,0.0256,36,0.0,0.2037,5988.78,23411.22,0.7963,12,Não,0.056659
P003640,1,0.3626,NEGAR,0.035,48,0.21,0.277,6094.0,15906.0,0.723,2,Não,0.3626
P003641,2,0.290163,NEGAR,0.035,48,0.21,0.21,5124.0,19276.0,0.79,2,Não,0.289359
P003642,7,0.063,APROVAR,0.0256,48,0.0,0.0802,5533.8,63466.2,0.9198,7,Não,0.063
P003643,2,0.249032,NEGAR,0.035,60,0.21,0.2477,5449.4,16550.6,0.7523,5,Não,0.249032
P003644,4,0.111912,NEGAR,0.0303,48,0.21,0.2387,5251.4,16748.6,0.7613,2,Não,0.111912
P003645,1,0.560185,NEGAR,0.035,60,0.21,0.21,4620.0,17380.0,0.79,7,Sim,0.508055
P003646,2,0.274825,NEGAR,0.035,60,0.21,0.21,9975.0,37525.0,0.79,7,Não,0.270566
P003647,8,0.044914,APROVAR,0.0247,48,0.0,0.3886,21839.32,34360.68,0.6114,7,Não,0.044914
P003648,2,0.271911,NEGAR,0.035,60,0.21,0.21,11865.0,44635.0,0.79,1,Sim,0.20246
P003649,6,0.077014,APROVAR,0.0265,24,0.21,0.21,9618.0,36182.0,0.79,8,Não,0.0465
P003650,9,0.044432,APROVAR,0.0236,36,0.0,0.1285,13775.2,93424.8,0.8715,1,Não,0.044432
P003651,8,0.046532,APROVAR,0.0247,36,0.0,0.1424,5881.12,35418.88,0.8576,6,Não,0.046532
P003652,6,0.083434,APROVAR,0.0265,60,0.21,0.21,17430.0,65570.0,0.79,0,Não,0.077985
P003653,9,0.042979,APROVAR,0.0236,48,0.0,0.3556,13014.96,23585.04,0.6444,1,Não,0.042979
P003654,5,0.101135,APROVAR,0.0282,36,0.21,0.21,6741.0,25359.0,0.79,1,Não,0.107523
P003655,2,0.244069,NEGAR,0.035,48,0.21,0.21,7308.0,27492.0,0.79,3,Sim,0.283048
P003656,3,0.175792,NEGAR,0.0336,48,0.21,0.21,7035.0,26465.0,0.79,4,Sim,0.204355
P003657,2,0.25436,NEGAR,0.035,36,0.21,0.21,9954.0,37446.0,0.79,1,Não,0.256052
P003658,10,0.035798,APROVAR,0.0227,36,0.0,0.2639,10503.22,29296.78,0.7361,8,Não,0.035798
P003659,2,0.275714,NEGAR,0.035,60,0.21,0.21,12117.0,45583.0,0.79,1,Sim,0.114013
P003660,10,0.032171,APROVAR,0.0227,60,0.0,0.2406,11524.74,36375.26,0.7594,3,Não,0.032171
P003661,8,0.045739,APROVAR,0.0247,48,0.0,0.3249,7147.8,14852.2,0.6751,2,Não,0.045739
P003662,9,0.042933,APROVAR,0.0236,36,0.0,0.2131,16707.04,61692.96,0.7869,1,Não,0.042933
P003663,2,0.280688,NEGAR,0.035,48,0.21,0.21,5817.0,21883.0,0.79,5,Sim,0.278991
P003664,7,0.062306,APROVAR,0.0256,36,0.0,0.1643,15756.37,80143.63,0.8357,3,Não,0.062306
P003665,6,0.068215,APROVAR,0.0265,48,0.21,0.21,11298.0,42502.0,0.79,2,Não,0.068062
P003666,10,0.030575,APROVAR,0.0227,24,0.0,0.3463,15756.65,29743.35,0.6537,12,Não,0.030575
P003667,5,0.097822,APROVAR,0.0282,48,0.21,0.21,9429.0,35471.0,0.79,6,Não,0.094062
P003668,4,0.122128,NEGAR,0.0303,60,0.21,0.4764,10480.8,11519.2,0.5236,5,Não,0.122128
P003669,6,0.078981,APROVAR,0.0265,24,0.21,0.21,16044.0,60356.0,0.79,6,Não,0.062316
P003670,3,0.172723,NEGAR,0.0336,36,0.21,0.566,40808.6,31291.4,0.434,1,Não,0.172723
P003671,10,0.032577,APROVAR,0.0227,36,0.0,0.3126,19412.46,42687.54,0.6874,7,Não,0.032577
P003672,1,0.327019,NEGAR,0.035,60,0.21,0.21,4620.0,17380.0,0.79,3,Não,0.3283
P003673,8,0.052406,APROVAR,0.0247,36,0.0,0.1882,6342.34,27357.66,0.8118,3,Não,0.052406
P003674,6,0.077819,APROVAR,0.0265,36,0.21,0.21,10038.0,37762.0,0.79,9,Não,0.045031
P003675,6,0.082345,APROVAR,0.0265,60,0.21,0.21,7119.0,26781.0,0.79,5,Sim,0.081961
P003676,2,0.249592,NEGAR,0.035,48,0.21,0.4195,9229.0,12771.0,0.5805,3,Sim,0.249592
P003677,6,0.072144,APROVAR,0.0265,24,0.21,0.21,4620.0,17380.0,0.79,1,Não,0.06836
P003678,3,0.194393,NEGAR,0.0336,60,0.21,0.4192,18360.96,25439.04,0.5808,12,Sim,0.194393
P003679,2,0.210654,NEGAR,0.035,24,0.21,0.21,6132.0,23068.0,0.79,1,Sim,0.2166
P003680,7,0.060256,APROVAR,0.0256,60,0.0,0.4612,22183.72,25916.28,0.5388,4,Não,0.060256
P003681,6,0.075942,APROVAR,0.0265,48,0.21,0.3342,10360.2,20639.8,0.6658,7,Não,0.075942
P003682,2,0.259196,NEGAR,0.035,60,0.21,0.3089,20047.61,44852.39,0.6911,4,Não,0.259196
P003683,9,0.041404,APROVAR,0.0236,48,0.0,0.3648,11600.64,20199.36,0.6352,6,Não,0.041404
P003684,10,0.035846,APROVAR,0.0227,36,0.0,0.6704,67710.4,33289.6,0.3296,7,Não,0.035846
P003685,1,0.717079,NEGAR,0.035,48,0.21,0.21,13230.0,49770.0,0.79,1,Sim,0.546914
P003686,6,0.069178,APROVAR,0.0265,36,0.21,0.2594,13229.4,37770.6,0.7406,8,Não,0.069178
P003687,10,0.028095,APROVAR,0.0227,24,0.0,0.0812,5570.32,63029.68,0.9188,1,Sim,0.028095
P003688,7,0.065715,APROVAR,0.0256,36,0.0,0.1598,6280.14,33019.86,0.8402,2,Não,0.065715
P003689,4,0.133578,NEGAR,0.0303,36,0.21,0.2877,9235.17,22864.83,0.7123,12,Não,0.133578
P003690,2,0.239,NEGAR,0.035,48,0.21,0.4705,14632.55,16467.45,0.5295,5,Não,0.239
P003691,1,0.36321,NEGAR,0.035,60,0.21,0.21,4620.0,17380.0,0.79,10,Não,0.263821
P003692,4,0.125862,NEGAR,0.0303,48,0.21,0.2938,6463.6,15536.4,0.7062,6,Sim,0.125862
P003693,2,0.219865,NEGAR,0.035,24,0.21,0.2189,10135.07,36164.93,0.7811,7,Não,0.219865
P003694,3,0.202578,NEGAR,0.0336,48,0.21,0.21,4620.0,17380.0,0.79,2,Não,0.206706
P003695,10,0.029862,APROVAR,0.0227,36,0.0,0.3291,10004.64,20395.36,0.6709,3,Não,0.029862
P003696,1,0.30855,NEGAR,0.035,48,0.21,0.21,8736.0,32864.0,0.79,3,Não,0.222703
P003697,10,0.02929,APROVAR,0.0227,60,0.0,0.1049,9031.89,77068.11,0.8951,4,Não,0.02929
P003698,1,0.445583,NEGAR,0.035,36,0.21,0.21,4620.0,17380.0,0.79,3,Não,0.412718
P003699,3,0.177642,NEGAR,0.0336,48,0.21,0.2168,21614.96,78085.04,0.7832,3,Não,0.177642
P003700,6,0.075995,APROVAR,0.0265,48,0.21,0.2876,23813.28,58986.72,0.7124,7,Não,0.075995
P003701,4,0.128676,NEGAR,0.0303,48,0.21,0.2201,19390.81,68709.19,0.7799,3,Não,0.128676
P003702,10,0.033333,APROVAR,0.0227,36,0.0,0.2458,6587.44,20212.56,0.7542,7,Não,0.033333
P003703,3,0.209568,NEGAR,0.0336,48,0.21,0.21,4620.0,17380.0,0.79,2,Não,0.209568
P003704,2,0.23068,NEGAR,0.035,48,0.21,0.2504,8688.88,26011.12,0.7496,4,Não,0.23068
P003705,5,0.08544,APROVAR,0.0282,60,0.21,0.4893,12281.43,12818.57,0.5107,4,Não,0.08544
P003706,9,0.041019,APROVAR,0.0236,48,0.0,0.4334,16469.2,21530.8,0.5666,1,Não,0.041019
P003707,4,0.115633,NEGAR,0.0303,24,0.21,0.21,4620.0,17380.0,0.79,8,Não,0.118747
P003708,5,0.101021,APROVAR,0.0282,60,0.21,0.2953,15089.83,36010.17,0.7047,2,Sim,0.101021
P003709,1,0.632672,NEGAR,0.035,36,0.21,0.21,7518.0,28282.0,0.79,8,Não,0.643198
P003710,6,0.068723,APROVAR,0.0265,48,0.21,0.21,6447.0,24253.0,0.79,12,Não,0.071664
P003711,3,0.199032,NEGAR,0.0336,48,0.21,0.2236,7848.36,27251.64,0.7764,5,Não,0.199032
P003712,1,0.569584,NEGAR,0.035,36,0.21,0.21,4620.0,17380.0,0.79,5,Sim,0.449096
P003713,3,0.204683,NEGAR,0.0336,48,0.21,0.4251,33157.8,44842.2,0.5749,2,Não,0.204683
P003714,4,0.135935,NEGAR,0.0303,60,0.21,0.21,5187.0,19513.0,0.79,6,Sim,0.135935
P003715,5,0.084842,APROVAR,0.0282,36,0.21,0.21,21588.0,81212.0,0.79,12,Não,0.084895
P003716,10,0.025968,APROVAR,0.0227,48,0.0,0.4498,21950.24,26849.76,0.5502,4,Não,0.025968
P003717,3,0.153165,NEGAR,0.0336,60,0.21,0.21,14217.0,53483.0,0.79,4,Sim,0.155113
P003718,6,0.071716,APROVAR,0.0265,36,0.21,0.21,7539.0,28361.0,0.79,3,Não,0.040428
P003719,1,0.423257,NEGAR,0.035,60,0.21,0.2591,5700.2,16299.8,0.7409,3,Não,0.423257
P003720,3,0.177572,NEGAR,0.0336,48,0.21,0.4779,11374.02,12425.98,0.5221,10,Não,0.177572
P003721,2,0.231313,NEGAR,0.035,36,0.21,0.3088,14390.08,32209.92,0.6912,2,Não,0.231313
P003722,1,0.34692,NEGAR,0.035,24,0.21,0.2868,6883.2,17116.8,0.7132,9,Não,0.34692
P003723,3,0.170753,NEGAR,0.0336,24,0.21,0.21,8778.0,33022.0,0.79,3,Sim,0.140265
P003724,8,0.051138,APROVAR,0.0247,48,0.0,0.1677,4192.5,20807.5,0.8323,7,Não,0.051138
P003725,9,0.043792,APROVAR,0.0236,36,0.0,0.1215,3742.2,27057.8,0.8785,6,Não,0.043792
P003726,8,0.04763,APROVAR,0.0247,60,0.0,0.1501,6589.39,37310.61,0.8499,6,Não,0.04763
P003727,9,0.039888,APROVAR,0.0236,36,0.0,0.2487,10669.23,32230.77,0.7513,1,Não,0.039888
P003728,2,0.233718,NEGAR,0.035,36,0.21,0.21,4620.0,17380.0,0.79,2,Sim,0.231001
P003729,1,0.632368,NEGAR,0.035,48,0.21,0.221,4862.0,17138.0,0.779,3,Não,0.632368
P003730,1,0.694466,NEGAR,0.035,60,0.21,0.21,4620.0,17380.0,0.79,8,Não,0.569983
P003731,2,0.226383,NEGAR,0.035,24,0.21,0.21,7098.0,26702.0,0.79,9,Sim,0.256783
P003732,1,0.476878,NEGAR,0.035,60,0.21,0.2271,6949.26,23650.74,0.7729,1,Sim,0.476878
P003733,8,0.045226,APROVAR,0.0247,48,0.0,0.1411,5107.82,31092.18,0.8589,5,Não,0.045226
P003734,5,0.089023,APROVAR,0.0282,24,0.21,0.21,6468.0,24332.0,0.79,8,Sim,0.054462
P003735,4,0.134796,NEGAR,0.0303,24,0.21,0.21,10920.0,41080.0,0.79,4,Não,0.13099
P003736,4,0.124152,NEGAR,0.0303,60,0.21,0.244,7246.8,22453.2,0.756,3,Não,0.124152
P003737,10,0.03107,APROVAR,0.0227,48,0.0,0.2819,17139.52,43660.48,0.7181,2,Não,0.03107
P003738,7,0.058987,APROVAR,0.0256,60,0.0,0.2442,7252.74,22447.26,0.7558,5,Não,0.058987
P003739,10,0.031489,APROVAR,0.0227,60,0.0,0.3394,17648.8,34351.2,0.6606,2,Não,0.031489
P003740,4,0.133847,NEGAR,0.0303,48,0.21,0.21,4620.0,17380.0,0.79,0,Não,0.120633
P003741,10,0.030367,APROVAR,0.0227,36,0.0,0.2734,20340.96,54059.04,0.7266,2,Não,0.030367
P003742,7,0.058916,APROVAR,0.0256,60,0.0,0.1717,7451.78,35948.22,0.8283,4,Sim,0.058916
P003743,2,0.298575,NEGAR,0.035,24,0.21,0.21,5061.0,19039.0,0.79,2,Não,0.298575
P003744,4,0.12803,NEGAR,0.0303,48,0.21,0.4384,19114.24,24485.76,0.5616,8,Não,0.12803
P003745,7,0.061907,APROVAR,0.0256,36,0.0,0.0629,4050.76,60349.24,0.9371,3,Não,0.061907
P003746,2,0.236142,NEGAR,0.035,60,0.21,0.4071,19703.64,28696.36,0.5929,3,Não,0.236142
P003747,2,0.244617,NEGAR,0.035,36,0.21,0.21,8568.0,32232.0,0.79,4,Não,0.161046
P003748,5,0.100649,APROVAR,0.0282,24,0.21,0.3593,10383.77,18516.23,0.6407,7,Não,0.100649
P003749,2,0.221378,NEGAR,0.035,24,0.21,0.3377,7429.4,14570.6,0.6623,9,Não,0.221378
P003750,7,0.065701,APROVAR,0.0256,60,0.0,0.2178,7884.36,28315.64,0.7822,5,Não,0.065701
P003751,9,0.041823,APROVAR,0.0236,36,0.0,0.354,14195.4,25904.6,0.646,2,Não,0.041823
P003752,2,0.215156,NEGAR,0.035,60,0.21,0.21,4620.0,17380.0,0.79,4,Não,0.221201
P003753,10,0.034532,APROVAR,0.0227,48,0.0,0.1444,10151.32,60148.68,0.8556,1,Não,0.034532
P003754,10,0.022156,APROVAR,0.0227,36,0.0,0.487,32385.5,34114.5,0.513,2,Sim,0.022156
P003755,1,0.309694,NEGAR,0.035,36,0.21,0.4626,10177.2,11822.8,0.5374,3,Não,0.309694
P003756,1,0.555991,NEGAR,0.035,60,0.21,0.6673,14680.6,7319.4,0.3327,9,Não,0.555991
P003757,2,0.246313,NEGAR,0.035,60,0.21,0.4252,10715.04,14484.96,0.5748,3,Não,0.246313
P003758,4,0.110551,NEGAR,0.0303,24,0.21,0.2961,6662.25,15837.75,0.7039,9,Não,0.110551
P003759,1,0.422602,NEGAR,0.035,48,0.21,0.2524,5931.4,17568.6,0.7476,6,Não,0.422602
P003760,8,0.053112,APROVAR,0.0247,60,0.0,0.2581,6891.27,19808.73,0.7419,6,Não,0.053112
P003761,1,0.317395,NEGAR,0.035,48,0.21,0.21,8904.0,33496.0,0.79,7,Não,0.304216
P003762,2,0.296057,NEGAR,0.035,48,0.21,0.21,4620.0,17380.0,0.79,6,Não,0.270512
P003763,9,0.038953,APROVAR,0.0236,24,0.0,0.363,13866.6,24333.4,0.637,1,Não,0.038953
P003764,8,0.048935,APROVAR,0.0247,36,0.0,0.1563,5079.75,27420.25,0.8437,5,Não,0.048935
P003765,2,0.210051,NEGAR,0.035,60,0.21,0.21,15603.0,58697.0,0.79,6,Não,0.212701
P003766,8,0.05165,APROVAR,0.0247,48,0.0,0.1888,4248.0,18252.0,0.8112,1,Não,0.05165
P003767,2,0.24796,NEGAR,0.035,60,0.21,0.6305,21184.8,12415.2,0.3695,3,Não,0.24796
P003768,8,0.050048,APROVAR,0.0247,48,0.0,0.0999,3356.64,30243.36,0.9001,4,Sim,0.050048
P003769,4,0.137779,NEGAR,0.0303,48,0.21,0.21,6405.0,24095.0,0.79,8,Não,0.137779
P003770,3,0.187787,NEGAR,0.0336,36,0.21,0.21,12243.0,46057.0,0.79,6,Sim,0.104063
P003771,6,0.073298,APROVAR,0.0265,48,0.21,0.5251,18010.93,16289.07,0.4749,3,Não,0.073298
P003772,3,0.143424,NEGAR,0.0336,24,0.21,0.21,10038.0,37762.0,0.79,2,Não,0.14295
P003773,10,0.031375,APROVAR,0.0227,48,0.0,0.1993,11718.84,47081.16,0.8007,6,Não,0.031375
P003774,10,0.034078,APROVAR,0.0227,24,0.0,0.7052,22848.48,9551.52,0.2948,6,Não,0.034078
P003775,1,0.68648,NEGAR,0.035,60,0.21,0.3867,8507.4,13492.6,0.6133,3,Não,0.68648
P003776,4,0.110402,NEGAR,0.0303,48,0.21,0.21,11130.0,41870.0,0.79,11,Não,0.064898
P003777,9,0.043631,APROVAR,0.0236,48,0.0,0.2912,36108.8,87891.2,0.7088,2,Não,0.043631
P003778,1,0.532927,NEGAR,0.035,48,0.21,0.21,5796.0,21804.0,0.79,3,Não,0.532927
P003779,7,0.055977,APROVAR,0.0256,48,0.0,0.1376,4444.48,27855.52,0.8624,2,Não,0.055977
P003780,3,0.143408,NEGAR,0.0336,48,0.21,0.21,8652.0,32548.0,0.79,1,Não,0.097396
P003781,1,0.460745,NEGAR,0.035,48,0.21,0.21,4620.0,17380.0,0.79,5,Não,0.460745
P003782,9,0.044434,APROVAR,0.0236,36,0.0,0.3727,8311.21,13988.79,0.6273,1,Não,0.044434
P003783,10,0.023781,APROVAR,0.0227,36,0.0,0.0949,4441.32,42358.68,0.9051,3,Não,0.023781
P003784,5,0.096296,APROVAR,0.0282,48,0.21,0.21,9744.0,36656.0,0.79,6,Sim,0.086771
P003785,2,0.239408,NEGAR,0.035,60,0.21,0.21,4620.0,17380.0,0.79,5,Sim,0.26625
P003786,2,0.262315,NEGAR,0.035,36,0.21,0.21,7665.0,28835.0,0.79,4,Não,0.201862
P003787,7,0.063424,APROVAR,0.0256,36,0.0,0.057,2371.2,39228.8,0.943,3,Sim,0.063424
P003788,1,0.413682,NEGAR,0.035,60,0.21,0.21,15330.0,57670.0,0.79,0,Sim,0.258717
P003789,7,0.064623,APROVAR,0.0256,24,0.0,0.5036,12036.04,11863.96,0.4964,5,Não,0.064623
P003790,1,0.417948,NEGAR,0.035,48,0.21,0.21,4620.0,17380.0,0.79,4,Sim,0.410193
P003791,6,0.07835,APROVAR,0.0265,24,0.21,0.4923,14227.47,14672.53,0.5077,2,Não,0.07835
P003792,9,0.042961,APROVAR,0.0236,60,0.0,0.305,11803.5,26896.5,0.695,2,Não,0.042961
P003793,8,0.045097,APROVAR,0.0247,60,0.0,0.1503,10340.64,58459.36,0.8497,4,Não,0.045097
P003794,1,0.484416,NEGAR,0.035,60,0.21,0.21,10815.0,40685.0,0.79,5,Não,0.478748
P003795,5,0.087868,APROVAR,0.0282,48,0.21,0.21,5124.0,19276.0,0.79,2,Não,0.088756
P003796,3,0.158123,NEGAR,0.0336,48,0.21,0.2272,6566.08,22333.92,0.7728,4,Sim,0.158123
P003797,5,0.090045,APROVAR,0.0282,60,0.21,0.4174,30261.5,42238.5,0.5826,7,Não,0.090045
P003798,8,0.050217,APROVAR,0.0247,24,0.0,0.2708,5957.6,16042.4,0.7292,3,Não,0.050217
P003799,6,0.069066,APROVAR,0.0265,48,0.21,0.3122,6868.4,15131.6,0.6878,2,Não,0.069066
P003800,5,0.093757,APROVAR,0.0282,48,0.21,0.2875,7130.0,17670.0,0.7125,12,Não,0.093757
P003801,7,0.066126,APROVAR,0.0256,48,0.0,0.2095,7583.9,28616.1,0.7905,2,Não,0.066126
P003802,10,0.033692,APROVAR,0.0227,36,0.0,0.2563,18658.64,54141.36,0.7437,2,Não,0.033692
P003803,5,0.094393,APROVAR,0.0282,60,0.21,0.2481,9924.0,30076.0,0.7519,5,Sim,0.094393
P003804,4,0.110421,NEGAR,0.0303,48,0.21,0.2828,11538.24,29261.76,0.7172,6,Não,0.110421
P003805,2,0.244516,NEGAR,0.035,24,0.21,0.26,13234.0,37666.0,0.74,7,Sim,0.244516
P003806,8,0.046642,APROVAR,0.0247,36,0.0,0.02,440.0,21560.0,0.98,1,Não,0.046642
P003807,5,0.091524,APROVAR,0.0282,24,0.21,0.2996,16927.4,39572.6,0.7004,7,Não,0.091524
P003808,5,0.096608,APROVAR,0.0282,36,0.21,0.21,5250.0,19750.0,0.79,9,Não,0.097417
P003809,1,0.347021,NEGAR,0.035,60,0.21,0.4003,14610.95,21889.05,0.5997,1,Não,0.347021
P003810,10,0.033599,APROVAR,0.0227,36,0.0,0.5443,26725.13,22374.87,0.4557,5,Não,0.033599
P003811,6,0.076451,APROVAR,0.0265,60,0.21,0.21,14406.0,54194.0,0.79,3,Não,0.04308
P003812,8,0.049348,APROVAR,0.0247,24,0.0,0.1369,7762.23,48937.77,0.8631,2,Não,0.049348
P003813,2,0.251122,NEGAR,0.035,60,0.21,0.21,4620.0,17380.0,0.79,10,Sim,0.254982
P003814,6,0.068805,APROVAR,0.0265,48,0.21,0.5536,18158.08,14641.92,0.4464,0,Não,0.068805
P003815,3,0.158262,NEGAR,0.0336,36,0.21,0.21,14532.0,54668.0,0.79,2,Não,0.058715
P003816,5,0.105197,APROVAR,0.0282,48,0.21,0.21,5292.0,19908.0,0.79,4,Sim,0.105113
P003817,2,0.261654,NEGAR,0.035,36,0.21,0.21,6195.0,23305.0,0.79,5,Não,0.277031
P003818,1,0.603264,NEGAR,0.035,60,0.21,0.21,9093.0,34207.0,0.79,3,Sim,0.48977
P003819,6,0.078537,APROVAR,0.0265,60,0.21,0.2102,5885.6,22114.4,0.7898,5,Não,0.078537
P003820,2,0.249683,NEGAR,0.035,60,0.21,0.2403,9660.06,30539.94,0.7597,1,Sim,0.249683
P003821,6,0.083673,APROVAR,0.0265,48,0.21,0.21,6258.0,23542.0,0.79,3,Não,0.085736
P003822,2,0.236307,NEGAR,0.035,36,0.21,0.298,8284.4,19515.6,0.702,11,Não,0.236307
P003823,1,0.436899,NEGAR,0.035,48,0.21,0.2102,9858.38,37041.62,0.7898,5,Não,0.436899
P003824,2,0.27388,NEGAR,0.035,36,0.21,0.21,8064.0,30336.0,0.79,5,Não,0.29677
P003825,7,0.056185,APROVAR,0.0256,24,0.0,0.4196,21231.76,29368.24,0.5804,1,Não,0.056185
P003826,10,0.032915,APROVAR,0.0227,36,0.0,0.0816,2439.84,27460.16,0.9184,9,Não,0.032915
P003827,3,0.180538,NEGAR,0.0336,60,0.21,0.2605,8778.85,24921.15,0.7395,4,Não,0.180538
P003828,6,0.074725,APROVAR,0.0265,48,0.21,0.21,19593.0,73707.0,0.79,2,Sim,0.057065
P003829,4,0.133529,NEGAR,0.0303,48,0.21,0.357,23097.9,41602.1,0.643,0,Não,0.133529
P003830,10,0.033222,APROVAR,0.0227,24,0.0,0.2504,8864.16,26535.84,0.7496,1,Não,0.033222
P003831,6,0.075937,APROVAR,0.0265,24,0.21,0.5148,19510.92,18389.08,0.4852,1,Não,0.075937
P003832,9,0.04146,APROVAR,0.0236,48,0.0,0.1468,4007.64,23292.36,0.8532,6,Não,0.04146
P003833,10,0.026352,APROVAR,0.0227,48,0.0,0.4086,24761.16,35838.84,0.5914,1,Não,0.026352
P003834,10,0.029989,APROVAR,0.0227,36,0.0,0.1295,4933.95,33166.05,0.8705,7,Não,0.029989
P003835,7,0.056552,APROVAR,0.0256,36,0.0,0.1304,13678.96,91221.04,0.8696,3,Não,0.056552
P003836,1,0.311412,NEGAR,0.035,48,0.21,0.21,4620.0,17380.0,0.79,8,Não,0.311412
P003837,3,0.189557,NEGAR,0.0336,36,0.21,0.3005,11629.35,27070.65,0.6995,10,Sim,0.189557
P003838,7,0.054293,APROVAR,0.0256,60,0.0,0.0584,3299.6,53200.4,0.9416,1,Não,0.054293
P003839,2,0.27632,NEGAR,0.035,60,0.21,0.21,13251.0,49849.0,0.79,5,Não,0.201783
P003840,9,0.038088,APROVAR,0.0236,48,0.0,0.0695,3822.5,51177.5,0.9305,2,Não,0.038088
P003841,9,0.042852,APROVAR,0.0236,24,0.0,0.3505,7711.0,14289.0,0.6495,7,Não,0.042852
P003842,3,0.168082,NEGAR,0.0336,48,0.21,0.21,6132.0,23068.0,0.79,3,Não,0.154483
P003843,2,0.296117,NEGAR,0.035,36,0.21,0.21,4620.0,17380.0,0.79,1,Não,0.296107
P003844,5,0.091017,APROVAR,0.0282,48,0.21,0.21,11718.0,44082.0,0.79,4,Não,0.055927
P003845,2,0.2792,NEGAR,0.035,48,0.21,0.2588,12914.12,36985.88,0.7412,9,Não,0.2792
P003846,4,0.108367,NEGAR,0.0303,24,0.21,0.5294,33881.6,30118.4,0.4706,5,Não,0.108367
P003847,3,0.180404,NEGAR,0.0336,36,0.21,0.2648,14246.24,39553.76,0.7352,12,Não,0.180404
P003848,8,0.053786,APROVAR,0.0247,60,0.0,0.1416,3115.2,18884.8,0.8584,6,Não,0.053786
P003849,9,0.041014,APROVAR,0.0236,36,0.0,0.0744,7506.96,93393.04,0.9256,1,Não,0.041014
P003850,5,0.097138,APROVAR,0.0282,60,0.21,0.21,4830.0,18170.0,0.79,5,Sim,0.069126
P003851,10,0.027248,APROVAR,0.0227,24,0.0,0.5072,37786.4,36713.6,0.4928,3,Não,0.027248
P003852,7,0.06564,APROVAR,0.0256,36,0.0,0.1423,8281.86,49918.14,0.8577,6,Não,0.06564
P003853,6,0.077441,APROVAR,0.0265,24,0.21,0.2136,4699.2,17300.8,0.7864,3,Não,0.077441
P003854,6,0.078037,APROVAR,0.0265,48,0.21,0.21,13881.0,52219.0,0.79,4,Sim,0.07783
P003855,7,0.05484,APROVAR,0.0256,48,0.0,0.426,16358.4,22041.6,0.574,3,Não,0.05484
P003856,1,0.340173,NEGAR,0.035,48,0.21,0.21,6888.0,25912.0,0.79,9,Sim,0.335273
P003857,6,0.077873,APROVAR,0.0265,36,0.21,0.21,24717.0,92983.0,0.79,3,Não,0.042602
P003858,3,0.177714,NEGAR,0.0336,48,0.21,0.4966,29001.44,29398.56,0.5034,4,Sim,0.177714
P003859,1,0.340551,NEGAR,0.035,48,0.21,0.21,7644.0,28756.0,0.79,3,Sim,0.345997
P003860,1,0.398784,NEGAR,0.035,60,0.21,0.21,4620.0,17380.0,0.79,3,Sim,0.40438
P003861,6,0.070505,APROVAR,0.0265,48,0.21,0.21,9240.0,34760.0,0.79,6,Não,0.042493
P003862,2,0.232408,NEGAR,0.035,48,0.21,0.21,5355.0,20145.0,0.79,10,Sim,0.233203
P003863,2,0.300921,NEGAR,0.035,48,0.21,0.3288,9305.04,18994.96,0.6712,2,Não,0.300921
P003864,6,0.071901,APROVAR,0.0265,24,0.21,0.21,5712.0,21488.0,0.79,5,Não,0.074092
P003865,1,0.363674,NEGAR,0.035,60,0.21,0.21,11697.0,44003.0,0.79,0,Sim,0.326621
P003866,9,0.041365,APROVAR,0.0236,36,0.0,0.335,7370.0,14630.0,0.665,3,Não,0.041365
P003867,3,0.187936,NEGAR,0.0336,60,0.21,0.319,16364.7,34935.3,0.681,3,Não,0.187936
P003868,2,0.26627,NEGAR,0.035,48,0.21,0.3297,15957.48,32442.52,0.6703,5,Não,0.26627
P003869,9,0.0415,APROVAR,0.0236,24,0.0,0.4881,18254.94,19145.06,0.5119,6,Não,0.0415
P003870,9,0.042655,APROVAR,0.0236,60,0.0,0.2868,6309.6,15690.4,0.7132,1,Não,0.042655
P003871,9,0.039639,APROVAR,0.0236,60,0.0,0.3263,15466.62,31933.38,0.6737,2,Sim,0.039639
P003872,8,0.047702,APROVAR,0.0247,48,0.0,0.1861,11407.93,49892.07,0.8139,2,Não,0.047702
P003873,4,0.111832,NEGAR,0.0303,48,0.21,0.343,18144.7,34755.3,0.657,3,Não,0.111832
P003874,1,0.349562,NEGAR,0.035,48,0.21,0.4127,9079.4,12920.6,0.5873,10,Não,0.349562
P003875,8,0.053984,APROVAR,0.0247,24,0.0,0.0972,7095.6,65904.4,0.9028,1,Não,0.053984
P003876,3,0.169703,NEGAR,0.0336,60,0.21,0.2418,9623.64,30176.36,0.7582,10,Não,0.169703
P003877,5,0.094758,APROVAR,0.0282,24,0.21,0.21,4620.0,17380.0,0.79,6,Não,0.101876
P003878,5,0.087138,APROVAR,0.0282,24,0.21,0.21,4893.0,18407.0,0.79,6,Não,0.077816
P003879,1,0.393207,NEGAR,0.035,48,0.21,0.4349,14438.68,18761.32,0.5651,5,Sim,0.393207
P003880,5,0.089395,APROVAR,0.0282,36,0.21,0.2696,10029.12,27170.88,0.7304,3,Não,0.089395
P003881,2,0.239697,NEGAR,0.035,48,0.21,0.21,8484.0,31916.0,0.79,3,Não,0.227159
P003882,10,0.035099,APROVAR,0.0227,48,0.0,0.2326,11443.92,37756.08,0.7674,6,Sim,0.035099
P003883,1,0.635148,NEGAR,0.035,36,0.21,0.21,18963.0,71337.0,0.79,6,Não,0.573482
P003884,5,0.088914,APROVAR,0.0282,60,0.21,0.21,7518.0,28282.0,0.79,3,Não,0.064967
P003885,6,0.077112,APROVAR,0.0265,24,0.21,0.21,9891.0,37209.0,0.79,2,Não,0.067058
P003886,6,0.070233,APROVAR,0.0265,48,0.21,0.21,7812.0,29388.0,0.79,2,Não,0.055383
P003887,2,0.228842,NEGAR,0.035,60,0.21,0.4942,12503.26,12796.74,0.5058,0,Não,0.228842
P003888,1,0.347143,NEGAR,0.035,60,0.21,0.2728,13503.6,35996.4,0.7272,7,Não,0.347143
P003889,4,0.130022,NEGAR,0.0303,48,0.21,0.5582,12280.4,9719.6,0.4418,6,Não,0.130022
P003890,8,0.047498,APROVAR,0.0247,36,0.0,0.3109,19400.16,42999.84,0.6891,1,Não,0.047498
P003891,3,0.18288,NEGAR,0.0336,36,0.21,0.21,13377.0,50323.0,0.79,11,Sim,0.131915
P003892,3,0.149694,NEGAR,0.0336,48,0.21,0.2111,5678.59,21221.41,0.7889,10,Não,0.149694
P003893,7,0.066087,APROVAR,0.0256,36,0.0,0.0518,3817.66,69882.34,0.9482,3,Não,0.066087
P003894,3,0.1471,NEGAR,0.0336,24,0.21,0.21,5880.0,22120.0,0.79,4,Sim,0.148447
P003895,10,0.028853,APROVAR,0.0227,36,0.0,0.5837,36306.14,25893.86,0.4163,2,Não,0.028853
P003896,2,0.262711,NEGAR,0.035,48,0.21,0.21,7287.0,27413.0,0.79,2,Não,0.314403
P003897,2,0.281044,NEGAR,0.035,60,0.21,0.3803,13957.01,22742.99,0.6197,3,Não,0.281044
P003898,10,0.028773,APROVAR,0.0227,60,0.0,0.242,22869.0,71631.0,0.758,3,Não,0.028773
P003899,3,0.147704,NEGAR,0.0336,24,0.21,0.21,10395.0,39105.0,0.79,6,Não,0.133408
P003900,4,0.11764,NEGAR,0.0303,24,0.21,0.21,9450.0,35550.0,0.79,7,Não,0.120581
P003901,1,0.506056,NEGAR,0.035,48,0.21,0.21,5964.0,22436.0,0.79,8,Não,0.429604
P003902,6,0.075036,APROVAR,0.0265,36,0.21,0.3081,31703.49,71196.51,0.6919,1,Não,0.075036
P003903,2,0.245536,NEGAR,0.035,24,0.21,0.2436,6382.32,19817.68,0.7564,5,Não,0.245536
P003904,2,0.240636,NEGAR,0.035,36,0.21,0.21,10563.0,39737.0,0.79,2,Sim,0.221516
P003905,4,0.128749,NEGAR,0.0303,36,0.21,0.21,9051.0,34049.0,0.79,1,Não,0.130557
P003906,3,0.156548,NEGAR,0.0336,24,0.21,0.2757,8932.68,23467.32,0.7243,6,Não,0.156548
P003907,6,0.069301,APROVAR,0.0265,48,0.21,0.3719,13388.4,22611.6,0.6281,11,Sim,0.069301
P003908,3,0.19876,NEGAR,0.0336,36,0.21,0.21,5292.0,19908.0,0.79,12,Não,0.189456
P003909,1,0.505845,NEGAR,0.035,60,0.21,0.21,4620.0,17380.0,0.79,5,Não,0.507529
P003910,6,0.082873,APROVAR,0.0265,24,0.21,0.2568,5932.08,17167.92,0.7432,5,Não,0.082873
P003911,9,0.037783,APROVAR,0.0236,48,0.0,0.1849,11426.82,50373.18,0.8151,5,Não,0.037783
P003912,2,0.250375,NEGAR,0.035,36,0.21,0.5367,13685.85,11814.15,0.4633,4,Não,0.250375
P003913,6,0.067574,APROVAR,0.0265,24,0.21,0.21,7497.0,28203.0,0.79,3,Não,0.067565
P003914,10,0.036427,APROVAR,0.0227,48,0.0,0.2911,16359.82,39840.18,0.7089,0,Não,0.036427
P003915,9,0.044395,APROVAR,0.0236,24,0.0,0.1852,9204.44,40495.56,0.8148,3,Não,0.044395
P003916,7,0.063008,APROVAR,0.0256,48,0.0,0.1037,5464.99,47235.01,0.8963,2,Não,0.063008
P003917,1,0.461698,NEGAR,0.035,48,0.21,0.21,4977.0,18723.0,0.79,5,Sim,0.409284
P003918,1,0.304699,NEGAR,0.035,48,0.21,0.21,14931.0,56169.0,0.79,3,Sim,0.313578
P003919,6,0.067492,APROVAR,0.0265,36,0.21,0.21,7371.0,27729.0,0.79,4,Não,0.056497
P003920,10,0.035975,APROVAR,0.0227,48,0.0,0.2934,28694.52,69105.48,0.7066,6,Não,0.035975
P003921,9,0.039723,APROVAR,0.0236,36,0.0,0.16,5632.0,29568.0,0.84,6,Sim,0.039723
P003922,1,0.361509,NEGAR,0.035,48,0.21,0.21,4620.0,17380.0,0.79,6,Sim,0.360736
P003923,10,0.035291,APROVAR,0.0227,36,0.0,0.3163,12525.48,27074.52,0.6837,4,Não,0.035291
P003924,4,0.139419,NEGAR,0.0303,36,0.21,0.21,18585.0,69915.0,0.79,5,Não,0.095305
P003925,7,0.055472,APROVAR,0.0256,60,0.0,0.1119,6658.05,52841.95,0.8881,3,Não,0.055472
P003926,6,0.070913,APROVAR,0.0265,48,0.21,0.21,7455.0,28045.0,0.79,2,Não,0.081006
P003927,10,0.036458,APROVAR,0.0227,60,0.0,0.3783,12294.75,20205.25,0.6217,4,Não,0.036458
P003928,2,0.223825,NEGAR,0.035,60,0.21,0.2765,9649.85,25250.15,0.7235,6,Não,0.223825
P003929,8,0.050483,APROVAR,0.0247,36,0.0,0.3639,16084.38,28115.62,0.6361,8,Não,0.050483
P003930,9,0.043695,APROVAR,0.0236,48,0.0,0.1863,13953.87,60946.13,0.8137,2,Sim,0.043695
P003931,9,0.04107,APROVAR,0.0236,60,0.0,0.2204,35153.8,124346.2,0.7796,6,Não,0.04107
P003932,5,0.087469,APROVAR,0.0282,36,0.21,0.21,5145.0,19355.0,0.79,5,Sim,0.087746
P003933,3,0.161043,NEGAR,0.0336,24,0.21,0.3064,8946.88,20253.12,0.6936,6,Não,0.161043
P003934,2,0.298595,NEGAR,0.035,36,0.21,0.3389,7455.8,14544.2,0.6611,9,Sim,0.298595
P003935,3,0.160285,NEGAR,0.0336,48,0.21,0.21,4662.0,17538.0,0.79,3,Não,0.140964
P003936,7,0.063502,APROVAR,0.0256,48,0.0,0.4995,19780.2,19819.8,0.5005,2,Não,0.063502
P003937,1,0.309714,NEGAR,0.035,48,0.21,0.228,12722.4,43077.6,0.772,3,Não,0.309714
P003938,4,0.111749,NEGAR,0.0303,36,0.21,0.21,6573.0,24727.0,0.79,2,Não,0.114652
P003939,9,0.039992,APROVAR,0.0236,24,0.0,0.1553,6677.9,36322.1,0.8447,1,Não,0.039992
P003940,2,0.215135,NEGAR,0.035,48,0.21,0.21,8379.0,31521.0,0.79,2,Não,0.201026
P003941,9,0.037713,APROVAR,0.0236,24,0.0,0.3315,30829.5,62170.5,0.6685,6,Não,0.037713
P003942,4,0.112021,NEGAR,0.0303,36,0.21,0.21,5691.0,21409.0,0.79,12,Não,0.090694
P003943,9,0.037093,APROVAR,0.0236,48,0.0,0.1914,18355.26,77544.74,0.8086,3,Não,0.037093
P003944,1,0.315012,NEGAR,0.035,36,0.21,0.21,4620.0,17380.0,0.79,2,Sim,0.230137
P003945,5,0.084619,APROVAR,0.0282,36,0.21,0.21,12663.0,47637.0,0.79,3,Não,0.066041
P003946,9,0.041007,APROVAR,0.0236,36,0.0,0.1013,2228.6,19771.4,0.8987,1,Não,0.041007
P003947,4,0.141513,NEGAR,0.0303,24,0.21,0.21,6069.0,22831.0,0.79,12,Não,0.130425
P003948,10,0.026589,APROVAR,0.0227,48,0.0,0.3264,29278.08,60421.92,0.6736,2,Sim,0.026589
P003949,1,0.784522,NEGAR,0.035,60,0.21,0.2302,5708.96,19091.04,0.7698,0,Não,0.784522
P003950,2,0.248279,NEGAR,0.035,60,0.21,0.3161,14319.33,30980.67,0.6839,3,Não,0.248279
P003951,1,0.600764,NEGAR,0.035,60,0.21,0.21,4620.0,17380.0,0.79,12,Não,0.464833
P003952,1,0.582375,NEGAR,0.035,60,0.21,0.2622,7367.82,20732.18,0.7378,8,Sim,0.582375
P003953,9,0.039243,APROVAR,0.0236,48,0.0,0.4248,26167.68,35432.32,0.5752,4,Não,0.039243
P003954,1,0.576046,NEGAR,0.035,60,0.21,0.2296,5051.2,16948.8,0.7704,6,Sim,0.576046
P003955,8,0.053018,APROVAR,0.0247,36,0.0,0.4735,28457.35,31642.65,0.5265,5,Não,0.053018
P003956,9,0.043687,APROVAR,0.0236,36,0.0,0.5139,36075.78,34124.22,0.4861,3,Sim,0.043687
P003957,2,0.238885,NEGAR,0.035,60,0.21,0.21,9639.0,36261.0,0.79,1,Sim,0.2224
P003958,9,0.040869,APROVAR,0.0236,48,0.0,0.2757,12185.94,32014.06,0.7243,2,Não,0.040869
P003959,5,0.105306,APROVAR,0.0282,60,0.21,0.4351,10572.93,13727.07,0.5649,12,Sim,0.105306
P003960,3,0.148483,NEGAR,0.0336,24,0.21,0.3893,8564.6,13435.4,0.6107,4,Não,0.148483
P003961,3,0.150095,NEGAR,0.0336,36,0.21,0.21,5712.0,21488.0,0.79,12,Sim,0.135051
P003962,6,0.081939,APROVAR,0.0265,48,0.21,0.2501,7703.08,23096.92,0.7499,2,Não,0.081939
P003963,1,0.463766,NEGAR,0.035,48,0.21,0.21,4620.0,17380.0,0.79,7,Sim,0.39884
P003964,2,0.286157,NEGAR,0.035,36,0.21,0.3583,12827.14,22972.86,0.6417,10,Não,0.286157
P003965,3,0.195991,NEGAR,0.0336,60,0.21,0.4173,9180.6,12819.4,0.5827,4,Sim,0.195991
P003966,3,0.14888,NEGAR,0.0336,60,0.21,0.2538,9086.04,26713.96,0.7462,5,Não,0.14888
P003967,10,0.026968,APROVAR,0.0227,36,0.0,0.1901,7147.76,30452.24,0.8099,1,Sim,0.026968
P003968,2,0.293954,NEGAR,0.035,36,0.21,0.3458,13071.24,24728.76,0.6542,4,Não,0.293954
P003969,1,0.354822,NEGAR,0.035,48,0.21,0.21,5586.0,21014.0,0.79,4,Não,0.271428
P003970,2,0.219058,NEGAR,0.035,36,0.21,0.313,6886.0,15114.0,0.687,7,Não,0.219058
P003971,1,0.605989,NEGAR,0.035,60,0.21,0.21,5943.0,22357.0,0.79,12,Não,0.512119
P003972,9,0.040262,APROVAR,0.0236,60,0.0,0.5809,26489.04,19110.96,0.4191,8,Não,0.040262
P003973,2,0.253265,NEGAR,0.035,60,0.21,0.21,5775.0,21725.0,0.79,4,Não,0.227891
P003974,9,0.04244,APROVAR,0.0236,24,0.0,0.2635,11857.5,33142.5,0.7365,2,Não,0.04244
P003975,10,0.028057,APROVAR,0.0227,60,0.0,0.078,3299.4,39000.6,0.922,3,Não,0.028057
P003976,3,0.194678,NEGAR,0.0336,60,0.21,0.21,7644.0,28756.0,0.79,1,Sim,0.169256
P003977,3,0.157951,NEGAR,0.0336,60,0.21,0.21,15603.0,58697.0,0.79,1,Não,0.147109
P003978,10,0.033939,APROVAR,0.0227,48,0.0,0.2481,6921.99,20978.01,0.7519,1,Não,0.033939
P003979,6,0.081938,APROVAR,0.0265,48,0.21,0.5066,18997.5,18502.5,0.4934,2,Não,0.081938
P003980,10,0.034117,APROVAR,0.0227,36,0.0,0.2239,14240.04,49359.96,0.7761,8,Não,0.034117
P003981,9,0.037113,APROVAR,0.0236,60,0.0,0.3086,18269.12,40930.88,0.6914,4,Não,0.037113
P003982,7,0.065847,APROVAR,0.0256,48,0.0,0.1078,3988.6,33011.4,0.8922,7,Sim,0.065847
P003983,1,0.30847,NEGAR,0.035,48,0.21,0.21,4620.0,17380.0,0.79,7,Não,0.311176
P003984,2,0.255959,NEGAR,0.035,48,0.21,0.21,4620.0,17380.0,0.79,9,Não,0.255329
P003985,4,0.135654,NEGAR,0.0303,60,0.21,0.348,9883.2,18516.8,0.652,2,Não,0.135654
P003986,8,0.053291,APROVAR,0.0247,24,0.0,0.1579,3931.71,20968.29,0.8421,3,Não,0.053291
P003987,1,0.476786,NEGAR,0.035,60,0.21,0.21,4620.0,17380.0,0.79,6,Não,0.387345
P003988,9,0.03787,APROVAR,0.0236,48,0.0,0.3495,50293.05,93606.95,0.6505,6,Não,0.03787
P003989,6,0.082773,APROVAR,0.0265,24,0.21,0.21,7812.0,29388.0,0.79,3,Sim,0.075632
P003990,1,0.340857,NEGAR,0.035,60,0.21,0.21,10248.0,38552.0,0.79,1,Sim,0.246628
P003991,2,0.278201,NEGAR,0.035,36,0.21,0.21,4914.0,18486.0,0.79,3,Não,0.217878
P003992,1,0.631491,NEGAR,0.035,60,0.21,0.21,4620.0,17380.0,0.79,7,Não,0.546772
P003993,1,0.42289,NEGAR,0.035,24,0.21,0.2621,23615.21,66484.79,0.7379,4,Não,0.42289
P003994,4,0.13552,NEGAR,0.0303,36,0.21,0.21,8274.0,31126.0,0.79,3,Não,0.118396
P003995,1,0.51682,NEGAR,0.035,24,0.21,0.21,7938.0,29862.0,0.79,7,Sim,0.503581
P003996,1,0.33341,NEGAR,0.035,48,0.21,0.2288,6520.8,21979.2,0.7712,6,Sim,0.33341
P003997,7,0.059503,APROVAR,0.0256,36,0.0,0.4333,31500.91,41199.09,0.5667,3,Não,0.059503
P003998,2,0.239479,NEGAR,0.035,48,0.21,0.21,11487.0,43213.0,0.79,3,Sim,0.221743
P003999,5,0.084637,APROVAR,0.0282,36,0.21,0.21,21840.0,82160.0,0.79,3,Sim,0.07196
P004000,3,0.162356,NEGAR,0.0336,24,0.21,0.21,15057.0,56643.0,0.79,6,Não,0.140102
P004001,2,0.233113,NEGAR,0.035,48,0.21,0.21,7182.0,27018.0,0.79,2,Não,0.209913
P004002,2,0.258494,NEGAR,0.035,60,0.21,0.21,6468.0,24332.0,0.79,7,Sim,0.299918
P004003,2,0.238554,NEGAR,0.035,36,0.21,0.243,6147.9,19152.1,0.757,3,Sim,0.238554
P004004,2,0.261057,NEGAR,0.035,36,0.21,0.3056,10787.68,24512.32,0.6944,1,Sim,0.261057
P004005,1,0.395064,NEGAR,0.035,36,0.21,0.21,4788.0,18012.0,0.79,8,Não,0.357766
P004006,2,0.300244,NEGAR,0.035,36,0.21,0.21,10584.0,39816.0,0.79,7,Sim,0.237486
P004007,8,0.05221,APROVAR,0.0247,48,0.0,0.0999,6443.55,58056.45,0.9001,8,Não,0.05221
P004008,10,0.02637,APROVAR,0.0227,36,0.0,0.108,2376.0,19624.0,0.892,1,Não,0.02637
P004009,2,0.226383,NEGAR,0.035,36,0.21,0.5391,19569.33,16730.67,0.4609,1,Não,0.226383
P004010,7,0.06512,APROVAR,0.0256,24,0.0,0.2603,26888.99,76411.01,0.7397,1,Sim,0.06512
P004011,3,0.186955,NEGAR,0.0336,36,0.21,0.21,5754.0,21646.0,0.79,2,Não,0.18555
P004012,1,0.333208,NEGAR,0.035,36,0.21,0.21,5754.0,21646.0,0.79,12,Sim,0.249421
P004013,3,0.206772,NEGAR,0.0336,36,0.21,0.2125,4675.0,17325.0,0.7875,4,Não,0.206772
P004014,2,0.249376,NEGAR,0.035,48,0.21,0.21,6762.0,25438.0,0.79,3,Não,0.260876
P004015,2,0.28189,NEGAR,0.035,36,0.21,0.21,4620.0,17380.0,0.79,11,Sim,0.28283
P004016,1,0.502899,NEGAR,0.035,60,0.21,0.2302,13489.72,45110.28,0.7698,3,Não,0.502899
P004017,9,0.041868,APROVAR,0.0236,48,0.0,0.3124,19275.08,42424.92,0.6876,9,Não,0.041868
P004018,9,0.04028,APROVAR,0.0236,48,0.0,0.1903,9210.52,39189.48,0.8097,4,Não,0.04028
P004019,1,0.451669,NEGAR,0.035,36,0.21,0.21,7350.0,27650.0,0.79,10,Não,0.42368
P004020,9,0.037216,APROVAR,0.0236,24,0.0,0.3571,19426.24,34973.76,0.6429,5,Não,0.037216
P004021,1,0.426803,NEGAR,0.035,60,0.21,0.21,6111.0,22989.0,0.79,5,Sim,0.439015
P004022,6,0.077596,APROVAR,0.0265,36,0.21,0.21,8610.0,32390.0,0.79,1,Não,0.058863
P004023,2,0.238462,NEGAR,0.035,48,0.21,0.2974,8951.74,21148.26,0.7026,4,Sim,0.238462
P004024,9,0.043001,APROVAR,0.0236,48,0.0,0.3116,9098.72,20101.28,0.6884,6,Não,0.043001
P004025,3,0.185533,NEGAR,0.0336,48,0.21,0.21,11718.0,44082.0,0.79,5,Não,0.185174
P004026,4,0.117753,NEGAR,0.0303,36,0.21,0.21,17157.0,64543.0,0.79,7,Sim,0.082944
P004027,2,0.234292,NEGAR,0.035,24,0.21,0.21,8526.0,32074.0,0.79,3,Não,0.177625
P004028,10,0.031529,APROVAR,0.0227,36,0.0,0.3354,25490.4,50509.6,0.6646,1,Não,0.031529
P004029,2,0.261617,NEGAR,0.035,36,0.21,0.21,19131.0,71969.0,0.79,1,Sim,0.275576
P004030,10,0.032056,APROVAR,0.0227,36,0.0,0.1335,8343.75,54156.25,0.8665,5,Não,0.032056
P004031,8,0.050899,APROVAR,0.0247,36,0.0,0.2735,12471.6,33128.4,0.7265,3,Não,0.050899
P004032,9,0.038207,APROVAR,0.0236,36,0.0,0.1069,5580.18,46619.82,0.8931,2,Não,0.038207
P004033,9,0.036944,APROVAR,0.0236,36,0.0,0.1378,3196.96,20003.04,0.8622,7,Não,0.036944
P004034,2,0.245101,NEGAR,0.035,24,0.21,0.2782,8457.28,21942.72,0.7218,12,Não,0.245101
P004035,10,0.026832,APROVAR,0.0227,60,0.0,0.314,23424.4,51175.6,0.686,5,Não,0.026832
P004036,2,0.240313,NEGAR,0.035,48,0.21,0.5192,11837.76,10962.24,0.4808,6,Não,0.240313
P004037,8,0.046534,APROVAR,0.0247,36,0.0,0.2912,8008.0,19492.0,0.7088,12,Não,0.046534
P004038,8,0.047555,APROVAR,0.0247,48,0.0,0.18,7758.0,35342.0,0.82,3,Sim,0.047555
P004039,1,0.707665,NEGAR,0.035,60,0.21,0.3189,7015.8,14984.2,0.6811,3,Não,0.707665
P004040,10,0.036529,APROVAR,0.0227,60,0.0,0.2239,13344.44,46255.56,0.7761,1,Não,0.036529
P004041,5,0.089184,APROVAR,0.0282,60,0.21,0.6119,44117.99,27982.01,0.3881,1,Não,0.089184
P004042,10,0.036426,APROVAR,0.0227,36,0.0,0.4089,19013.85,27486.15,0.5911,0,Não,0.036426
P004043,2,0.212923,NEGAR,0.035,24,0.21,0.2923,7892.1,19107.9,0.7077,5,Sim,0.212923
P004044,2,0.294573,NEGAR,0.035,60,0.21,0.2317,8850.94,29349.06,0.7683,9,Não,0.294573
P004045,3,0.205458,NEGAR,0.0336,60,0.21,0.21,11865.0,44635.0,0.79,5,Não,0.197462
P004046,2,0.214649,NEGAR,0.035,60,0.21,0.21,4620.0,17380.0,0.79,12,Sim,0.149221
P004047,3,0.177958,NEGAR,0.0336,60,0.21,0.2392,7797.92,24802.08,0.7608,12,Não,0.177958
P004048,2,0.210789,NEGAR,0.035,36,0.21,0.21,5565.0,20935.0,0.79,2,Sim,0.193613
P004049,10,0.027208,APROVAR,0.0227,36,0.0,0.431,16679.7,22020.3,0.569,9,Sim,0.027208
P004050,3,0.203117,NEGAR,0.0336,48,0.21,0.3418,20132.02,38767.98,0.6582,1,Sim,0.203117
P004051,9,0.043885,APROVAR,0.0236,36,0.0,0.2149,6683.39,24416.61,0.7851,1,Não,0.043885
P004052,3,0.148861,NEGAR,0.0336,24,0.21,0.21,11823.0,44477.0,0.79,6,Não,0.100532
P004053,1,0.314743,NEGAR,0.035,48,0.21,0.2869,9668.53,24031.47,0.7131,4,Sim,0.314743
P004054,9,0.041716,APROVAR,0.0236,60,0.0,0.187,4114.0,17886.0,0.813,4,Não,0.041716
P004055,1,0.346456,NEGAR,0.035,36,0.21,0.21,13671.0,51429.0,0.79,2,Não,0.303313
P004056,6,0.078064,APROVAR,0.0265,60,0.21,0.21,9177.0,34523.0,0.79,2,Não,0.066989
P004057,7,0.065259,APROVAR,0.0256,36,0.0,0.4389,12508.65,15991.35,0.5611,3,Sim,0.065259
P004058,5,0.100822,APROVAR,0.0282,36,0.21,0.21,6405.0,24095.0,0.79,7,Não,0.100822
P004059,7,0.059985,APROVAR,0.0256,36,0.0,0.235,9024.0,29376.0,0.765,6,Não,0.059985
P004060,9,0.040287,APROVAR,0.0236,36,0.0,0.2622,24699.24,69500.76,0.7378,4,Não,0.040287
P004061,10,0.029855,APROVAR,0.0227,36,0.0,0.2275,8736.0,29664.0,0.7725,7,Não,0.029855
P004062,9,0.040681,APROVAR,0.0236,60,0.0,0.3,9990.0,23310.0,0.7,3,Não,0.040681
P004063,10,0.022113,APROVAR,0.0227,48,0.0,0.2727,15053.04,40146.96,0.7273,4,Não,0.022113
P004064,4,0.137398,NEGAR,0.0303,48,0.21,0.3515,15993.25,29506.75,0.6485,5,Não,0.137398
P004065,3,0.145449,NEGAR,0.0336,48,0.21,0.21,14259.0,53641.0,0.79,8,Não,0.14311
P004066,1,0.682135,NEGAR,0.035,48,0.21,0.21,7161.0,26939.0,0.79,8,Sim,0.677078
P004067,8,0.052316,APROVAR,0.0247,48,0.0,0.2247,9055.41,31244.59,0.7753,3,Sim,0.052316
P004068,9,0.044537,APROVAR,0.0236,24,0.0,0.1021,3083.42,27116.58,0.8979,1,Sim,0.044537
P004069,3,0.15168,NEGAR,0.0336,36,0.21,0.21,14700.0,55300.0,0.79,2,Sim,0.15331
P004070,9,0.039835,APROVAR,0.0236,48,0.0,0.2763,8841.6,23158.4,0.7237,4,Não,0.039835
P004071,7,0.054593,APROVAR,0.0256,36,0.0,0.398,11860.4,17939.6,0.602,3,Não,0.054593
P004072,7,0.057522,APROVAR,0.0256,60,0.0,0.133,5918.5,38581.5,0.867,5,Não,0.057522
P004073,2,0.241819,NEGAR,0.035,36,0.21,0.21,5397.0,20303.0,0.79,4,Sim,0.170431
P004074,8,0.046869,APROVAR,0.0247,36,0.0,0.2354,11770.0,38230.0,0.7646,2,Não,0.046869
P004075,3,0.175066,NEGAR,0.0336,48,0.21,0.21,9450.0,35550.0,0.79,3,Não,0.105202
P004076,1,0.603568,NEGAR,0.035,60,0.21,0.21,4620.0,17380.0,0.79,3,Não,0.470306
P004077,2,0.265726,NEGAR,0.035,36,0.21,0.3382,10146.0,19854.0,0.6618,1,Não,0.265726
P004078,1,0.337379,NEGAR,0.035,60,0.21,0.3954,8698.8,13301.2,0.6046,1,Não,0.337379
P004079,10,0.034901,APROVAR,0.0227,36,0.0,0.43,25241.0,33459.0,0.57,3,Não,0.034901
P004080,3,0.186084,NEGAR,0.0336,60,0.21,0.21,4620.0,17380.0,0.79,12,Não,0.185494
P004081,4,0.137601,NEGAR,0.0303,48,0.21,0.21,9597.0,36103.0,0.79,11,Não,0.141445
P004082,8,0.047926,APROVAR,0.0247,48,0.0,0.5735,19384.3,14415.7,0.4265,3,Não,0.047926
P004083,9,0.043667,APROVAR,0.0236,24,0.0,0.2875,7245.0,17955.0,0.7125,2,Não,0.043667
P004084,1,0.341855,NEGAR,0.035,24,0.21,0.21,5145.0,19355.0,0.79,2,Não,0.243919
P004085,10,0.023866,APROVAR,0.0227,60,0.0,0.2151,10841.04,39558.96,0.7849,12,Não,0.023866
P004086,7,0.057132,APROVAR,0.0256,48,0.0,0.1567,7552.94,40647.06,0.8433,11,Não,0.057132
P004087,5,0.092203,APROVAR,0.0282,24,0.21,0.21,8064.0,30336.0,0.79,5,Não,0.089411
P004088,7,0.056527,APROVAR,0.0256,24,0.0,0.212,15857.6,58942.4,0.788,6,Não,0.056527
P004089,9,0.040427,APROVAR,0.0236,36,0.0,0.1484,3413.2,19586.8,0.8516,8,Não,0.040427
P004090,1,0.328505,NEGAR,0.035,60,0.21,0.4681,10298.2,11701.8,0.5319,1,Não,0.328505
P004091,1,0.305941,NEGAR,0.035,48,0.21,0.21,8946.0,33654.0,0.79,9,Não,0.299546
P004092,8,0.049737,APROVAR,0.0247,48,0.0,0.2308,9855.16,32844.84,0.7692,1,Não,0.049737
P004093,8,0.053266,APROVAR,0.0247,36,0.0,0.1371,7581.63,47718.37,0.8629,3,Não,0.053266
P004094,1,0.355415,NEGAR,0.035,60,0.21,0.21,4620.0,17380.0,0.79,6,Não,0.250384
P004095,4,0.110206,NEGAR,0.0303,60,0.21,0.3586,21838.74,39061.26,0.6414,2,Não,0.110206
P004096,10,0.025025,APROVAR,0.0227,24,0.0,0.1623,7124.97,36775.03,0.8377,12,Não,0.025025
P004097,5,0.102959,APROVAR,0.0282,60,0.21,0.3323,32764.78,65835.22,0.6677,4,Não,0.102959
P004098,7,0.054245,APROVAR,0.0256,48,0.0,0.1981,7349.51,29750.49,0.8019,5,Não,0.054245
P004099,9,0.039536,APROVAR,0.0236,60,0.0,0.2786,18109.0,46891.0,0.7214,2,Não,0.039536
P004100,8,0.052303,APROVAR,0.0247,48,0.0,0.2609,13018.91,36881.09,0.7391,7,Não,0.052303
P004101,1,0.340785,NEGAR,0.035,60,0.21,0.4013,8828.6,13171.4,0.5987,5,Sim,0.340785
P004102,9,0.037929,APROVAR,0.0236,48,0.0,0.3139,9919.24,21680.76,0.6861,3,Não,0.037929
P004103,9,0.042634,APROVAR,0.0236,36,0.0,0.2768,15140.96,39559.04,0.7232,12,Não,0.042634
P004104,2,0.267754,NEGAR,0.035,60,0.21,0.2224,6805.44,23794.56,0.7776,0,Não,0.267754
P004105,6,0.077441,APROVAR,0.0265,48,0.21,0.434,32723.6,42676.4,0.566,6,Sim,0.077441
P004106,5,0.084981,APROVAR,0.0282,36,0.21,0.21,17808.0,66992.0,0.79,2,Não,0.085481
P004107,6,0.078648,APROVAR,0.0265,48,0.21,0.21,8421.0,31679.0,0.79,3,Não,0.075073
P004108,9,0.038281,APROVAR,0.0236,48,0.0,0.1289,6457.89,43642.11,0.8711,7,Não,0.038281
P004109,6,0.07491,APROVAR,0.0265,48,0.21,0.21,12117.0,45583.0,0.79,8,Não,0.065444
P004110,9,0.040631,APROVAR,0.0236,48,0.0,0.4826,25819.1,27680.9,0.5174,5,Não,0.040631
P004111,9,0.041592,APROVAR,0.0236,60,0.0,0.2441,7445.05,23054.95,0.7559,10,Não,0.041592
P004112,5,0.092462,APROVAR,0.0282,36,0.21,0.21,9681.0,36419.0,0.79,2,Sim,0.09159
P004113,9,0.037289,APROVAR,0.0236,24,0.0,0.3943,9305.48,14294.52,0.6057,5,Sim,0.037289
P004114,7,0.063207,APROVAR,0.0256,60,0.0,0.379,10649.9,17450.1,0.621,3,Não,0.063207
P004115,1,0.340498,NEGAR,0.035,60,0.21,0.21,6342.0,23858.0,0.79,2,Não,0.319922
P004116,1,0.368975,NEGAR,0.035,60,0.21,0.21,6699.0,25201.0,0.79,3,Sim,0.367901
P004117,4,0.116621,NEGAR,0.0303,48,0.21,0.6036,21427.8,14072.2,0.3964,9,Sim,0.116621
P004118,7,0.063165,APROVAR,0.0256,48,0.0,0.1496,3560.48,20239.52,0.8504,4,Não,0.063165
P004119,7,0.066004,APROVAR,0.0256,36,0.0,0.1517,6250.04,34949.96,0.8483,12,Não,0.066004
P004120,2,0.277966,NEGAR,0.035,60,0.21,0.3707,8155.4,13844.6,0.6293,2,Sim,0.277966
P004121,9,0.04295,APROVAR,0.0236,48,0.0,0.1126,7589.24,59810.76,0.8874,2,Não,0.04295
P004122,10,0.031576,APROVAR,0.0227,36,0.0,0.3013,24917.51,57782.49,0.6987,6,Não,0.031576
P004123,2,0.213221,NEGAR,0.035,60,0.21,0.21,12306.0,46294.0,0.79,11,Não,0.213221
P004124,2,0.218025,NEGAR,0.035,48,0.21,0.5745,41651.25,30848.75,0.4255,2,Não,0.218025
P004125,2,0.26136,NEGAR,0.035,24,0.21,0.21,10542.0,39658.0,0.79,11,Não,0.248247
P004126,9,0.039615,APROVAR,0.0236,48,0.0,0.2182,7004.22,25095.78,0.7818,2,Não,0.039615
P004127,2,0.239084,NEGAR,0.035,24,0.21,0.21,12579.0,47321.0,0.79,4,Sim,0.174904
P004128,9,0.03796,APROVAR,0.0236,24,0.0,0.3671,17180.28,29619.72,0.6329,0,Não,0.03796
P004129,8,0.053208,APROVAR,0.0247,36,0.0,0.5242,11532.4,10467.6,0.4758,10,Não,0.053208
P004130,8,0.050716,APROVAR,0.0247,36,0.0,0.3516,8473.56,15626.44,0.6484,7,Não,0.050716
P004131,1,0.5326,NEGAR,0.035,60,0.21,0.21,5103.0,19197.0,0.79,5,Sim,0.528153
P004132,3,0.152118,NEGAR,0.0336,60,0.21,0.21,12810.0,48190.0,0.79,9,Não,0.130061
P004133,1,0.407434,NEGAR,0.035,36,0.21,0.21,5733.0,21567.0,0.79,4,Sim,0.418785
P004134,6,0.077419,APROVAR,0.0265,36,0.21,0.21,10185.0,38315.0,0.79,7,Não,0.077999
P004135,2,0.261417,NEGAR,0.035,36,0.21,0.3287,7231.4,14768.6,0.6713,3,Não,0.261417
P004136,10,0.032877,APROVAR,0.0227,48,0.0,0.1397,17490.44,107709.56,0.8603,2,Não,0.032877
P004137,5,0.089348,APROVAR,0.0282,48,0.21,0.21,9156.0,34444.0,0.79,5,Não,0.064206
P004138,8,0.04854,APROVAR,0.0247,36,0.0,0.2792,12145.2,31354.8,0.7208,6,Não,0.04854
P004139,2,0.283134,NEGAR,0.035,48,0.21,0.4157,13260.83,18639.17,0.5843,8,Não,0.283134
P004140,10,0.035559,APROVAR,0.0227,36,0.0,0.1119,3558.42,28241.58,0.8881,9,Não,0.035559
P004141,5,0.093068,APROVAR,0.0282,24,0.21,0.2851,10092.54,25307.46,0.7149,8,Não,0.093068
P004142,1,0.3875,NEGAR,0.035,48,0.21,0.21,4620.0,17380.0,0.79,2,Não,0.300881
P004143,6,0.067521,APROVAR,0.0265,24,0.21,0.21,18564.0,69836.0,0.79,1,Não,0.074363
P004144,4,0.134656,NEGAR,0.0303,48,0.21,0.6117,16882.92,10717.08,0.3883,10,Não,0.134656
P004145,9,0.039026,APROVAR,0.0236,36,0.0,0.1282,5769.0,39231.0,0.8718,1,Não,0.039026
P004146,3,0.166031,NEGAR,0.0336,60,0.21,0.21,10143.0,38157.0,0.79,12,Não,0.153202
P004147,1,0.520817,NEGAR,0.035,24,0.21,0.21,4620.0,17380.0,0.79,2,Sim,0.525018
P004148,4,0.123778,NEGAR,0.0303,48,0.21,0.21,15393.0,57907.0,0.79,1,Não,0.125863
P004149,6,0.071421,APROVAR,0.0265,60,0.21,0.2161,11863.89,43036.11,0.7839,1,Não,0.071421
P004150,4,0.121468,NEGAR,0.0303,60,0.21,0.3622,21116.26,37183.74,0.6378,3,Não,0.121468
P004151,3,0.15721,NEGAR,0.0336,48,0.21,0.21,6510.0,24490.0,0.79,1,Não,0.126332
P004152,2,0.228854,NEGAR,0.035,60,0.21,0.3116,6855.2,15144.8,0.6884,1,Não,0.228854
P004153,1,0.360487,NEGAR,0.035,48,0.21,0.21,7014.0,26386.0,0.79,2,Sim,0.37205
P004154,3,0.164753,NEGAR,0.0336,48,0.21,0.4689,10315.8,11684.2,0.5311,6,Não,0.164753
P004155,8,0.052784,APROVAR,0.0247,36,0.0,0.0737,1849.87,23250.13,0.9263,4,Sim,0.052784
P004156,9,0.037023,APROVAR,0.0236,36,0.0,0.5802,13170.54,9529.46,0.4198,5,Não,0.037023
P004157,10,0.034867,APROVAR,0.0227,60,0.0,0.1625,8726.25,44973.75,0.8375,3,Sim,0.034867
P004158,7,0.058003,APROVAR,0.0256,48,0.0,0.0776,2653.92,31546.08,0.9224,4,Sim,0.058003
P004159,5,0.093892,APROVAR,0.0282,36,0.21,0.21,9681.0,36419.0,0.79,1,Não,0.092852
P004160,7,0.065985,APROVAR,0.0256,24,0.0,0.371,23855.3,40444.7,0.629,7,Não,0.065985
P004161,4,0.107034,NEGAR,0.0303,36,0.21,0.2531,8149.82,24050.18,0.7469,4,Sim,0.107034
P004162,7,0.061667,APROVAR,0.0256,48,0.0,0.352,18198.4,33501.6,0.648,1,Não,0.061667
P004163,8,0.047396,APROVAR,0.0247,60,0.0,0.2787,6131.4,15868.6,0.7213,2,Não,0.047396
P004164,10,0.023974,APROVAR,0.0227,36,0.0,0.2451,25000.2,76999.8,0.7549,1,Não,0.023974
P004165,1,0.320042,NEGAR,0.035,60,0.21,0.2794,6649.72,17150.28,0.7206,10,Sim,0.320042
P004166,5,0.093198,APROVAR,0.0282,48,0.21,0.2192,29263.2,104236.8,0.7808,2,Não,0.093198
P004167,3,0.172315,NEGAR,0.0336,36,0.21,0.21,4620.0,17380.0,0.79,2,Não,0.153946
P004168,3,0.184782,NEGAR,0.0336,48,0.21,0.3379,13448.42,26351.58,0.6621,0,Não,0.184782
P004169,5,0.087742,APROVAR,0.0282,60,0.21,0.21,4851.0,18249.0,0.79,3,Não,0.0867
P004170,3,0.198977,NEGAR,0.0336,36,0.21,0.4115,16748.05,23951.95,0.5885,3,Não,0.198977
P004171,3,0.179097,NEGAR,0.0336,60,0.21,0.3863,12322.97,19577.03,0.6137,10,Sim,0.179097
P004172,3,0.144648,NEGAR,0.0336,48,0.21,0.21,6258.0,23542.0,0.79,3,Não,0.104404
P004173,2,0.223415,NEGAR,0.035,36,0.21,0.2118,4659.6,17340.4,0.7882,2,Sim,0.223415
P004174,4,0.142029,NEGAR,0.0303,36,0.21,0.2778,11167.56,29032.44,0.7222,12,Não,0.142029
P004175,8,0.054134,APROVAR,0.0247,36,0.0,0.0408,1725.84,40574.16,0.9592,1,Sim,0.054134
P004176,3,0.160205,NEGAR,0.0336,36,0.21,0.2604,5728.8,16271.2,0.7396,7,Não,0.160205
P004177,7,0.056193,APROVAR,0.0256,48,0.0,0.2732,10928.0,29072.0,0.7268,5,Não,0.056193
P004178,6,0.075357,APROVAR,0.0265,36,0.21,0.3127,9037.03,19862.97,0.6873,6,Não,0.075357
P004179,9,0.039962,APROVAR,0.0236,24,0.0,0.2462,12383.86,37916.14,0.7538,4,Sim,0.039962
P004180,7,0.064416,APROVAR,0.0256,24,0.0,0.1016,3048.0,26952.0,0.8984,8,Não,0.064416
P004181,8,0.047625,APROVAR,0.0247,48,0.0,0.3373,11738.04,23061.96,0.6627,0,Não,0.047625
P004182,3,0.146417,NEGAR,0.0336,24,0.21,0.21,4620.0,17380.0,0.79,6,Não,0.148733
P004183,6,0.083658,APROVAR,0.0265,36,0.21,0.3836,9129.68,14670.32,0.6164,8,Não,0.083658
P004184,7,0.056663,APROVAR,0.0256,48,0.0,0.0818,1799.6,20200.4,0.9182,4,Não,0.056663
P004185,8,0.049487,APROVAR,0.0247,24,0.0,0.199,8278.4,33321.6,0.801,3,Sim,0.049487
P004186,7,0.064829,APROVAR,0.0256,24,0.0,0.207,10971.0,42029.0,0.793,4,Não,0.064829
P004187,6,0.069585,APROVAR,0.0265,48,0.21,0.21,8757.0,32943.0,0.79,6,Não,0.066089
P004188,3,0.159775,NEGAR,0.0336,48,0.21,0.21,8085.0,30415.0,0.79,9,Não,0.160646
P004189,8,0.049826,APROVAR,0.0247,36,0.0,0.3108,12276.6,27223.4,0.6892,5,Não,0.049826
P004190,2,0.268665,NEGAR,0.035,60,0.21,0.21,12474.0,46926.0,0.79,2,Sim,0.263589
P004191,6,0.069851,APROVAR,0.0265,60,0.21,0.3544,7796.8,14203.2,0.6456,5,Não,0.069851
P004192,8,0.049007,APROVAR,0.0247,24,0.0,0.6481,14258.2,7741.8,0.3519,1,Não,0.049007
P004193,10,0.030756,APROVAR,0.0227,48,0.0,0.2525,13029.0,38571.0,0.7475,6,Não,0.030756
P004194,8,0.047382,APROVAR,0.0247,24,0.0,0.1043,3952.97,33947.03,0.8957,2,Não,0.047382
P004195,10,0.034895,APROVAR,0.0227,60,0.0,0.3761,8274.2,13725.8,0.6239,3,Não,0.034895
P004196,8,0.046751,APROVAR,0.0247,60,0.0,0.2228,22703.32,79196.68,0.7772,1,Não,0.046751
P004197,6,0.079095,APROVAR,0.0265,48,0.21,0.21,8295.0,31205.0,0.79,0,Sim,0.075571
P004198,1,0.354611,NEGAR,0.035,48,0.21,0.21,8862.0,33338.0,0.79,1,Não,0.338444
P004199,10,0.022818,APROVAR,0.0227,24,0.0,0.1005,4130.55,36969.45,0.8995,12,Não,0.022818
P004200,8,0.049529,APROVAR,0.0247,48,0.0,0.2686,23583.08,64216.92,0.7314,5,Não,0.049529
P004201,8,0.052033,APROVAR,0.0247,48,0.0,0.1361,4532.13,28767.87,0.8639,2,Não,0.052033
P004202,4,0.116548,NEGAR,0.0303,36,0.21,0.21,6699.0,25201.0,0.79,3,Não,0.116548
P004203,3,0.162838,NEGAR,0.0336,24,0.21,0.2793,14104.65,36395.35,0.7207,9,Sim,0.162838
P004204,3,0.156086,NEGAR,0.0336,36,0.21,0.21,8400.0,31600.0,0.79,6,Não,0.143853
P004205,9,0.044694,APROVAR,0.0236,24,0.0,0.1911,4204.2,17795.8,0.8089,8,Sim,0.044694
P004206,1,0.465214,NEGAR,0.035,60,0.21,0.21,10857.0,40843.0,0.79,3,Não,0.409002
P004207,9,0.040572,APROVAR,0.0236,48,0.0,0.1623,14736.84,76063.16,0.8377,4,Não,0.040572
P004208,1,0.322324,NEGAR,0.035,36,0.21,0.21,4620.0,17380.0,0.79,12,Não,0.31848
P004209,10,0.022347,APROVAR,0.0227,36,0.0,0.2846,16990.62,42709.38,0.7154,6,Não,0.022347
P004210,10,0.031238,APROVAR,0.0227,48,0.0,0.2775,14319.0,37281.0,0.7225,5,Não,0.031238
P004211,2,0.218641,NEGAR,0.035,48,0.21,0.2502,7380.9,22119.1,0.7498,10,Sim,0.218641
P004212,7,0.065645,APROVAR,0.0256,48,0.0,0.3882,8889.78,14010.22,0.6118,5,Não,0.065645
P004213,3,0.187883,NEGAR,0.0336,48,0.21,0.256,18892.8,54907.2,0.744,1,Não,0.187883
P004214,9,0.040951,APROVAR,0.0236,48,0.0,0.1506,4999.92,28200.08,0.8494,2,Não,0.040951
P004215,3,0.167009,NEGAR,0.0336,24,0.21,0.21,7581.0,28519.0,0.79,4,Não,0.179174
P004216,2,0.257607,NEGAR,0.035,60,0.21,0.2618,5759.6,16240.4,0.7382,3,Não,0.257607
P004217,6,0.07123,APROVAR,0.0265,60,0.21,0.4656,22907.52,26292.48,0.5344,0,Não,0.07123
P004218,1,0.331392,NEGAR,0.035,36,0.21,0.2603,20693.85,58806.15,0.7397,3,Não,0.331392
P004219,3,0.203867,NEGAR,0.0336,48,0.21,0.21,6237.0,23463.0,0.79,9,Sim,0.200842
P004220,3,0.197018,NEGAR,0.0336,60,0.21,0.3538,9658.74,17641.26,0.6462,2,Não,0.197018
P004221,4,0.107004,NEGAR,0.0303,36,0.21,0.2304,20989.44,70110.56,0.7696,2,Não,0.107004
P004222,3,0.148016,NEGAR,0.0336,24,0.21,0.3729,21031.56,35368.44,0.6271,4,Não,0.148016
P004223,1,0.335964,NEGAR,0.035,48,0.21,0.21,5460.0,20540.0,0.79,5,Sim,0.345883
P004224,9,0.044381,APROVAR,0.0236,24,0.0,0.1915,6836.55,28863.45,0.8085,1,Sim,0.044381
P004225,8,0.045675,APROVAR,0.0247,60,0.0,0.071,2733.5,35766.5,0.929,5,Não,0.045675
P004226,9,0.044594,APROVAR,0.0236,36,0.0,0.2683,15158.95,41341.05,0.7317,6,Não,0.044594
P004227,9,0.040448,APROVAR,0.0236,48,0.0,0.2933,13579.79,32720.21,0.7067,3,Não,0.040448
P004228,6,0.077284,APROVAR,0.0265,48,0.21,0.21,8253.0,31047.0,0.79,6,Sim,0.032935
P004229,1,0.396384,NEGAR,0.035,24,0.21,0.21,6048.0,22752.0,0.79,3,Sim,0.419757
P004230,1,0.389046,NEGAR,0.035,48,0.21,0.21,4620.0,17380.0,0.79,3,Não,0.382657
P004231,6,0.076807,APROVAR,0.0265,48,0.21,0.2995,11381.0,26619.0,0.7005,5,Não,0.076807
P004232,9,0.037496,APROVAR,0.0236,60,0.0,0.4671,29614.14,33785.86,0.5329,1,Não,0.037496
P004233,9,0.04263,APROVAR,0.0236,36,0.0,0.4566,30637.86,36462.14,0.5434,1,Não,0.04263
P004234,6,0.068306,APROVAR,0.0265,48,0.21,0.2225,9856.75,34443.25,0.7775,2,Não,0.068306
P004235,9,0.039801,APROVAR,0.0236,36,0.0,0.3071,15047.9,33952.1,0.6929,1,Não,0.039801
P004236,10,0.035587,APROVAR,0.0227,48,0.0,0.3037,12967.99,29732.01,0.6963,1,Não,0.035587
P004237,1,0.323722,NEGAR,0.035,48,0.21,0.21,4620.0,17380.0,0.79,2,Sim,0.290191
P004238,1,0.471885,NEGAR,0.035,24,0.21,0.21,12705.0,47795.0,0.79,11,Não,0.311123
P004239,6,0.069942,APROVAR,0.0265,60,0.21,0.21,11130.0,41870.0,0.79,3,Não,0.050944
P004240,10,0.036557,APROVAR,0.0227,36,0.0,0.0857,5639.06,60160.94,0.9143,2,Não,0.036557
P004241,3,0.154623,NEGAR,0.0336,36,0.21,0.3549,16538.34,30061.66,0.6451,4,Não,0.154623
P004242,4,0.131455,NEGAR,0.0303,60,0.21,0.3489,7675.8,14324.2,0.6511,5,Não,0.131455
P004243,2,0.248091,NEGAR,0.035,36,0.21,0.2192,4822.4,17177.6,0.7808,3,Sim,0.248091
P004244,4,0.116509,NEGAR,0.0303,60,0.21,0.21,13650.0,51350.0,0.79,5,Não,0.114313
P004245,8,0.051588,APROVAR,0.0247,60,0.0,0.3519,23823.63,43876.37,0.6481,2,Não,0.051588
P004246,1,0.314951,NEGAR,0.035,48,0.21,0.21,5250.0,19750.0,0.79,5,Não,0.315764
P004247,7,0.055089,APROVAR,0.0256,24,0.0,0.2772,19681.2,51318.8,0.7228,2,Não,0.055089
P004248,1,0.359955,NEGAR,0.035,60,0.21,0.21,6657.0,25043.0,0.79,6,Não,0.372884
P004249,2,0.240541,NEGAR,0.035,48,0.21,0.21,4620.0,17380.0,0.79,6,Sim,0.246486
P004250,8,0.046532,APROVAR,0.0247,48,0.0,0.2435,14244.75,44255.25,0.7565,1,Não,0.046532
P004251,9,0.04045,APROVAR,0.0236,36,0.0,0.1235,5681.0,40319.0,0.8765,4,Não,0.04045
P004252,7,0.064966,APROVAR,0.0256,36,0.0,0.3015,9798.75,22701.25,0.6985,7,Sim,0.064966
P004253,1,0.302846,NEGAR,0.035,36,0.21,0.21,4725.0,17775.0,0.79,8,Não,0.306992
P004254,9,0.039996,APROVAR,0.0236,36,0.0,0.2683,11724.71,31975.29,0.7317,4,Não,0.039996
P004255,5,0.098791,APROVAR,0.0282,24,0.21,0.4002,10205.1,15294.9,0.5998,7,Não,0.098791
P004256,1,0.413096,NEGAR,0.035,60,0.21,0.3233,7112.6,14887.4,0.6767,8,Sim,0.413096
P004257,7,0.056058,APROVAR,0.0256,36,0.0,0.2148,4725.6,17274.4,0.7852,11,Não,0.056058
P004258,10,0.026362,APROVAR,0.0227,36,0.0,0.2884,10122.84,24977.16,0.7116,4,Não,0.026362
P004259,9,0.041121,APROVAR,0.0236,48,0.0,0.218,5951.4,21348.6,0.782,2,Não,0.041121
P004260,2,0.287063,NEGAR,0.035,60,0.21,0.21,5082.0,19118.0,0.79,2,Sim,0.283901
P004261,7,0.057088,APROVAR,0.0256,48,0.0,0.3583,22859.54,40940.46,0.6417,5,Não,0.057088
P004262,10,0.032691,APROVAR,0.0227,36,0.0,0.4998,34836.06,34863.94,0.5002,2,Não,0.032691
P004263,10,0.032623,APROVAR,0.0227,36,0.0,0.4506,21448.56,26151.44,0.5494,5,Não,0.032623
P004264,7,0.060239,APROVAR,0.0256,48,0.0,0.1916,8526.2,35973.8,0.8084,3,Sim,0.060239
P004265,10,0.030004,APROVAR,0.0227,36,0.0,0.1311,6305.91,41794.09,0.8689,1,Não,0.030004
P004266,8,0.046779,APROVAR,0.0247,36,0.0,0.1298,2855.6,19144.4,0.8702,11,Não,0.046779
P004267,2,0.227504,NEGAR,0.035,24,0.21,0.4537,13202.67,15897.33,0.5463,3,Não,0.227504
P004268,6,0.079206,APROVAR,0.0265,60,0.21,0.3185,15383.55,32916.45,0.6815,4,Não,0.079206
P004269,6,0.078914,APROVAR,0.0265,24,0.21,0.21,13965.0,52535.0,0.79,1,Não,0.062894
P004270,1,0.658812,NEGAR,0.035,60,0.21,0.2455,6383.0,19617.0,0.7545,3,Não,0.658812
P004271,9,0.04062,APROVAR,0.0236,24,0.0,0.2899,23220.99,56879.01,0.7101,5,Não,0.04062
P004272,6,0.068773,APROVAR,0.0265,48,0.21,0.2639,16810.43,46889.57,0.7361,0,Não,0.068773
P004273,1,0.364469,NEGAR,0.035,48,0.21,0.21,11235.0,42265.0,0.79,6,Não,0.363981
P004274,1,0.387148,NEGAR,0.035,48,0.21,0.21,4620.0,17380.0,0.79,5,Não,0.387148
P004275,1,0.316739,NEGAR,0.035,48,0.21,0.21,5712.0,21488.0,0.79,3,Não,0.219998
P004276,4,0.106927,NEGAR,0.0303,48,0.21,0.2322,8127.0,26873.0,0.7678,6,Não,0.106927
P004277,6,0.0673,APROVAR,0.0265,36,0.21,0.2674,8128.96,22271.04,0.7326,2,Não,0.0673
P004278,9,0.04451,APROVAR,0.0236,24,0.0,0.4089,18564.06,26835.94,0.5911,1,Sim,0.04451
P004279,8,0.047405,APROVAR,0.0247,24,0.0,0.4344,18418.56,23981.44,0.5656,4,Não,0.047405
P004280,6,0.072536,APROVAR,0.0265,24,0.21,0.2606,13134.24,37265.76,0.7394,6,Sim,0.072536
P004281,1,0.334899,NEGAR,0.035,48,0.21,0.21,7665.0,28835.0,0.79,11,Não,0.281186
P004282,5,0.092133,APROVAR,0.0282,60,0.21,0.464,13456.0,15544.0,0.536,3,Não,0.092133
P004283,3,0.162547,NEGAR,0.0336,60,0.21,0.21,12096.0,45504.0,0.79,7,Não,0.158626
P004284,6,0.070918,APROVAR,0.0265,48,0.21,0.21,13944.0,52456.0,0.79,6,Não,0.050267
P004285,9,0.0403,APROVAR,0.0236,24,0.0,0.3123,22922.82,50477.18,0.6877,3,Não,0.0403
P004286,4,0.126035,NEGAR,0.0303,60,0.21,0.21,6132.0,23068.0,0.79,3,Não,0.13162
P004287,9,0.041634,APROVAR,0.0236,36,0.0,0.046,2382.8,49417.2,0.954,2,Sim,0.041634
P004288,1,0.311426,NEGAR,0.035,60,0.21,0.21,10689.0,40211.0,0.79,10,Sim,0.301406
P004289,1,0.318215,NEGAR,0.035,48,0.21,0.21,8022.0,30178.0,0.79,11,Não,0.326633
P004290,7,0.057956,APROVAR,0.0256,60,0.0,0.2784,17344.32,44955.68,0.7216,1,Não,0.057956
P004291,6,0.081128,APROVAR,0.0265,48,0.21,0.21,4725.0,17775.0,0.79,6,Não,0.051593
P004292,3,0.154819,NEGAR,0.0336,24,0.21,0.21,6636.0,24964.0,0.79,4,Não,0.123641
P004293,1,0.386447,NEGAR,0.035,60,0.21,0.21,4620.0,17380.0,0.79,8,Sim,0.384621
P004294,1,0.445367,NEGAR,0.035,36,0.21,0.21,14427.0,54273.0,0.79,2,Não,0.298663
P004295,8,0.050974,APROVAR,0.0247,48,0.0,0.1592,7498.32,39601.68,0.8408,4,Não,0.050974
P004296,8,0.045501,APROVAR,0.0247,36,0.0,0.3674,17157.58,29542.42,0.6326,1,Sim,0.045501
P004297,2,0.232865,NEGAR,0.035,48,0.21,0.21,4746.0,17854.0,0.79,1,Não,0.219882
P004298,9,0.040349,APROVAR,0.0236,36,0.0,0.1548,5433.48,29666.52,0.8452,3,Não,0.040349
P004299,3,0.182546,NEGAR,0.0336,60,0.21,0.3302,21727.16,44072.84,0.6698,6,Sim,0.182546
P004300,3,0.199638,NEGAR,0.0336,48,0.21,0.21,12768.0,48032.0,0.79,2,Sim,0.182507
P004301,8,0.052719,APROVAR,0.0247,36,0.0,0.043,1982.3,44117.7,0.957,6,Não,0.052719
P004302,8,0.053907,APROVAR,0.0247,36,0.0,0.4572,12161.52,14438.48,0.5428,8,Não,0.053907
P004303,8,0.05119,APROVAR,0.0247,36,0.0,0.0861,7645.68,81154.32,0.9139,2,Não,0.05119
P004304,10,0.032106,APROVAR,0.0227,36,0.0,0.3571,12069.98,21730.02,0.6429,7,Não,0.032106
P004305,10,0.01793,APROVAR,0.0227,36,0.0,0.2981,19972.7,47027.3,0.7019,12,Não,0.01793
P004306,10,0.028568,APROVAR,0.0227,60,0.0,0.2804,25011.68,64188.32,0.7196,1,Não,0.028568
P004307,4,0.113522,NEGAR,0.0303,36,0.21,0.21,13650.0,51350.0,0.79,1,Sim,0.075951
P004308,9,0.039676,APROVAR,0.0236,36,0.0,0.1974,7205.1,29294.9,0.8026,3,Sim,0.039676
P004309,2,0.232397,NEGAR,0.035,36,0.21,0.21,4851.0,18249.0,0.79,3,Não,0.228872
P004310,7,0.06164,APROVAR,0.0256,60,0.0,0.0864,2185.92,23114.08,0.9136,5,Não,0.06164
P004311,6,0.078472,APROVAR,0.0265,60,0.21,0.21,8253.0,31047.0,0.79,8,Não,0.073454
P004312,7,0.059689,APROVAR,0.0256,48,0.0,0.334,15831.6,31568.4,0.666,5,Não,0.059689
P004313,9,0.03857,APROVAR,0.0236,48,0.0,0.1024,4392.96,38507.04,0.8976,3,Não,0.03857
P004314,2,0.274078,NEGAR,0.035,36,0.21,0.21,4620.0,17380.0,0.79,3,Sim,0.274336
P004315,5,0.089387,APROVAR,0.0282,48,0.21,0.2713,20510.28,55089.72,0.7287,3,Não,0.089387
P004316,1,0.355419,NEGAR,0.035,60,0.21,0.21,4620.0,17380.0,0.79,3,Sim,0.358447
P004317,9,0.040239,APROVAR,0.0236,36,0.0,0.3208,16489.12,34910.88,0.6792,6,Sim,0.040239
P004318,10,0.036052,APROVAR,0.0227,60,0.0,0.3626,14939.12,26260.88,0.6374,4,Sim,0.036052
P004319,2,0.289371,NEGAR,0.035,48,0.21,0.21,9660.0,36340.0,0.79,1,Sim,0.265653
P004320,2,0.271677,NEGAR,0.035,60,0.21,0.2547,6112.8,17887.2,0.7453,12,Não,0.271677
P004321,3,0.151007,NEGAR,0.0336,48,0.21,0.21,4620.0,17380.0,0.79,12,Sim,0.15079
P004322,3,0.185124,NEGAR,0.0336,24,0.21,0.4415,19514.3,24685.7,0.5585,2,Não,0.185124
P004323,4,0.134169,NEGAR,0.0303,36,0.21,0.21,14994.0,56406.0,0.79,3,Não,0.134169
P004324,1,0.386716,NEGAR,0.035,60,0.21,0.21,4620.0,17380.0,0.79,4,Sim,0.303663
P004325,6,0.075036,APROVAR,0.0265,36,0.21,0.21,4788.0,18012.0,0.79,12,Não,0.036842
P004326,10,0.024224,APROVAR,0.0227,24,0.0,0.3398,35305.22,68594.78,0.6602,1,Não,0.024224
P004327,9,0.044301,APROVAR,0.0236,36,0.0,0.3401,27922.21,54177.79,0.6599,1,Não,0.044301
P004328,3,0.167566,NEGAR,0.0336,36,0.21,0.3462,12047.76,22752.24,0.6538,7,Não,0.167566
P004329,7,0.060872,APROVAR,0.0256,60,0.0,0.1386,3894.66,24205.34,0.8614,5,Sim,0.060872
P004330,1,0.609928,NEGAR,0.035,60,0.21,0.21,5733.0,21567.0,0.79,7,Não,0.621066
P004331,10,0.035404,APROVAR,0.0227,48,0.0,0.2327,5119.4,16880.6,0.7673,4,Não,0.035404
P004332,10,0.030175,APROVAR,0.0227,24,0.0,0.2379,23885.16,76514.84,0.7621,2,Não,0.030175
P004333,3,0.144569,NEGAR,0.0336,60,0.21,0.21,12222.0,45978.0,0.79,4,Não,0.144569
P004334,2,0.239036,NEGAR,0.035,60,0.21,0.443,13644.4,17155.6,0.557,0,Não,0.239036
P004335,10,0.022636,APROVAR,0.0227,48,0.0,0.5245,26959.3,24440.7,0.4755,0,Não,0.022636
P004336,7,0.057585,APROVAR,0.0256,24,0.0,0.3219,12135.63,25564.37,0.6781,8,Não,0.057585
P004337,6,0.072294,APROVAR,0.0265,36,0.21,0.21,8757.0,32943.0,0.79,2,Não,0.0604
P004338,6,0.073105,APROVAR,0.0265,60,0.21,0.3563,7838.6,14161.4,0.6437,6,Não,0.073105
P004339,5,0.08658,APROVAR,0.0282,60,0.21,0.21,5607.0,21093.0,0.79,3,Não,0.051275
P004340,2,0.255088,NEGAR,0.035,60,0.21,0.21,7308.0,27492.0,0.79,5,Não,0.270416
P004341,5,0.086678,APROVAR,0.0282,48,0.21,0.21,6174.0,23226.0,0.79,2,Não,0.087982
P004342,4,0.112848,NEGAR,0.0303,48,0.21,0.3132,8550.36,18749.64,0.6868,6,Não,0.112848
P004343,5,0.09365,APROVAR,0.0282,24,0.21,0.742,27750.8,9649.2,0.258,1,Não,0.09365
P004344,4,0.113525,NEGAR,0.0303,24,0.21,0.21,7056.0,26544.0,0.79,2,Sim,0.090859
P004345,5,0.102044,APROVAR,0.0282,48,0.21,0.3342,8856.3,17643.7,0.6658,5,Não,0.102044
P004346,1,0.307317,NEGAR,0.035,48,0.21,0.21,4620.0,17380.0,0.79,3,Sim,0.307317
P004347,9,0.038346,APROVAR,0.0236,48,0.0,0.0808,4573.28,52026.72,0.9192,6,Não,0.038346
P004348,8,0.045224,APROVAR,0.0247,24,0.0,0.0259,1787.1,67212.9,0.9741,5,Não,0.045224
P004349,3,0.183689,NEGAR,0.0336,48,0.21,0.21,14553.0,54747.0,0.79,9,Não,0.14778
P004350,3,0.174298,NEGAR,0.0336,24,0.21,0.21,15120.0,56880.0,0.79,7,Não,0.076794
P004351,4,0.107176,NEGAR,0.0303,24,0.21,0.21,6594.0,24806.0,0.79,3,Não,0.121742
P004352,1,0.492965,NEGAR,0.035,60,0.21,0.21,4620.0,17380.0,0.79,1,Não,0.475093
P004353,1,0.379721,NEGAR,0.035,60,0.21,0.21,7938.0,29862.0,0.79,10,Sim,0.402893
P004354,7,0.063896,APROVAR,0.0256,36,0.0,0.461,18209.5,21290.5,0.539,3,Não,0.063896
P004355,10,0.022139,APROVAR,0.0227,36,0.0,0.3684,15030.72,25769.28,0.6316,2,Não,0.022139
P004356,2,0.268586,NEGAR,0.035,60,0.21,0.21,4620.0,17380.0,0.79,10,Não,0.269074
P004357,3,0.163267,NEGAR,0.0336,48,0.21,0.3461,15782.16,29817.84,0.6539,2,Não,0.163267
P004358,1,0.530128,NEGAR,0.035,60,0.21,0.21,13377.0,50323.0,0.79,6,Não,0.36481
P004359,5,0.098953,APROVAR,0.0282,60,0.21,0.2445,7212.75,22287.25,0.7555,5,Não,0.098953
P004360,1,0.52046,NEGAR,0.035,48,0.21,0.2611,5744.2,16255.8,0.7389,12,Não,0.52046
P004361,5,0.099669,APROVAR,0.0282,60,0.21,0.21,8883.0,33417.0,0.79,5,Não,0.091221
P004362,6,0.073217,APROVAR,0.0265,60,0.21,0.2705,11198.7,30201.3,0.7295,2,Não,0.073217
P004363,2,0.298656,NEGAR,0.035,48,0.21,0.21,7140.0,26860.0,0.79,2,Sim,0.333583
P004364,6,0.080261,APROVAR,0.0265,24,0.21,0.21,6111.0,22989.0,0.79,7,Sim,0.08413
P004365,2,0.253885,NEGAR,0.035,48,0.21,0.21,7245.0,27255.0,0.79,3,Não,0.164692
P004366,2,0.233283,NEGAR,0.035,36,0.21,0.21,4914.0,18486.0,0.79,5,Não,0.109097
P004367,10,0.026105,APROVAR,0.0227,24,0.0,0.2112,11468.16,42831.84,0.7888,1,Não,0.026105
P004368,3,0.185612,NEGAR,0.0336,48,0.21,0.21,6783.0,25517.0,0.79,1,Não,0.1935
P004369,8,0.050004,APROVAR,0.0247,60,0.0,0.3586,19113.38,34186.62,0.6414,3,Não,0.050004
P004370,3,0.191412,NEGAR,0.0336,36,0.21,0.21,4620.0,17380.0,0.79,12,Não,0.190077
P004371,10,0.031903,APROVAR,0.0227,36,0.0,0.3175,24828.5,53371.5,0.6825,1,Não,0.031903
P004372,10,0.033907,APROVAR,0.0227,60,0.0,0.5331,16845.96,14754.04,0.4669,7,Não,0.033907
P004373,3,0.144446,NEGAR,0.0336,48,0.21,0.21,13629.0,51271.0,0.79,3,Não,0.134059
P004374,6,0.077992,APROVAR,0.0265,60,0.21,0.21,16401.0,61699.0,0.79,5,Não,0.060982
P004375,6,0.074769,APROVAR,0.0265,48,0.21,0.4506,18519.66,22580.34,0.5494,3,Sim,0.074769
P004376,10,0.033814,APROVAR,0.0227,36,0.0,0.119,2618.0,19382.0,0.881,6,Não,0.033814
P004377,4,0.125763,NEGAR,0.0303,24,0.21,0.21,5733.0,21567.0,0.79,2,Sim,0.110215
P004378,1,0.740696,NEGAR,0.035,60,0.21,0.4402,17255.84,21944.16,0.5598,11,Sim,0.740696
P004379,4,0.132335,NEGAR,0.0303,24,0.21,0.21,12012.0,45188.0,0.79,11,Não,0.137328
P004380,8,0.051459,APROVAR,0.0247,36,0.0,0.0387,2159.46,53640.54,0.9613,4,Não,0.051459
P004381,8,0.051393,APROVAR,0.0247,60,0.0,0.1967,5546.94,22653.06,0.8033,8,Não,0.051393
P004382,5,0.089603,APROVAR,0.0282,36,0.21,0.21,17850.0,67150.0,0.79,1,Não,0.089581
P004383,10,0.029511,APROVAR,0.0227,24,0.0,0.4975,27412.25,27687.75,0.5025,2,Não,0.029511
P004384,10,0.02987,APROVAR,0.0227,36,0.0,0.3389,29755.42,58044.58,0.6611,2,Não,0.02987
P004385,6,0.07684,APROVAR,0.0265,60,0.21,0.21,9030.0,33970.0,0.79,2,Sim,0.054959
P004386,3,0.181851,NEGAR,0.0336,48,0.21,0.2777,6109.4,15890.6,0.7223,12,Não,0.181851
P004387,6,0.068388,APROVAR,0.0265,24,0.21,0.21,9156.0,34444.0,0.79,8,Não,0.066698
P004388,6,0.067825,APROVAR,0.0265,48,0.21,0.21,8946.0,33654.0,0.79,4,Não,0.063813
P004389,9,0.042509,APROVAR,0.0236,36,0.0,0.5607,24558.66,19241.34,0.4393,3,Não,0.042509
P004390,1,0.334748,NEGAR,0.035,60,0.21,0.21,4830.0,18170.0,0.79,12,Sim,0.300489
P004391,5,0.102283,APROVAR,0.0282,48,0.21,0.21,8400.0,31600.0,0.79,2,Não,0.055772
P004392,3,0.208561,NEGAR,0.0336,24,0.21,0.21,5439.0,20461.0,0.79,0,Sim,0.169466
P004393,5,0.105863,APROVAR,0.0282,48,0.21,0.21,5733.0,21567.0,0.79,2,Não,0.118342
P004394,1,0.486063,NEGAR,0.035,48,0.21,0.21,4620.0,17380.0,0.79,5,Sim,0.448132
P004395,10,0.034606,APROVAR,0.0227,36,0.0,0.4079,20762.11,30137.89,0.5921,4,Não,0.034606
P004396,3,0.145212,NEGAR,0.0336,36,0.21,0.21,5859.0,22041.0,0.79,0,Não,0.151745
P004397,4,0.108342,NEGAR,0.0303,36,0.21,0.21,11445.0,43055.0,0.79,10,Não,0.111481
P004398,1,0.312574,NEGAR,0.035,48,0.21,0.21,4620.0,17380.0,0.79,12,Sim,0.285215
P004399,6,0.076719,APROVAR,0.0265,36,0.21,0.21,6678.0,25122.0,0.79,3,Não,0.076719
P004400,6,0.067005,APROVAR,0.0265,24,0.21,0.21,11991.0,45109.0,0.79,6,Não,0.067005
P004401,8,0.052662,APROVAR,0.0247,60,0.0,0.1839,4045.8,17954.2,0.8161,3,Não,0.052662
P004402,6,0.083456,APROVAR,0.0265,60,0.21,0.3543,7794.6,14205.4,0.6457,7,Não,0.083456
P004403,3,0.202155,NEGAR,0.0336,60,0.21,0.21,12894.0,48506.0,0.79,1,Não,0.178962
P004404,2,0.300499,NEGAR,0.035,60,0.21,0.21,5082.0,19118.0,0.79,4,Sim,0.295193
P004405,4,0.138357,NEGAR,0.0303,36,0.21,0.2182,8182.5,29317.5,0.7818,4,Sim,0.138357
P004406,5,0.095956,APROVAR,0.0282,48,0.21,0.3232,7175.04,15024.96,0.6768,5,Não,0.095956
P004407,10,0.029713,APROVAR,0.0227,60,0.0,0.156,6068.4,32831.6,0.844,2,Não,0.029713
P004408,8,0.051899,APROVAR,0.0247,48,0.0,0.2547,11996.37,35103.63,0.7453,1,Não,0.051899
P004409,10,0.031303,APROVAR,0.0227,24,0.0,0.255,13795.5,40304.5,0.745,4,Não,0.031303
P004410,10,0.036155,APROVAR,0.0227,36,0.0,0.2794,16205.2,41794.8,0.7206,1,Não,0.036155
P004411,2,0.23558,NEGAR,0.035,24,0.21,0.21,4620.0,17380.0,0.79,8,Sim,0.244066
P004412,8,0.050061,APROVAR,0.0247,48,0.0,0.1261,2774.2,19225.8,0.8739,5,Não,0.050061
P004413,6,0.069723,APROVAR,0.0265,36,0.21,0.21,4620.0,17380.0,0.79,3,Sim,0.072016
P004414,8,0.04606,APROVAR,0.0247,60,0.0,0.4694,24314.92,27485.08,0.5306,6,Não,0.04606
P004415,3,0.20434,NEGAR,0.0336,24,0.21,0.2392,10907.52,34692.48,0.7608,4,Sim,0.20434
P004416,5,0.084341,APROVAR,0.0282,36,0.21,0.21,7833.0,29467.0,0.79,7,Não,0.054317
P004417,5,0.087948,APROVAR,0.0282,24,0.21,0.21,9114.0,34286.0,0.79,1,Não,0.055848
P004418,8,0.045898,APROVAR,0.0247,48,0.0,0.0716,2770.92,35929.08,0.9284,0,Não,0.045898
P004419,2,0.216178,NEGAR,0.035,36,0.21,0.21,16548.0,62252.0,0.79,2,Não,0.179632
P004420,9,0.042843,APROVAR,0.0236,48,0.0,0.1636,5644.2,28855.8,0.8364,3,Sim,0.042843
P004421,5,0.093585,APROVAR,0.0282,24,0.21,0.21,7980.0,30020.0,0.79,6,Não,0.089128
P004422,3,0.181239,NEGAR,0.0336,60,0.21,0.5036,14654.76,14445.24,0.4964,12,Não,0.181239
P004423,10,0.032873,APROVAR,0.0227,60,0.0,0.1619,15930.96,82469.04,0.8381,5,Não,0.032873
P004424,8,0.048238,APROVAR,0.0247,48,0.0,0.1009,2391.33,21308.67,0.8991,9,Não,0.048238
P004425,10,0.028606,APROVAR,0.0227,36,0.0,0.2349,7587.27,24712.73,0.7651,5,Não,0.028606
P004426,9,0.037862,APROVAR,0.0236,48,0.0,0.2321,5315.09,17584.91,0.7679,1,Não,0.037862
P004427,4,0.116068,NEGAR,0.0303,36,0.21,0.21,11403.0,42897.0,0.79,1,Sim,0.107724
P004428,6,0.066365,APROVAR,0.0265,36,0.21,0.3436,8555.64,16344.36,0.6564,12,Não,0.066365
P004429,10,0.030589,APROVAR,0.0227,60,0.0,0.2849,21880.32,54919.68,0.7151,1,Não,0.030589
P004430,2,0.209725,NEGAR,0.035,60,0.21,0.361,8086.4,14313.6,0.639,3,Sim,0.209725
P004431,1,0.466908,NEGAR,0.035,48,0.21,0.21,4620.0,17380.0,0.79,8,Sim,0.466908
P004432,10,0.031625,APROVAR,0.0227,48,0.0,0.3909,12235.17,19064.83,0.6091,3,Não,0.031625
P004433,9,0.043102,APROVAR,0.0236,36,0.0,0.0836,2524.72,27675.28,0.9164,12,Não,0.043102
P004434,9,0.03724,APROVAR,0.0236,48,0.0,0.0882,4021.92,41578.08,0.9118,5,Não,0.03724
P004435,8,0.04672,APROVAR,0.0247,36,0.0,0.4582,15670.44,18529.56,0.5418,0,Não,0.04672
P004436,10,0.034829,APROVAR,0.0227,60,0.0,0.1523,4157.79,23142.21,0.8477,3,Não,0.034829
P004437,1,0.600957,NEGAR,0.035,24,0.21,0.21,4620.0,17380.0,0.79,10,Não,0.600957
P004438,3,0.209076,NEGAR,0.0336,48,0.21,0.21,4620.0,17380.0,0.79,4,Não,0.211027
P004439,2,0.268879,NEGAR,0.035,36,0.21,0.21,11613.0,43687.0,0.79,2,Não,0.207357
P004440,10,0.024184,APROVAR,0.0227,24,0.0,0.115,3565.0,27435.0,0.885,4,Não,0.024184
P004441,6,0.067318,APROVAR,0.0265,36,0.21,0.21,9240.0,34760.0,0.79,12,Não,0.064866
P004442,8,0.052583,APROVAR,0.0247,60,0.0,0.2287,10039.93,33860.07,0.7713,1,Não,0.052583
P004443,1,0.574653,NEGAR,0.035,36,0.21,0.3695,14114.9,24085.1,0.6305,12,Não,0.574653
P004444,2,0.265642,NEGAR,0.035,36,0.21,0.3734,16989.7,28510.3,0.6266,6,Sim,0.265642
P004445,1,0.315211,NEGAR,0.035,36,0.21,0.3665,11764.65,20335.35,0.6335,2,Não,0.315211
P004446,1,0.365512,NEGAR,0.035,36,0.21,0.2429,5343.8,16656.2,0.7571,2,Sim,0.365512
P004447,8,0.051487,APROVAR,0.0247,60,0.0,0.1388,9049.76,56150.24,0.8612,5,Não,0.051487
P004448,1,0.530446,NEGAR,0.035,60,0.21,0.21,4620.0,17380.0,0.79,6,Não,0.519417
P004449,6,0.075816,APROVAR,0.0265,48,0.21,0.21,4620.0,17380.0,0.79,2,Sim,0.037835
P004450,2,0.267385,NEGAR,0.035,24,0.21,0.21,8610.0,32390.0,0.79,4,Não,0.23188
P004451,4,0.121398,NEGAR,0.0303,24,0.21,0.21,4620.0,17380.0,0.79,5,Sim,0.061204
P004452,2,0.238622,NEGAR,0.035,48,0.21,0.21,4620.0,17380.0,0.79,5,Sim,0.236985
P004453,7,0.064116,APROVAR,0.0256,48,0.0,0.3743,12651.34,21148.66,0.6257,1,Não,0.064116
P004454,4,0.129927,NEGAR,0.0303,48,0.21,0.6916,36793.12,16406.88,0.3084,12,Não,0.129927
P004455,4,0.137833,NEGAR,0.0303,60,0.21,0.3353,14216.72,28183.28,0.6647,3,Sim,0.137833
P004456,2,0.285301,NEGAR,0.035,60,0.21,0.21,4620.0,17380.0,0.79,4,Sim,0.207841
P004457,4,0.140527,NEGAR,0.0303,48,0.21,0.21,8841.0,33259.0,0.79,2,Sim,0.13348
P004458,10,0.033974,APROVAR,0.0227,24,0.0,0.3664,19895.52,34404.48,0.6336,0,Não,0.033974
P004459,7,0.064893,APROVAR,0.0256,36,0.0,0.1182,14869.56,110930.44,0.8818,4,Sim,0.064893
P004460,8,0.045307,APROVAR,0.0247,36,0.0,0.1519,8096.27,45203.73,0.8481,1,Sim,0.045307
P004461,2,0.210084,NEGAR,0.035,60,0.21,0.2262,20471.1,70028.9,0.7738,2,Sim,0.210084
P004462,8,0.053731,APROVAR,0.0247,48,0.0,0.3437,21790.58,41609.42,0.6563,2,Sim,0.053731
P004463,1,0.556783,NEGAR,0.035,36,0.21,0.21,8190.0,30810.0,0.79,4,Sim,0.462485
P004464,9,0.040402,APROVAR,0.0236,48,0.0,0.6594,33233.76,17166.24,0.3406,9,Não,0.040402
P004465,6,0.073972,APROVAR,0.0265,48,0.21,0.2653,15599.64,43200.36,0.7347,2,Sim,0.073972
P004466,10,0.022242,APROVAR,0.0227,60,0.0,0.4633,13435.7,15564.3,0.5367,12,Sim,0.022242
P004467,2,0.238661,NEGAR,0.035,48,0.21,0.2831,9766.95,24733.05,0.7169,1,Não,0.238661
P004468,2,0.235419,NEGAR,0.035,48,0.21,0.21,4620.0,17380.0,0.79,4,Sim,0.235757
P004469,7,0.056862,APROVAR,0.0256,36,0.0,0.1291,4131.2,27868.8,0.8709,2,Não,0.056862
P004470,10,0.02514,APROVAR,0.0227,36,0.0,0.3607,29793.82,52806.18,0.6393,4,Não,0.02514
P004471,1,0.435113,NEGAR,0.035,60,0.21,0.21,4620.0,17380.0,0.79,3,Sim,0.326373
P004472,7,0.061159,APROVAR,0.0256,36,0.0,0.0256,563.2,21436.8,0.9744,12,Sim,0.061159
P004473,6,0.077548,APROVAR,0.0265,24,0.21,0.3463,31582.56,59617.44,0.6537,3,Sim,0.077548
P004474,10,0.035595,APROVAR,0.0227,60,0.0,0.0764,3056.0,36944.0,0.9236,7,Não,0.035595
P004475,9,0.038004,APROVAR,0.0236,24,0.0,0.1991,11906.18,47893.82,0.8009,2,Não,0.038004
P004476,6,0.070372,APROVAR,0.0265,24,0.21,0.21,6867.0,25833.0,0.79,1,Não,0.06931
P004477,3,0.148266,NEGAR,0.0336,48,0.21,0.21,10269.0,38631.0,0.79,12,Sim,0.136862
P004478,4,0.111839,NEGAR,0.0303,48,0.21,0.2956,12444.76,29655.24,0.7044,7,Sim,0.111839
P004479,1,0.611956,NEGAR,0.035,48,0.21,0.21,4620.0,17380.0,0.79,3,Sim,0.535494
P004480,8,0.054178,APROVAR,0.0247,48,0.0,0.4028,14057.72,20842.28,0.5972,3,Não,0.054178
P004481,8,0.052399,APROVAR,0.0247,60,0.0,0.4694,14786.1,16713.9,0.5306,6,Não,0.052399
P004482,9,0.038632,APROVAR,0.0236,36,0.0,0.1316,5737.76,37862.24,0.8684,5,Sim,0.038632
P004483,4,0.124762,NEGAR,0.0303,36,0.21,0.21,7434.0,27966.0,0.79,4,Não,0.133978
P004484,6,0.066993,APROVAR,0.0265,24,0.21,0.21,6762.0,25438.0,0.79,12,Não,0.073287
P004485,9,0.037463,APROVAR,0.0236,24,0.0,0.75,65025.0,21675.0,0.25,9,Não,0.037463
P004486,2,0.258947,NEGAR,0.035,48,0.21,0.5445,77046.75,64453.25,0.4555,1,Não,0.258947
P004487,7,0.05557,APROVAR,0.0256,24,0.0,0.046,1872.2,38827.8,0.954,2,Não,0.05557
P004488,7,0.062325,APROVAR,0.0256,48,0.0,0.3335,13073.2,26126.8,0.6665,5,Não,0.062325
P004489,10,0.029936,APROVAR,0.0227,48,0.0,0.2395,13627.55,43272.45,0.7605,3,Não,0.029936
P004490,1,0.319366,NEGAR,0.035,36,0.21,0.21,6846.0,25754.0,0.79,4,Não,0.346492
P004491,7,0.055725,APROVAR,0.0256,60,0.0,0.2732,10408.92,27691.08,0.7268,1,Não,0.055725
P004492,3,0.172374,NEGAR,0.0336,60,0.21,0.2208,10863.36,38336.64,0.7792,2,Não,0.172374
P004493,7,0.058475,APROVAR,0.0256,60,0.0,0.4781,46375.7,50624.3,0.5219,3,Não,0.058475
P004494,8,0.046945,APROVAR,0.0247,36,0.0,0.3723,11950.83,20149.17,0.6277,5,Sim,0.046945
P004495,10,0.036835,APROVAR,0.0227,48,0.0,0.1484,5772.76,33127.24,0.8516,6,Não,0.036835
P004496,5,0.090375,APROVAR,0.0282,60,0.21,0.21,36960.0,139040.0,0.79,4,Não,0.089082
P004497,4,0.11679,NEGAR,0.0303,48,0.21,0.2769,8223.93,21476.07,0.7231,3,Não,0.11679
P004498,7,0.064592,APROVAR,0.0256,60,0.0,0.0917,4319.07,42780.93,0.9083,1,Sim,0.064592
P004499,3,0.193979,NEGAR,0.0336,60,0.21,0.21,4620.0,17380.0,0.79,11,Não,0.133074
P004500,9,0.038831,APROVAR,0.0236,48,0.0,0.6082,42999.74,27700.26,0.3918,1,Não,0.038831
P004501,3,0.160376,NEGAR,0.0336,36,0.21,0.21,4620.0,17380.0,0.79,5,Sim,0.175891
P004502,1,0.344254,NEGAR,0.035,48,0.21,0.3672,8519.04,14680.96,0.6328,8,Não,0.344254
P004503,2,0.212221,NEGAR,0.035,36,0.21,0.21,14301.0,53799.0,0.79,1,Sim,0.162694
P004504,1,0.648089,NEGAR,0.035,60,0.21,0.21,4872.0,18328.0,0.79,2,Sim,0.51547
P004505,1,0.448763,NEGAR,0.035,60,0.21,0.21,7833.0,29467.0,0.79,5,Sim,0.464873
P004506,7,0.057504,APROVAR,0.0256,24,0.0,0.3497,15981.29,29718.71,0.6503,8,Não,0.057504
P004507,4,0.130831,NEGAR,0.0303,48,0.21,0.2982,6560.4,15439.6,0.7018,3,Não,0.130831
P004508,7,0.063093,APROVAR,0.0256,36,0.0,0.318,6996.0,15004.0,0.682,4,Não,0.063093
P004509,8,0.052344,APROVAR,0.0247,24,0.0,0.1836,12888.72,57311.28,0.8164,3,Não,0.052344
P004510,2,0.294773,NEGAR,0.035,24,0.21,0.21,14091.0,53009.0,0.79,3,Sim,0.296658
P004511,3,0.18612,NEGAR,0.0336,60,0.21,0.21,10164.0,38236.0,0.79,5,Sim,0.190257
P004512,10,0.028783,APROVAR,0.0227,36,0.0,0.0858,2599.74,27700.26,0.9142,12,Não,0.028783
P004513,1,0.498189,NEGAR,0.035,36,0.21,0.215,4730.0,17270.0,0.785,9,Não,0.498189
P004514,9,0.038289,APROVAR,0.0236,60,0.0,0.119,15636.6,115763.4,0.881,1,Não,0.038289
P004515,8,0.045155,APROVAR,0.0247,60,0.0,0.104,3421.6,29478.4,0.896,12,Não,0.045155
P004516,10,0.036358,APROVAR,0.0227,36,0.0,0.3644,17309.0,30191.0,0.6356,4,Não,0.036358
P004517,8,0.045199,APROVAR,0.0247,48,0.0,0.2431,17600.44,54799.56,0.7569,5,Não,0.045199
P004518,8,0.051886,APROVAR,0.0247,24,0.0,0.6165,16645.5,10354.5,0.3835,4,Não,0.051886
P004519,3,0.157817,NEGAR,0.0336,60,0.21,0.21,28077.0,105623.0,0.79,1,Não,0.148895
P004520,6,0.068874,APROVAR,0.0265,48,0.21,0.21,9786.0,36814.0,0.79,2,Não,0.062625
P004521,2,0.217974,NEGAR,0.035,24,0.21,0.21,6300.0,23700.0,0.79,0,Sim,0.223495
P004522,2,0.254569,NEGAR,0.035,36,0.21,0.21,4620.0,17380.0,0.79,3,Não,0.207513
P004523,2,0.2157,NEGAR,0.035,48,0.21,0.21,6447.0,24253.0,0.79,4,Não,0.23699
P004524,2,0.267724,NEGAR,0.035,60,0.21,0.21,13167.0,49533.0,0.79,2,Não,0.260806
P004525,4,0.113811,NEGAR,0.0303,48,0.21,0.4268,9389.6,12610.4,0.5732,1,Não,0.113811
P004526,7,0.060769,APROVAR,0.0256,24,0.0,0.225,8865.0,30535.0,0.775,11,Não,0.060769
P004527,9,0.041496,APROVAR,0.0236,24,0.0,0.1869,13382.04,58217.96,0.8131,2,Não,0.041496
P004528,10,0.03165,APROVAR,0.0227,36,0.0,0.5498,23201.56,18998.44,0.4502,2,Não,0.03165
P004529,1,0.335558,NEGAR,0.035,60,0.21,0.21,4620.0,17380.0,0.79,6,Sim,0.334594
P004530,1,0.385931,NEGAR,0.035,60,0.21,0.21,8715.0,32785.0,0.79,0,Não,0.350003
P004531,2,0.214427,NEGAR,0.035,48,0.21,0.2328,5913.12,19486.88,0.7672,4,Sim,0.214427
P004532,1,0.312617,NEGAR,0.035,48,0.21,0.21,4620.0,17380.0,0.79,9,Sim,0.263695
P004533,1,0.630644,NEGAR,0.035,60,0.21,0.21,6510.0,24490.0,0.79,5,Não,0.630644
P004534,9,0.041662,APROVAR,0.0236,36,0.0,0.4256,24429.44,32970.56,0.5744,1,Não,0.041662
P004535,10,0.032835,APROVAR,0.0227,36,0.0,0.5012,39143.72,38956.28,0.4988,3,Não,0.032835
P004536,10,0.024166,APROVAR,0.0227,60,0.0,0.221,10210.2,35989.8,0.779,12,Não,0.024166
P004537,2,0.256824,NEGAR,0.035,48,0.21,0.21,13314.0,50086.0,0.79,3,Não,0.233298
P004538,5,0.086092,APROVAR,0.0282,48,0.21,0.2282,7987.0,27013.0,0.7718,5,Não,0.086092
P004539,2,0.27371,NEGAR,0.035,60,0.21,0.21,13146.0,49454.0,0.79,12,Não,0.278039
P004540,1,0.420638,NEGAR,0.035,60,0.21,0.294,12436.2,29863.8,0.706,10,Não,0.420638
P004541,8,0.049175,APROVAR,0.0247,60,0.0,0.3478,11442.62,21457.38,0.6522,3,Não,0.049175
P004542,8,0.04615,APROVAR,0.0247,24,0.0,0.5921,19184.04,13215.96,0.4079,1,Sim,0.04615
P004543,1,0.609835,NEGAR,0.035,60,0.21,0.21,5313.0,19987.0,0.79,3,Sim,0.58567
P004544,2,0.289214,NEGAR,0.035,60,0.21,0.21,5775.0,21725.0,0.79,6,Não,0.295078
P004545,6,0.069672,APROVAR,0.0265,60,0.21,0.21,11025.0,41475.0,0.79,3,Não,0.063634
P004546,6,0.081343,APROVAR,0.0265,36,0.21,0.327,9156.0,18844.0,0.673,2,Não,0.081343
P004547,9,0.03747,APROVAR,0.0236,48,0.0,0.3612,14339.64,25360.36,0.6388,2,Não,0.03747
P004548,2,0.248038,NEGAR,0.035,24,0.21,0.21,8652.0,32548.0,0.79,9,Sim,0.176533
P004549,10,0.034955,APROVAR,0.0227,48,0.0,0.2598,12262.56,34937.44,0.7402,3,Não,0.034955
P004550,1,0.450098,NEGAR,0.035,48,0.21,0.21,5922.0,22278.0,0.79,1,Não,0.475488
P004551,7,0.064286,APROVAR,0.0256,48,0.0,0.02,1092.0,53508.0,0.98,4,Sim,0.064286
P004552,10,0.036596,APROVAR,0.0227,24,0.0,0.0779,3840.47,45459.53,0.9221,2,Não,0.036596
P004553,8,0.047026,APROVAR,0.0247,36,0.0,0.5194,17555.72,16244.28,0.4806,2,Sim,0.047026
P004554,6,0.07945,APROVAR,0.0265,36,0.21,0.21,5838.0,21962.0,0.79,2,Não,0.066129
P004555,1,0.596726,NEGAR,0.035,48,0.21,0.21,4620.0,17380.0,0.79,5,Sim,0.45887
P004556,3,0.167331,NEGAR,0.0336,24,0.21,0.21,9681.0,36419.0,0.79,2,Não,0.137702
P004557,3,0.183809,NEGAR,0.0336,36,0.21,0.3081,29207.88,65592.12,0.6919,7,Não,0.183809
P004558,3,0.14951,NEGAR,0.0336,36,0.21,0.217,8875.3,32024.7,0.783,3,Não,0.14951
P004559,2,0.245865,NEGAR,0.035,48,0.21,0.21,9555.0,35945.0,0.79,5,Não,0.167073
P004560,8,0.048063,APROVAR,0.0247,36,0.0,0.0498,1703.16,32496.84,0.9502,4,Não,0.048063
P004561,9,0.041372,APROVAR,0.0236,48,0.0,0.3186,40812.66,87287.34,0.6814,3,Não,0.041372
P004562,9,0.040203,APROVAR,0.0236,60,0.0,0.2845,9616.1,24183.9,0.7155,7,Não,0.040203
P004563,2,0.245123,NEGAR,0.035,48,0.21,0.21,14490.0,54510.0,0.79,8,Não,0.248054
P004564,8,0.052686,APROVAR,0.0247,48,0.0,0.2586,9723.36,27876.64,0.7414,3,Não,0.052686
P004565,10,0.036832,APROVAR,0.0227,24,0.0,0.3657,20771.76,36028.24,0.6343,2,Não,0.036832
P004566,1,0.452655,NEGAR,0.035,24,0.21,0.21,4620.0,17380.0,0.79,1,Não,0.285231
P004567,10,0.026582,APROVAR,0.0227,24,0.0,0.1879,4133.8,17866.2,0.8121,3,Não,0.026582
P004568,9,0.040485,APROVAR,0.0236,60,0.0,0.1792,8637.44,39562.56,0.8208,1,Não,0.040485
P004569,2,0.236886,NEGAR,0.035,24,0.21,0.21,6237.0,23463.0,0.79,7,Não,0.26047
P004570,10,0.032037,APROVAR,0.0227,24,0.0,0.4734,21539.7,23960.3,0.5266,1,Sim,0.032037
P004571,9,0.038229,APROVAR,0.0236,60,0.0,0.0711,2275.2,29724.8,0.9289,1,Sim,0.038229
P004572,4,0.131098,NEGAR,0.0303,60,0.21,0.21,4620.0,17380.0,0.79,5,Sim,0.075732
P004573,4,0.129302,NEGAR,0.0303,60,0.21,0.3506,7713.2,14286.8,0.6494,3,Não,0.129302
P004574,7,0.05679,APROVAR,0.0256,48,0.0,0.1768,5533.84,25766.16,0.8232,10,Sim,0.05679
P004575,8,0.052099,APROVAR,0.0247,36,0.0,0.0551,3829.45,65670.55,0.9449,0,Não,0.052099
P004576,1,0.321756,NEGAR,0.035,60,0.21,0.21,5250.0,19750.0,0.79,3,Sim,0.255581
P004577,10,0.029483,APROVAR,0.0227,36,0.0,0.1351,3012.73,19287.27,0.8649,2,Não,0.029483
P004578,7,0.065057,APROVAR,0.0256,48,0.0,0.209,17242.5,65257.5,0.791,5,Não,0.065057
P004579,1,0.42719,NEGAR,0.035,48,0.21,0.21,4620.0,17380.0,0.79,5,Sim,0.416737
P004580,8,0.04487,APROVAR,0.0247,48,0.0,0.3737,20702.98,34697.02,0.6263,2,Não,0.04487
P004581,1,0.310713,NEGAR,0.035,60,0.21,0.21,4620.0,17380.0,0.79,3,Não,0.31147
P004582,6,0.080823,APROVAR,0.0265,24,0.21,0.21,7665.0,28835.0,0.79,3,Sim,0.08592
P004583,2,0.271788,NEGAR,0.035,48,0.21,0.2415,5313.0,16687.0,0.7585,10,Não,0.271788
P004584,2,0.297759,NEGAR,0.035,48,0.21,0.2513,7388.22,22011.78,0.7487,3,Sim,0.297759
P004585,1,0.414653,NEGAR,0.035,48,0.21,0.21,4620.0,17380.0,0.79,4,Não,0.319395
P004586,2,0.276821,NEGAR,0.035,36,0.21,0.21,5859.0,22041.0,0.79,3,Sim,0.310883
P004587,6,0.07399,APROVAR,0.0265,48,0.21,0.3821,27931.51,45168.49,0.6179,2,Não,0.07399
P004588,1,0.347395,NEGAR,0.035,60,0.21,0.3304,10440.64,21159.36,0.6696,6,Sim,0.347395
P004589,1,0.344164,NEGAR,0.035,24,0.21,0.21,5355.0,20145.0,0.79,6,Sim,0.332331
P004590,6,0.076092,APROVAR,0.0265,48,0.21,0.2429,6291.11,19608.89,0.7571,10,Não,0.076092
P004591,1,0.332481,NEGAR,0.035,48,0.21,0.5468,13068.52,10831.48,0.4532,9,Sim,0.332481
P004592,6,0.079465,APROVAR,0.0265,60,0.21,0.2912,12550.72,30549.28,0.7088,2,Não,0.079465
P004593,10,0.036838,APROVAR,0.0227,24,0.0,0.3596,18591.32,33108.68,0.6404,3,Não,0.036838
P004594,2,0.258564,NEGAR,0.035,60,0.21,0.21,6279.0,23621.0,0.79,7,Sim,0.273606
P004595,3,0.147318,NEGAR,0.0336,60,0.21,0.21,4620.0,17380.0,0.79,12,Não,0.14826
P004596,4,0.120297,NEGAR,0.0303,60,0.21,0.4612,16972.16,19827.84,0.5388,1,Não,0.120297
P004597,8,0.050115,APROVAR,0.0247,60,0.0,0.2693,11256.74,30543.26,0.7307,2,Não,0.050115
P004598,1,0.362218,NEGAR,0.035,48,0.21,0.4236,64048.32,87151.68,0.5764,3,Não,0.362218
P004599,3,0.198259,NEGAR,0.0336,60,0.21,0.21,4935.0,18565.0,0.79,7,Não,0.198674
P004600,3,0.149276,NEGAR,0.0336,60,0.21,0.21,7644.0,28756.0,0.79,7,Não,0.117563
P004601,9,0.042353,APROVAR,0.0236,60,0.0,0.1069,8487.86,70912.14,0.8931,3,Não,0.042353
P004602,6,0.067637,APROVAR,0.0265,36,0.21,0.4202,18278.7,25221.3,0.5798,1,Não,0.067637
P004603,2,0.236336,NEGAR,0.035,48,0.21,0.21,8631.0,32469.0,0.79,3,Sim,0.172117
P004604,8,0.052986,APROVAR,0.0247,36,0.0,0.56,12320.0,9680.0,0.44,1,Não,0.052986
P004605,9,0.039716,APROVAR,0.0236,36,0.0,0.1761,8329.53,38970.47,0.8239,6,Não,0.039716
P004606,4,0.136168,NEGAR,0.0303,36,0.21,0.21,6720.0,25280.0,0.79,1,Sim,0.138731
P004607,6,0.067447,APROVAR,0.0265,60,0.21,0.21,13083.0,49217.0,0.79,3,Não,0.064045
P004608,2,0.285048,NEGAR,0.035,24,0.21,0.3453,8667.03,16432.97,0.6547,7,Não,0.285048
P004609,7,0.059677,APROVAR,0.0256,36,0.0,0.2056,5201.68,20098.32,0.7944,5,Não,0.059677
P004610,4,0.119284,NEGAR,0.0303,36,0.21,0.2107,7669.48,28730.52,0.7893,3,Não,0.119284
P004611,9,0.041352,APROVAR,0.0236,36,0.0,0.1436,6519.44,38880.56,0.8564,7,Não,0.041352
P004612,8,0.051289,APROVAR,0.0247,60,0.0,0.4002,23931.96,35868.04,0.5998,1,Não,0.051289
P004613,2,0.219093,NEGAR,0.035,36,0.21,0.21,7371.0,27729.0,0.79,3,Não,0.24405
P004614,7,0.060948,APROVAR,0.0256,36,0.0,0.1691,3923.12,19276.88,0.8309,11,Sim,0.060948
P004615,10,0.034032,APROVAR,0.0227,60,0.0,0.2321,17012.93,56287.07,0.7679,1,Não,0.034032
P004616,2,0.214862,NEGAR,0.035,48,0.21,0.21,7098.0,26702.0,0.79,4,Sim,0.104024
P004617,10,0.026046,APROVAR,0.0227,24,0.0,0.291,17023.5,41476.5,0.709,4,Não,0.026046
P004618,2,0.221828,NEGAR,0.035,24,0.21,0.21,6405.0,24095.0,0.79,6,Sim,0.255637
P004619,1,0.325847,NEGAR,0.035,36,0.21,0.4332,18974.16,24825.84,0.5668,7,Sim,0.325847
P004620,1,0.383231,NEGAR,0.035,60,0.21,0.21,5943.0,22357.0,0.79,5,Não,0.351585
P004621,5,0.105225,APROVAR,0.0282,48,0.21,0.21,13482.0,50718.0,0.79,1,Não,0.081144
P004622,2,0.218105,NEGAR,0.035,48,0.21,0.21,4620.0,17380.0,0.79,12,Sim,0.221622
P004623,10,0.030831,APROVAR,0.0227,36,0.0,0.3438,27263.34,52036.66,0.6562,1,Não,0.030831
P004624,9,0.037021,APROVAR,0.0236,60,0.0,0.0984,2164.8,19835.2,0.9016,1,Não,0.037021
P004625,7,0.064947,APROVAR,0.0256,36,0.0,0.0682,2414.28,32985.72,0.9318,3,Não,0.064947
P004626,2,0.239624,NEGAR,0.035,24,0.21,0.21,10962.0,41238.0,0.79,2,Não,0.196321
P004627,10,0.02754,APROVAR,0.0227,60,0.0,0.2302,13996.16,46803.84,0.7698,6,Não,0.02754
P004628,6,0.076087,APROVAR,0.0265,24,0.21,0.2233,11410.63,39689.37,0.7767,5,Não,0.076087
P004629,10,0.030164,APROVAR,0.0227,48,0.0,0.4662,32540.76,37259.24,0.5338,4,Não,0.030164
P004630,1,0.711351,NEGAR,0.035,60,0.21,0.21,9156.0,34444.0,0.79,11,Não,0.700247
P004631,8,0.045145,APROVAR,0.0247,24,0.0,0.2013,13487.1,53512.9,0.7987,3,Não,0.045145
P004632,8,0.047127,APROVAR,0.0247,36,0.0,0.2462,9823.38,30076.62,0.7538,4,Não,0.047127
P004633,3,0.193096,NEGAR,0.0336,48,0.21,0.21,5649.0,21251.0,0.79,3,Sim,0.205099
P004634,10,0.03097,APROVAR,0.0227,48,0.0,0.1826,11759.44,52640.56,0.8174,2,Sim,0.03097
P004635,8,0.045852,APROVAR,0.0247,60,0.0,0.4621,30406.18,35393.82,0.5379,2,Não,0.045852
P004636,3,0.162478,NEGAR,0.0336,24,0.21,0.21,4620.0,17380.0,0.79,2,Sim,0.162853
P004637,2,0.275606,NEGAR,0.035,48,0.21,0.21,9954.0,37446.0,0.79,2,Não,0.197677
P004638,8,0.05181,APROVAR,0.0247,60,0.0,0.1086,5049.9,41450.1,0.8914,3,Não,0.05181
P004639,7,0.062683,APROVAR,0.0256,48,0.0,0.1631,4501.56,23098.44,0.8369,3,Não,0.062683
P004640,10,0.025998,APROVAR,0.0227,36,0.0,0.3146,12300.86,26799.14,0.6854,6,Não,0.025998
P004641,9,0.042991,APROVAR,0.0236,60,0.0,0.3116,17387.28,38412.72,0.6884,4,Não,0.042991
P004642,3,0.192373,NEGAR,0.0336,36,0.21,0.21,4620.0,17380.0,0.79,8,Sim,0.167728
P004643,3,0.156509,NEGAR,0.0336,24,0.21,0.21,5901.0,22199.0,0.79,1,Não,0.16934
P004644,2,0.289155,NEGAR,0.035,60,0.21,0.21,11907.0,44793.0,0.79,12,Sim,0.254578
P004645,5,0.092997,APROVAR,0.0282,24,0.21,0.21,9156.0,34444.0,0.79,6,Não,0.088219
P004646,7,0.060227,APROVAR,0.0256,48,0.0,0.1994,7557.26,30342.74,0.8006,5,Não,0.060227
P004647,8,0.046073,APROVAR,0.0247,36,0.0,0.2669,12917.96,35482.04,0.7331,1,Sim,0.046073
P004648,3,0.145276,NEGAR,0.0336,48,0.21,0.21,16779.0,63121.0,0.79,5,Sim,0.127426
P004649,3,0.149003,NEGAR,0.0336,48,0.21,0.21,4620.0,17380.0,0.79,12,Sim,0.150839
P004650,10,0.030749,APROVAR,0.0227,24,0.0,0.1718,16441.26,79258.74,0.8282,1,Não,0.030749
P004651,10,0.033825,APROVAR,0.0227,36,0.0,0.3816,17591.76,28508.24,0.6184,1,Não,0.033825
P004652,6,0.075319,APROVAR,0.0265,48,0.21,0.3429,10321.29,19778.71,0.6571,4,Não,0.075319
P004653,2,0.223003,NEGAR,0.035,48,0.21,0.2277,8629.83,29270.17,0.7723,2,Não,0.223003
P004654,2,0.240588,NEGAR,0.035,48,0.21,0.3699,11503.89,19596.11,0.6301,4,Sim,0.240588
P004655,3,0.184125,NEGAR,0.0336,24,0.21,0.267,9238.2,25361.8,0.733,8,Sim,0.184125
P004656,2,0.277347,NEGAR,0.035,48,0.21,0.21,4620.0,17380.0,0.79,3,Sim,0.241358
P004657,5,0.094403,APROVAR,0.0282,60,0.21,0.21,18207.0,68493.0,0.79,3,Não,0.09506
P004658,4,0.126842,NEGAR,0.0303,36,0.21,0.5133,35417.7,33582.3,0.4867,2,Não,0.126842
P004659,1,0.595032,NEGAR,0.035,60,0.21,0.21,5922.0,22278.0,0.79,3,Não,0.599461
P004660,8,0.046997,APROVAR,0.0247,48,0.0,0.2391,16354.44,52045.56,0.7609,12,Não,0.046997
P004661,4,0.119689,NEGAR,0.0303,60,0.21,0.21,6258.0,23542.0,0.79,11,Sim,0.120464
P004662,4,0.139116,NEGAR,0.0303,24,0.21,0.269,7962.4,21637.6,0.731,3,Sim,0.139116
P004663,8,0.045661,APROVAR,0.0247,24,0.0,0.1513,6899.28,38700.72,0.8487,8,Não,0.045661
P004664,10,0.036895,APROVAR,0.0227,60,0.0,0.09,5454.0,55146.0,0.91,7,Sim,0.036895
P004665,3,0.167395,NEGAR,0.0336,36,0.21,0.21,9324.0,35076.0,0.79,3,Sim,0.163947
P004666,8,0.045551,APROVAR,0.0247,36,0.0,0.0355,1352.55,36747.45,0.9645,2,Não,0.045551
P004667,1,0.347931,NEGAR,0.035,48,0.21,0.21,4620.0,17380.0,0.79,9,Sim,0.299094
P004668,9,0.038965,APROVAR,0.0236,36,0.0,0.5086,25836.88,24963.12,0.4914,1,Não,0.038965
P004669,7,0.064023,APROVAR,0.0256,36,0.0,0.2599,7874.97,22425.03,0.7401,7,Sim,0.064023
P004670,7,0.063073,APROVAR,0.0256,60,0.0,0.131,4964.9,32935.1,0.869,3,Não,0.063073
P004671,9,0.038023,APROVAR,0.0236,48,0.0,0.5844,12856.8,9143.2,0.4156,8,Não,0.038023
P004672,7,0.057822,APROVAR,0.0256,36,0.0,0.1068,2349.6,19650.4,0.8932,3,Não,0.057822
P004673,1,0.323896,NEGAR,0.035,60,0.21,0.21,4620.0,17380.0,0.79,5,Sim,0.316922
P004674,4,0.137036,NEGAR,0.0303,48,0.21,0.3114,18466.02,40833.98,0.6886,3,Não,0.137036
P004675,4,0.110161,NEGAR,0.0303,60,0.21,0.4583,34005.86,40194.14,0.5417,4,Não,0.110161
P004676,1,0.428181,NEGAR,0.035,60,0.21,0.21,4620.0,17380.0,0.79,6,Não,0.430954
P004677,8,0.045792,APROVAR,0.0247,36,0.0,0.2742,10392.18,27507.82,0.7258,3,Não,0.045792
P004678,2,0.297088,NEGAR,0.035,48,0.21,0.21,11949.0,44951.0,0.79,9,Não,0.238637
P004679,3,0.205886,NEGAR,0.0336,48,0.21,0.21,7770.0,29230.0,0.79,8,Não,0.211433
P004680,6,0.081466,APROVAR,0.0265,60,0.21,0.3927,11152.68,17247.32,0.6073,4,Não,0.081466
P004681,2,0.279931,NEGAR,0.035,36,0.21,0.3428,19368.2,37131.8,0.6572,2,Sim,0.279931
P004682,1,0.522747,NEGAR,0.035,60,0.21,0.21,6825.0,25675.0,0.79,6,Não,0.558705
P004683,7,0.064465,APROVAR,0.0256,48,0.0,0.3846,15422.46,24677.54,0.6154,7,Não,0.064465
P004684,1,0.360623,NEGAR,0.035,48,0.21,0.21,6090.0,22910.0,0.79,8,Não,0.360623
P004685,10,0.031249,APROVAR,0.0227,48,0.0,0.3709,15800.34,26799.66,0.6291,3,Não,0.031249
P004686,6,0.069574,APROVAR,0.0265,48,0.21,0.6629,25322.78,12877.22,0.3371,5,Não,0.069574
P004687,1,0.537005,NEGAR,0.035,48,0.21,0.21,5334.0,20066.0,0.79,1,Sim,0.537005
P004688,3,0.149735,NEGAR,0.0336,36,0.21,0.2272,11473.6,39026.4,0.7728,3,Não,0.149735
P004689,5,0.104302,APROVAR,0.0282,60,0.21,0.2699,19432.8,52567.2,0.7301,1,Não,0.104302
P004690,4,0.138125,NEGAR,0.0303,60,0.21,0.21,10143.0,38157.0,0.79,0,Não,0.106644
P004691,2,0.282712,NEGAR,0.035,36,0.21,0.21,4620.0,17380.0,0.79,12,Não,0.279192
P004692,10,0.028548,APROVAR,0.0227,36,0.0,0.2502,12109.68,36290.32,0.7498,6,Não,0.028548
P004693,10,0.029074,APROVAR,0.0227,36,0.0,0.2674,13156.08,36043.92,0.7326,2,Sim,0.029074
P004694,1,0.360074,NEGAR,0.035,48,0.21,0.21,5187.0,19513.0,0.79,2,Sim,0.360074
P004695,7,0.054283,APROVAR,0.0256,48,0.0,0.2725,10218.75,27281.25,0.7275,1,Não,0.054283
P004696,9,0.040557,APROVAR,0.0236,36,0.0,0.3021,9727.62,22472.38,0.6979,12,Não,0.040557
P004697,5,0.098632,APROVAR,0.0282,48,0.21,0.2561,6479.33,18820.67,0.7439,3,Não,0.098632
P004698,7,0.061035,APROVAR,0.0256,24,0.0,0.1497,4730.52,26869.48,0.8503,5,Não,0.061035
P004699,10,0.032434,APROVAR,0.0227,60,0.0,0.235,33722.5,109777.5,0.765,1,Não,0.032434
P004700,3,0.18409,NEGAR,0.0336,24,0.21,0.21,4872.0,18328.0,0.79,3,Não,0.160835
P004701,5,0.106162,APROVAR,0.0282,36,0.21,0.21,5628.0,21172.0,0.79,1,Sim,0.076719
P004702,3,0.18565,NEGAR,0.0336,48,0.21,0.21,10290.0,38710.0,0.79,8,Não,0.200762
P004703,2,0.211876,NEGAR,0.035,48,0.21,0.21,4704.0,17696.0,0.79,2,Não,0.211546
P004704,7,0.056962,APROVAR,0.0256,60,0.0,0.4746,12197.22,13502.78,0.5254,7,Não,0.056962
P004705,3,0.159395,NEGAR,0.0336,24,0.21,0.2449,20351.19,62748.81,0.7551,4,Sim,0.159395
P004706,9,0.037599,APROVAR,0.0236,48,0.0,0.1728,7171.2,34328.8,0.8272,8,Não,0.037599
P004707,4,0.125648,NEGAR,0.0303,36,0.21,0.21,9240.0,34760.0,0.79,12,Sim,0.129478
P004708,9,0.038607,APROVAR,0.0236,24,0.0,0.2045,6973.45,27126.55,0.7955,1,Não,0.038607
P004709,1,0.356504,NEGAR,0.035,60,0.21,0.21,5208.0,19592.0,0.79,8,Não,0.331106
P004710,1,0.458231,NEGAR,0.035,60,0.21,0.3851,12169.16,19430.84,0.6149,8,Sim,0.458231
P004711,10,0.031391,APROVAR,0.0227,48,0.0,0.1583,10891.04,57908.96,0.8417,3,Não,0.031391
P004712,9,0.044762,APROVAR,0.0236,60,0.0,0.2816,10193.92,26006.08,0.7184,2,Não,0.044762
P004713,3,0.173674,NEGAR,0.0336,36,0.21,0.21,5796.0,21804.0,0.79,2,Não,0.205396
P004714,7,0.065429,APROVAR,0.0256,36,0.0,0.0713,2787.83,36312.17,0.9287,3,Não,0.065429
P004715,3,0.199659,NEGAR,0.0336,36,0.21,0.2229,9473.25,33026.75,0.7771,4,Não,0.199659
P004716,10,0.032218,APROVAR,0.0227,48,0.0,0.1134,3515.4,27484.6,0.8866,12,Não,0.032218
P004717,2,0.221682,NEGAR,0.035,36,0.21,0.21,4620.0,17380.0,0.79,3,Não,0.160653
P004718,2,0.220708,NEGAR,0.035,60,0.21,0.3165,7690.95,16609.05,0.6835,12,Não,0.220708
P004719,1,0.60067,NEGAR,0.035,60,0.21,0.21,4998.0,18802.0,0.79,12,Sim,0.489529
P004720,1,0.333514,NEGAR,0.035,48,0.21,0.21,4620.0,17380.0,0.79,3,Sim,0.279005
P004721,10,0.03093,APROVAR,0.0227,36,0.0,0.4214,16982.42,23317.58,0.5786,6,Não,0.03093
P004722,2,0.290944,NEGAR,0.035,24,0.21,0.21,9030.0,33970.0,0.79,2,Sim,0.252627
P004723,9,0.040979,APROVAR,0.0236,24,0.0,0.2465,14888.6,45511.4,0.7535,4,Não,0.040979
P004724,10,0.025566,APROVAR,0.0227,36,0.0,0.3053,9739.07,22160.93,0.6947,1,Não,0.025566
P004725,6,0.066392,APROVAR,0.0265,36,0.21,0.21,5838.0,21962.0,0.79,2,Sim,0.067595
P004726,1,0.304602,NEGAR,0.035,36,0.21,0.21,11277.0,42423.0,0.79,2,Não,0.174997
P004727,2,0.220527,NEGAR,0.035,36,0.21,0.21,10101.0,37999.0,0.79,1,Não,0.197103
P004728,6,0.074104,APROVAR,0.0265,60,0.21,0.3498,15566.1,28933.9,0.6502,7,Não,0.074104
P004729,6,0.070475,APROVAR,0.0265,48,0.21,0.21,7644.0,28756.0,0.79,6,Não,0.071853
P004730,4,0.116013,NEGAR,0.0303,36,0.21,0.21,4620.0,17380.0,0.79,12,Não,0.118912
P004731,7,0.05497,APROVAR,0.0256,36,0.0,0.1569,9351.24,50248.76,0.8431,4,Sim,0.05497
P004732,2,0.262674,NEGAR,0.035,36,0.21,0.21,8652.0,32548.0,0.79,10,Não,0.233621
P004733,10,0.024554,APROVAR,0.0227,60,0.0,0.3478,12207.78,22892.22,0.6522,7,Não,0.024554
P004734,2,0.29725,NEGAR,0.035,48,0.21,0.21,8988.0,33812.0,0.79,7,Sim,0.29036
P004735,9,0.040832,APROVAR,0.0236,60,0.0,0.0791,4524.52,52675.48,0.9209,5,Sim,0.040832
P004736,5,0.09517,APROVAR,0.0282,24,0.21,0.21,4914.0,18486.0,0.79,2,Não,0.063777
P004737,1,0.348456,NEGAR,0.035,36,0.21,0.21,4620.0,17380.0,0.79,5,Não,0.350169
P004738,2,0.285427,NEGAR,0.035,48,0.21,0.2812,6186.4,15813.6,0.7188,2,Sim,0.285427
P004739,1,0.446262,NEGAR,0.035,60,0.21,0.21,5145.0,19355.0,0.79,6,Não,0.434948
P004740,10,0.034573,APROVAR,0.0227,36,0.0,0.1941,8831.55,36668.45,0.8059,5,Não,0.034573
P004741,10,0.035112,APROVAR,0.0227,48,0.0,0.356,14596.0,26404.0,0.644,2,Não,0.035112
P004742,6,0.074346,APROVAR,0.0265,48,0.21,0.21,6468.0,24332.0,0.79,2,Não,0.078038
P004743,9,0.037169,APROVAR,0.0236,36,0.0,0.2181,12213.6,43786.4,0.7819,1,Não,0.037169
P004744,1,0.309209,NEGAR,0.035,24,0.21,0.21,7497.0,28203.0,0.79,7,Não,0.306169
P004745,10,0.030899,APROVAR,0.0227,36,0.0,0.2653,19552.61,54147.39,0.7347,3,Não,0.030899
P004746,8,0.050384,APROVAR,0.0247,48,0.0,0.123,8130.3,57969.7,0.877,2,Não,0.050384
P004747,6,0.070291,APROVAR,0.0265,48,0.21,0.2156,10262.56,37337.44,0.7844,5,Não,0.070291
P004748,4,0.128969,NEGAR,0.0303,24,0.21,0.21,8652.0,32548.0,0.79,5,Não,0.118039
P004749,9,0.037593,APROVAR,0.0236,24,0.0,0.1753,3856.6,18143.4,0.8247,3,Sim,0.037593
P004750,4,0.108059,NEGAR,0.0303,24,0.21,0.2314,9834.5,32665.5,0.7686,3,Não,0.108059
P004751,10,0.034036,APROVAR,0.0227,48,0.0,0.1704,13649.04,66450.96,0.8296,1,Não,0.034036
P004752,5,0.090552,APROVAR,0.0282,48,0.21,0.21,14259.0,53641.0,0.79,4,Sim,0.078415
P004753,10,0.036732,APROVAR,0.0227,60,0.0,0.4184,35396.64,49203.36,0.5816,1,Não,0.036732
P004754,1,0.469375,NEGAR,0.035,36,0.21,0.21,9324.0,35076.0,0.79,7,Não,0.395043
P004755,8,0.050321,APROVAR,0.0247,48,0.0,0.2441,19479.18,60320.82,0.7559,6,Não,0.050321
P004756,3,0.202955,NEGAR,0.0336,24,0.21,0.223,16412.8,57187.2,0.777,6,Não,0.202955
P004757,4,0.124164,NEGAR,0.0303,60,0.21,0.4085,17728.9,25671.1,0.5915,7,Não,0.124164
P004758,3,0.169403,NEGAR,0.0336,48,0.21,0.21,6006.0,22594.0,0.79,4,Não,0.17176
P004759,6,0.073014,APROVAR,0.0265,24,0.21,0.2137,7522.24,27677.76,0.7863,2,Não,0.073014
P004760,6,0.073653,APROVAR,0.0265,36,0.21,0.21,10521.0,39579.0,0.79,4,Sim,0.06985
P004761,10,0.033309,APROVAR,0.0227,60,0.0,0.2384,11085.6,35414.4,0.7616,2,Sim,0.033309
P004762,6,0.071662,APROVAR,0.0265,48,0.21,0.2925,9798.75,23701.25,0.7075,2,Não,0.071662
P004763,9,0.044124,APROVAR,0.0236,36,0.0,0.2604,11561.76,32838.24,0.7396,2,Não,0.044124
P004764,6,0.081013,APROVAR,0.0265,48,0.21,0.21,8211.0,30889.0,0.79,1,Sim,0.074251
P004765,7,0.055163,APROVAR,0.0256,24,0.0,0.3269,11179.98,23020.02,0.6731,5,Não,0.055163
P004766,8,0.044924,APROVAR,0.0247,24,0.0,0.4394,12522.9,15977.1,0.5606,3,Não,0.044924
P004767,3,0.164381,NEGAR,0.0336,48,0.21,0.21,7644.0,28756.0,0.79,8,Sim,0.175945
P004768,2,0.293336,NEGAR,0.035,48,0.21,0.21,5397.0,20303.0,0.79,4,Não,0.289457
P004769,1,0.389756,NEGAR,0.035,60,0.21,0.4417,13648.53,17251.47,0.5583,4,Não,0.389756
P004770,6,0.070179,APROVAR,0.0265,60,0.21,0.2325,6882.0,22718.0,0.7675,3,Não,0.070179
P004771,7,0.058795,APROVAR,0.0256,36,0.0,0.2007,6823.8,27176.2,0.7993,3,Não,0.058795
P004772,3,0.191802,NEGAR,0.0336,36,0.21,0.3012,6626.4,15373.6,0.6988,4,Não,0.191802
P004773,10,0.036453,APROVAR,0.0227,60,0.0,0.1683,3702.6,18297.4,0.8317,3,Não,0.036453
P004774,3,0.155145,NEGAR,0.0336,36,0.21,0.21,13566.0,51034.0,0.79,1,Não,0.146221
P004775,1,0.535437,NEGAR,0.035,60,0.21,0.21,5271.0,19829.0,0.79,9,Sim,0.438503
P004776,9,0.040016,APROVAR,0.0236,60,0.0,0.2787,26950.29,69749.71,0.7213,2,Sim,0.040016
P004777,3,0.195176,NEGAR,0.0336,60,0.21,0.3256,11363.44,23536.56,0.6744,1,Sim,0.195176
P004778,8,0.053577,APROVAR,0.0247,36,0.0,0.02,816.0,39984.0,0.98,5,Sim,0.053577
P004779,2,0.214856,NEGAR,0.035,48,0.21,0.21,7140.0,26860.0,0.79,6,Não,0.197914
P004780,3,0.187826,NEGAR,0.0336,48,0.21,0.21,7686.0,28914.0,0.79,4,Não,0.205715
P004781,2,0.256289,NEGAR,0.035,48,0.21,0.21,4620.0,17380.0,0.79,3,Sim,0.163126
P004782,4,0.112295,NEGAR,0.0303,24,0.21,0.21,8526.0,32074.0,0.79,1,Não,0.104871
P004783,3,0.148576,NEGAR,0.0336,48,0.21,0.21,11172.0,42028.0,0.79,1,Sim,0.093396
P004784,6,0.072199,APROVAR,0.0265,24,0.21,0.3044,16802.88,38397.12,0.6956,0,Não,0.072199
P004785,10,0.034621,APROVAR,0.0227,36,0.0,0.113,6599.2,51800.8,0.887,1,Não,0.034621
P004786,1,0.490681,NEGAR,0.035,48,0.21,0.2788,10817.44,27982.56,0.7212,6,Não,0.490681
P004787,2,0.210484,NEGAR,0.035,60,0.21,0.2305,11248.4,37551.6,0.7695,3,Não,0.210484
P004788,5,0.089125,APROVAR,0.0282,48,0.21,0.6075,27216.0,17584.0,0.3925,5,Não,0.089125
P004789,8,0.052906,APROVAR,0.0247,36,0.0,0.3332,11595.36,23204.64,0.6668,6,Não,0.052906
P004790,3,0.153834,NEGAR,0.0336,24,0.21,0.21,11088.0,41712.0,0.79,3,Não,0.154803
P004791,8,0.047314,APROVAR,0.0247,60,0.0,0.144,8510.4,50589.6,0.856,4,Não,0.047314
P004792,10,0.030158,APROVAR,0.0227,36,0.0,0.3925,31243.0,48357.0,0.6075,1,Não,0.030158
P004793,8,0.052507,APROVAR,0.0247,36,0.0,0.2858,7888.08,19711.92,0.7142,1,Não,0.052507
P004794,3,0.196175,NEGAR,0.0336,36,0.21,0.21,9807.0,36893.0,0.79,2,Sim,0.167761
P004795,8,0.05399,APROVAR,0.0247,24,0.0,0.3221,16330.47,34369.53,0.6779,2,Não,0.05399
P004796,5,0.093038,APROVAR,0.0282,24,0.21,0.21,10311.0,38789.0,0.79,2,Não,0.089746
P004797,5,0.101733,APROVAR,0.0282,60,0.21,0.21,4620.0,17380.0,0.79,4,Não,0.090461
P004798,2,0.295156,NEGAR,0.035,60,0.21,0.21,7098.0,26702.0,0.79,1,Não,0.335663
P004799,7,0.054673,APROVAR,0.0256,36,0.0,0.0846,8815.32,95384.68,0.9154,1,Não,0.054673
P004800,2,0.257206,NEGAR,0.035,48,0.21,0.3589,11341.24,20258.76,0.6411,6,Sim,0.257206
P004801,9,0.044121,APROVAR,0.0236,48,0.0,0.0947,4649.77,44450.23,0.9053,3,Não,0.044121
P004802,1,0.389433,NEGAR,0.035,24,0.21,0.21,7476.0,28124.0,0.79,9,Sim,0.402208
P004803,7,0.061784,APROVAR,0.0256,36,0.0,0.3323,18675.26,37524.74,0.6677,1,Não,0.061784
P004804,2,0.247282,NEGAR,0.035,60,0.21,0.21,5250.0,19750.0,0.79,3,Não,0.262026
P004805,10,0.021317,APROVAR,0.0227,48,0.0,0.318,13610.4,29189.6,0.682,4,Não,0.021317
P004806,10,0.030357,APROVAR,0.0227,48,0.0,0.1391,7539.22,46660.78,0.8609,12,Sim,0.030357
P004807,3,0.189704,NEGAR,0.0336,48,0.21,0.2181,7153.68,25646.32,0.7819,10,Não,0.189704
P004808,10,0.02859,APROVAR,0.0227,48,0.0,0.5246,28013.64,25386.36,0.4754,3,Não,0.02859
P004809,5,0.104697,APROVAR,0.0282,48,0.21,0.21,6111.0,22989.0,0.79,6,Sim,0.079922
P004810,10,0.033535,APROVAR,0.0227,60,0.0,0.2281,6728.95,22771.05,0.7719,6,Sim,0.033535
P004811,7,0.054332,APROVAR,0.0256,48,0.0,0.2399,11011.41,34888.59,0.7601,5,Sim,0.054332
P004812,9,0.037621,APROVAR,0.0236,36,0.0,0.1638,8452.08,43147.92,0.8362,8,Não,0.037621
P004813,5,0.101789,APROVAR,0.0282,60,0.21,0.21,11382.0,42818.0,0.79,6,Sim,0.101789
P004814,2,0.270531,NEGAR,0.035,36,0.21,0.3106,6833.2,15166.8,0.6894,10,Não,0.270531
P004815,3,0.153294,NEGAR,0.0336,48,0.21,0.2748,7392.12,19507.88,0.7252,9,Não,0.153294
P004816,6,0.072465,APROVAR,0.0265,48,0.21,0.3133,8803.73,19296.27,0.6867,1,Não,0.072465
P004817,3,0.201253,NEGAR,0.0336,36,0.21,0.21,7749.0,29151.0,0.79,12,Sim,0.203697
P004818,2,0.240164,NEGAR,0.035,48,0.21,0.21,7938.0,29862.0,0.79,7,Não,0.240932
P004819,10,0.033564,APROVAR,0.0227,36,0.0,0.4939,10865.8,11134.2,0.5061,7,Não,0.033564
P004820,5,0.101597,APROVAR,0.0282,48,0.21,0.2708,11021.56,29678.44,0.7292,10,Não,0.101597
P004821,2,0.231039,NEGAR,0.035,36,0.21,0.75,28875.0,9625.0,0.25,7,Não,0.231039
P004822,6,0.076049,APROVAR,0.0265,60,0.21,0.21,9303.0,34997.0,0.79,8,Não,0.048226
P004823,2,0.230749,NEGAR,0.035,24,0.21,0.21,11109.0,41791.0,0.79,9,Sim,0.15802
P004824,9,0.043491,APROVAR,0.0236,48,0.0,0.2715,26498.4,71101.6,0.7285,1,Não,0.043491
P004825,4,0.119318,NEGAR,0.0303,36,0.21,0.21,14028.0,52772.0,0.79,10,Não,0.057034
P004826,5,0.104221,APROVAR,0.0282,36,0.21,0.219,5037.0,17963.0,0.781,8,Sim,0.104221
P004827,3,0.145913,NEGAR,0.0336,36,0.21,0.21,6720.0,25280.0,0.79,2,Sim,0.101272
P004828,1,0.676618,NEGAR,0.035,60,0.21,0.21,7728.0,29072.0,0.79,2,Não,0.687049
P004829,3,0.193428,NEGAR,0.0336,36,0.21,0.21,4641.0,17459.0,0.79,8,Não,0.183041
P004830,2,0.277763,NEGAR,0.035,24,0.21,0.2597,6128.92,17471.08,0.7403,10,Sim,0.277763
P004831,8,0.051347,APROVAR,0.0247,60,0.0,0.2867,9117.06,22682.94,0.7133,2,Não,0.051347
P004832,5,0.08786,APROVAR,0.0282,36,0.21,0.21,10542.0,39658.0,0.79,2,Não,0.051452
P004833,7,0.054341,APROVAR,0.0256,36,0.0,0.0697,3094.68,41305.32,0.9303,1,Não,0.054341
P004834,8,0.04666,APROVAR,0.0247,24,0.0,0.2419,17465.18,54734.82,0.7581,5,Sim,0.04666
P004835,1,0.33282,NEGAR,0.035,24,0.21,0.4338,17352.0,22648.0,0.5662,12,Não,0.33282
P004836,6,0.06741,APROVAR,0.0265,36,0.21,0.296,14888.8,35411.2,0.704,2,Não,0.06741
P004837,10,0.032655,APROVAR,0.0227,60,0.0,0.2186,6907.76,24692.24,0.7814,8,Sim,0.032655
P004838,7,0.059587,APROVAR,0.0256,24,0.0,0.161,7228.9,37671.1,0.839,5,Não,0.059587
P004839,7,0.054514,APROVAR,0.0256,48,0.0,0.2376,9290.16,29809.84,0.7624,7,Não,0.054514
P004840,3,0.18079,NEGAR,0.0336,36,0.21,0.3033,11009.79,25290.21,0.6967,1,Não,0.18079
P004841,9,0.038813,APROVAR,0.0236,24,0.0,0.2059,7288.86,28111.14,0.7941,9,Não,0.038813
P004842,9,0.03842,APROVAR,0.0236,60,0.0,0.1195,2939.7,21660.3,0.8805,2,Não,0.03842
P004843,9,0.040034,APROVAR,0.0236,24,0.0,0.1068,3107.88,25992.12,0.8932,3,Não,0.040034
P004844,9,0.041211,APROVAR,0.0236,48,0.0,0.214,10486.0,38514.0,0.786,8,Não,0.041211
P004845,3,0.160066,NEGAR,0.0336,24,0.21,0.2695,5929.0,16071.0,0.7305,3,Sim,0.160066
P004846,1,0.464961,NEGAR,0.035,60,0.21,0.2385,5247.0,16753.0,0.7615,6,Sim,0.464961
P004847,8,0.050068,APROVAR,0.0247,24,0.0,0.2017,6010.66,23789.34,0.7983,1,Não,0.050068
P004848,9,0.03994,APROVAR,0.0236,60,0.0,0.2503,12890.45,38609.55,0.7497,6,Não,0.03994
P004849,8,0.051971,APROVAR,0.0247,48,0.0,0.5626,34599.9,26900.1,0.4374,1,Não,0.051971
P004850,1,0.661086,NEGAR,0.035,60,0.21,0.21,8862.0,33338.0,0.79,1,Sim,0.489829
P004851,5,0.09101,APROVAR,0.0282,48,0.21,0.3692,10706.8,18293.2,0.6308,3,Não,0.09101
P004852,3,0.163999,NEGAR,0.0336,24,0.21,0.21,8001.0,30099.0,0.79,2,Não,0.169839
P004853,1,0.340035,NEGAR,0.035,48,0.21,0.21,14154.0,53246.0,0.79,3,Não,0.223367
P004854,2,0.253766,NEGAR,0.035,36,0.21,0.2368,10395.52,33504.48,0.7632,3,Não,0.253766
P004855,1,0.314827,NEGAR,0.035,48,0.21,0.2583,5682.6,16317.4,0.7417,1,Não,0.314827
P004856,1,0.305175,NEGAR,0.035,60,0.21,0.21,4620.0,17380.0,0.79,5,Não,0.306402
P004857,10,0.028755,APROVAR,0.0227,36,0.0,0.2936,10716.4,25783.6,0.7064,3,Não,0.028755
P004858,5,0.084192,APROVAR,0.0282,48,0.21,0.3472,18436.32,34663.68,0.6528,2,Não,0.084192
P004859,9,0.038855,APROVAR,0.0236,24,0.0,0.382,20131.4,32568.6,0.618,8,Não,0.038855
P004860,5,0.095929,APROVAR,0.0282,60,0.21,0.21,9114.0,34286.0,0.79,4,Não,0.090023
P004861,3,0.180131,NEGAR,0.0336,48,0.21,0.315,6930.0,15070.0,0.685,9,Sim,0.180131
P004862,2,0.242759,NEGAR,0.035,48,0.21,0.21,12474.0,46926.0,0.79,7,Não,0.220329
P004863,6,0.073899,APROVAR,0.0265,24,0.21,0.21,8694.0,32706.0,0.79,8,Não,0.067286
P004864,1,0.537197,NEGAR,0.035,24,0.21,0.3162,6956.4,15043.6,0.6838,12,Não,0.537197
P004865,1,0.376293,NEGAR,0.035,60,0.21,0.21,4620.0,17380.0,0.79,2,Não,0.371943
P004866,1,0.328699,NEGAR,0.035,60,0.21,0.2506,12555.06,37544.94,0.7494,4,Sim,0.328699
P004867,9,0.042658,APROVAR,0.0236,48,0.0,0.088,3819.2,39580.8,0.912,4,Não,0.042658
P004868,3,0.183231,NEGAR,0.0336,48,0.21,0.4895,23789.7,24810.3,0.5105,7,Não,0.183231
P004869,2,0.220945,NEGAR,0.035,48,0.21,0.21,4620.0,17380.0,0.79,5,Não,0.167178
P004870,3,0.144622,NEGAR,0.0336,24,0.21,0.2243,6841.15,23658.85,0.7757,6,Não,0.144622
P004871,5,0.097826,APROVAR,0.0282,48,0.21,0.21,4620.0,17380.0,0.79,4,Não,0.098204
P004872,2,0.237425,NEGAR,0.035,24,0.21,0.2991,6580.2,15419.8,0.7009,4,Não,0.237425
P004873,10,0.033265,APROVAR,0.0227,48,0.0,0.2237,23108.21,80191.79,0.7763,5,Não,0.033265
P004874,9,0.044099,APROVAR,0.0236,24,0.0,0.1339,6828.9,44171.1,0.8661,1,Não,0.044099
P004875,2,0.240621,NEGAR,0.035,60,0.21,0.2303,12850.74,42949.26,0.7697,12,Sim,0.240621
P004876,2,0.286138,NEGAR,0.035,36,0.21,0.21,6048.0,22752.0,0.79,5,Sim,0.229323
P004877,6,0.08184,APROVAR,0.0265,36,0.21,0.21,7770.0,29230.0,0.79,7,Não,0.083037
P004878,3,0.147474,NEGAR,0.0336,24,0.21,0.3151,11721.72,25478.28,0.6849,2,Não,0.147474
P004879,5,0.103067,APROVAR,0.0282,48,0.21,0.21,6237.0,23463.0,0.79,12,Não,0.108516
P004880,4,0.12559,NEGAR,0.0303,48,0.21,0.21,10332.0,38868.0,0.79,7,Não,0.111966
P004881,1,0.609829,NEGAR,0.035,60,0.21,0.21,9198.0,34602.0,0.79,6,Não,0.588081
P004882,2,0.274017,NEGAR,0.035,60,0.21,0.2594,8378.62,23921.38,0.7406,1,Não,0.274017
P004883,1,0.589618,NEGAR,0.035,24,0.21,0.21,4620.0,17380.0,0.79,2,Sim,0.528966
P004884,7,0.060532,APROVAR,0.0256,36,0.0,0.3782,21859.96,35940.04,0.6218,5,Não,0.060532
P004885,6,0.082686,APROVAR,0.0265,48,0.21,0.3004,12526.68,29173.32,0.6996,2,Não,0.082686
P004886,1,0.427243,NEGAR,0.035,60,0.21,0.4131,9088.2,12911.8,0.5869,2,Sim,0.427243
P004887,8,0.050874,APROVAR,0.0247,48,0.0,0.1432,6787.68,40612.32,0.8568,4,Sim,0.050874
P004888,1,0.533558,NEGAR,0.035,36,0.21,0.21,8358.0,31442.0,0.79,7,Não,0.487504
P004889,3,0.190063,NEGAR,0.0336,60,0.21,0.2327,14311.05,47188.95,0.7673,1,Não,0.190063
P004890,10,0.02528,APROVAR,0.0227,24,0.0,0.3521,44646.28,82153.72,0.6479,2,Não,0.02528
P004891,9,0.037653,APROVAR,0.0236,48,0.0,0.1,9780.0,88020.0,0.9,0,Não,0.037653
P004892,7,0.061085,APROVAR,0.0256,36,0.0,0.1633,5127.62,26272.38,0.8367,0,Não,0.061085
P004893,2,0.237842,NEGAR,0.035,36,0.21,0.2192,5173.12,18426.88,0.7808,1,Não,0.237842
P004894,10,0.032967,APROVAR,0.0227,60,0.0,0.17,5202.0,25398.0,0.83,2,Não,0.032967
P004895,6,0.073538,APROVAR,0.0265,48,0.21,0.2445,9193.2,28406.8,0.7555,3,Não,0.073538
P004896,5,0.096156,APROVAR,0.0282,24,0.21,0.21,4620.0,17380.0,0.79,1,Não,0.096666
P004897,3,0.188888,NEGAR,0.0336,24,0.21,0.21,4620.0,17380.0,0.79,7,Não,0.186365
P004898,4,0.13438,NEGAR,0.0303,24,0.21,0.21,4914.0,18486.0,0.79,1,Não,0.134743
P004899,5,0.105895,APROVAR,0.0282,36,0.21,0.21,11991.0,45109.0,0.79,4,Não,0.080661
P004900,9,0.03785,APROVAR,0.0236,36,0.0,0.2016,6955.2,27544.8,0.7984,1,Não,0.03785
P004901,3,0.180708,NEGAR,0.0336,60,0.21,0.3827,21469.47,34630.53,0.6173,2,Sim,0.180708
P004902,10,0.026966,APROVAR,0.0227,36,0.0,0.2608,16847.68,47752.32,0.7392,1,Não,0.026966
P004903,8,0.047219,APROVAR,0.0247,60,0.0,0.2898,20170.08,49429.92,0.7102,3,Não,0.047219
P004904,4,0.131826,NEGAR,0.0303,60,0.21,0.21,4620.0,17380.0,0.79,4,Não,0.089094
P004905,1,0.534232,NEGAR,0.035,48,0.21,0.21,5376.0,20224.0,0.79,5,Sim,0.519377
P004906,10,0.031983,APROVAR,0.0227,48,0.0,0.4444,25819.64,32280.36,0.5556,3,Não,0.031983
P004907,3,0.166657,NEGAR,0.0336,36,0.21,0.21,6594.0,24806.0,0.79,9,Não,0.103742
P004908,8,0.049063,APROVAR,0.0247,24,0.0,0.1313,3335.02,22064.98,0.8687,2,Não,0.049063
P004909,6,0.081267,APROVAR,0.0265,48,0.21,0.21,4788.0,18012.0,0.79,7,Não,0.081597
P004910,5,0.098346,APROVAR,0.0282,48,0.21,0.21,4956.0,18644.0,0.79,12,Não,0.098346
P004911,7,0.054832,APROVAR,0.0256,48,0.0,0.1214,8109.52,58690.48,0.8786,1,Não,0.054832
P004912,10,0.03519,APROVAR,0.0227,60,0.0,0.1329,3521.85,22978.15,0.8671,4,Não,0.03519
P004913,8,0.049094,APROVAR,0.0247,60,0.0,0.0902,4185.28,42214.72,0.9098,2,Não,0.049094
P004914,5,0.08687,APROVAR,0.0282,48,0.21,0.3299,7719.66,15680.34,0.6701,1,Não,0.08687
P004915,10,0.032612,APROVAR,0.0227,36,0.0,0.4369,9611.8,12388.2,0.5631,11,Não,0.032612
P004916,1,0.465051,NEGAR,0.035,48,0.21,0.21,9282.0,34918.0,0.79,6,Não,0.445058
P004917,4,0.124634,NEGAR,0.0303,60,0.21,0.21,19782.0,74418.0,0.79,2,Não,0.122955
P004918,1,0.450986,NEGAR,0.035,36,0.21,0.21,7056.0,26544.0,0.79,2,Sim,0.449266
P004919,1,0.380354,NEGAR,0.035,48,0.21,0.21,5523.0,20777.0,0.79,4,Sim,0.269766
P004920,7,0.062559,APROVAR,0.0256,48,0.0,0.3636,19525.32,34174.68,0.6364,2,Não,0.062559
P004921,1,0.630033,NEGAR,0.035,24,0.21,0.2736,7250.4,19249.6,0.7264,11,Não,0.630033
P004922,4,0.142342,NEGAR,0.0303,48,0.21,0.2746,8759.74,23140.26,0.7254,4,Não,0.142342
P004923,3,0.152348,NEGAR,0.0336,36,0.21,0.21,6447.0,24253.0,0.79,4,Não,0.157394
P004924,1,0.337214,NEGAR,0.035,60,0.21,0.21,10080.0,37920.0,0.79,7,Não,0.324254
P004925,1,0.374194,NEGAR,0.035,48,0.21,0.21,4620.0,17380.0,0.79,4,Sim,0.369348
P004926,2,0.283156,NEGAR,0.035,60,0.21,0.3566,7845.2,14154.8,0.6434,5,Não,0.283156
P004927,10,0.036494,APROVAR,0.0227,60,0.0,0.3219,16835.37,35464.63,0.6781,5,Não,0.036494
P004928,4,0.108657,NEGAR,0.0303,60,0.21,0.21,21462.0,80738.0,0.79,3,Não,0.098223
P004929,10,0.018694,APROVAR,0.0227,24,0.0,0.1503,4088.16,23111.84,0.8497,3,Não,0.018694
P004930,4,0.128657,NEGAR,0.0303,60,0.21,0.21,7896.0,29704.0,0.79,2,Não,0.132556
P004931,1,0.351557,NEGAR,0.035,48,0.21,0.21,4620.0,17380.0,0.79,10,Sim,0.34945
P004932,5,0.103501,APROVAR,0.0282,24,0.21,0.2886,9898.98,24401.02,0.7114,4,Não,0.103501
P004933,1,0.36576,NEGAR,0.035,48,0.21,0.2851,7270.05,18229.95,0.7149,2,Sim,0.36576
P004934,10,0.028751,APROVAR,0.0227,36,0.0,0.2231,7317.68,25482.32,0.7769,4,Sim,0.028751
P004935,2,0.219021,NEGAR,0.035,36,0.21,0.21,8022.0,30178.0,0.79,4,Sim,0.212444
P004936,4,0.108142,NEGAR,0.0303,48,0.21,0.2517,12056.43,35843.57,0.7483,10,Não,0.108142
P004937,1,0.317189,NEGAR,0.035,24,0.21,0.21,12642.0,47558.0,0.79,2,Não,0.317189
P004938,4,0.133857,NEGAR,0.0303,48,0.21,0.2431,6952.66,21647.34,0.7569,3,Não,0.133857
P004939,9,0.037812,APROVAR,0.0236,24,0.0,0.363,20291.7,35608.3,0.637,1,Não,0.037812
P004940,2,0.237075,NEGAR,0.035,60,0.21,0.21,9576.0,36024.0,0.79,1,Sim,0.219758
P004941,10,0.024272,APROVAR,0.0227,24,0.0,0.2869,10443.16,25956.84,0.7131,12,Não,0.024272
P004942,6,0.080856,APROVAR,0.0265,48,0.21,0.4158,29022.84,40777.16,0.5842,2,Não,0.080856
P004943,9,0.04375,APROVAR,0.0236,48,0.0,0.178,5019.6,23180.4,0.822,12,Sim,0.04375
P004944,3,0.194001,NEGAR,0.0336,24,0.21,0.21,5166.0,19434.0,0.79,11,Não,0.196125
P004945,6,0.079897,APROVAR,0.0265,36,0.21,0.2512,12786.08,38113.92,0.7488,3,Não,0.079897
P004946,3,0.195245,NEGAR,0.0336,36,0.21,0.3056,6723.2,15276.8,0.6944,4,Não,0.195245
P004947,10,0.026473,APROVAR,0.0227,24,0.0,0.5093,42679.34,41120.66,0.4907,0,Não,0.026473
P004948,5,0.097928,APROVAR,0.0282,60,0.21,0.21,8169.0,30731.0,0.79,0,Não,0.089309
P004949,4,0.113554,NEGAR,0.0303,60,0.21,0.21,4620.0,17380.0,0.79,4,Sim,0.071359
P004950,6,0.072822,APROVAR,0.0265,48,0.21,0.2171,9139.91,32960.09,0.7829,2,Não,0.072822
P004951,2,0.275945,NEGAR,0.035,60,0.21,0.21,4620.0,17380.0,0.79,4,Sim,0.249888
P004952,8,0.050967,APROVAR,0.0247,36,0.0,0.2911,10887.14,26512.86,0.7089,2,Não,0.050967
P004953,4,0.142216,NEGAR,0.0303,36,0.21,0.21,8337.0,31363.0,0.79,4,Sim,0.053081
P004954,7,0.064131,APROVAR,0.0256,24,0.0,0.3112,11701.12,25898.88,0.6888,3,Não,0.064131
P004955,2,0.237388,NEGAR,0.035,48,0.21,0.21,7140.0,26860.0,0.79,2,Não,0.143022
P004956,1,0.307597,NEGAR,0.035,60,0.21,0.2265,4983.0,17017.0,0.7735,1,Não,0.307597
P004957,8,0.053955,APROVAR,0.0247,48,0.0,0.1361,4232.71,26867.29,0.8639,2,Não,0.053955
P004958,8,0.051313,APROVAR,0.0247,36,0.0,0.279,7560.9,19539.1,0.721,1,Não,0.051313
P004959,7,0.059333,APROVAR,0.0256,24,0.0,0.0353,1584.97,43315.03,0.9647,2,Não,0.059333
P004960,3,0.199588,NEGAR,0.0336,24,0.21,0.21,9996.0,37604.0,0.79,5,Sim,0.189101
P004961,5,0.10605,APROVAR,0.0282,24,0.21,0.2533,5572.6,16427.4,0.7467,2,Não,0.10605
P004962,4,0.111515,NEGAR,0.0303,60,0.21,0.224,13171.2,45628.8,0.776,4,Não,0.111515
P004963,7,0.057198,APROVAR,0.0256,48,0.0,0.0943,3177.91,30522.09,0.9057,5,Não,0.057198
P004964,6,0.079732,APROVAR,0.0265,24,0.21,0.21,9429.0,35471.0,0.79,6,Não,0.045294
P004965,6,0.079618,APROVAR,0.0265,36,0.21,0.21,7434.0,27966.0,0.79,2,Não,0.083877
P004966,10,0.031883,APROVAR,0.0227,60,0.0,0.143,5834.4,34965.6,0.857,6,Não,0.031883
P004967,6,0.070638,APROVAR,0.0265,60,0.21,0.2247,12762.96,44037.04,0.7753,4,Não,0.070638
P004968,10,0.036438,APROVAR,0.0227,48,0.0,0.2965,7560.75,17939.25,0.7035,1,Não,0.036438
P004969,1,0.360727,NEGAR,0.035,48,0.21,0.21,5649.0,21251.0,0.79,7,Sim,0.373694
P004970,9,0.038615,APROVAR,0.0236,60,0.0,0.3172,7771.4,16728.6,0.6828,10,Não,0.038615
P004971,1,0.355632,NEGAR,0.035,60,0.21,0.21,17136.0,64464.0,0.79,3,Sim,0.255011
P004972,3,0.161705,NEGAR,0.0336,24,0.21,0.21,4851.0,18249.0,0.79,5,Não,0.1589
P004973,5,0.102429,APROVAR,0.0282,48,0.21,0.21,20853.0,78447.0,0.79,10,Sim,0.093937
P004974,9,0.042763,APROVAR,0.0236,36,0.0,0.1878,4432.08,19167.92,0.8122,3,Não,0.042763
P004975,3,0.186262,NEGAR,0.0336,60,0.21,0.3179,15831.42,33968.58,0.6821,2,Não,0.186262
P004976,8,0.052079,APROVAR,0.0247,24,0.0,0.1442,13785.52,81814.48,0.8558,1,Não,0.052079
P004977,6,0.070807,APROVAR,0.0265,48,0.21,0.2342,6557.6,21442.4,0.7658,5,Não,0.070807
P004978,7,0.060368,APROVAR,0.0256,24,0.0,0.0496,2306.4,44193.6,0.9504,5,Não,0.060368
P004979,1,0.452325,NEGAR,0.035,60,0.21,0.21,8673.0,32627.0,0.79,12,Sim,0.428101
P004980,9,0.038201,APROVAR,0.0236,36,0.0,0.1318,7446.7,49053.3,0.8682,3,Não,0.038201
P004981,3,0.147501,NEGAR,0.0336,60,0.21,0.21,17304.0,65096.0,0.79,2,Não,0.14049
P004982,2,0.266589,NEGAR,0.035,36,0.21,0.2718,5979.6,16020.4,0.7282,10,Não,0.266589
P004983,9,0.043606,APROVAR,0.0236,36,0.0,0.114,5688.6,44211.4,0.886,2,Sim,0.043606
P004984,10,0.031744,APROVAR,0.0227,36,0.0,0.4408,9697.6,12302.4,0.5592,5,Não,0.031744
P004985,10,0.036725,APROVAR,0.0227,36,0.0,0.75,55425.0,18475.0,0.25,2,Não,0.036725
P004986,3,0.180658,NEGAR,0.0336,60,0.21,0.21,6132.0,23068.0,0.79,2,Não,0.186331
P004987,4,0.129297,NEGAR,0.0303,60,0.21,0.21,10122.0,38078.0,0.79,1,Não,0.116463
P004988,2,0.21947,NEGAR,0.035,60,0.21,0.2441,6615.11,20484.89,0.7559,9,Não,0.21947
P004989,6,0.066903,APROVAR,0.0265,36,0.21,0.21,25347.0,95353.0,0.79,7,Sim,0.044644
P004990,4,0.130612,NEGAR,0.0303,60,0.21,0.21,6657.0,25043.0,0.79,2,Sim,0.127183
P004991,3,0.167264,NEGAR,0.0336,48,0.21,0.21,11823.0,44477.0,0.79,9,Sim,0.166944
P004992,2,0.267292,NEGAR,0.035,60,0.21,0.2687,10801.74,29398.26,0.7313,2,Sim,0.267292
P004993,1,0.377284,NEGAR,0.035,60,0.21,0.21,6342.0,23858.0,0.79,4,Não,0.351811
P004994,4,0.137925,NEGAR,0.0303,36,0.21,0.21,14322.0,53878.0,0.79,3,Não,0.139442
P004995,4,0.11422,NEGAR,0.0303,36,0.21,0.652,19625.2,10474.8,0.348,6,Não,0.11422
P004996,6,0.076955,APROVAR,0.0265,60,0.21,0.21,6321.0,23779.0,0.79,4,Não,0.084085
P004997,4,0.113351,NEGAR,0.0303,60,0.21,0.21,4620.0,17380.0,0.79,2,Não,0.08753
P004998,10,0.035793,APROVAR,0.0227,36,0.0,0.4152,9134.4,12865.6,0.5848,4,Não,0.035793
P004999,4,0.14094,NEGAR,0.0303,60,0.21,0.2858,6287.6,15712.4,0.7142,11,Sim,0.14094
P005000,3,0.19127,NEGAR,0.0336,48,0.21,0.2691,10360.35,28139.65,0.7309,4,Não,0.19127
